year,flu week,BE rate,BE pop,BE count,BE weighted rate,RA rate,RA count,RA pop,RA weighted rate,SB rate,SB count,SB pop,SB weighted rate,MA rate,MA count,MA pop,MA weighted rate,CMHD rate,CMHD count,CMHD pop,CMHD weighted rate
,,,,,0.0,,,,,,,,,,,,,,,,
1.0,1.0,0.0,9253.0,0.0,0.0,,,,0.0,,,,0.0,,,,0.0,,,,0.0
1.0,2.0,0.000648438,9253.0,6.0,0.0002593752,2.4806e-05,1.0,40313.0,2.4806e-05,0.000438417,15.0,34214.0,0.000438417,0.0,0.0,7697.0,0.0,3.6304000000000003e-05,1.0,27545.0,3.6304000000000003e-05
1.0,3.0,0.000216146,9253.0,2.0,0.00024208352000000002,0.0,0.0,40313.0,1.48836e-05,0.000818378,28.0,34214.0,0.0005904014000000001,0.0,0.0,7697.0,0.0,0.0,0.0,27545.0,2.17824e-05
1.0,4.0,0.000648438,9253.0,6.0,0.000404625312,2.4806e-05,1.0,40313.0,1.885256e-05,0.0008476060000000001,29.0,34214.0,0.0006932832400000001,0.0,0.0,7697.0,0.0,0.0,0.0,27545.0,1.306944e-05
1.0,5.0,0.003998703,9253.0,37.0,0.0018422563872000002,0.000198447,8.0,40313.0,9.069033600000001e-05,0.000730695,25.0,34214.0,0.0007082479440000001,0.00025984099999999997,2.0,7697.0,0.00010393639999999999,0.0005082590000000001,14.0,27545.0,0.00021114526400000004
1.0,6.0,0.006268236999999999,9253.0,58.0,0.00361264863232,0.000396894,16.0,40313.0,0.00021317180160000004,0.0,0.0,34214.0,0.0004249487664,0.0,0.0,7697.0,6.236183999999999e-05,0.000217825,6.0,27545.0,0.00021381715840000003
1.0,7.0,0.007997406,9253.0,74.0,0.005366551579392,0.0,0.0,40313.0,0.00012790308096000003,2.9228000000000002e-05,1.0,34214.0,0.00026666045984,0.00519683,40.0,7697.0,0.0021161491040000003,0.0005082590000000001,14.0,27545.0,0.00033159389504000005
1.0,8.0,0.0018372420000000002,9253.0,17.0,0.0039548277476352004,0.001041848,42.0,40313.0,0.000493481048576,0.000496873,17.0,34214.0,0.000358745475904,0.006236195999999999,48.0,7697.0,0.0037641678624,0.0012343439999999998,34.0,27545.0,0.0006926939370239999
1.0,9.0,0.000540365,9253.0,5.0,0.00258904264858112,0.0,0.0,40313.0,0.0002960886291456,0.0008476060000000001,29.0,34214.0,0.0005542896855424001,0.012992075,100.0,7697.0,0.00745533071744,0.00094391,26.0,27545.0,0.0007931803622144
1.0,10.0,0.000216146,9253.0,2.0,0.0016398839891486718,0.0,0.0,40313.0,0.00017765317748736,0.000175367,6.0,34214.0,0.00040272061132544005,0.006236195999999999,48.0,7697.0,0.0069676768304639996,0.002178254,60.0,27545.0,0.00134720981732864
1.0,11.0,0.000108073,9253.0,1.0,0.001027159593489203,0.0,0.0,40313.0,0.00010659190649241598,0.000116911,4.0,34214.0,0.000288396766795264,0.0005196830000000001,4.0,7697.0,0.004388479298278399,0.001161735,32.0,27545.0,0.001273019890397184
1.0,12.0,0.000324219,9253.0,3.0,0.0007459833560935218,0.0,0.0,40313.0,6.395514389544959e-05,8.7683e-05,3.0,34214.0,0.0002081112600771584,0.0,0.0,7697.0,0.0026330875789670393,0.0005082590000000001,14.0,27545.0,0.0009671155342383104
1.0,13.0,0.000324219,9253.0,3.0,0.0005772776136561131,0.0,0.0,40313.0,3.837308633726975e-05,2.9228000000000002e-05,1.0,34214.0,0.00013655795604629504,0.0,0.0,7697.0,0.0015798525473802235,7.260800000000001e-05,2.0,27545.0,0.0006093125205429863
1.0,14.0,0.0,9253.0,0.0,0.0003463665681936678,0.0,0.0,40313.0,2.302385180236185e-05,5.8456000000000004e-05,2.0,34214.0,0.00010531717362777703,0.0,0.0,7697.0,0.000947911528428134,0.0,0.0,27545.0,0.00036558751232579177
1.0,15.0,0.0,9253.0,0.0,0.00020781994091620068,0.0,0.0,40313.0,1.381431108141711e-05,2.9228000000000002e-05,1.0,34214.0,7.488150417666621e-05,0.0,0.0,7697.0,0.0005687469170568804,0.0,0.0,27545.0,0.00021935250739547505
1.0,16.0,0.000216146,9253.0,2.0,0.00021115036454972042,0.0,0.0,40313.0,8.288586648850266e-06,0.0,0.0,34214.0,4.4928902505999724e-05,0.0,0.0,7697.0,0.0003412481502341282,3.6304000000000003e-05,1.0,27545.0,0.00014613310443728502
1.0,17.0,0.0,9253.0,0.0,0.00012669021872983226,0.0,0.0,40313.0,4.973151989310159e-06,0.0,0.0,34214.0,2.6957341503599833e-05,0.0,0.0,7697.0,0.0002047488901404769,0.0,0.0,27545.0,8.7679862662371e-05
1.0,18.0,0.0,9253.0,0.0,7.601413123789935e-05,0.0,0.0,40313.0,2.9838911935860956e-06,0.0,0.0,34214.0,1.6174404902159898e-05,0.0,0.0,7697.0,0.00012284933408428613,7.260800000000001e-05,2.0,27545.0,8.165111759742261e-05
1.0,19.0,0.0,9253.0,0.0,4.560847874273961e-05,0.0,0.0,40313.0,1.7903347161516572e-06,0.0,0.0,34214.0,9.704642941295939e-06,0.0,0.0,7697.0,7.370960045057168e-05,0.000145217,4.0,27545.0,0.00010707747055845358
1.0,20.0,0.0,9253.0,0.0,2.7365087245643767e-05,0.0,0.0,40313.0,1.0742008296909942e-06,0.0,0.0,34214.0,5.8227857647775635e-06,0.0,0.0,7697.0,4.4225760270343e-05,7.260800000000001e-05,2.0,27545.0,9.328968233507215e-05
1.0,21.0,0.0,9253.0,0.0,1.641905234738626e-05,0.0,0.0,40313.0,6.445204978145965e-07,0.0,0.0,34214.0,3.493671458866538e-06,0.0,0.0,7697.0,2.65354561622058e-05,0.0,0.0,27545.0,5.597380940104329e-05
1.0,22.0,0.0,9253.0,0.0,9.851431408431755e-06,0.0,0.0,40313.0,3.867122986887579e-07,0.0,0.0,34214.0,2.096202875319923e-06,0.0,0.0,7697.0,1.5921273697323478e-05,3.6304000000000003e-05,1.0,27545.0,4.810588564062597e-05
1.0,23.0,0.000108073,9253.0,1.0,4.9140058845059055e-05,0.0,0.0,40313.0,2.3202737921325472e-07,0.0,0.0,34214.0,1.2577217251919537e-06,0.0,0.0,7697.0,9.552764218394087e-06,0.0,0.0,27545.0,2.886353138437558e-05
1.0,24.0,0.0,9253.0,0.0,2.948403530703543e-05,0.0,0.0,40313.0,1.3921642752795284e-07,0.0,0.0,34214.0,7.546330351151723e-07,0.0,0.0,7697.0,5.731658531036452e-06,7.260800000000001e-05,2.0,27545.0,4.636131883062535e-05
1.0,25.0,0.0,9253.0,0.0,1.7690421184221257e-05,0.0,0.0,40313.0,8.35298565167717e-08,0.0,0.0,34214.0,4.527798210691033e-07,0.0,0.0,7697.0,3.438995118621871e-06,0.00010891299999999999,3.0,27545.0,7.138199129837521e-05
1.0,26.0,0.0,9253.0,0.0,1.0614252710532754e-05,0.0,0.0,40313.0,5.011791391006302e-08,0.0,0.0,34214.0,2.71667892641462e-07,0.0,0.0,7697.0,2.0633970711731226e-06,0.00010891299999999999,3.0,27545.0,8.639439477902513e-05
1.0,27.0,0.0,9253.0,0.0,6.368551626319652e-06,4.9612e-05,2.0,40313.0,1.987487074834604e-05,0.0,0.0,34214.0,1.6300073558487719e-07,0.0,0.0,7697.0,1.2380382427038734e-06,0.0,0.0,27545.0,5.183663686741508e-05
1.0,28.0,0.0,9253.0,0.0,3.821130975791791e-06,0.0,0.0,40313.0,1.1924922449007624e-05,0.0,0.0,34214.0,9.78004413509263e-08,0.0,0.0,7697.0,7.42822945622324e-07,0.0,0.0,27545.0,3.1101982120449046e-05
1.0,29.0,0.0,9253.0,0.0,2.2926785854750747e-06,0.0,0.0,40313.0,7.154953469404574e-06,0.0,0.0,34214.0,5.868026481055578e-08,0.0,0.0,7697.0,4.456937673733944e-07,0.0,0.0,27545.0,1.8661189272269427e-05
1.0,30.0,0.0,9253.0,0.0,1.3756071512850448e-06,0.0,0.0,40313.0,4.292972081642744e-06,0.0,0.0,34214.0,3.520815888633347e-08,0.0,0.0,7697.0,2.6741626042403664e-07,3.6304000000000003e-05,1.0,27545.0,2.5718313563361657e-05
1.0,31.0,0.0,9253.0,0.0,8.253642907710269e-07,0.0,0.0,40313.0,2.5757832489856463e-06,0.0,0.0,34214.0,2.112489533180008e-08,0.0,0.0,7697.0,1.60449756254422e-07,0.000471955,13.0,27545.0,0.000204212988138017
1.0,32.0,0.0,9253.0,0.0,4.952185744626161e-07,0.0,0.0,40313.0,1.5454699493913877e-06,0.0,0.0,34214.0,1.2674937199080047e-08,0.000129921,1.0,7697.0,5.2064669853752654e-05,3.6304000000000003e-05,1.0,27545.0,0.0001370493928828102
1.0,33.0,0.0,9253.0,0.0,2.9713114467756964e-07,0.0,0.0,40313.0,9.272819696348326e-07,0.0,0.0,34214.0,7.604962319448028e-09,0.0,0.0,7697.0,3.123880191225159e-05,0.0,0.0,27545.0,8.222963572968611e-05
1.0,34.0,0.0,9253.0,0.0,1.7827868680654178e-07,0.0,0.0,40313.0,5.563691817808996e-07,0.0,0.0,34214.0,4.562977391668817e-09,0.0,0.0,7697.0,1.8743281147350955e-05,0.0,0.0,27545.0,4.933778143781167e-05
1.0,35.0,0.0,9253.0,0.0,1.0696721208392507e-07,0.0,0.0,40313.0,3.338215090685397e-07,0.0,0.0,34214.0,2.73778643500129e-09,0.0,0.0,7697.0,1.1245968688410572e-05,7.260800000000001e-05,2.0,27545.0,5.8645868862687e-05
1.0,36.0,0.0,9253.0,0.0,6.418032725035503e-08,0.0,0.0,40313.0,2.0029290544112383e-07,0.0,0.0,34214.0,1.6426718610007739e-09,0.0,0.0,7697.0,6.747581213046344e-06,0.0,0.0,27545.0,3.51875213176122e-05
1.0,37.0,0.0,9253.0,0.0,3.850819635021302e-08,0.0,0.0,40313.0,1.201757432646743e-07,0.0,0.0,34214.0,9.856031166004643e-10,0.0,0.0,7697.0,4.048548727827806e-06,0.0,0.0,27545.0,2.111251279056732e-05
1.0,38.0,0.0,9253.0,0.0,2.310491781012781e-08,0.0,0.0,40313.0,7.210544595880457e-08,0.0,0.0,34214.0,5.913618699602785e-10,0.0,0.0,7697.0,2.4291292366966833e-06,0.0,0.0,27545.0,1.2667507674340391e-05
1.0,39.0,0.0,9253.0,0.0,1.3862950686076685e-08,0.0,0.0,40313.0,4.326326757528274e-08,0.0,0.0,34214.0,3.548171219761671e-10,0.0,0.0,7697.0,1.45747754201801e-06,0.0,0.0,27545.0,7.600504604604234e-06
1.0,40.0,0.0,9253.0,0.0,8.31777041164601e-09,0.0,0.0,40313.0,2.5957960545169642e-08,0.0,0.0,34214.0,2.1289027318570026e-10,0.0,0.0,7697.0,8.744865252108059e-07,0.0,0.0,27545.0,4.56030276276254e-06
1.0,41.0,0.0,9253.0,0.0,4.990662246987606e-09,0.0,0.0,40313.0,1.5574776327101784e-08,0.0,0.0,34214.0,1.2773416391142016e-10,0.0,0.0,7697.0,5.246919151264835e-07,0.0,0.0,27545.0,2.736181657657524e-06
1.0,42.0,0.0,9253.0,0.0,2.994397348192563e-09,0.0,0.0,40313.0,9.34486579626107e-09,0.0,0.0,34214.0,7.664049834685209e-11,0.0,0.0,7697.0,3.148151490758901e-07,0.0,0.0,27545.0,1.6417089945945145e-06
1.0,43.0,0.0,9253.0,0.0,1.7966384089155377e-09,0.0,0.0,40313.0,5.606919477756642e-09,0.0,0.0,34214.0,4.5984299008111255e-11,0.0,0.0,7697.0,1.8888908944553406e-07,0.0,0.0,27545.0,9.850253967567086e-07
1.0,44.0,0.0,9253.0,0.0,1.0779830453493226e-09,0.0,0.0,40313.0,3.364151686653985e-09,0.0,0.0,34214.0,2.7590579404866753e-11,0.0,0.0,7697.0,1.1333345366732043e-07,0.0,0.0,27545.0,5.910152380540252e-07
1.0,45.0,0.0,9253.0,0.0,6.467898272095935e-10,0.0,0.0,40313.0,2.018491011992391e-09,0.0,0.0,34214.0,1.6554347642920052e-11,0.0,0.0,7697.0,6.800007220039226e-08,0.0,0.0,27545.0,3.546091428324151e-07
1.0,46.0,0.0,9253.0,0.0,3.880738963257561e-10,0.0,0.0,40313.0,1.2110946071954345e-09,0.0,0.0,34214.0,9.93260858575203e-12,0.0,0.0,7697.0,4.080004332023535e-08,0.0,0.0,27545.0,2.1276548569944905e-07
1.0,47.0,0.0,9253.0,0.0,2.3284433779545364e-10,0.0,0.0,40313.0,7.266567643172606e-10,0.0,0.0,34214.0,5.959565151451218e-12,0.0,0.0,7697.0,2.4480025992141208e-08,0.0,0.0,27545.0,1.2765929141966942e-07
1.0,48.0,0.0,9253.0,0.0,1.3970660267727219e-10,0.0,0.0,40313.0,4.359940585903564e-10,0.0,0.0,34214.0,3.5757390908707304e-12,0.0,0.0,7697.0,1.4688015595284724e-08,0.0,0.0,27545.0,7.659557485180165e-08
1.0,49.0,0.0,9253.0,0.0,8.382396160636331e-11,0.0,0.0,40313.0,2.615964351542138e-10,0.0,0.0,34214.0,2.145443454522438e-12,0.0,0.0,7697.0,8.812809357170834e-09,0.0,0.0,27545.0,4.595734491108099e-08
1.0,50.0,0.0,9253.0,0.0,5.0294376963817984e-11,0.0,0.0,40313.0,1.569578610925283e-10,0.0,0.0,34214.0,1.2872660727134627e-12,0.0,0.0,7697.0,5.2876856143025e-09,0.0,0.0,27545.0,2.757440694664859e-08
1.0,51.0,0.0,9253.0,0.0,3.017662617829079e-11,0.0,0.0,40313.0,9.417471665551697e-11,0.0,0.0,34214.0,7.723596436280776e-13,0.0,0.0,7697.0,3.1726113685815e-09,0.0,0.0,27545.0,1.6544644167989155e-08
1.0,52.0,0.0,9253.0,0.0,1.8105975706974473e-11,0.0,0.0,40313.0,5.6504829993310185e-11,0.0,0.0,34214.0,4.634157861768466e-13,0.0,0.0,7697.0,1.9035668211489e-09,0.0,0.0,27545.0,9.926786500793493e-09
1.0,53.0,0.0,9253.0,0.0,1.0863585424184684e-11,0.0,0.0,40313.0,3.390289799598611e-11,0.0,0.0,34214.0,2.7804947170610794e-13,0.0,0.0,7697.0,1.1421400926893399e-09,0.0,0.0,27545.0,5.956071900476096e-09
2.0,1.0,0.0,9205.0,0.0,6.51815125451081e-12,0.0,0.0,40313.0,2.0341738797591667e-11,0.0,0.0,34214.0,1.6682968302366476e-13,0.0,0.0,7697.0,6.852840556136039e-10,0.0,0.0,27545.0,3.5736431402856573e-09
2.0,2.0,0.0,9205.0,0.0,3.910890752706486e-12,0.0,0.0,40357.0,1.2205043278554999e-11,0.0,0.0,34374.0,1.0009780981419886e-13,0.0,0.0,7643.0,4.1117043336816235e-10,0.0,0.0,27475.0,2.144185884171394e-09
2.0,3.0,0.0,9205.0,0.0,2.3465344516238915e-12,0.0,0.0,40357.0,7.323025967132998e-12,0.0,0.0,34374.0,6.005868588851931e-14,0.0,0.0,7643.0,2.467022600208974e-10,0.0,0.0,27475.0,1.2865115305028364e-09
2.0,4.0,0.0,9205.0,0.0,1.4079206709743348e-12,0.0,0.0,40357.0,4.393815580279799e-12,0.0,0.0,34374.0,3.603521153311158e-14,0.0,0.0,7643.0,1.4802135601253843e-10,0.0,0.0,27475.0,7.719069183017018e-10
2.0,5.0,0.0,9205.0,0.0,8.447524025846008e-13,0.0,0.0,40357.0,2.6362893481678793e-12,0.0,0.0,34374.0,2.162112691986695e-14,0.0,0.0,7643.0,8.881281360752306e-11,0.0,0.0,27475.0,4.631441509810211e-10
2.0,6.0,0.0,9205.0,0.0,5.068514415507604e-13,0.0,0.0,40357.0,1.5817736089007274e-12,0.0,0.0,34374.0,1.297267615192017e-14,0.0,0.0,7643.0,5.3287688164513836e-11,0.0,0.0,27475.0,2.7788649058861266e-10
2.0,7.0,0.0,9205.0,0.0,3.0411086493045626e-13,0.0,0.0,40357.0,9.490641653404364e-13,0.0,0.0,34374.0,7.783605691152102e-15,0.0,0.0,7643.0,3.19726128987083e-11,0.0,0.0,27475.0,1.667318943531676e-10
2.0,8.0,0.0,9205.0,0.0,1.8246651895827376e-13,0.0,0.0,40357.0,5.694384992042618e-13,0.0,0.0,34374.0,4.670163414691261e-15,0.0,0.0,7643.0,1.918356773922498e-11,0.0,0.0,27475.0,1.0003913661190055e-10
2.0,9.0,0.0,9205.0,0.0,1.0947991137496424e-13,0.0,0.0,40357.0,3.416630995225571e-13,0.0,0.0,34374.0,2.8020980488147565e-15,0.0,0.0,7643.0,1.1510140643534987e-11,0.0,0.0,27475.0,6.002348196714032e-11
2.0,10.0,0.0,9205.0,0.0,6.568794682497854e-14,0.0,0.0,40357.0,2.0499785971353425e-13,0.0,0.0,34374.0,1.6812588292888538e-15,0.0,0.0,7643.0,6.906084386120992e-12,0.0,0.0,27475.0,3.601408918028419e-11
2.0,11.0,0.0,9205.0,0.0,3.9412768094987126e-14,0.0,0.0,40357.0,1.2299871582812055e-13,0.0,0.0,34374.0,1.0087552975733123e-15,0.0,0.0,7643.0,4.143650631672595e-12,0.0,0.0,27475.0,2.1608453508170515e-11
2.0,12.0,0.0,9205.0,0.0,2.3647660856992276e-14,0.0,0.0,40357.0,7.379922949687233e-14,0.0,0.0,34374.0,6.052531785439873e-16,0.0,0.0,7643.0,2.4861903790035567e-12,0.0,0.0,27475.0,1.2965072104902309e-11
2.0,13.0,0.0,9205.0,0.0,1.4188596514195365e-14,0.0,0.0,40357.0,4.4279537698123394e-14,0.0,0.0,34374.0,3.631519071263924e-16,0.0,0.0,7643.0,1.491714227402134e-12,3.6397e-05,1.0,27475.0,1.4558807779043264e-05
2.0,14.0,0.0,9205.0,0.0,8.513157908517218e-15,0.0,0.0,40357.0,2.6567722618874034e-14,0.0,0.0,34374.0,2.1789114427583544e-16,0.0,0.0,7643.0,8.950285364412803e-13,0.000145587,4.0,27475.0,6.697008466742596e-05
2.0,15.0,0.0,9205.0,0.0,5.107894745110331e-15,0.0,0.0,40357.0,1.594063357132442e-14,0.0,0.0,34374.0,1.3073468656550127e-16,0.0,0.0,7643.0,5.370171218647682e-13,0.00018198400000000002,5.0,27475.0,0.00011297565080045558
2.0,16.0,0.0,9205.0,0.0,3.0647368470661986e-15,0.0,0.0,40357.0,9.564380142794651e-15,5.8184e-05,2.0,34374.0,2.3273600000078442e-05,0.0,0.0,7643.0,3.2221027311886093e-13,0.00010919,3.0,27475.0,0.00011146139048027336
2.0,17.0,0.0,9205.0,0.0,1.838842108239719e-15,0.0,0.0,40357.0,5.738628085676791e-15,0.0,0.0,34374.0,1.3964160000047064e-05,0.0,0.0,7643.0,1.9332616387131655e-13,3.6397e-05,1.0,27475.0,8.143563428816402e-05
2.0,18.0,0.0,9205.0,0.0,1.1033052649438314e-15,0.0,0.0,40357.0,3.4431768514060742e-15,0.0,0.0,34374.0,8.378496000028239e-06,0.0,0.0,7643.0,1.1599569832278993e-13,0.00010919,3.0,27475.0,9.253738057289842e-05
2.0,19.0,0.0,9205.0,0.0,6.619831589662988e-16,0.0,0.0,40357.0,2.0659061108436445e-15,0.0,0.0,34374.0,5.027097600016943e-06,0.0,0.0,7643.0,6.959741899367396e-14,0.00010919,3.0,27475.0,9.919842834373905e-05
2.0,20.0,0.0,9205.0,0.0,3.971898953797793e-16,7.4337e-05,3.0,40357.0,2.9734800001239547e-05,0.0,0.0,34374.0,3.0162585600101655e-06,0.0,0.0,7643.0,4.175845139620437e-14,0.00025477700000000003,7.0,27475.0,0.00016142985700624347
2.0,21.0,0.0,9205.0,0.0,2.383139372278676e-16,4.9558e-05,2.0,40357.0,3.766408000074373e-05,0.0,0.0,34374.0,1.8097551360060992e-06,0.0,0.0,7643.0,2.5055070837722622e-14,0.00010919,3.0,27475.0,0.0001405339142037461
2.0,22.0,0.0,9205.0,0.0,1.4298836233672054e-16,7.4337e-05,3.0,40357.0,5.2333248000446244e-05,2.9092e-05,1.0,34374.0,1.272265308160366e-05,0.0,0.0,7643.0,1.5033042502633572e-14,0.000400364,11.0,27475.0,0.00024446594852224764
2.0,23.0,0.00032591,9205.0,3.0,0.0001303640000000858,0.000123894,5.0,40357.0,8.095754880026775e-05,0.0,0.0,34374.0,7.633591848962195e-06,0.000130839,1.0,7643.0,5.2335600009019824e-05,0.000400364,11.0,27475.0,0.0003068251691133486
2.0,24.0,0.000543183,9205.0,5.0,0.0002954916000000515,9.9115e-05,4.0,40357.0,8.822052928016065e-05,0.0,0.0,34374.0,4.580155109377317e-06,0.0,0.0,7643.0,3.1401360005411895e-05,0.000655141,18.0,27475.0,0.00044615150146800914
2.0,25.0,0.00010863700000000001,9205.0,1.0,0.00022074976000003088,0.000272567,11.0,40357.0,0.00016195911756809638,0.0,0.0,34374.0,2.7480930656263903e-06,0.0,0.0,7643.0,1.8840816003247136e-05,0.000545951,15.0,27475.0,0.0004860713008808055
2.0,26.0,0.001086366,9205.0,10.0,0.0005669962560000186,0.000198231,8.0,40357.0,0.00017646787054085783,0.0,0.0,34374.0,1.6488558393758342e-06,0.000130839,1.0,7643.0,6.364008960194828e-05,0.000545951,15.0,27475.0,0.0005100231805284833
2.0,27.0,0.003476372,9205.0,32.0,0.0017307465536000113,0.0,0.0,40357.0,0.00010588072232451469,0.0,0.0,34374.0,9.893135036255005e-07,0.0,0.0,7643.0,3.8184053761168964e-05,7.2793e-05,2.0,27475.0,0.00033513110831708996
2.0,28.0,0.000434546,9205.0,4.0,0.0012122663321600068,0.000148673,6.0,40357.0,0.00012299763339470882,0.0,0.0,34374.0,5.935881021753003e-07,0.0,0.0,7643.0,2.291043225670138e-05,0.0016378529999999999,45.0,27475.0,0.000856219864990254
2.0,29.0,0.00010863700000000001,9205.0,1.0,0.0007708145992960041,0.0,0.0,40357.0,7.379858003682529e-05,0.0,0.0,34374.0,3.5615286130518017e-07,0.0,0.0,7643.0,1.3746259354020827e-05,0.0006187440000000001,17.0,27475.0,0.0007612295189941524
2.0,30.0,0.0,9205.0,0.0,0.0004624887595776024,0.0,0.0,40357.0,4.427914802209517e-05,0.0,0.0,34374.0,2.136917167831081e-07,0.0,0.0,7643.0,8.247755612412496e-06,0.000400364,11.0,27475.0,0.0006168833113964914
2.0,31.0,0.0,9205.0,0.0,0.00027749325574656143,0.0,0.0,40357.0,2.6567488813257102e-05,0.0,0.0,34374.0,1.2821503006986486e-07,0.0,0.0,7643.0,4.948653367447497e-06,0.0,0.0,27475.0,0.00037012998683789484
2.0,32.0,0.0,9205.0,0.0,0.00016649595344793685,0.0,0.0,40357.0,1.594049328795426e-05,0.0,0.0,34374.0,7.69290180419189e-08,0.0,0.0,7643.0,2.9691920204684983e-06,0.00025477700000000003,7.0,27475.0,0.0003239887921027369
2.0,33.0,0.0,9205.0,0.0,9.989757206876211e-05,0.0,0.0,40357.0,9.564295972772556e-06,0.0,0.0,34374.0,4.615741082515134e-08,0.0,0.0,7643.0,1.7815152122810988e-06,0.00010919,3.0,27475.0,0.00023806927526164213
2.0,34.0,0.0,9205.0,0.0,5.9938543241257264e-05,0.0,0.0,40357.0,5.7385775836635335e-06,0.0,0.0,34374.0,2.7694446495090804e-08,0.0,0.0,7643.0,1.0689091273686592e-06,3.6397e-05,1.0,27475.0,0.00015740036515698527
2.0,35.0,0.0,9205.0,0.0,3.5963125944754355e-05,0.0,0.0,40357.0,3.44314655019812e-06,0.0,0.0,34374.0,1.661666789705448e-08,0.0,0.0,7643.0,6.413454764211955e-07,0.0,0.0,27475.0,9.444021909419116e-05
2.0,36.0,0.0,9205.0,0.0,2.1577875566852613e-05,0.0,0.0,40357.0,2.065887930118872e-06,0.0,0.0,34374.0,9.970000738232688e-09,0.0,0.0,7643.0,3.848072858527173e-07,7.2793e-05,2.0,27475.0,8.57813314565147e-05
2.0,37.0,0.0,9205.0,0.0,1.2946725340111568e-05,0.0,0.0,40357.0,1.2395327580713231e-06,0.0,0.0,34374.0,5.982000442939613e-09,0.0,0.0,7643.0,2.3088437151163036e-07,7.2793e-05,2.0,27475.0,8.058599887390883e-05
2.0,38.0,0.0,9205.0,0.0,7.76803520406694e-06,0.0,0.0,40357.0,7.437196548427939e-07,0.0,0.0,34374.0,3.5892002657637675e-09,0.0,0.0,7643.0,1.385306229069782e-07,0.0,0.0,27475.0,4.83515993243453e-05
2.0,39.0,0.0,9205.0,0.0,4.660821122440164e-06,0.0,0.0,40357.0,4.462317929056763e-07,0.0,0.0,34374.0,2.1535201594582605e-09,0.0,0.0,7643.0,8.311837374418691e-08,0.0,0.0,27475.0,2.9010959594607176e-05
2.0,40.0,0.0,9205.0,0.0,2.796492673464098e-06,0.0,0.0,40357.0,2.677390757434058e-07,0.0,0.0,34374.0,1.2921120956749563e-09,0.0,0.0,7643.0,4.987102424651215e-08,7.2793e-05,2.0,27475.0,4.652377575676431e-05
2.0,41.0,0.0,9205.0,0.0,1.6778956040784588e-06,0.0,0.0,40357.0,1.6064344544604346e-07,0.0,0.0,34374.0,7.752672574049738e-10,0.0,0.0,7643.0,2.992261454790729e-08,0.0,0.0,27475.0,2.7914265454058583e-05
2.0,42.0,0.0,9205.0,0.0,1.0067373624470753e-06,0.0,0.0,40357.0,9.638606726762607e-08,0.0,0.0,34374.0,4.6516035444298423e-10,0.0,0.0,7643.0,1.7953568728744374e-08,0.0,0.0,27475.0,1.674855927243515e-05
2.0,43.0,0.0,9205.0,0.0,6.040424174682451e-07,0.0,0.0,40357.0,5.783164036057564e-08,0.0,0.0,34374.0,2.7909621266579055e-10,0.0,0.0,7643.0,1.0772141237246624e-08,0.0,0.0,27475.0,1.004913556346109e-05
2.0,44.0,0.0,9205.0,0.0,3.6242545048094706e-07,0.0,0.0,40357.0,3.4698984216345384e-08,0.0,0.0,34374.0,1.6745772759947433e-10,0.0,0.0,7643.0,6.463284742347974e-09,0.0,0.0,27475.0,6.029481338076653e-06
2.0,45.0,0.0,9205.0,0.0,2.1745527028856823e-07,0.0,0.0,40357.0,2.0819390529807228e-08,0.0,0.0,34374.0,1.004746365596846e-10,0.0,0.0,7643.0,3.877970845408784e-09,0.0,0.0,27475.0,3.617688802845992e-06
2.0,46.0,0.0,9205.0,0.0,1.3047316217314093e-07,0.0,0.0,40357.0,1.2491634317884336e-08,0.0,0.0,34374.0,6.028478193581075e-11,0.0,0.0,7643.0,2.3267825072452705e-09,0.0,0.0,27475.0,2.170613281707595e-06
2.0,47.0,0.0,9205.0,0.0,7.828389730388456e-08,0.0,0.0,40357.0,7.494980590730602e-09,0.0,0.0,34374.0,3.617086916148645e-11,0.0,0.0,7643.0,1.3960695043471623e-09,0.0,0.0,27475.0,1.302367969024557e-06
2.0,48.0,0.0,9205.0,0.0,4.697033838233073e-08,0.0,0.0,40357.0,4.496988354438361e-09,0.0,0.0,34374.0,2.170252149689187e-11,0.0,0.0,7643.0,8.376417026082974e-10,0.0,0.0,27475.0,7.814207814147342e-07
2.0,49.0,0.0,9205.0,0.0,2.8182203029398438e-08,0.0,0.0,40357.0,2.6981930126630163e-09,0.0,0.0,34374.0,1.3021512898135121e-11,0.0,0.0,7643.0,5.025850215649784e-10,0.0,0.0,27475.0,4.688524688488405e-07
2.0,50.0,0.0,9205.0,0.0,1.6909321817639063e-08,0.0,0.0,40357.0,1.6189158075978098e-09,0.0,0.0,34374.0,7.812907738881072e-12,0.0,0.0,7643.0,3.0155101293898705e-10,0.0,0.0,27475.0,2.813114813093043e-07
2.0,51.0,0.0,9205.0,0.0,1.0145593090583438e-08,0.0,0.0,40357.0,9.713494845586857e-10,0.0,0.0,34374.0,4.687744643328643e-12,0.0,0.0,7643.0,1.8093060776339223e-10,0.0,0.0,27475.0,1.6878688878558257e-07
2.0,52.0,0.0,9205.0,0.0,6.087355854350063e-09,0.0,0.0,40357.0,5.828096907352114e-10,0.0,0.0,34374.0,2.8126467859971856e-12,0.0,0.0,7643.0,1.0855836465803533e-10,0.0,0.0,27475.0,1.0127213327134953e-07
3.0,1.0,0.0,9356.0,0.0,3.6524135126100377e-09,0.0,0.0,40357.0,3.496858144411268e-10,0.0,0.0,34374.0,1.6875880715983112e-12,0.0,0.0,7643.0,6.513501879482119e-11,0.0,0.0,27475.0,6.076327996280972e-08
3.0,2.0,0.0,9356.0,0.0,2.1914481075660227e-09,0.0,0.0,40563.0,2.0981148866467607e-10,0.0,0.0,34451.0,1.0125528429589867e-12,0.0,0.0,7664.0,3.908101127689271e-11,0.0,0.0,27439.0,3.645796797768583e-08
3.0,3.0,0.0,9356.0,0.0,1.3148688645396136e-09,0.0,0.0,40563.0,1.2588689319880565e-10,0.0,0.0,34451.0,6.07531705775392e-13,0.0,0.0,7664.0,2.3448606766135627e-11,0.0,0.0,27439.0,2.1874780786611495e-08
3.0,4.0,0.0,9356.0,0.0,7.889213187237681e-10,0.0,0.0,40563.0,7.553213591928338e-11,0.0,0.0,34451.0,3.645190234652352e-13,0.0,0.0,7664.0,1.4069164059681375e-11,0.0,0.0,27439.0,1.3124868471966897e-08
3.0,5.0,0.0,9356.0,0.0,4.733527912342608e-10,0.0,0.0,40563.0,4.5319281551570026e-11,0.0,0.0,34451.0,2.187114140791411e-13,0.0,0.0,7664.0,8.441498435808824e-12,0.0,0.0,27439.0,7.874921083180138e-09
3.0,6.0,0.0,9356.0,0.0,2.840116747405565e-10,0.0,0.0,40563.0,2.7191568930942015e-11,0.0,0.0,34451.0,1.3122684844748464e-13,0.0,0.0,7664.0,5.064899061485294e-12,0.0,0.0,27439.0,4.724952649908083e-09
3.0,7.0,0.0,9356.0,0.0,1.704070048443339e-10,0.0,0.0,40563.0,1.6314941358565207e-11,0.0,0.0,34451.0,7.873610906849079e-14,0.0,0.0,7664.0,3.0389394368911765e-12,0.0,0.0,27439.0,2.8349715899448494e-09
3.0,8.0,0.0,9356.0,0.0,1.0224420290660034e-10,0.0,0.0,40563.0,9.788964815139124e-12,0.0,0.0,34451.0,4.724166544109447e-14,0.0,0.0,7664.0,1.8233636621347058e-12,0.0,0.0,27439.0,1.7009829539669096e-09
3.0,9.0,0.0,9356.0,0.0,6.13465217439602e-11,0.0,0.0,40563.0,5.873378889083474e-12,0.0,0.0,34451.0,2.8344999264656682e-14,0.0,0.0,7664.0,1.0940181972808235e-12,0.0,0.0,27439.0,1.0205897723801457e-09
3.0,10.0,0.0,9356.0,0.0,3.680791304637612e-11,0.0,0.0,40563.0,3.524027333450084e-12,0.0,0.0,34451.0,1.7006999558794007e-14,0.0,0.0,7664.0,6.564109183684941e-13,0.0,0.0,27439.0,6.123538634280874e-10
3.0,11.0,0.0,9356.0,0.0,2.208474782782567e-11,0.0,0.0,40563.0,2.1144164000700504e-12,0.0,0.0,34451.0,1.0204199735276405e-14,0.0,0.0,7664.0,3.9384655102109647e-13,0.0,0.0,27439.0,3.674123180568524e-10
3.0,12.0,0.0,9356.0,0.0,1.3250848696695402e-11,0.0,0.0,40563.0,1.2686498400420302e-12,0.0,0.0,34451.0,6.1225198411658425e-15,0.0,0.0,7664.0,2.363079306126579e-13,0.0,0.0,27439.0,2.2044739083411143e-10
3.0,13.0,0.0,9356.0,0.0,7.950509218017242e-12,0.0,0.0,40563.0,7.611899040252181e-13,0.0,0.0,34451.0,3.673511904699505e-15,0.0,0.0,7664.0,1.4178475836759473e-13,0.0,0.0,27439.0,1.3226843450046685e-10
3.0,14.0,0.0,9356.0,0.0,4.770305530810345e-12,0.0,0.0,40563.0,4.567139424151309e-13,0.0,0.0,34451.0,2.204107142819703e-15,0.0,0.0,7664.0,8.507085502055683e-14,0.0,0.0,27439.0,7.936106070028011e-11
3.0,15.0,0.0,9356.0,0.0,2.862183318486207e-12,0.0,0.0,40563.0,2.7402836544907853e-13,0.0,0.0,34451.0,1.322464285691822e-15,0.0,0.0,7664.0,5.10425130123341e-14,0.0,0.0,27439.0,4.761663642016806e-11
3.0,16.0,0.0,9356.0,0.0,1.7173099910917241e-12,0.0,0.0,40563.0,1.644170192694471e-13,0.0,0.0,34451.0,7.934785714150932e-16,0.0,0.0,7664.0,3.0625507807400455e-14,0.0,0.0,27439.0,2.8569981852100837e-11
3.0,17.0,0.0,9356.0,0.0,1.0303859946550345e-12,0.0,0.0,40563.0,9.865021156166825e-14,0.0,0.0,34451.0,4.760871428490559e-16,0.0,0.0,7664.0,1.8375304684440273e-14,0.0,0.0,27439.0,1.7141989111260503e-11
3.0,18.0,0.0,9356.0,0.0,6.182315967930207e-13,0.0,0.0,40563.0,5.919012693700094e-14,0.0,0.0,34451.0,2.856522857094335e-16,0.0,0.0,7664.0,1.1025182810664163e-14,0.0,0.0,27439.0,1.0285193466756301e-11
3.0,19.0,0.0,9356.0,0.0,3.7093895807581237e-13,0.0,0.0,40563.0,3.5514076162200565e-14,0.0,0.0,34451.0,1.713913714256601e-16,0.0,0.0,7664.0,6.615109686398498e-15,0.0,0.0,27439.0,6.1711160800537805e-12
3.0,20.0,0.0,9356.0,0.0,2.225633748454874e-13,0.0,0.0,40563.0,2.130844569732034e-14,0.0,0.0,34451.0,1.0283482285539606e-16,0.0,0.0,7664.0,3.969065811839099e-15,7.2889e-05,2.0,27439.0,2.915560370266965e-05
3.0,21.0,0.0,9356.0,0.0,1.3353802490729244e-13,0.0,0.0,40563.0,1.2785067418392203e-14,0.0,0.0,34451.0,6.170089371323764e-17,0.0,0.0,7664.0,2.381439487103459e-15,7.2889e-05,2.0,27439.0,4.664896222160179e-05
3.0,22.0,0.00010688299999999999,9356.0,1.0,4.275320008012281e-05,0.0,0.0,40563.0,7.671040451035322e-15,2.9027e-05,1.0,34451.0,1.1610800000037021e-05,0.0,0.0,7664.0,1.4288636922620752e-15,7.2889e-05,2.0,27439.0,5.7144977332961075e-05
3.0,23.0,0.00010688299999999999,9356.0,1.0,6.840512004807367e-05,2.4653000000000003e-05,1.0,40563.0,9.861200004602626e-06,0.0,0.0,34451.0,6.966480000022212e-06,0.0,0.0,7664.0,8.573182153572451e-16,0.0,0.0,27439.0,3.428698639977664e-05
3.0,24.0,0.00021376700000000002,9356.0,2.0,0.0001265498720288442,0.0,0.0,40563.0,5.916720002761576e-06,0.0,0.0,34451.0,4.179888000013327e-06,0.0,0.0,7664.0,5.143909292143471e-16,0.00010933299999999999,3.0,27439.0,6.430539183986598e-05
3.0,25.0,0.00032065,9356.0,3.0,0.00020418992321730655,2.4653000000000003e-05,1.0,40563.0,1.3411232001656948e-05,0.0,0.0,34451.0,2.507932800007996e-06,0.0,0.0,7664.0,3.0863455752860825e-16,0.0,0.0,27439.0,3.858323510391958e-05
3.0,26.0,0.00010688299999999999,9356.0,1.0,0.0001652671539303839,4.9306000000000005e-05,2.0,40563.0,2.776913920099417e-05,0.0,0.0,34451.0,1.5047596800047976e-06,0.0,0.0,7664.0,1.8518073451716494e-16,3.6444e-05,1.0,27439.0,3.772754106235175e-05
3.0,27.0,0.0,9356.0,0.0,9.916029235823034e-05,4.9306000000000005e-05,2.0,40563.0,3.638388352059651e-05,0.0,0.0,34451.0,9.028558080028785e-07,0.0,0.0,7664.0,1.1110844071029897e-16,0.000328,9.0,27439.0,0.00015383652463741107
3.0,28.0,0.0,9356.0,0.0,5.94961754149382e-05,0.0,0.0,40563.0,2.1830330112357903e-05,0.0,0.0,34451.0,5.417134848017271e-07,0.0,0.0,7664.0,6.666506442617938e-17,0.000145778,4.0,27439.0,0.00015061311478244664
3.0,29.0,0.0,9356.0,0.0,3.5697705248962915e-05,0.0,0.0,40563.0,1.3098198067414741e-05,0.0,0.0,34451.0,3.2502809088103624e-07,0.0,0.0,7664.0,3.9999038655707626e-17,0.00010933299999999999,3.0,27439.0,0.00013410106886946799
3.0,30.0,0.000748183,9356.0,7.0,0.00032069182314937777,0.000172571,7.0,40563.0,7.688731884044885e-05,0.0,0.0,34451.0,1.9501685452862173e-07,0.0,0.0,7664.0,2.3999423193424575e-17,0.0,0.0,27439.0,8.046064132168079e-05
3.0,31.0,0.00096195,9356.0,9.0,0.0005771950938896267,0.0,0.0,40563.0,4.6132391304269306e-05,0.0,0.0,34451.0,1.1701011271717303e-07,0.0,0.0,7664.0,1.4399653916054744e-17,0.000145778,4.0,27439.0,0.00010658758479300848
3.0,32.0,0.00010688299999999999,9356.0,1.0,0.000389070256333776,9.861200000000001e-05,4.0,40563.0,6.712423478256159e-05,0.0,0.0,34451.0,7.020606763030381e-08,0.0,0.0,7664.0,8.639792349632846e-18,0.000145778,4.0,27439.0,0.0001222637508758051
3.0,33.0,0.00032065,9356.0,3.0,0.0003617021538002656,0.0,0.0,40563.0,4.027454086953695e-05,0.0,0.0,34451.0,4.2123640578182286e-08,0.0,0.0,7664.0,5.183875409779707e-18,0.000145778,4.0,27439.0,0.00013166945052548305
3.0,34.0,0.00010688299999999999,9356.0,1.0,0.00025977449228015934,0.0,0.0,40563.0,2.416472452172217e-05,0.0,0.0,34451.0,2.5274184346909372e-08,0.0,0.0,7664.0,3.1103252458678244e-18,7.2889e-05,2.0,27439.0,0.00010815727031528983
3.0,35.0,0.00010688299999999999,9356.0,1.0,0.00019861789536809558,0.0,0.0,40563.0,1.4498834713033301e-05,0.0,0.0,34451.0,1.516451060814562e-08,0.0,0.0,7664.0,1.8661951475206946e-18,0.0,0.0,27439.0,6.48943621891739e-05
3.0,36.0,0.00010688299999999999,9356.0,1.0,0.00016192393722085733,0.0,0.0,40563.0,8.69930082781998e-06,0.0,0.0,34451.0,9.098706364887372e-09,0.0,0.0,7664.0,1.1197170885124167e-18,0.0,0.0,27439.0,3.893661731350434e-05
3.0,37.0,0.00010688299999999999,9356.0,1.0,0.0001399075623325144,0.0,0.0,40563.0,5.219580496691988e-06,0.0,0.0,34451.0,5.4592238189324235e-09,0.0,0.0,7664.0,6.7183025310745e-19,0.0,0.0,27439.0,2.33619703881026e-05
3.0,38.0,0.00021376700000000002,9356.0,2.0,0.00016945133739950866,0.0,0.0,40563.0,3.131748298015193e-06,0.0,0.0,34451.0,3.275534291359454e-09,0.0,0.0,7664.0,4.0309815186447e-19,0.0,0.0,27439.0,1.401718223286156e-05
3.0,39.0,0.0,9356.0,0.0,0.00010167080243970519,2.4653000000000003e-05,1.0,40563.0,1.1740248978809117e-05,0.0,0.0,34451.0,1.9653205748156725e-09,0.0,0.0,7664.0,2.41858891118682e-19,0.000145778,4.0,27439.0,6.672150933971694e-05
3.0,40.0,0.0,9356.0,0.0,6.100248146382311e-05,0.0,0.0,40563.0,7.044149387285469e-06,0.0,0.0,34451.0,1.1791923448894034e-09,0.0,0.0,7664.0,1.451153346712092e-19,0.000145778,4.0,27439.0,9.834410560383017e-05
3.0,41.0,0.0,9356.0,0.0,3.660148887829386e-05,0.0,0.0,40563.0,4.226489632371281e-06,0.0,0.0,34451.0,7.075154069336421e-10,0.0,0.0,7664.0,8.706920080272551e-20,0.0,0.0,27439.0,5.90064633622981e-05
3.0,42.0,0.0,9356.0,0.0,2.1960893326976316e-05,0.0,0.0,40563.0,2.5358937794227687e-06,0.0,0.0,34451.0,4.245092441601852e-10,0.0,0.0,7664.0,5.2241520481635304e-20,0.0,0.0,27439.0,3.540387801737886e-05
3.0,43.0,0.0,9356.0,0.0,1.3176535996185789e-05,0.0,0.0,40563.0,1.5215362676536612e-06,0.0,0.0,34451.0,2.5470554649611113e-10,0.0,0.0,7664.0,3.134491228898118e-20,0.0,0.0,27439.0,2.1242326810427317e-05
3.0,44.0,0.0,9356.0,0.0,7.905921597711473e-06,0.0,0.0,40563.0,9.129217605921967e-07,0.0,0.0,34451.0,1.5282332789766667e-10,0.0,0.0,7664.0,1.8806947373388708e-20,0.0,0.0,27439.0,1.274539608625639e-05
3.0,45.0,0.0,9356.0,0.0,4.743552958626884e-06,0.0,0.0,40563.0,5.47753056355318e-07,0.0,0.0,34451.0,9.16939967386e-11,0.0,0.0,7664.0,1.1284168424033225e-20,0.0,0.0,27439.0,7.647237651753833e-06
3.0,46.0,0.0,9356.0,0.0,2.8461317751761302e-06,0.0,0.0,40563.0,3.2865183381319075e-07,0.0,0.0,34451.0,5.501639804316e-11,0.0,0.0,7664.0,6.770501054419934e-21,0.0,0.0,27439.0,4.5883425910523e-06
3.0,47.0,0.0,9356.0,0.0,1.707679065105678e-06,0.0,0.0,40563.0,1.9719110028791444e-07,0.0,0.0,34451.0,3.3009838825895996e-11,0.0,0.0,7664.0,4.06230063265196e-21,0.0,0.0,27439.0,2.75300555463138e-06
3.0,48.0,0.0,9356.0,0.0,1.0246074390634069e-06,0.0,0.0,40563.0,1.1831466017274866e-07,0.0,0.0,34451.0,1.9805903295537597e-11,0.0,0.0,7664.0,2.437380379591176e-21,0.0,0.0,27439.0,1.6518033327788278e-06
3.0,49.0,0.0,9356.0,0.0,6.147644634380441e-07,0.0,0.0,40563.0,7.098879610364919e-08,0.0,0.0,34451.0,1.1883541977322559e-11,0.0,0.0,7664.0,1.4624282277547056e-21,0.0,0.0,27439.0,9.910819996672965e-07
3.0,50.0,0.0,9356.0,0.0,3.6885867806282645e-07,0.0,0.0,40563.0,4.259327766218951e-08,0.0,0.0,34451.0,7.130125186393535e-12,0.0,0.0,7664.0,8.774569366528233e-22,0.0,0.0,27439.0,5.946491998003779e-07
3.0,51.0,0.0,9356.0,0.0,2.2131520683769586e-07,0.0,0.0,40563.0,2.5555966597313704e-08,0.0,0.0,34451.0,4.278075111836121e-12,0.0,0.0,7664.0,5.26474161991694e-22,0.0,0.0,27439.0,3.5678951988022675e-07
3.0,52.0,0.0,9356.0,0.0,1.3278912410261752e-07,0.0,0.0,40563.0,1.533357995838822e-08,0.0,0.0,34451.0,2.5668450671016725e-12,0.0,0.0,7664.0,3.158844971950164e-22,0.0,0.0,27439.0,2.1407371192813603e-07
4.0,1.0,0.0,9301.0,0.0,7.967347446157051e-08,0.0,0.0,40563.0,9.200147975032932e-09,0.0,0.0,34451.0,1.5401070402610034e-12,0.0,0.0,7664.0,1.8953069831700983e-22,0.0,0.0,27439.0,1.284442271568816e-07
4.0,2.0,0.0,9301.0,0.0,4.780408467694231e-08,0.0,0.0,40643.0,5.520088785019759e-09,0.0,0.0,34435.0,9.24064224156602e-13,0.0,0.0,7665.0,1.1371841899020589e-22,0.0,0.0,27437.0,7.706653629412896e-08
4.0,3.0,0.0,9301.0,0.0,2.8682450806165384e-08,0.0,0.0,40643.0,3.3120532710118556e-09,0.0,0.0,34435.0,5.544385344939611e-13,0.0,0.0,7665.0,6.823105139412353e-23,0.0,0.0,27437.0,4.623992177647737e-08
4.0,4.0,0.0,9301.0,0.0,1.720947048369923e-08,0.0,0.0,40643.0,1.9872319626071132e-09,0.0,0.0,34435.0,3.3266312069637663e-13,0.0,0.0,7665.0,4.093863083647411e-23,0.0,0.0,27437.0,2.7743953065886423e-08
4.0,5.0,0.0,9301.0,0.0,1.0325682290219538e-08,0.0,0.0,40643.0,1.192339177564268e-09,0.0,0.0,34435.0,1.9959787241782598e-13,0.0,0.0,7665.0,2.4563178501884468e-23,0.0,0.0,27437.0,1.6646371839531853e-08
4.0,6.0,0.0,9301.0,0.0,6.195409374131722e-09,0.0,0.0,40643.0,7.154035065385607e-10,0.0,0.0,34435.0,1.197587234506956e-13,0.0,0.0,7665.0,1.473790710113068e-23,3.6447e-05,1.0,27437.0,1.4588787823103719e-05
4.0,7.0,0.0,9301.0,0.0,3.717245624479033e-09,0.0,0.0,40643.0,4.292421039231364e-10,5.808e-05,2.0,34435.0,2.3232000071855235e-05,0.0,0.0,7665.0,8.842744260678409e-24,0.0,0.0,27437.0,8.753272693862231e-06
4.0,8.0,0.000107515,9301.0,1.0,4.300823034737469e-05,0.0,0.0,40643.0,2.5754526235388185e-10,0.0,0.0,34435.0,1.393920004311314e-05,0.0,0.0,7665.0,5.305646556407045e-24,3.6447e-05,1.0,27437.0,1.983076361631734e-05
4.0,9.0,0.000215031,9301.0,2.0,0.00011181733820842481,0.0,0.0,40643.0,1.545271574123291e-10,0.0,0.0,34435.0,8.363520025867883e-06,0.0,0.0,7665.0,3.183387933844227e-24,0.00021868299999999998,6.0,27437.0,9.93716581697904e-05
4.0,10.0,0.0,9301.0,0.0,6.709040292505489e-05,0.0,0.0,40643.0,9.271629444739746e-11,0.0,0.0,34435.0,5.01811201552073e-06,0.0,0.0,7665.0,1.910032760306536e-24,7.2894e-05,2.0,27437.0,8.878059490187424e-05
4.0,11.0,0.0,9301.0,0.0,4.0254241755032935e-05,0.0,0.0,40643.0,5.5629776668438474e-11,0.0,0.0,34435.0,3.010867209312438e-06,0.0,0.0,7665.0,1.1460196561839216e-24,3.6447e-05,1.0,27437.0,6.784715694112454e-05
4.0,12.0,0.0,9301.0,0.0,2.415254505301976e-05,0.0,0.0,40643.0,3.3377866001063083e-11,0.0,0.0,34435.0,1.8065203255874628e-06,0.0,0.0,7665.0,6.8761179371035295e-25,3.6447e-05,1.0,27437.0,5.528709416467473e-05
4.0,13.0,0.0,9301.0,0.0,1.4491527031811854e-05,2.4604e-05,1.0,40643.0,9.8416200267196e-06,0.0,0.0,34435.0,1.0839121953524777e-06,0.0,0.0,7665.0,4.1256707622621176e-25,0.0,0.0,27437.0,3.3172256498804835e-05
4.0,14.0,0.0,9301.0,0.0,8.694916219087112e-06,0.0,0.0,40643.0,5.90497201603176e-06,0.000464644,16.0,34435.0,0.0001865079473172115,0.0,0.0,7665.0,2.4754024573572703e-25,0.00010934100000000001,3.0,27437.0,6.36397538992829e-05
4.0,15.0,0.000322546,9301.0,3.0,0.00013423534973145226,0.0,0.0,40643.0,3.542983209619056e-06,0.000580804,20.0,34435.0,0.0003442263683903269,0.0,0.0,7665.0,1.485241474414362e-25,7.2894e-05,2.0,27437.0,6.734145233956975e-05
4.0,16.0,0.000322546,9301.0,3.0,0.00020955960983887135,0.0,0.0,40643.0,2.1257899257714334e-06,0.000929287,32.0,34435.0,0.0005782506210341962,0.0,0.0,7665.0,8.911448846486173e-26,0.0,0.0,27437.0,4.040487140374185e-05
4.0,17.0,0.0013976989999999999,9301.0,13.0,0.0006848153659033228,9.841799999999999e-05,4.0,40643.0,4.064267395546286e-05,0.000551764,19.0,34435.0,0.0005676559726205177,0.0,0.0,7665.0,5.346869307891704e-26,7.2894e-05,2.0,27437.0,5.340052284224511e-05
4.0,18.0,0.0008601230000000001,9301.0,8.0,0.0007549384195419937,0.000246045,10.0,40643.0,0.00012280360437327774,0.001945695,67.0,34435.0,0.0011188715835723107,0.0005218530000000001,4.0,7665.0,0.00020874120000000004,0.000291577,8.0,27437.0,0.00014867111370534707
4.0,19.0,0.000322546,9301.0,3.0,0.0005819814517251962,0.0,0.0,40643.0,7.368216262396664e-05,0.000348483,12.0,34435.0,0.0008107161501433864,0.000391389,3.0,7665.0,0.00028180032000000004,0.000692496,19.0,27437.0,0.00036620106822320825
4.0,20.0,0.000430061,9301.0,4.0,0.0005212132710351177,0.00019683599999999998,8.0,40643.0,0.00012294369757437997,0.004646435,160.0,34435.0,0.0023450036900860317,0.000260926,2.0,7665.0,0.000273450592,0.00153078,42.0,27437.0,0.000832032640933925
4.0,21.0,0.000322546,9301.0,3.0,0.00044174636262107067,0.00027064900000000003,11.0,40643.0,0.000182025818544628,0.0,0.0,34435.0,0.001407002214051619,0.0005218530000000001,4.0,7665.0,0.00037281155520000003,0.0018952510000000001,52.0,27437.0,0.001257319984560355
4.0,22.0,0.000752607,9301.0,7.0,0.0005660906175726423,0.000541299,22.0,40643.0,0.0003257350911267768,0.0016262520000000001,56.0,34435.0,0.0014947021284309715,0.000391389,3.0,7665.0,0.00038024253312,0.002113934,58.0,27437.0,0.001599965590736213
4.0,23.0,0.000107515,9301.0,1.0,0.0003826603705435854,0.0015746870000000002,64.0,40643.0,0.0008253158546760662,0.002555539,88.0,34435.0,0.0019190368770585827,0.0007827789999999999,6.0,7665.0,0.000541257119872,0.001749462,48.0,27437.0,0.0016597641544417278
4.0,24.0,0.000107515,9301.0,1.0,0.00027260222232615124,0.0017715229999999999,72.0,40643.0,0.0012037987128056397,0.0008712069999999999,30.0,34435.0,0.0014999049262351496,0.000260926,2.0,7665.0,0.00042912467192319993,0.00102052,28.0,27437.0,0.0014040664926650366
4.0,25.0,0.0,9301.0,0.0,0.00016356133339569075,0.00022144,9.0,40643.0,0.0008108552276833838,0.000638885,22.0,34435.0,0.0011554969557410898,0.000260926,2.0,7665.0,0.0003618452031539199,0.001093414,30.0,27437.0,0.001279805495599022
4.0,26.0,0.000107515,9301.0,1.0,0.00014114280003741443,0.000295254,12.0,40643.0,0.0006046147366100303,0.000696965,24.0,34435.0,0.0009720841734446538,0.0,0.0,7665.0,0.00021710712189235195,0.0018952510000000001,52.0,27437.0,0.0015259836973594133
4.0,27.0,0.000107515,9301.0,1.0,0.00012769168002244865,0.000123022,5.0,40643.0,0.0004119776419660182,0.000435603,15.0,34435.0,0.0007574917040667924,0.0,0.0,7665.0,0.00013026427313541115,0.0008382839999999999,23.0,27437.0,0.001250903818415648
4.0,28.0,0.000215031,9301.0,2.0,0.0001626274080134692,4.9208999999999996e-05,2.0,40643.0,0.0002668701851796109,0.000203282,7.0,34435.0,0.0005358078224400754,0.0,0.0,7665.0,7.815856388124669e-05,0.00040091800000000005,11.0,27437.0,0.0009109094910493888
4.0,29.0,0.000107515,9301.0,1.0,0.00014058244480808153,4.9208999999999996e-05,2.0,40643.0,0.00017980571110776653,0.00017424099999999997,6.0,34435.0,0.0003911810934640452,0.0,0.0,7665.0,4.689513832874801e-05,0.0,0.0,27437.0,0.0005465456946296333
4.0,30.0,0.000107515,9301.0,1.0,0.00012735546688484893,0.0,0.0,40643.0,0.00010788342666465991,0.000203282,7.0,34435.0,0.0003160214560784271,0.0,0.0,7665.0,2.8137082997248805e-05,0.0,0.0,27437.0,0.00032792741677778
4.0,31.0,0.0,9301.0,0.0,7.641328013090936e-05,4.9208999999999996e-05,2.0,40643.0,8.441365599879594e-05,0.000145201,5.0,34435.0,0.00024769327364705624,0.0,0.0,7665.0,1.688224979834928e-05,0.00010934100000000001,3.0,27437.0,0.000240492850066668
4.0,32.0,0.0,9301.0,0.0,4.5847968078545614e-05,4.9208999999999996e-05,2.0,40643.0,7.033179359927756e-05,8.712100000000001e-05,3.0,34435.0,0.00018346436418823373,0.0,0.0,7665.0,1.0129349879009568e-05,0.0,0.0,27437.0,0.0001442957100400008
4.0,33.0,0.000107515,9301.0,1.0,7.051478084712736e-05,0.0,0.0,40643.0,4.2199076159566535e-05,0.0,0.0,34435.0,0.00011007861851294023,0.0,0.0,7665.0,6.077609927405741e-06,0.0,0.0,27437.0,8.657742602400047e-05
4.0,34.0,0.0,9301.0,0.0,4.2308868508276414e-05,0.0,0.0,40643.0,2.531944569573992e-05,0.0,0.0,34435.0,6.604717110776413e-05,0.0,0.0,7665.0,3.6465659564434443e-06,0.0,0.0,27437.0,5.194645561440028e-05
4.0,35.0,0.0,9301.0,0.0,2.5385321104965847e-05,0.0,0.0,40643.0,1.519166741744395e-05,0.0,0.0,34435.0,3.962830266465848e-05,0.0,0.0,7665.0,2.1879395738660663e-06,0.00010934100000000001,3.0,27437.0,7.490427336864017e-05
4.0,36.0,0.0,9301.0,0.0,1.5231192662979507e-05,0.0,0.0,40643.0,9.11500045046637e-06,0.0,0.0,34435.0,2.3776981598795086e-05,0.0,0.0,7665.0,1.3127637443196397e-06,0.0,0.0,27437.0,4.49425640211841e-05
4.0,37.0,0.0,9301.0,0.0,9.138715597787704e-06,0.0,0.0,40643.0,5.4690002702798216e-06,0.0,0.0,34435.0,1.426618895927705e-05,0.0,0.0,7665.0,7.876582465917837e-07,7.2894e-05,2.0,27437.0,5.6123138412710456e-05
4.0,38.0,0.0,9301.0,0.0,5.483229358672622e-06,0.0,0.0,40643.0,3.281400162167893e-06,0.0,0.0,34435.0,8.559713375566229e-06,0.0,0.0,7665.0,4.725949479550702e-07,0.0,0.0,27437.0,3.3673883047626274e-05
4.0,39.0,0.0,9301.0,0.0,3.289937615203573e-06,0.0,0.0,40643.0,1.968840097300736e-06,0.0,0.0,34435.0,5.135828025339738e-06,0.0,0.0,7665.0,2.835569687730421e-07,0.0,0.0,27437.0,2.0204329828575762e-05
4.0,40.0,0.0,9301.0,0.0,1.973962569122144e-06,0.0,0.0,40643.0,1.1813040583804414e-06,0.0,0.0,34435.0,3.0814968152038423e-06,0.0,0.0,7665.0,1.7013418126382527e-07,0.0,0.0,27437.0,1.2122597897145458e-05
4.0,41.0,0.0,9301.0,0.0,1.1843775414732864e-06,0.0,0.0,40643.0,7.087824350282648e-07,0.0,0.0,34435.0,1.8488980891223054e-06,0.0,0.0,7665.0,1.0208050875829516e-07,0.0,0.0,27437.0,7.273558738287274e-06
4.0,42.0,0.0,9301.0,0.0,7.106265248839718e-07,0.0,0.0,40643.0,4.2526946101695887e-07,0.0,0.0,34435.0,1.1093388534733831e-06,0.0,0.0,7665.0,6.124830525497709e-08,0.0,0.0,27437.0,4.364135242972364e-06
4.0,43.0,0.0,9301.0,0.0,4.263759149303831e-07,0.0,0.0,40643.0,2.5516167661017533e-07,0.0,0.0,34435.0,6.656033120840299e-07,0.0,0.0,7665.0,3.674898315298625e-08,0.0,0.0,27437.0,2.6184811457834183e-06
4.0,44.0,0.0,9301.0,0.0,2.558255489582298e-07,0.0,0.0,40643.0,1.530970059661052e-07,0.0,0.0,34435.0,3.9936198725041794e-07,0.0,0.0,7665.0,2.204938989179175e-08,0.0,0.0,27437.0,1.571088687470051e-06
4.0,45.0,0.0,9301.0,0.0,1.5349532937493788e-07,0.0,0.0,40643.0,9.185820357966312e-08,0.0,0.0,34435.0,2.3961719235025077e-07,0.0,0.0,7665.0,1.322963393507505e-08,0.0,0.0,27437.0,9.426532124820306e-07
4.0,46.0,0.0,9301.0,0.0,9.209719762496273e-08,0.0,0.0,40643.0,5.511492214779787e-08,0.0,0.0,34435.0,1.4377031541015045e-07,0.0,0.0,7665.0,7.93778036104503e-09,0.0,0.0,27437.0,5.655919274892184e-07
4.0,47.0,0.0,9301.0,0.0,5.525831857497763e-08,0.0,0.0,40643.0,3.306895328867872e-08,0.0,0.0,34435.0,8.626218924609027e-08,0.0,0.0,7665.0,4.762668216627018e-09,0.0,0.0,27437.0,3.39355156493531e-07
4.0,48.0,0.0,9301.0,0.0,3.315499114498658e-08,0.0,0.0,40643.0,1.984137197320723e-08,0.0,0.0,34435.0,5.1757313547654163e-08,0.0,0.0,7665.0,2.8576009299762106e-09,0.0,0.0,27437.0,2.036130938961186e-07
4.0,49.0,0.0,9301.0,0.0,1.9892994686991948e-08,0.0,0.0,40643.0,1.1904823183924338e-08,0.0,0.0,34435.0,3.10543881285925e-08,0.0,0.0,7665.0,1.7145605579857262e-09,0.0,0.0,27437.0,1.2216785633767116e-07
4.0,50.0,0.0,9301.0,0.0,1.1935796812195168e-08,0.0,0.0,40643.0,7.142893910354603e-09,0.0,0.0,34435.0,1.8632632877155498e-08,0.0,0.0,7665.0,1.0287363347914357e-09,0.0,0.0,27437.0,7.330071380260269e-08
4.0,51.0,0.0,9301.0,0.0,7.161478087317101e-09,0.0,0.0,40643.0,4.285736346212762e-09,0.0,0.0,34435.0,1.1179579726293299e-08,0.0,0.0,7665.0,6.172418008748615e-10,0.0,0.0,27437.0,4.398042828156161e-08
4.0,52.0,0.0,9301.0,0.0,4.296886852390261e-09,0.0,0.0,40643.0,2.571441807727657e-09,0.0,0.0,34435.0,6.707747835775979e-09,0.0,0.0,7665.0,3.7034508052491684e-10,0.0,0.0,27437.0,2.6388256968936966e-08
5.0,1.0,0.0,9333.0,0.0,2.5781321114341564e-09,0.0,0.0,40643.0,1.5428650846365941e-09,0.0,0.0,34435.0,4.024648701465587e-09,0.0,0.0,7665.0,2.222070483149501e-10,0.0,0.0,27437.0,1.583295418136218e-08
5.0,2.0,0.0,9333.0,0.0,1.5468792668604939e-09,0.0,0.0,40723.0,9.257190507819565e-10,0.0,0.0,34578.0,2.414789220879352e-09,0.0,0.0,7777.0,1.3332422898897005e-10,0.0,0.0,27230.0,9.499772508817308e-09
5.0,3.0,0.0,9333.0,0.0,9.281275601162963e-10,0.0,0.0,40723.0,5.554314304691738e-10,0.0,0.0,34578.0,1.4488735325276112e-09,0.0,0.0,7777.0,7.999453739338203e-11,0.0,0.0,27230.0,5.699863505290384e-09
5.0,4.0,0.0,9333.0,0.0,5.568765360697777e-10,0.0,0.0,40723.0,3.332588582815043e-10,0.0,0.0,34578.0,8.693241195165667e-10,0.0,0.0,7777.0,4.799672243602921e-11,0.0,0.0,27230.0,3.4199181031742305e-09
5.0,5.0,0.0,9333.0,0.0,3.341259216418666e-10,0.0,0.0,40723.0,1.9995531496890257e-10,0.0,0.0,34578.0,5.2159447170994e-10,0.0,0.0,7777.0,2.8798033461617526e-11,0.0,0.0,27230.0,2.051950861904538e-09
5.0,6.0,0.0,9333.0,0.0,2.0047555298511995e-10,0.0,0.0,40723.0,1.1997318898134154e-10,0.0,0.0,34578.0,3.12956683025964e-10,0.0,0.0,7777.0,1.7278820076970514e-11,0.0,0.0,27230.0,1.2311705171427228e-09
5.0,7.0,0.0,9333.0,0.0,1.2028533179107196e-10,0.0,0.0,40723.0,7.198391338880492e-11,0.0,0.0,34578.0,1.877740098155784e-10,0.0,0.0,7777.0,1.0367292046182309e-11,0.0,0.0,27230.0,7.387023102856336e-10
5.0,8.0,0.0,9333.0,0.0,7.217119907464317e-11,0.0,0.0,40723.0,4.319034803328295e-11,0.0,0.0,34578.0,1.1266440588934703e-10,0.0,0.0,7777.0,6.2203752277093855e-12,0.0,0.0,27230.0,4.4322138617138015e-10
5.0,9.0,0.0,9333.0,0.0,4.33027194447859e-11,0.0,0.0,40723.0,2.591420881996977e-11,0.0,0.0,34578.0,6.759864353360822e-11,0.0,0.0,7777.0,3.7322251366256315e-12,0.0,0.0,27230.0,2.659328317028281e-10
5.0,10.0,0.0,9333.0,0.0,2.5981631666871538e-11,0.0,0.0,40723.0,1.554852529198186e-11,0.0,0.0,34578.0,4.055918612016493e-11,0.0,0.0,7777.0,2.2393350819753786e-12,0.0,0.0,27230.0,1.5955969902169685e-10
5.0,11.0,0.0,9333.0,0.0,1.5588979000122923e-11,0.0,0.0,40723.0,9.329115175189115e-12,0.0,0.0,34578.0,2.4335511672098956e-11,0.0,0.0,7777.0,1.3436010491852271e-12,0.0,0.0,27230.0,9.573581941301811e-11
5.0,12.0,0.0,9333.0,0.0,9.353387400073754e-12,0.0,0.0,40723.0,5.597469105113469e-12,0.0,0.0,34578.0,1.4601307003259374e-11,0.0,0.0,7777.0,8.061606295111362e-13,0.0,0.0,27230.0,5.7441491647810864e-11
5.0,13.0,0.0,9333.0,0.0,5.612032440044252e-12,0.0,0.0,40723.0,3.3584814630680813e-12,0.0,0.0,34578.0,8.760784201955624e-12,0.0,0.0,7777.0,4.836963777066818e-13,0.0,0.0,27230.0,3.446489498868652e-11
5.0,14.0,0.0,9333.0,0.0,3.3672194640265513e-12,0.0,0.0,40723.0,2.0150888778408486e-12,0.0,0.0,34578.0,5.256470521173374e-12,0.0,0.0,7777.0,2.9021782662400904e-13,0.0,0.0,27230.0,2.067893699321191e-11
5.0,15.0,0.0,9333.0,0.0,2.0203316784159307e-12,0.0,0.0,40723.0,1.2090533267045091e-12,0.0,0.0,34578.0,3.1538823127040244e-12,0.000257169,2.0,7777.0,0.00010286760017413072,0.0,0.0,27230.0,1.2407362195927147e-11
5.0,16.0,0.00010714700000000001,9333.0,1.0,4.285880121219901e-05,2.4556e-05,1.0,40723.0,9.822400725431997e-06,0.0,0.0,34578.0,1.8923293876224146e-12,0.000257169,2.0,7777.0,0.00016458816010447847,0.0,0.0,27230.0,7.444417317556288e-12
5.0,17.0,0.00010714700000000001,9333.0,1.0,6.857408072731941e-05,7.3668e-05,3.0,40723.0,3.53606404352592e-05,0.00011568,4.0,34578.0,4.627200113539764e-05,0.0,0.0,7777.0,9.875289606268708e-05,0.00011017299999999999,3.0,27230.0,4.406920446665039e-05
5.0,18.0,0.001071467,9333.0,10.0,0.00046973124843639166,0.000270118,11.0,40723.0,0.00012926358426115553,0.000375962,13.0,34578.0,0.00017814800068123858,0.0,0.0,7777.0,5.9251737637612245e-05,0.000146897,4.0,27230.0,8.520032267999024e-05
5.0,19.0,0.000535733,9333.0,5.0,0.000496131949061835,0.000466567,19.0,40723.0,0.00026418495055669335,0.00043380199999999995,15.0,34578.0,0.00028040960040874314,0.000128584,1.0,7777.0,8.698464258256735e-05,0.000514139,14.0,27230.0,0.00025677579360799415
5.0,20.0,0.00010714700000000001,9333.0,1.0,0.000340537969437101,0.000245561,10.0,40723.0,0.000256735370334016,0.000318121,11.0,34578.0,0.0002954941602452459,0.000128584,1.0,7777.0,0.00010362438554954041,0.000587587,16.0,27230.0,0.0003891002761647965
5.0,21.0,0.000214293,9333.0,2.0,0.00029003998166226056,0.000343786,14.0,40723.0,0.0002915556222004096,0.0006651630000000001,23.0,34578.0,0.00044336169614714755,0.000771506,6.0,7777.0,0.0003707770313297243,0.000624311,17.0,27230.0,0.00048318456569887793
5.0,22.0,0.00032144,9333.0,3.0,0.0003025999889973563,0.00031923,13.0,40723.0,0.00030262537332024575,0.001156805,40.0,34578.0,0.0007287390176882885,0.000642921,5.0,7777.0,0.00047963461879783453,0.000367242,10.0,27230.0,0.0004368075394193268
5.0,23.0,0.0,9333.0,0.0,0.00018155999339841377,9.8225e-05,4.0,40723.0,0.00022086522399214747,0.000578402,20.0,34578.0,0.0006686042106129731,0.00090009,7.0,7777.0,0.0006478167712787007,7.3448e-05,2.0,27230.0,0.0002914637236515961
5.0,24.0,0.00010714700000000001,9333.0,1.0,0.00015179479603904828,2.4556e-05,1.0,40723.0,0.00014234153439528848,0.00034704099999999997,12.0,34578.0,0.0005399789263677838,0.000257169,2.0,7777.0,0.0004915576627672204,0.0,0.0,27230.0,0.00017487823419095767
5.0,25.0,0.00010714700000000001,9333.0,1.0,0.00013393567762342895,2.4556e-05,1.0,40723.0,9.522732063717309e-05,0.000173521,6.0,34578.0,0.00039339575582067026,0.000128584,1.0,7777.0,0.0003463681976603323,3.6724e-05,1.0,27230.0,0.0001196165405145746
5.0,26.0,0.0,9333.0,0.0,8.036140657405737e-05,0.000122781,5.0,40723.0,0.00010624879238230384,0.000173521,6.0,34578.0,0.00030544585349240213,0.0,0.0,7777.0,0.00020782091859619935,0.0,0.0,27230.0,7.176992430874476e-05
5.0,27.0,0.00010714700000000001,9333.0,1.0,9.107564394443443e-05,0.0,0.0,40723.0,6.374927542938231e-05,2.892e-05,1.0,34578.0,0.00019483551209544127,0.000128584,1.0,7777.0,0.0001761261511577196,7.3448e-05,2.0,27230.0,7.244115458524686e-05
5.0,28.0,0.000214293,9333.0,2.0,0.00014036258636666065,2.4556e-05,1.0,40723.0,4.807196525762939e-05,8.676e-05,3.0,34578.0,0.00015160530725726477,0.0,0.0,7777.0,0.00010567569069463174,0.0,0.0,27230.0,4.3464692751148115e-05
5.0,29.0,0.0,9333.0,0.0,8.421755181999639e-05,0.0,0.0,40723.0,2.8843179154577632e-05,2.892e-05,1.0,34578.0,0.00010253118435435887,0.0,0.0,7777.0,6.340541441677904e-05,7.3448e-05,2.0,27230.0,5.545801565068887e-05
5.0,30.0,0.0,9333.0,0.0,5.053053109199783e-05,2.4556e-05,1.0,40723.0,2.712830749274658e-05,2.892e-05,1.0,34578.0,7.308671061261531e-05,0.0,0.0,7777.0,3.804324865006742e-05,3.6724e-05,1.0,27230.0,4.7964409390413324e-05
5.0,31.0,0.00010714700000000001,9333.0,1.0,7.31771186551987e-05,0.0,0.0,40723.0,1.6276984495647946e-05,5.784e-05,2.0,34578.0,6.698802636756918e-05,0.0,0.0,7777.0,2.2825949190040453e-05,0.0,0.0,27230.0,2.8778645634247994e-05
5.0,32.0,0.0,9333.0,0.0,4.390627119311922e-05,0.0,0.0,40723.0,9.766190697388767e-06,2.892e-05,1.0,34578.0,5.176081582054151e-05,0.0,0.0,7777.0,1.3695569514024272e-05,0.0,0.0,27230.0,1.7267187380548797e-05
5.0,33.0,0.0,9333.0,0.0,2.634376271587153e-05,0.0,0.0,40723.0,5.85971441843326e-06,0.0,0.0,34578.0,3.1056489492324904e-05,0.0,0.0,7777.0,8.217341708414563e-06,0.0,0.0,27230.0,1.0360312428329278e-05
5.0,34.0,0.0,9333.0,0.0,1.5806257629522917e-05,0.0,0.0,40723.0,3.515828651059956e-06,0.0,0.0,34578.0,1.8633893695394943e-05,0.0,0.0,7777.0,4.930405025048738e-06,0.0,0.0,27230.0,6.216187456997567e-06
5.0,35.0,0.0,9333.0,0.0,9.48375457771375e-06,0.0,0.0,40723.0,2.1094971906359736e-06,0.0,0.0,34578.0,1.1180336217236965e-05,0.0,0.0,7777.0,2.9582430150292423e-06,0.0,0.0,27230.0,3.72971247419854e-06
5.0,36.0,0.0,9333.0,0.0,5.690252746628249e-06,2.4556e-05,1.0,40723.0,1.1088098314381585e-05,0.0,0.0,34578.0,6.708201730342179e-06,0.0,0.0,7777.0,1.7749458090175452e-06,0.0,0.0,27230.0,2.2378274845191238e-06
5.0,37.0,0.0,9333.0,0.0,3.4141516479769495e-06,0.0,0.0,40723.0,6.652858988628951e-06,0.0,0.0,34578.0,4.024921038205307e-06,0.0,0.0,7777.0,1.064967485410527e-06,0.0,0.0,27230.0,1.3426964907114743e-06
5.0,38.0,0.0,9333.0,0.0,2.0484909887861697e-06,0.0,0.0,40723.0,3.99171539317737e-06,2.892e-05,1.0,34578.0,1.3982952622923186e-05,0.0,0.0,7777.0,6.389804912463162e-07,0.0,0.0,27230.0,8.056178944268846e-07
5.0,39.0,0.0,9333.0,0.0,1.2290945932717017e-06,0.0,0.0,40723.0,2.395029235906422e-06,0.0,0.0,34578.0,8.38977157375391e-06,0.0,0.0,7777.0,3.8338829474778975e-07,0.0,0.0,27230.0,4.833707366561307e-07
5.0,40.0,0.0,9333.0,0.0,7.37456755963021e-07,0.0,0.0,40723.0,1.4370175415438531e-06,0.0,0.0,34578.0,5.033862944252346e-06,0.0,0.0,7777.0,2.3003297684867383e-07,0.0,0.0,27230.0,2.900224419936784e-07
5.0,41.0,0.0,9333.0,0.0,4.4247405357781253e-07,0.0,0.0,40723.0,8.622105249263119e-07,0.0,0.0,34578.0,3.0203177665514074e-06,0.0,0.0,7777.0,1.3801978610920428e-07,0.0,0.0,27230.0,1.7401346519620703e-07
5.0,42.0,0.0,9333.0,0.0,2.6548443214668753e-07,0.0,0.0,40723.0,5.173263149557871e-07,0.0,0.0,34578.0,1.8121906599308444e-06,0.0,0.0,7777.0,8.281187166552257e-08,0.0,0.0,27230.0,1.0440807911772421e-07
5.0,43.0,0.0,9333.0,0.0,1.592906592880125e-07,0.0,0.0,40723.0,3.1039578897347225e-07,0.0,0.0,34578.0,1.0873143959585067e-06,0.0,0.0,7777.0,4.968712299931354e-08,0.0,0.0,27230.0,6.264484747063452e-08
5.0,44.0,0.0,9333.0,0.0,9.557439557280751e-08,0.0,0.0,40723.0,1.8623747338408335e-07,0.0,0.0,34578.0,6.52388637575104e-07,0.0,0.0,7777.0,2.9812273799588124e-08,0.0,0.0,27230.0,3.758690848238071e-08
5.0,45.0,0.0,9333.0,0.0,5.73446373436845e-08,0.0,0.0,40723.0,1.1174248403045e-07,0.0,0.0,34578.0,3.9143318254506237e-07,0.0,0.0,7777.0,1.7887364279752874e-08,0.0,0.0,27230.0,2.2552145089428427e-08
5.0,46.0,0.0,9333.0,0.0,3.44067824062107e-08,0.0,0.0,40723.0,6.704549041827e-08,0.0,0.0,34578.0,2.3485990952703741e-07,0.0,0.0,7777.0,1.0732418567851724e-08,0.0,0.0,27230.0,1.3531287053657055e-08
5.0,47.0,0.0,9333.0,0.0,2.064406944372642e-08,0.0,0.0,40723.0,4.0227294250962e-08,0.0,0.0,34578.0,1.4091594571622245e-07,0.0,0.0,7777.0,6.439451140711034e-09,0.0,0.0,27230.0,8.118772232194233e-09
5.0,48.0,0.0,9333.0,0.0,1.2386441666235852e-08,0.0,0.0,40723.0,2.41363765505772e-08,0.0,0.0,34578.0,8.454956742973346e-08,0.0,0.0,7777.0,3.86367068442662e-09,0.0,0.0,27230.0,4.8712633393165395e-09
5.0,49.0,0.0,9333.0,0.0,7.431864999741511e-09,0.0,0.0,40723.0,1.4481825930346318e-08,0.0,0.0,34578.0,5.0729740457840077e-08,0.0,0.0,7777.0,2.318202410655972e-09,0.0,0.0,27230.0,2.9227580035899235e-09
5.0,50.0,0.0,9333.0,0.0,4.4591189998449064e-09,0.0,0.0,40723.0,8.68909555820779e-09,0.0,0.0,34578.0,3.043784427470404e-08,0.0,0.0,7777.0,1.3909214463935831e-09,0.0,0.0,27230.0,1.753654802153954e-09
5.0,51.0,0.0,9333.0,0.0,2.675471399906944e-09,0.0,0.0,40723.0,5.213457334924673e-09,0.0,0.0,34578.0,1.8262706564822426e-08,0.0,0.0,7777.0,8.345528678361498e-10,0.0,0.0,27230.0,1.0521928812923724e-09
5.0,52.0,0.0,9333.0,0.0,1.6052828399441662e-09,0.0,0.0,40723.0,3.128074400954804e-09,0.0,0.0,34578.0,1.0957623938893455e-08,0.0,0.0,7777.0,5.007317207016899e-10,0.0,0.0,27230.0,6.313157287754234e-10
6.0,1.0,0.0,9288.0,0.0,9.631697039664998e-10,0.0,0.0,40723.0,1.8768446405728824e-09,0.0,0.0,34578.0,6.574574363336073e-09,0.0,0.0,7777.0,3.004390324210139e-10,0.0,0.0,27230.0,3.78789437265254e-10
6.0,2.0,0.0,9288.0,0.0,5.779018223798998e-10,0.0,0.0,41131.0,1.1261067843437294e-09,0.0,0.0,34488.0,3.944744618001643e-09,0.0,0.0,7922.0,1.8026341945260833e-10,0.0,0.0,26982.0,2.272736623591524e-10
6.0,3.0,0.0,9288.0,0.0,3.467410934279399e-10,0.0,0.0,41131.0,6.756640706062376e-10,0.0,0.0,34488.0,2.366846770800986e-09,0.0,0.0,7922.0,1.08158051671565e-10,0.0,0.0,26982.0,1.3636419741549145e-10
6.0,4.0,0.0,9288.0,0.0,2.0804465605676394e-10,0.0,0.0,41131.0,4.053984423637426e-10,0.0,0.0,34488.0,1.4201080624805916e-09,0.0,0.0,7922.0,6.4894831002939e-11,0.0,0.0,26982.0,8.181851844929487e-11
6.0,5.0,0.0,9288.0,0.0,1.2482679363405837e-10,0.0,0.0,41131.0,2.432390654182455e-10,0.0,0.0,34488.0,8.520648374883549e-10,0.0,0.0,7922.0,3.89368986017634e-11,0.0,0.0,26982.0,4.909111106957692e-11
6.0,6.0,0.0,9288.0,0.0,7.489607618043502e-11,0.0,0.0,41131.0,1.459434392509473e-10,0.0,0.0,34488.0,5.112389024930129e-10,0.0,0.0,7922.0,2.3362139161058038e-11,0.0,0.0,26982.0,2.945466664174615e-11
6.0,7.0,0.0,9288.0,0.0,4.493764570826101e-11,0.0,0.0,41131.0,8.756606355056838e-11,0.0,0.0,34488.0,3.067433414958077e-10,0.0,0.0,7922.0,1.4017283496634822e-11,0.0,0.0,26982.0,1.767279998504769e-11
6.0,8.0,0.0,9288.0,0.0,2.6962587424956605e-11,0.0,0.0,41131.0,5.2539638130341025e-11,0.0,0.0,34488.0,1.8404600489748463e-10,0.0,0.0,7922.0,8.410370097980893e-12,0.0,0.0,26982.0,1.0603679991028613e-11
6.0,9.0,0.0,9288.0,0.0,1.6177552454973963e-11,0.0,0.0,41131.0,3.152378287820461e-11,0.0,0.0,34488.0,1.1042760293849077e-10,0.0,0.0,7922.0,5.046222058788535e-12,0.0,0.0,26982.0,6.362207994617168e-12
6.0,10.0,0.0,9288.0,0.0,9.706531472984377e-12,0.0,0.0,41131.0,1.8914269726922766e-11,0.0,0.0,34488.0,6.625656176309446e-11,0.0,0.0,7922.0,3.027733235273121e-12,0.0,0.0,26982.0,3.8173247967703004e-12
6.0,11.0,0.0,9288.0,0.0,5.823918883790626e-12,0.0,0.0,41131.0,1.1348561836153659e-11,2.8995999999999998e-05,1.0,34488.0,1.159843975393706e-05,0.0,0.0,7922.0,1.8166399411638725e-12,3.7062e-05,1.0,26982.0,1.482480229039488e-05
6.0,12.0,0.00010766600000000001,9288.0,1.0,4.306640349435134e-05,0.0,0.0,41131.0,6.809137101692195e-12,0.0,0.0,34488.0,6.959063852362235e-06,0.0,0.0,7922.0,1.0899839646983234e-12,0.0,0.0,26982.0,8.894881374236927e-06
6.0,13.0,0.0,9288.0,0.0,2.5839842096610804e-05,0.0,0.0,41131.0,4.085482261015316e-12,0.0,0.0,34488.0,4.175438311417341e-06,0.0,0.0,7922.0,6.53990378818994e-13,0.0,0.0,26982.0,5.336928824542156e-06
6.0,14.0,0.00010766600000000001,9288.0,1.0,5.857030525796649e-05,0.0,0.0,41131.0,2.45128935660919e-12,0.0,0.0,34488.0,2.5052629868504047e-06,0.000126231,1.0,7922.0,5.049240039239423e-05,3.7062e-05,1.0,26982.0,1.8026957294725295e-05
6.0,15.0,0.000322997,9288.0,3.0,0.00016434098315477988,2.4313000000000003e-05,1.0,41131.0,9.725201470773615e-06,5.7991e-05,2.0,34488.0,2.4699557792110242e-05,0.0,0.0,7922.0,3.029544023543654e-05,3.7062e-05,1.0,26982.0,2.5640974376835176e-05
6.0,16.0,0.00129199,9288.0,12.0,0.000615400589892868,0.0,0.0,41131.0,5.8351208824641685e-06,5.7991e-05,2.0,34488.0,3.801613467526615e-05,0.000126231,1.0,7922.0,6.866966414126193e-05,7.412300000000001e-05,2.0,26982.0,4.503378462610111e-05
6.0,17.0,0.0023686479999999997,9288.0,22.0,0.0013166995539357208,0.0,0.0,41131.0,3.5010725294785008e-06,2.8995999999999998e-05,1.0,34488.0,3.440808080515969e-05,0.000126231,1.0,7922.0,9.169419848475716e-05,3.7062e-05,1.0,26982.0,4.184507077566067e-05
6.0,18.0,0.001830319,9288.0,17.0,0.0015221473323614324,7.2938e-05,3.0,41131.0,3.1275843517687104e-05,0.000347947,12.0,34488.0,0.00015982364848309583,0.0,0.0,7922.0,5.5016519090854295e-05,7.412300000000001e-05,2.0,26982.0,5.475624246539641e-05
6.0,19.0,0.000538329,9288.0,5.0,0.0011286199994168594,0.0001945,8.0,41131.0,9.656550611061228e-05,0.00028995599999999996,10.0,34488.0,0.00021187658908985746,0.000504923,4.0,7922.0,0.0002349791114545126,0.000185309,5.0,26982.0,0.00010697734547923784
6.0,20.0,0.001830319,9288.0,17.0,0.0014092995996501157,0.000534876,22.0,41131.0,0.00027188970366636735,0.00020296900000000003,7.0,34488.0,0.0002083135534539145,0.000252461,2.0,7922.0,0.00024197186687270757,3.7062e-05,1.0,26982.0,7.901120728754271e-05
6.0,21.0,0.001399655,9288.0,13.0,0.0014054417597900695,0.000656439,27.0,41131.0,0.0004257094221998204,0.000492925,17.0,34488.0,0.0003221581320723487,0.00037869199999999997,3.0,7922.0,0.00029665992012362454,0.00025943200000000003,7.0,26982.0,0.00015117952437252564
6.0,22.0,0.00129199,9288.0,12.0,0.0013600610558740416,0.00104544,43.0,41131.0,0.0006736016533198921,0.0008988630000000001,31.0,34488.0,0.0005528400792434092,0.001262307,10.0,7922.0,0.0006829187520741748,0.00044474099999999996,12.0,26982.0,0.0002686041146235154
6.0,23.0,0.000430663,9288.0,4.0,0.0009883018335244249,0.000996815,41.0,41131.0,0.0008028869919919353,0.00072489,25.0,34488.0,0.0006216600475460456,0.001009846,8.0,7922.0,0.0008136896512445049,0.000111185,3.0,26982.0,0.00020563646877410925
6.0,24.0,0.00021533200000000002,9288.0,2.0,0.0006791139001146549,0.000267438,11.0,41131.0,0.0005887073951951612,0.00020296900000000003,7.0,34488.0,0.00045418362852762734,0.0,0.0,7922.0,0.0004882137907467029,0.000148247,4.0,26982.0,0.00018268068126446556
6.0,25.0,0.00010766600000000001,9288.0,1.0,0.0004505347400687929,0.000316063,13.0,41131.0,0.00047964963711709667,0.00028995599999999996,10.0,34488.0,0.00038849257711657636,0.0,0.0,7922.0,0.00029292827444802173,0.000704173,19.0,26982.0,0.00039127760875867936
6.0,26.0,0.000322997,9288.0,3.0,0.0003995196440412757,7.2938e-05,3.0,41131.0,0.000316964982270258,0.00040593800000000006,14.0,34488.0,0.0003954707462699459,0.000252461,2.0,7922.0,0.00027674136466881305,0.00025943200000000003,7.0,26982.0,0.0003385393652552076
6.0,27.0,0.0,9288.0,0.0,0.0002397117864247654,7.2938e-05,3.0,41131.0,0.0002193541893621548,0.000115982,4.0,34488.0,0.0002836752477619675,0.000252461,2.0,7922.0,0.00026702921880128786,7.412300000000001e-05,2.0,26982.0,0.00023277281915312458
6.0,28.0,0.00010766600000000001,9288.0,1.0,0.00018689347185485924,0.0,0.0,41131.0,0.00013161251361729287,5.7991e-05,2.0,34488.0,0.0001934015486571805,0.00037869199999999997,3.0,7922.0,0.0003116943312807727,0.000185309,5.0,26982.0,0.00021378729149187475
6.0,29.0,0.0,9288.0,0.0,0.00011213608311291554,0.0,0.0,41131.0,7.896750817037572e-05,0.0,0.0,34488.0,0.0001160409291943083,0.00037869199999999997,3.0,7922.0,0.0003384933987684636,0.00025943200000000003,7.0,26982.0,0.00023204517489512486
6.0,30.0,0.000322997,9288.0,3.0,0.0001964804498677493,0.0,0.0,41131.0,4.7380504902225434e-05,0.00014497799999999998,5.0,34488.0,0.00012761575751658497,0.000126231,1.0,7922.0,0.00025358843926107815,0.000148247,4.0,26982.0,0.00019852590493707491
6.0,31.0,0.0,9288.0,0.0,0.00011788826992064957,4.8625e-05,2.0,41131.0,4.787830294133526e-05,5.7991e-05,2.0,34488.0,9.976585450995098e-05,0.000126231,1.0,7922.0,0.0002026454635566469,3.7062e-05,1.0,26982.0,0.00013394034296224496
6.0,32.0,0.0,9288.0,0.0,7.073296195238975e-05,4.8625e-05,2.0,41131.0,4.817698176480115e-05,5.7991e-05,2.0,34488.0,8.305591270597059e-05,0.0,0.0,7922.0,0.00012158727813398813,0.0,0.0,26982.0,8.036420577734698e-05
6.0,33.0,0.0,9288.0,0.0,4.243977717143385e-05,7.2938e-05,3.0,41131.0,5.8081389058880695e-05,0.0,0.0,34488.0,4.983354762358235e-05,0.0,0.0,7922.0,7.295236688039288e-05,0.0,0.0,26982.0,4.8218523466408185e-05
6.0,34.0,0.00010766600000000001,9288.0,1.0,6.853026630286032e-05,7.2938e-05,3.0,41131.0,6.402403343532842e-05,0.0,0.0,34488.0,2.9900128574149406e-05,0.0,0.0,7922.0,4.377142012823573e-05,0.0,0.0,26982.0,2.893111407984491e-05
6.0,35.0,0.0,9288.0,0.0,4.1118159781716194e-05,0.0,0.0,41131.0,3.841442006119705e-05,0.00017397400000000003,6.0,34488.0,8.752967714448966e-05,0.0,0.0,7922.0,2.6262852076941435e-05,0.000185309,5.0,26982.0,9.148226844790696e-05
6.0,36.0,0.00010766600000000001,9288.0,1.0,6.773729586902972e-05,0.0,0.0,41131.0,2.3048652036718228e-05,0.000115982,4.0,34488.0,9.89106062866938e-05,0.0,0.0,7922.0,1.575771124616486e-05,0.0,0.0,26982.0,5.4889361068744174e-05
6.0,37.0,0.00021533200000000002,9288.0,2.0,0.00012677517752141785,0.0,0.0,41131.0,1.3829191222030936e-05,8.698700000000001e-05,3.0,34488.0,9.414116377201629e-05,0.0,0.0,7922.0,9.454626747698915e-06,3.7062e-05,1.0,26982.0,4.775841664124651e-05
6.0,38.0,0.0,9288.0,0.0,7.60651065128507e-05,0.0,0.0,41131.0,8.297514733218561e-06,0.000231965,8.0,34488.0,0.00014927069826320977,0.0,0.0,7922.0,5.672776048619349e-06,3.7062e-05,1.0,26982.0,4.3479849984747905e-05
6.0,39.0,0.0,9288.0,0.0,4.563906390771042e-05,0.0,0.0,41131.0,4.978508839931137e-06,0.0,0.0,34488.0,8.956241895792585e-05,0.0,0.0,7922.0,3.4036656291716096e-06,0.0,0.0,26982.0,2.6087909990848743e-05
6.0,40.0,0.0,9288.0,0.0,2.738343834462625e-05,2.4313000000000003e-05,1.0,41131.0,1.2712305303958683e-05,0.0,0.0,34488.0,5.373745137475551e-05,0.0,0.0,7922.0,2.0421993775029655e-06,3.7062e-05,1.0,26982.0,3.0477545994509244e-05
6.0,41.0,0.0,9288.0,0.0,1.643006300677575e-05,0.0,0.0,41131.0,7.6273831823752095e-06,0.0,0.0,34488.0,3.22424708248533e-05,0.0,0.0,7922.0,1.2253196265017793e-06,0.0,0.0,26982.0,1.8286527596705545e-05
6.0,42.0,0.0,9288.0,0.0,9.85803780406545e-06,0.0,0.0,41131.0,4.576429909425126e-06,0.0,0.0,34488.0,1.934548249491198e-05,0.0,0.0,7922.0,7.351917759010676e-07,0.0,0.0,26982.0,1.0971916558023327e-05
6.0,43.0,0.0,9288.0,0.0,5.91482268243927e-06,0.0,0.0,41131.0,2.7458579456550754e-06,0.0,0.0,34488.0,1.1607289496947188e-05,0.0,0.0,7922.0,4.4111506554064055e-07,0.0,0.0,26982.0,6.583149934813996e-06
6.0,44.0,0.0,9288.0,0.0,3.5488936094635617e-06,0.0,0.0,41131.0,1.6475147673930453e-06,0.0,0.0,34488.0,6.964373698168312e-06,0.0,0.0,7922.0,2.646690393243843e-07,0.0,0.0,26982.0,3.949889960888397e-06
6.0,45.0,0.0,9288.0,0.0,2.129336165678137e-06,0.0,0.0,41131.0,9.885088604358271e-07,0.0,0.0,34488.0,4.178624218900987e-06,0.0,0.0,7922.0,1.5880142359463057e-07,0.0,0.0,26982.0,2.3699339765330382e-06
6.0,46.0,0.0,9288.0,0.0,1.2776016994068822e-06,0.0,0.0,41131.0,5.931053162614962e-07,0.0,0.0,34488.0,2.507174531340592e-06,0.0,0.0,7922.0,9.528085415677834e-08,0.0,0.0,26982.0,1.4219603859198228e-06
6.0,47.0,0.0,9288.0,0.0,7.665610196441293e-07,0.0,0.0,41131.0,3.558631897568977e-07,0.0,0.0,34488.0,1.504304718804355e-06,0.0,0.0,7922.0,5.7168512494067e-08,0.0,0.0,26982.0,8.531762315518936e-07
6.0,48.0,0.0,9288.0,0.0,4.5993661178647757e-07,0.0,0.0,41131.0,2.1351791385413862e-07,0.0,0.0,34488.0,9.02582831282613e-07,0.0,0.0,7922.0,3.43011074964402e-08,0.0,0.0,26982.0,5.119057389311362e-07
6.0,49.0,0.0,9288.0,0.0,2.7596196707188655e-07,0.0,0.0,41131.0,1.2811074831248317e-07,0.0,0.0,34488.0,5.415496987695678e-07,0.0,0.0,7922.0,2.0580664497864122e-08,0.0,0.0,26982.0,3.071434433586817e-07
6.0,50.0,0.0,9288.0,0.0,1.6557718024313193e-07,0.0,0.0,41131.0,7.68664489874899e-08,0.0,0.0,34488.0,3.2492981926174066e-07,0.0,0.0,7922.0,1.2348398698718473e-08,0.0,0.0,26982.0,1.8428606601520902e-07
6.0,51.0,0.0,9288.0,0.0,9.934630814587915e-08,0.0,0.0,41131.0,4.611986939249394e-08,0.0,0.0,34488.0,1.9495789155704438e-07,0.0,0.0,7922.0,7.409039219231084e-09,0.0,0.0,26982.0,1.1057163960912541e-07
6.0,52.0,0.0,9288.0,0.0,5.960778488752749e-08,0.0,0.0,41131.0,2.767192163549636e-08,0.0,0.0,34488.0,1.1697473493422663e-07,0.0,0.0,7922.0,4.44542353153865e-09,0.0,0.0,26982.0,6.634298376547525e-08
7.0,1.0,0.0,9444.0,0.0,3.576467093251649e-08,0.0,0.0,41131.0,1.6603152981297816e-08,0.0,0.0,34488.0,7.018484096053598e-08,0.0,0.0,7922.0,2.66725411892319e-09,0.0,0.0,26982.0,3.980579025928515e-08
7.0,2.0,0.00010588700000000001,9444.0,1.0,4.237625880255952e-05,0.0,0.0,41876.0,9.96189178877869e-09,0.0,0.0,34467.0,4.211090457632158e-08,0.0,0.0,7969.0,1.600352471353914e-09,0.0,0.0,27103.0,2.388347415557109e-08
7.0,3.0,0.000211775,9444.0,2.0,0.00011013575528153572,0.0,0.0,41876.0,5.977135073267214e-09,0.0,0.0,34467.0,2.526654274579295e-08,0.0,0.0,7969.0,9.602114828123482e-10,0.0,0.0,27103.0,1.4330084493342652e-08
7.0,4.0,0.0,9444.0,0.0,6.608145316892143e-05,2.388e-05,1.0,41876.0,9.55558628104396e-06,0.0,0.0,34467.0,1.5159925647475767e-08,0.000125486,1.0,7969.0,5.0194976126889693e-05,0.0,0.0,27103.0,8.598050696005591e-09
7.0,5.0,0.0,9444.0,0.0,3.964887190135286e-05,0.0,0.0,41876.0,5.733351768626376e-06,0.0,0.0,34467.0,9.09595538848546e-09,0.0,0.0,7969.0,3.0116985676133813e-05,0.0,0.0,27103.0,5.1588304176033545e-09
7.0,6.0,0.0,9444.0,0.0,2.3789323140811715e-05,0.0,0.0,41876.0,3.4400110611758257e-06,0.0,0.0,34467.0,5.4575732330912764e-09,0.0,0.0,7969.0,1.8070191405680288e-05,0.0,0.0,27103.0,3.0952982505620127e-09
7.0,7.0,0.0,9444.0,0.0,1.4273593884487029e-05,0.0,0.0,41876.0,2.0640066367054954e-06,0.0,0.0,34467.0,3.2745439398547656e-09,0.0,0.0,7969.0,1.0842114843408172e-05,0.0,0.0,27103.0,1.8571789503372075e-09
7.0,8.0,0.0,9444.0,0.0,8.564156330692216e-06,0.0,0.0,41876.0,1.2384039820232971e-06,0.0,0.0,34467.0,1.964726363912859e-09,0.0,0.0,7969.0,6.505268906044903e-06,0.0,0.0,27103.0,1.1143073702023244e-09
7.0,9.0,0.0,9444.0,0.0,5.13849379841533e-06,0.0,0.0,41876.0,7.430423892139783e-07,0.0,0.0,34467.0,1.1788358183477154e-09,0.0,0.0,7969.0,3.903161343626942e-06,0.0,0.0,27103.0,6.685844221213946e-10
7.0,10.0,0.0,9444.0,0.0,3.0830962790491977e-06,0.0,0.0,41876.0,4.4582543352838695e-07,0.0,0.0,34467.0,7.073014910086292e-10,0.0,0.0,7969.0,2.341896806176165e-06,0.0,0.0,27103.0,4.011506532728367e-10
7.0,11.0,0.0,9444.0,0.0,1.8498577674295186e-06,0.0,0.0,41876.0,2.6749526011703215e-07,0.0,0.0,34467.0,4.2438089460517754e-10,0.0,0.0,7969.0,1.405138083705699e-06,0.0,0.0,27103.0,2.40690391963702e-10
7.0,12.0,0.0,9444.0,0.0,1.1099146604577112e-06,0.0,0.0,41876.0,1.604971560702193e-07,0.0,0.0,34467.0,2.546285367631065e-10,0.0,0.0,7969.0,8.430828502234194e-07,0.0,0.0,27103.0,1.444142351782212e-10
7.0,13.0,0.0,9444.0,0.0,6.659487962746266e-07,0.0,0.0,41876.0,9.629829364213157e-08,0.0,0.0,34467.0,1.527771220578639e-10,0.0,0.0,7969.0,5.058497101340516e-07,0.0,0.0,27103.0,8.664854110693271e-11
7.0,14.0,0.0,9444.0,0.0,3.99569277764776e-07,0.0,0.0,41876.0,5.777897618527894e-08,0.0,0.0,34467.0,9.166627323471833e-11,0.0,0.0,7969.0,3.0350982608043097e-07,0.0,0.0,27103.0,5.198912466415962e-11
7.0,15.0,0.0,9444.0,0.0,2.397415666588656e-07,0.0,0.0,41876.0,3.466738571116736e-08,0.0,0.0,34467.0,5.4999763940831e-11,0.0,0.0,7969.0,1.8210589564825858e-07,0.0,0.0,27103.0,3.119347479849577e-11
7.0,16.0,0.0,9444.0,0.0,1.4384493999531934e-07,0.0,0.0,41876.0,2.0800431426700417e-08,0.0,0.0,34467.0,3.2999858364498595e-11,0.0,0.0,7969.0,1.0926353738895514e-07,0.0,0.0,27103.0,1.8716084879097462e-11
7.0,17.0,0.0,9444.0,0.0,8.63069639971916e-08,0.0,0.0,41876.0,1.2480258856020249e-08,0.0,0.0,34467.0,1.9799915018699156e-11,0.0,0.0,7969.0,6.555812243337308e-08,0.0,0.0,27103.0,1.1229650927458477e-11
7.0,18.0,0.0,9444.0,0.0,5.178417839831496e-08,0.0,0.0,41876.0,7.488155313612149e-09,0.0,0.0,34467.0,1.1879949011219493e-11,0.0,0.0,7969.0,3.933487346002385e-08,0.0,0.0,27103.0,6.737790556475086e-12
7.0,19.0,0.0,9444.0,0.0,3.107050703898897e-08,0.0,0.0,41876.0,4.49289318816729e-09,0.0,0.0,34467.0,7.127969406731696e-12,0.0,0.0,7969.0,2.3600924076014308e-08,0.0,0.0,27103.0,4.042674333885051e-12
7.0,20.0,0.0,9444.0,0.0,1.8642304223393383e-08,0.0,0.0,41876.0,2.695735912900374e-09,2.9013e-05,1.0,34467.0,1.1605204276781646e-05,0.0,0.0,7969.0,1.4160554445608584e-08,0.0,0.0,27103.0,2.425604600331031e-12
7.0,21.0,0.00010588700000000001,9444.0,1.0,4.2365985382534044e-05,0.0,0.0,41876.0,1.6174415477402243e-09,2.9013e-05,1.0,34467.0,1.8568322566068988e-05,0.0,0.0,7969.0,8.49633266736515e-09,0.0,0.0,27103.0,1.4553627601986185e-12
7.0,22.0,0.0,9444.0,0.0,2.5419591229520425e-05,0.0,0.0,41876.0,9.704649286441346e-10,2.9013e-05,1.0,34467.0,2.2746193539641394e-05,0.0,0.0,7969.0,5.09779960041909e-09,0.0,0.0,27103.0,8.73217656119171e-13
7.0,23.0,0.0,9444.0,0.0,1.5251754737712254e-05,2.388e-05,1.0,41876.0,9.552582278957185e-06,0.0,0.0,34467.0,1.3647716123784836e-05,0.0,0.0,7969.0,3.0586797602514536e-09,0.0,0.0,27103.0,5.239305936715026e-13
7.0,24.0,0.00010588700000000001,9444.0,1.0,5.150585284262736e-05,4.776e-05,2.0,41876.0,2.483554936737431e-05,5.8027e-05,2.0,34467.0,3.1399429674270903e-05,0.0,0.0,7969.0,1.835207856150872e-09,0.0,0.0,27103.0,3.1435835620290154e-13
7.0,25.0,0.000317662,9444.0,3.0,0.00015796831170557642,4.776e-05,2.0,41876.0,3.400532962042458e-05,0.000145066,5.0,34467.0,7.686605780456255e-05,0.000125486,1.0,7969.0,5.0195501124713696e-05,0.0,0.0,27103.0,1.8861501372174092e-13
7.0,26.0,0.000423549,9444.0,4.0,0.00026420058702334586,9.552e-05,4.0,41876.0,5.861119777225475e-05,0.000232106,8.0,34467.0,0.00013896203468273755,0.0,0.0,7969.0,3.0117300674828215e-05,3.6896e-05,1.0,27103.0,1.4758400113169008e-05
7.0,27.0,0.000635324,9444.0,6.0,0.0004126499522140075,7.164e-05,3.0,41876.0,6.382271866335285e-05,0.000435199,15.0,34467.0,0.00025745682080964257,0.0,0.0,7969.0,1.807038040489693e-05,0.000147585,4.0,27103.0,6.78890400679014e-05
7.0,28.0,0.001800085,9444.0,17.0,0.0009676239713284046,0.00016716,7.0,41876.0,0.00010515763119801171,0.00031914599999999997,11.0,34467.0,0.00028213249248578554,0.000501945,4.0,7969.0,0.00021162022824293815,7.3793e-05,2.0,27103.0,7.025062404074085e-05
7.0,29.0,0.001058873,9444.0,10.0,0.0010041235827970428,0.00040596,17.0,41876.0,0.00022547857871880702,0.0006382919999999999,22.0,34467.0,0.0004245962954914713,0.000250973,2.0,7969.0,0.00022736133694576288,0.00033206699999999996,9.0,27103.0,0.0001749771744244445
7.0,30.0,0.0014824229999999999,9444.0,14.0,0.0011954433496782256,0.000525361,22.0,41876.0,0.00034543154723128426,0.000754345,26.0,34467.0,0.0005564957772948828,0.00100389,8.0,7969.0,0.0005379728021674577,0.00047965199999999995,13.0,27103.0,0.0002968471046546667
7.0,31.0,0.001376535,9444.0,13.0,0.0012678800098069353,0.000620881,26.0,41876.0,0.00045561132833877053,0.000348159,12.0,34467.0,0.0004731610663769297,0.000501945,4.0,7969.0,0.0005235616813004747,0.00033206699999999996,9.0,27103.0,0.00031093506279279996
7.0,32.0,0.001164761,9444.0,11.0,0.0012266324058841612,0.0003582,15.0,41876.0,0.00041664679700326233,5.8027e-05,2.0,34467.0,0.00030710743982615785,0.000501945,4.0,7969.0,0.0005149150087802848,0.000258274,7.0,27103.0,0.00028987063767567996
7.0,33.0,0.000635324,9444.0,6.0,0.0009901090435304968,0.000501481,21.0,41876.0,0.0004505804782019574,0.000696318,24.0,34467.0,0.0004627916638956947,0.000125486,1.0,7969.0,0.0003591434052681709,7.3793e-05,2.0,27103.0,0.00020343958260540796
7.0,34.0,0.000423549,9444.0,4.0,0.000763485026118298,0.00014328,6.0,41876.0,0.00032766028692117445,0.00031914599999999997,11.0,34467.0,0.0004053333983374168,0.0,0.0,7969.0,0.00021548604316090254,0.0,0.0,27103.0,0.00012206374956324477
7.0,35.0,0.0007412110000000001,9444.0,7.0,0.0007545754156709788,0.00016716,7.0,41876.0,0.00026346017215270466,0.00037717199999999995,13.0,34467.0,0.00039406883900245006,0.000125486,1.0,7969.0,0.00017948602589654153,0.000147585,4.0,27103.0,0.00013227224973794686
7.0,36.0,0.0,9444.0,0.0,0.0004527452494025873,4.776e-05,2.0,41876.0,0.0001771801032916228,0.000116053,4.0,34467.0,0.00028286250340147,0.0,0.0,7969.0,0.00010769161553792491,7.3793e-05,2.0,27103.0,0.0001088805498427681
7.0,37.0,0.0,9444.0,0.0,0.0002716471496415524,2.388e-05,1.0,41876.0,0.00011586006197497367,5.8027e-05,2.0,34467.0,0.000192928302040882,0.0,0.0,7969.0,6.461496932275494e-05,7.3793e-05,2.0,27103.0,9.484552990566086e-05
7.0,38.0,0.000211775,9444.0,2.0,0.00024769828978493143,7.164e-05,3.0,41876.0,9.817203718498421e-05,0.0,0.0,34467.0,0.0001157569812245292,0.0,0.0,7969.0,3.8768981593652964e-05,0.0,0.0,27103.0,5.6907317943396514e-05
7.0,39.0,0.0,9444.0,0.0,0.00014861897387095886,4.776e-05,2.0,41876.0,7.800722231099053e-05,5.8027e-05,2.0,34467.0,9.266498873471752e-05,0.0,0.0,7969.0,2.326138895619178e-05,0.0,0.0,27103.0,3.4144390766037906e-05
7.0,40.0,0.0,9444.0,0.0,8.917138432257531e-05,0.0,0.0,41876.0,4.680433338659431e-05,2.9013e-05,1.0,34467.0,6.720419324083051e-05,0.0,0.0,7969.0,1.3956833373715067e-05,0.0,0.0,27103.0,2.048663445962274e-05
7.0,41.0,0.0,9444.0,0.0,5.3502830593545186e-05,4.776e-05,2.0,41876.0,4.718660003195658e-05,0.000203093,7.0,34467.0,0.00012155971594449831,0.0,0.0,7969.0,8.37410002422904e-06,0.0,0.0,27103.0,1.2291980675773645e-05
7.0,42.0,0.0,9444.0,0.0,3.210169835612711e-05,0.0,0.0,41876.0,2.8311960019173946e-05,0.0,0.0,34467.0,7.293582956669899e-05,0.0,0.0,7969.0,5.024460014537424e-06,0.0,0.0,27103.0,7.375188405464186e-06
7.0,43.0,0.0,9444.0,0.0,1.9261019013676264e-05,0.0,0.0,41876.0,1.6987176011504368e-05,0.0,0.0,34467.0,4.376149774001939e-05,0.0,0.0,7969.0,3.0146760087224542e-06,0.0,0.0,27103.0,4.425113043278511e-06
7.0,44.0,0.0,9444.0,0.0,1.1556611408205759e-05,0.0,0.0,41876.0,1.019230560690262e-05,0.0,0.0,34467.0,2.6256898644011632e-05,0.0,0.0,7969.0,1.8088056052334724e-06,0.0,0.0,27103.0,2.655067825967107e-06
7.0,45.0,0.0,9444.0,0.0,6.933966844923455e-06,0.0,0.0,41876.0,6.1153833641415715e-06,0.0,0.0,34467.0,1.575413918640698e-05,0.0,0.0,7969.0,1.0852833631400835e-06,0.0,0.0,27103.0,1.5930406955802641e-06
7.0,46.0,0.0,9444.0,0.0,4.160380106954073e-06,0.0,0.0,41876.0,3.6692300184849427e-06,0.0,0.0,34467.0,9.452483511844188e-06,0.0,0.0,7969.0,6.511700178840501e-07,0.0,0.0,27103.0,9.558244173481585e-07
7.0,47.0,0.0,9444.0,0.0,2.4962280641724437e-06,0.0,0.0,41876.0,2.2015380110909653e-06,0.0,0.0,34467.0,5.671490107106513e-06,0.0,0.0,7969.0,3.9070201073043003e-07,0.0,0.0,27103.0,5.734946504088951e-07
7.0,48.0,0.0,9444.0,0.0,1.497736838503466e-06,0.0,0.0,41876.0,1.320922806654579e-06,0.0,0.0,34467.0,3.4028940642639076e-06,0.0,0.0,7969.0,2.34421206438258e-07,0.0,0.0,27103.0,3.44096790245337e-07
7.0,49.0,0.0,9444.0,0.0,8.986421031020797e-07,0.0,0.0,41876.0,7.925536839927474e-07,0.0,0.0,34467.0,2.0417364385583443e-06,0.0,0.0,7969.0,1.406527238629548e-07,0.0,0.0,27103.0,2.0645807414720221e-07
7.0,50.0,0.0,9444.0,0.0,5.391852618612478e-07,0.0,0.0,41876.0,4.7553221039564845e-07,0.0,0.0,34467.0,1.2250418631350065e-06,0.0,0.0,7969.0,8.439163431777287e-08,0.0,0.0,27103.0,1.2387484448832133e-07
7.0,51.0,0.0,9444.0,0.0,3.235111571167487e-07,0.0,0.0,41876.0,2.8531932623738904e-07,0.0,0.0,34467.0,7.350251178810038e-07,0.0,0.0,7969.0,5.063498059066372e-08,0.0,0.0,27103.0,7.43249066929928e-08
7.0,52.0,0.0,9444.0,0.0,1.9410669427004923e-07,0.0,0.0,41876.0,1.711915957424334e-07,0.0,0.0,34467.0,4.410150707286023e-07,0.0,0.0,7969.0,3.038098835439823e-08,0.0,0.0,27103.0,4.4594944015795674e-08
8.0,1.0,0.0,9434.0,0.0,1.1646401656202953e-07,0.0,0.0,41876.0,1.0271495744546005e-07,0.0,0.0,34467.0,2.646090424371614e-07,0.0,0.0,7969.0,1.8228593012638936e-08,0.0,0.0,27103.0,2.6756966409477404e-08
8.0,2.0,0.0,9434.0,0.0,6.987840993721771e-08,0.0,0.0,42563.0,6.162897446727602e-08,0.0,0.0,34602.0,1.5876542546229683e-07,0.0,0.0,8175.0,1.0937155807583361e-08,0.0,0.0,27141.0,1.6054179845686443e-08
8.0,3.0,0.0,9434.0,0.0,4.192704596233062e-08,0.0,0.0,42563.0,3.6977384680365614e-08,0.0,0.0,34602.0,9.52592552773781e-08,0.0,0.0,8175.0,6.562293484550016e-09,0.0,0.0,27141.0,9.632507907411865e-09
8.0,4.0,0.0,9434.0,0.0,2.5156227577398372e-08,0.0,0.0,42563.0,2.218643080821937e-08,0.0,0.0,34602.0,5.715555316642685e-08,0.0,0.0,8175.0,3.937376090730009e-09,0.0,0.0,27141.0,5.779504744447119e-09
8.0,5.0,0.0,9434.0,0.0,1.509373654643902e-08,0.0,0.0,42563.0,1.3311858484931621e-08,0.0,0.0,34602.0,3.429333189985611e-08,0.0,0.0,8175.0,2.3624256544380055e-09,0.0,0.0,27141.0,3.467702846668271e-09
8.0,6.0,0.0,9434.0,0.0,9.056241927863413e-09,0.0,0.0,42563.0,7.987115090958973e-09,0.0,0.0,34602.0,2.0575999139913665e-08,0.0,0.0,8175.0,1.4174553926628033e-09,0.0,0.0,27141.0,2.0806217080009627e-09
8.0,7.0,0.0,9434.0,0.0,5.433745156718047e-09,0.0,0.0,42563.0,4.792269054575384e-09,0.0,0.0,34602.0,1.2345599483948198e-08,0.0,0.0,8175.0,8.504732355976819e-10,0.0,0.0,27141.0,1.2483730248005775e-09
8.0,8.0,0.0,9434.0,0.0,3.2602470940308282e-09,0.0,0.0,42563.0,2.8753614327452303e-09,0.0,0.0,34602.0,7.407359690368918e-09,0.0,0.0,8175.0,5.102839413586091e-10,0.0,0.0,27141.0,7.490238148803465e-10
8.0,9.0,0.0,9434.0,0.0,1.9561482564184968e-09,0.0,0.0,42563.0,1.725216859647138e-09,0.0,0.0,34602.0,4.444415814221351e-09,0.0,0.0,8175.0,3.0617036481516547e-10,0.0,0.0,27141.0,4.4941428892820785e-10
8.0,10.0,0.0,9434.0,0.0,1.173688953851098e-09,0.0,0.0,42563.0,1.0351301157882828e-09,0.0,0.0,34602.0,2.6666494885328104e-09,0.0,0.0,8175.0,1.8370221888909927e-10,0.0,0.0,27141.0,2.696485733569247e-10
8.0,11.0,0.0,9434.0,0.0,7.042133723106587e-10,0.0,0.0,42563.0,6.210780694729696e-10,0.0,0.0,34602.0,1.5999896931196863e-09,0.0,0.0,8175.0,1.1022133133345956e-10,0.0,0.0,27141.0,1.617891440141548e-10
8.0,12.0,0.0,9434.0,0.0,4.2252802338639523e-10,0.0,0.0,42563.0,3.7264684168378175e-10,0.0,0.0,34602.0,9.599938158718118e-10,0.0,0.0,8175.0,6.613279880007573e-11,0.0,0.0,27141.0,9.707348640849289e-11
8.0,13.0,0.0,9434.0,0.0,2.5351681403183715e-10,4.6988999999999993e-05,2.0,42563.0,1.879582358810501e-05,0.0,0.0,34602.0,5.75996289523087e-10,0.0,0.0,8175.0,3.967967928004544e-11,0.0,0.0,27141.0,5.824409184509573e-11
8.0,14.0,0.0,9434.0,0.0,1.5211008841910228e-10,0.0,0.0,42563.0,1.1277494152863006e-05,0.0,0.0,34602.0,3.455977737138522e-10,0.0,0.0,8175.0,2.3807807568027263e-11,0.0,0.0,27141.0,3.494645510705744e-11
8.0,15.0,0.000106,9434.0,1.0,4.240009126605305e-05,0.0,0.0,42563.0,6.766496491717803e-06,0.0,0.0,34602.0,2.0735866422831134e-10,0.0,0.0,8175.0,1.4284684540816358e-11,0.0,0.0,27141.0,2.096787306423446e-11
8.0,16.0,0.00021199900000000001,9434.0,2.0,0.00011023965475963185,0.0,0.0,42563.0,4.059897895030682e-06,0.0,0.0,34602.0,1.2441519853698679e-10,0.0,0.0,8175.0,8.570810724489815e-12,0.0,0.0,27141.0,1.2580723838540677e-11
8.0,17.0,0.001483994,9434.0,14.0,0.0006597413928557792,0.0,0.0,42563.0,2.435938737018409e-06,0.0,0.0,34602.0,7.464911912219207e-11,0.0,0.0,8175.0,5.142486434693889e-12,0.0,0.0,27141.0,7.548434303124407e-12
8.0,18.0,0.002649989,9434.0,25.0,0.0014558404357134678,2.3495e-05,1.0,42563.0,1.0859563242211045e-05,0.0,0.0,34602.0,4.478947147331524e-11,0.0,0.0,8175.0,3.085491860816333e-12,7.368899999999999e-05,2.0,27141.0,2.947560452906058e-05
8.0,19.0,0.000953996,9434.0,9.0,0.0012551026614280808,0.000164462,7.0,42563.0,7.230053794532664e-05,0.000231201,8.0,34602.0,9.24804268736829e-05,0.000611621,5.0,8175.0,0.0002446484018512951,0.0008474260000000001,23.0,27141.0,0.0003566557627174364
8.0,20.0,0.000847997,9434.0,8.0,0.0010922603968568484,0.0,0.0,42563.0,4.338032276719598e-05,0.000289001,10.0,34602.0,0.00017108865612420975,0.000733945,6.0,8175.0,0.0004403670411107771,0.0008842710000000001,24.0,27141.0,0.0005677018576304619
8.0,21.0,0.0018019929999999998,9434.0,17.0,0.001376153438114109,0.00030543,13.0,42563.0,0.0001482001936603176,0.000375701,13.0,34602.0,0.0002529335936745259,0.000978593,8.0,8175.0,0.0006556574246664663,0.000700048,19.0,27141.0,0.000620640314578277
8.0,22.0,0.000741997,9434.0,7.0,0.0011224908628684653,0.000375913,16.0,42563.0,0.0002392853161961906,0.000838102,29.0,34602.0,0.0004870009562047155,0.0011009169999999999,9.0,8175.0,0.0008337612547998797,0.0008842710000000001,24.0,27141.0,0.0007260925887469662
8.0,23.0,0.001483994,9434.0,14.0,0.0012670921177210792,0.00046989199999999997,20.0,42563.0,0.00033152798971771433,0.000809202,28.0,34602.0,0.0006158813737228294,0.000978593,8.0,8175.0,0.0008916939528799278,0.000147379,4.0,27141.0,0.0004946071532481798
8.0,24.0,0.00021199900000000001,9434.0,2.0,0.0008450548706326475,0.00044639699999999996,19.0,42563.0,0.0003774755938306286,0.000751402,26.0,34602.0,0.0006700896242336976,0.0008562689999999999,7.0,8175.0,0.0008775239717279566,0.00033160199999999996,9.0,27141.0,0.0004294050919489078
8.0,25.0,0.00021199900000000001,9434.0,2.0,0.0005918325223795884,0.00025844,11.0,42563.0,0.0003298613562983772,0.001098202,38.0,34602.0,0.0008413345745402186,0.000611621,5.0,8175.0,0.0007711627830367739,0.000257912,7.0,27141.0,0.00036080785516934467
8.0,26.0,0.0005299980000000001,9434.0,5.0,0.0005670987134277531,0.000540375,23.0,42563.0,0.0004140668137790263,0.000982602,34.0,34602.0,0.0008978415447241312,0.0,0.0,8175.0,0.00046269766982206433,0.00033160199999999996,9.0,27141.0,0.00034912551310160676
8.0,27.0,0.001271995,9434.0,12.0,0.0008490572280566518,0.000164462,7.0,42563.0,0.0003142248882674158,0.000404601,14.0,34602.0,0.0007005453268344788,0.000244648,2.0,8175.0,0.0003754778018932386,0.000221068,6.0,27141.0,0.00029790250786096407
8.0,28.0,0.0010599960000000001,9434.0,10.0,0.0009334327368339911,0.00018795700000000002,8.0,42563.0,0.00026371773296044945,0.000317901,11.0,34602.0,0.0005474875961006872,0.000244648,2.0,8175.0,0.0003231458811359431,0.000184223,5.0,27141.0,0.00025243070471657843
8.0,29.0,0.001165995,9434.0,11.0,0.0010264576421003947,0.0008692999999999999,37.0,42563.0,0.0005059506397762696,0.000375701,13.0,34602.0,0.0004787729576604123,0.00036697199999999997,3.0,8175.0,0.00034067632868156584,7.368899999999999e-05,2.0,27141.0,0.00018093402282994708
8.0,30.0,0.001377994,9434.0,13.0,0.0011670721852602367,0.000328924,14.0,42563.0,0.00043513998386576183,0.000578001,20.0,34602.0,0.0005184641745962473,0.0,0.0,8175.0,0.0002044057972089395,0.000184223,5.0,27141.0,0.00018224961369796825
8.0,31.0,0.00042399800000000003,9434.0,4.0,0.0008698425111561421,0.00025844,11.0,42563.0,0.0003644599903194571,0.000289001,10.0,34602.0,0.0004266789047577484,0.0,0.0,8175.0,0.0001226434783253637,0.000221068,6.0,27141.0,0.00019777696821878096
8.0,32.0,0.00021199900000000001,9434.0,2.0,0.0006067051066936852,7.0484e-05,3.0,42563.0,0.00024686959419167425,0.000260101,9.0,34602.0,0.00036004774285464905,0.0,0.0,8175.0,7.358608699521821e-05,7.368899999999999e-05,2.0,27141.0,0.00014814178093126856
8.0,33.0,0.000317999,9434.0,3.0,0.0004912226640162111,4.6988999999999993e-05,2.0,42563.0,0.00016691735651500457,0.00014450000000000002,5.0,34602.0,0.00027382864571278944,0.0,0.0,8175.0,4.415165219713092e-05,0.0,0.0,27141.0,8.888506855876114e-05
8.0,34.0,0.00042399800000000003,9434.0,4.0,0.0004643327984097267,0.0,0.0,42563.0,0.00010015041390900274,0.0,0.0,34602.0,0.00016429718742767366,0.0,0.0,8175.0,2.6490991318278552e-05,0.0,0.0,27141.0,5.333104113525668e-05
8.0,35.0,0.000317999,9434.0,3.0,0.000405799279045836,0.0,0.0,42563.0,6.0090248345401646e-05,0.0,0.0,34602.0,9.857831245660419e-05,0.0,0.0,8175.0,1.589459479096713e-05,0.0,0.0,27141.0,3.199862468115401e-05
8.0,36.0,0.000635997,9434.0,6.0,0.0004978783674275016,2.3495e-05,1.0,42563.0,4.5452149007240985e-05,0.0,0.0,34602.0,5.914698747396251e-05,0.0,0.0,8175.0,9.536756874580278e-06,0.0,0.0,27141.0,1.9199174808692404e-05
8.0,37.0,0.000317999,9434.0,3.0,0.00042592662045650093,2.3495e-05,1.0,42563.0,3.666928940434459e-05,0.0,0.0,34602.0,3.548819248437751e-05,0.0,0.0,8175.0,5.722054124748166e-06,3.6845e-05,1.0,27141.0,2.6257504885215442e-05
8.0,38.0,0.00021199900000000001,9434.0,2.0,0.00034035557227390055,4.6988999999999993e-05,2.0,42563.0,4.079717364260675e-05,2.8899999999999998e-05,1.0,34602.0,3.28529154906265e-05,0.0,0.0,8175.0,3.4332324748488997e-06,0.0,0.0,27141.0,1.5754502931129263e-05
8.0,39.0,0.0,9434.0,0.0,0.00020421334336434032,0.0,0.0,42563.0,2.447830418556405e-05,5.7799999999999995e-05,2.0,34602.0,4.28317492943759e-05,0.0,0.0,8175.0,2.05993948490934e-06,0.0,0.0,27141.0,9.452701758677558e-06
8.0,40.0,0.0,9434.0,0.0,0.00012252800601860418,0.0,0.0,42563.0,1.468698251133843e-05,2.8899999999999998e-05,1.0,34602.0,3.725904957662554e-05,0.0,0.0,8175.0,1.235963690945604e-06,0.0,0.0,27141.0,5.6716210552065345e-06
8.0,41.0,0.0,9434.0,0.0,7.351680361116251e-05,0.0,0.0,42563.0,8.812189506803057e-06,0.0,0.0,34602.0,2.2355429745975322e-05,0.0,0.0,8175.0,7.415782145673623e-07,0.0,0.0,27141.0,3.4029726331239205e-06
8.0,42.0,0.0,9434.0,0.0,4.411008216669751e-05,0.0,0.0,42563.0,5.2873137040818335e-06,0.0,0.0,34602.0,1.3413257847585192e-05,0.0,0.0,8175.0,4.449469287404174e-07,0.0,0.0,27141.0,2.0417835798743522e-06
8.0,43.0,0.0,9434.0,0.0,2.6466049300018505e-05,0.0,0.0,42563.0,3.1723882224491e-06,0.0,0.0,34602.0,8.047954708551115e-06,0.0,0.0,8175.0,2.669681572442504e-07,0.0,0.0,27141.0,1.2250701479246114e-06
8.0,44.0,0.0,9434.0,0.0,1.5879629580011102e-05,0.0,0.0,42563.0,1.90343293346946e-06,0.0,0.0,34602.0,4.828772825130669e-06,0.0,0.0,8175.0,1.6018089434655025e-07,0.0,0.0,27141.0,7.350420887547668e-07
8.0,45.0,0.0,9434.0,0.0,9.52777774800666e-06,0.0,0.0,42563.0,1.142059760081676e-06,0.0,0.0,34602.0,2.8972636950784013e-06,0.0,0.0,8175.0,9.610853660793015e-08,0.0,0.0,27141.0,4.4102525325286005e-07
8.0,46.0,0.0,9434.0,0.0,5.716666648803996e-06,0.0,0.0,42563.0,6.852358560490056e-07,0.0,0.0,34602.0,1.7383582170470407e-06,0.0,0.0,8175.0,5.766512196475808e-08,0.0,0.0,27141.0,2.6461515195171604e-07
8.0,47.0,0.0,9434.0,0.0,3.4299999892823974e-06,0.0,0.0,42563.0,4.1114151362940334e-07,0.0,0.0,34602.0,1.0430149302282243e-06,0.0,0.0,8175.0,3.459907317885485e-08,0.0,0.0,27141.0,1.587690911710296e-07
8.0,48.0,0.0,9434.0,0.0,2.0579999935694386e-06,0.0,0.0,42563.0,2.4668490817764197e-07,0.0,0.0,34602.0,6.258089581369345e-07,0.0,0.0,8175.0,2.075944390731291e-08,0.0,0.0,27141.0,9.526145470261776e-08
8.0,49.0,0.0,9434.0,0.0,1.234799996141663e-06,0.0,0.0,42563.0,1.4801094490658518e-07,0.0,0.0,34602.0,3.754853748821607e-07,0.0,0.0,8175.0,1.2455666344387746e-08,0.0,0.0,27141.0,5.715687282157065e-08
8.0,50.0,0.0,9434.0,0.0,7.408799976849978e-07,0.0,0.0,42563.0,8.88065669439511e-08,0.0,0.0,34602.0,2.252912249292964e-07,0.0,0.0,8175.0,7.473399806632647e-09,0.0,0.0,27141.0,3.429412369294239e-08
8.0,51.0,0.0,9434.0,0.0,4.4452799861099865e-07,0.0,0.0,42563.0,5.328394016637066e-08,0.0,0.0,34602.0,1.3517473495757785e-07,0.0,0.0,8175.0,4.484039883979588e-09,0.0,0.0,27141.0,2.0576474215765435e-08
8.0,52.0,0.0,9434.0,0.0,2.667167991665992e-07,0.0,0.0,42563.0,3.1970364099822394e-08,0.0,0.0,34602.0,8.11048409745467e-08,0.0,0.0,8175.0,2.6904239303877527e-09,0.0,0.0,27141.0,1.234588452945926e-08
9.0,1.0,0.0,9424.0,0.0,1.600300794999595e-07,0.0,0.0,42563.0,1.9182218459893434e-08,0.0,0.0,34602.0,4.866290458472802e-08,0.0,0.0,8175.0,1.6142543582326516e-09,0.0,0.0,27141.0,7.407530717675555e-09
9.0,2.0,0.0,9424.0,0.0,9.60180476999757e-08,0.0,0.0,43261.0,1.150933107593606e-08,0.0,0.0,34738.0,2.919774275083681e-08,0.0,0.0,8386.0,9.685526149395909e-10,0.0,0.0,27181.0,4.444518430605333e-09
9.0,3.0,0.0,9424.0,0.0,5.761082861998542e-08,0.0,0.0,43261.0,6.905598645561636e-09,0.0,0.0,34738.0,1.7518645650502085e-08,0.0,0.0,8386.0,5.811315689637546e-10,0.0,0.0,27181.0,2.6667110583631998e-09
9.0,4.0,0.0,9424.0,0.0,3.456649717199125e-08,0.0,0.0,43261.0,4.143359187336981e-09,0.0,0.0,34738.0,1.051118739030125e-08,0.0,0.0,8386.0,3.4867894137825274e-10,0.0,0.0,27181.0,1.6000266350179197e-09
9.0,5.0,0.0,9424.0,0.0,2.0739898303194748e-08,0.0,0.0,43261.0,2.486015512402189e-09,0.0,0.0,34738.0,6.30671243418075e-09,0.0,0.0,8386.0,2.0920736482695164e-10,0.0,0.0,27181.0,9.600159810107519e-10
9.0,6.0,0.0,9424.0,0.0,1.2443938981916848e-08,0.0,0.0,43261.0,1.4916093074413132e-09,0.0,0.0,34738.0,3.784027460508449e-09,0.0,0.0,8386.0,1.2552441889617097e-10,0.0,0.0,27181.0,5.760095886064511e-10
9.0,7.0,0.0,9424.0,0.0,7.466363389150109e-09,2.3115e-05,1.0,43261.0,9.246894965584466e-06,0.0,0.0,34738.0,2.2704164763050695e-09,0.0,0.0,8386.0,7.531465133770257e-11,0.0,0.0,27181.0,3.4560575316387066e-10
9.0,8.0,0.0,9424.0,0.0,4.479818033490065e-09,4.6231000000000005e-05,2.0,43261.0,2.404053697935068e-05,0.0,0.0,34738.0,1.3622498857830418e-09,0.0,0.0,8386.0,4.518879080262154e-11,0.0,0.0,27181.0,2.073634518983224e-10
9.0,9.0,0.0,9424.0,0.0,2.6878908200940387e-09,0.0,0.0,43261.0,1.4424322187610409e-05,0.0,0.0,34738.0,8.173499314698251e-10,0.0,0.0,8386.0,2.7113274481572924e-11,3.679e-05,1.0,27181.0,1.4716124418071138e-05
9.0,10.0,0.0,9424.0,0.0,1.6127344920564231e-09,0.0,0.0,43261.0,8.654593312566244e-06,0.0,0.0,34738.0,4.90409958881895e-10,0.0,0.0,8386.0,1.6267964688943752e-11,0.0,0.0,27181.0,8.829674650842683e-06
9.0,11.0,0.0,9424.0,0.0,9.676406952338538e-10,2.3115e-05,1.0,43261.0,1.4438755987539747e-05,0.0,0.0,34738.0,2.94245975329137e-10,0.0,0.0,8386.0,9.760778813366251e-12,0.0,0.0,27181.0,5.297804790505609e-06
9.0,12.0,0.0,9424.0,0.0,5.805844171403123e-10,2.3115e-05,1.0,43261.0,1.790925359252385e-05,0.0,0.0,34738.0,1.7654758519748218e-10,0.0,0.0,8386.0,5.85646728801975e-12,0.0,0.0,27181.0,3.1786828743033654e-06
9.0,13.0,0.0,9424.0,0.0,3.4835065028418735e-10,0.0,0.0,43261.0,1.0745552155514309e-05,2.8786999999999997e-05,1.0,34738.0,1.151490592855112e-05,0.0,0.0,8386.0,3.5138803728118498e-12,0.0,0.0,27181.0,1.907209724582019e-06
9.0,14.0,0.0,9424.0,0.0,2.0901039017051242e-10,0.0,0.0,43261.0,6.447331293308585e-06,0.0,0.0,34738.0,6.908943557130671e-06,0.0,0.0,8386.0,2.1083282236871096e-12,3.679e-05,1.0,27181.0,1.586032583474921e-05
9.0,15.0,0.000318336,9424.0,3.0,0.0001273345254062341,0.0,0.0,43261.0,3.8683987759851506e-06,0.0,0.0,34738.0,4.145366134278402e-06,0.0,0.0,8386.0,1.2649969342122657e-12,0.0,0.0,27181.0,9.516195500849526e-06
9.0,16.0,0.0007427839999999999,9424.0,7.0,0.00037351431524374043,9.246100000000001e-05,4.0,43261.0,3.9305439265591095e-05,0.0,0.0,34738.0,2.4872196805670415e-06,0.00011924200000000001,1.0,8386.0,4.769680075899817e-05,3.679e-05,1.0,27181.0,2.0425717300509715e-05
9.0,17.0,0.000636672,9424.0,6.0,0.00047877738914624425,6.934600000000001e-05,3.0,43261.0,5.132166355935466e-05,0.0,0.0,34738.0,1.4923318083402248e-06,0.0,0.0,8386.0,2.86180804553989e-05,0.0,0.0,27181.0,1.2255430380305828e-05
9.0,18.0,0.000212224,9424.0,2.0,0.00037215603348774654,0.000184923,8.0,43261.0,0.00010476219813561281,0.00017272400000000002,6.0,34738.0,6.998499908500415e-05,0.000238483,2.0,8386.0,0.00011256404827323934,7.3581e-05,2.0,27181.0,3.6785658228183494e-05
9.0,19.0,0.000106112,9424.0,1.0,0.0002657384200926479,0.00027738400000000004,12.0,43261.0,0.0001738109188813677,0.00031666,11.0,34738.0,0.0001686549994510025,0.000596209,5.0,8386.0,0.00030602202896394363,0.000147162,4.0,27181.0,8.093619493691009e-05
9.0,20.0,0.000848895,9424.0,8.0,0.0004990010520555888,0.000416077,18.0,43261.0,0.0002707173513288206,0.00031666,11.0,34738.0,0.00022785699967060153,0.000357725,3.0,8386.0,0.0003267032173783662,0.000257533,7.0,27181.0,0.00015157491696214607
9.0,21.0,0.000424448,9424.0,4.0,0.00046917983123335327,0.000416077,18.0,43261.0,0.00032886121079729234,0.000921194,32.0,34738.0,0.0005051917998023609,0.000238483,2.0,8386.0,0.0002914151304270197,0.000110371,3.0,27181.0,0.00013509335017728764
9.0,22.0,0.001379455,9424.0,13.0,0.000833289898740012,0.000670346,29.0,43261.0,0.00046545512647837544,0.00149694,52.0,34738.0,0.0009018910798814166,0.00011924200000000001,1.0,8386.0,0.00022254587825621183,0.000367905,10.0,27181.0,0.0002282180101063726
9.0,23.0,0.0011672310000000001,9424.0,11.0,0.0009668663392440073,0.000485423,21.0,43261.0,0.00047344227588702527,0.002216623,77.0,34738.0,0.0014277838479288501,0.00011924200000000001,1.0,8386.0,0.0001812243269537271,0.000662229,18.0,27181.0,0.00040182240606382355
9.0,24.0,0.000318336,9424.0,3.0,0.0007074542035464044,0.000577884,25.0,43261.0,0.0005152189655322152,0.002389347,83.0,34738.0,0.00181240910875731,0.000357725,3.0,8386.0,0.00025182459617223625,0.000588648,16.0,27181.0,0.0004765526436382941
