year,flu week,BL rate,BL pop,BL count,BL weighted rate,HI rate,HI count,HI pop,HI weighted rate,PH rate,PH count,PH pop,PH weighted rate
,,,,,0.0,,,,,,,,
1.0,1.0,0.0,6503.0,0.0,0.0,,,,0.0,,,,0.0
1.0,2.0,0.0,6503.0,0.0,0.0,0.001610406,26.0,16145.0,0.001610406,0.0,0.0,4254.0,0.0
1.0,3.0,0.0,6503.0,0.0,0.0,0.001610406,26.0,16145.0,0.001610406,0.0,0.0,4254.0,0.0
1.0,4.0,0.0,6503.0,0.0,0.0,0.0015484670000000002,25.0,16145.0,0.0015856304000000001,0.0,0.0,4254.0,0.0
1.0,5.0,0.0,6503.0,0.0,0.0,0.0015484670000000002,25.0,16145.0,0.0015707650400000003,0.000235073,1.0,4254.0,9.40292e-05
1.0,6.0,0.0,6503.0,0.0,0.0,0.0019820379999999998,32.0,16145.0,0.0017352742240000002,0.0,0.0,4254.0,5.641752e-05
1.0,7.0,0.000153775,6503.0,1.0,6.151000000000001e-05,0.003902137,63.0,16145.0,0.0026020193344,0.0,0.0,4254.0,3.3850512e-05
1.0,8.0,0.00030755,6503.0,2.0,0.00015992600000000004,0.0064416230000000005,104.0,16145.0,0.004137860800640001,0.0,0.0,4254.0,2.0310307199999997e-05
1.0,9.0,0.0,6503.0,0.0,9.595560000000003e-05,0.0040260140000000005,65.0,16145.0,0.004093122080384001,0.0,0.0,4254.0,1.2186184319999998e-05
1.0,10.0,0.0,6503.0,0.0,5.757336000000001e-05,0.002725302,44.0,16145.0,0.003545994048230401,0.0,0.0,4254.0,7.311710591999998e-06
1.0,11.0,0.0,6503.0,0.0,3.4544016000000004e-05,0.001796222,29.0,16145.0,0.0028460852289382403,0.0,0.0,4254.0,4.3870263551999985e-06
1.0,12.0,0.0,6503.0,0.0,2.0726409600000003e-05,0.00142459,23.0,16145.0,0.0022774871373629443,0.0,0.0,4254.0,2.632215813119999e-06
1.0,13.0,0.0,6503.0,0.0,1.2435845760000002e-05,0.002043976,33.0,16145.0,0.0021840826824177663,0.0,0.0,4254.0,1.5793294878719994e-06
1.0,14.0,0.0,6503.0,0.0,7.461507456000001e-06,0.000867142,14.0,16145.0,0.00165730640945066,0.0,0.0,4254.0,9.475976927231996e-07
1.0,15.0,0.0,6503.0,0.0,4.476904473600001e-06,0.002725302,44.0,16145.0,0.0020845046456703957,0.0,0.0,4254.0,5.685586156339197e-07
1.0,16.0,0.0,6503.0,0.0,2.6861426841600005e-06,0.00185816,30.0,16145.0,0.0019939667874022374,0.0,0.0,4254.0,3.4113516938035183e-07
1.0,17.0,0.0,6503.0,0.0,1.6116856104960003e-06,0.0028491790000000003,46.0,16145.0,0.0023360516724413426,0.0,0.0,4254.0,2.046811016282111e-07
1.0,18.0,0.0,6503.0,0.0,9.670113662976001e-07,0.00142459,23.0,16145.0,0.0019714670034648055,0.0,0.0,4254.0,1.2280866097692665e-07
1.0,19.0,0.0,6503.0,0.0,5.8020681977856e-07,0.0015484670000000002,25.0,16145.0,0.0018022670020788833,0.0,0.0,4254.0,7.368519658615598e-08
1.0,20.0,0.0,6503.0,0.0,3.48124091867136e-07,0.0026633629999999998,43.0,16145.0,0.00214670540124733,0.0,0.0,4254.0,4.421111795169359e-08
1.0,21.0,0.0,6503.0,0.0,2.088744551202816e-07,0.0027872409999999998,45.0,16145.0,0.002402919640748398,0.0,0.0,4254.0,2.652667077101615e-08
1.0,22.0,0.0,6503.0,0.0,1.2532467307216895e-07,0.0029730570000000003,48.0,16145.0,0.002630974584449039,0.0,0.0,4254.0,1.591600246260969e-08
1.0,23.0,0.0,6503.0,0.0,7.519480384330136e-08,0.0029730570000000003,48.0,16145.0,0.002767807550669424,0.0,0.0,4254.0,9.549601477565814e-09
1.0,24.0,0.0,6503.0,0.0,4.5116882305980814e-08,0.002539486,41.0,16145.0,0.0026764789304016545,0.0,0.0,4254.0,5.729760886539488e-09
1.0,25.0,0.0,6503.0,0.0,2.7070129383588487e-08,0.003716321,60.0,16145.0,0.003092415758240993,0.0,0.0,4254.0,3.437856531923693e-09
1.0,26.0,0.0,6503.0,0.0,1.624207763015309e-08,0.002105915,34.0,16145.0,0.0026978154549445956,0.0,0.0,4254.0,2.0627139191542156e-09
1.0,27.0,0.0,6503.0,0.0,9.745246578091855e-09,0.002291731,37.0,16145.0,0.002535381672966757,0.0,0.0,4254.0,1.2376283514925292e-09
1.0,28.0,0.0,6503.0,0.0,5.8471479468551124e-09,0.001610406,26.0,16145.0,0.002165391403780054,0.0,0.0,4254.0,7.425770108955175e-10
1.0,29.0,0.0,6503.0,0.0,3.5082887681130672e-09,0.002911118,47.0,16145.0,0.0024636820422680324,0.0,0.0,4254.0,4.4554620653731044e-10
1.0,30.0,0.0,6503.0,0.0,2.1049732608678403e-09,0.0032208109999999996,52.0,16145.0,0.0027665336253608194,0.0,0.0,4254.0,2.6732772392238626e-10
1.0,31.0,0.0,6503.0,0.0,1.2629839565207042e-09,0.0029730570000000003,48.0,16145.0,0.0028491429752164916,0.0,0.0,4254.0,1.6039663435343175e-10
1.0,32.0,0.0,6503.0,0.0,7.577903739124225e-10,0.002105915,34.0,16145.0,0.002551851785129895,0.0,0.0,4254.0,9.623798061205905e-11
1.0,33.0,0.0,6503.0,0.0,4.5467422434745344e-10,0.001114896,18.0,16145.0,0.001977069471077937,0.0,0.0,4254.0,5.774278836723543e-11
1.0,34.0,0.0,6503.0,0.0,2.7280453460847207e-10,0.0013007119999999999,21.0,16145.0,0.0017065264826467623,0.0,0.0,4254.0,3.464567302034126e-11
1.0,35.0,0.0,6503.0,0.0,1.6368272076508322e-10,0.0015484670000000002,25.0,16145.0,0.0016433026895880574,0.0,0.0,4254.0,2.0787403812204753e-11
1.0,36.0,0.0,6503.0,0.0,9.820963245904993e-11,0.0,0.0,16145.0,0.0009859816137528343,0.0,0.0,4254.0,1.2472442287322852e-11
1.0,37.0,0.0,6503.0,0.0,5.892577947542995e-11,0.0,0.0,16145.0,0.0005915889682517006,0.0,0.0,4254.0,7.483465372393711e-12
1.0,38.0,0.0,6503.0,0.0,3.5355467685257967e-11,0.0,0.0,16145.0,0.0003549533809510203,0.0,0.0,4254.0,4.4900792234362265e-12
1.0,39.0,0.0,6503.0,0.0,2.121328061115478e-11,0.0,0.0,16145.0,0.00021297202857061218,0.0,0.0,4254.0,2.6940475340617357e-12
1.0,40.0,0.0,6503.0,0.0,1.2727968366692868e-11,0.0,0.0,16145.0,0.0001277832171423673,0.0,0.0,4254.0,1.6164285204370415e-12
1.0,41.0,0.0,6503.0,0.0,7.636781020015721e-12,0.0,0.0,16145.0,7.666993028542039e-05,0.0,0.0,4254.0,9.698571122622248e-13
1.0,42.0,0.0,6503.0,0.0,4.582068612009433e-12,0.0,0.0,16145.0,4.600195817125223e-05,0.0,0.0,4254.0,5.819142673573348e-13
1.0,43.0,0.0,6503.0,0.0,2.7492411672056596e-12,0.0,0.0,16145.0,2.7601174902751335e-05,0.0,0.0,4254.0,3.491485604144009e-13
1.0,44.0,0.0,6503.0,0.0,1.6495447003233957e-12,0.0,0.0,16145.0,1.65607049416508e-05,0.0,0.0,4254.0,2.0948913624864053e-13
1.0,45.0,0.0,6503.0,0.0,9.897268201940373e-13,0.0,0.0,16145.0,9.93642296499048e-06,0.0,0.0,4254.0,1.2569348174918432e-13
1.0,46.0,0.0,6503.0,0.0,5.938360921164224e-13,0.0,0.0,16145.0,5.961853778994287e-06,0.0,0.0,4254.0,7.541608904951059e-14
1.0,47.0,0.0,6503.0,0.0,3.5630165526985343e-13,0.0,0.0,16145.0,3.577112267396572e-06,0.0,0.0,4254.0,4.524965342970635e-14
1.0,48.0,0.0,6503.0,0.0,2.1378099316191204e-13,0.0,0.0,16145.0,2.146267360437943e-06,0.0,0.0,4254.0,2.714979205782381e-14
1.0,49.0,0.0,6503.0,0.0,1.2826859589714722e-13,0.0,0.0,16145.0,1.2877604162627657e-06,0.0,0.0,4254.0,1.6289875234694285e-14
1.0,50.0,0.0,6503.0,0.0,7.696115753828833e-14,0.0,0.0,16145.0,7.726562497576594e-07,0.0,0.0,4254.0,9.773925140816571e-15
1.0,51.0,0.0,6503.0,0.0,4.6176694522972996e-14,0.0,0.0,16145.0,4.635937498545956e-07,0.0,0.0,4254.0,5.864355084489943e-15
1.0,52.0,0.0,6503.0,0.0,2.7706016713783795e-14,0.0,0.0,16145.0,2.7815624991275735e-07,0.0,0.0,4254.0,3.5186130506939657e-15
1.0,53.0,0.0,6503.0,0.0,1.6623610028270275e-14,0.0,0.0,16145.0,1.668937499476544e-07,0.0,0.0,4254.0,2.1111678304163793e-15
2.0,1.0,0.0,6573.0,0.0,9.974166016962165e-15,0.0,0.0,16145.0,1.0013624996859264e-07,0.0,0.0,4254.0,1.2667006982498276e-15
2.0,2.0,0.0,6573.0,0.0,5.984499610177298e-15,0.0,0.0,16385.0,6.008174998115558e-08,0.0,0.0,4191.0,7.600204189498966e-16
2.0,3.0,0.0,6573.0,0.0,3.590699766106379e-15,0.0,0.0,16385.0,3.604904998869335e-08,0.0,0.0,4191.0,4.560122513699379e-16
2.0,4.0,0.0,6573.0,0.0,2.1544198596638274e-15,0.0,0.0,16385.0,2.162942999321601e-08,0.0,0.0,4191.0,2.7360735082196275e-16
2.0,5.0,0.0,6573.0,0.0,1.2926519157982963e-15,0.0,0.0,16385.0,1.2977657995929605e-08,0.0,0.0,4191.0,1.6416441049317765e-16
2.0,6.0,0.0,6573.0,0.0,7.755911494789778e-16,0.0,0.0,16385.0,7.786594797557763e-09,0.0,0.0,4191.0,9.849864629590658e-17
2.0,7.0,0.0,6573.0,0.0,4.653546896873867e-16,0.0,0.0,16385.0,4.671956878534657e-09,0.0,0.0,4191.0,5.909918777754395e-17
2.0,8.0,0.0,6573.0,0.0,2.7921281381243197e-16,0.0,0.0,16385.0,2.8031741271207943e-09,0.0,0.0,4191.0,3.5459512666526364e-17
2.0,9.0,0.0,6573.0,0.0,1.6752768828745918e-16,0.0,0.0,16385.0,1.6819044762724765e-09,0.0,0.0,4191.0,2.127570759991582e-17
2.0,10.0,0.0,6573.0,0.0,1.005166129724755e-16,0.0,0.0,16385.0,1.0091426857634858e-09,0.0,0.0,4191.0,1.276542455994949e-17
2.0,11.0,0.0,6573.0,0.0,6.03099677834853e-17,0.0,0.0,16385.0,6.054856114580915e-10,0.0,0.0,4191.0,7.659254735969693e-18
2.0,12.0,0.0,6573.0,0.0,3.618598067009118e-17,0.0,0.0,16385.0,3.632913668748549e-10,0.0,0.0,4191.0,4.595552841581816e-18
2.0,13.0,0.0,6573.0,0.0,2.1711588402054704e-17,0.0,0.0,16385.0,2.1797482012491292e-10,0.0,0.0,4191.0,2.7573317049490896e-18
2.0,14.0,0.0,6573.0,0.0,1.3026953041232823e-17,0.0,0.0,16385.0,1.3078489207494775e-10,0.0,0.0,4191.0,1.6543990229694536e-18
2.0,15.0,0.0,6573.0,0.0,7.816171824739694e-18,0.0,0.0,16385.0,7.847093524496865e-11,0.0,0.0,4191.0,9.926394137816721e-19
2.0,16.0,0.0,6573.0,0.0,4.689703094843816e-18,0.0,0.0,16385.0,4.708256114698119e-11,0.0,0.0,4191.0,5.955836482690033e-19
2.0,17.0,0.00015213799999999999,6573.0,1.0,6.085520000000281e-05,0.0,0.0,16385.0,2.8249536688188714e-11,0.0,0.0,4191.0,3.5735018896140197e-19
2.0,18.0,0.0,6573.0,0.0,3.651312000000168e-05,0.0,0.0,16385.0,1.6949722012913228e-11,0.0,0.0,4191.0,2.1441011337684117e-19
2.0,19.0,0.0,6573.0,0.0,2.190787200000101e-05,0.0,0.0,16385.0,1.0169833207747937e-11,0.0,0.0,4191.0,1.286460680261047e-19
2.0,20.0,0.0,6573.0,0.0,1.3144723200000606e-05,0.0,0.0,16385.0,6.101899924648762e-12,0.0,0.0,4191.0,7.718764081566282e-20
2.0,21.0,0.0,6573.0,0.0,7.886833920000362e-06,0.0,0.0,16385.0,3.661139954789257e-12,0.000238607,1.0,4191.0,9.544280000000004e-05
2.0,22.0,0.0,6573.0,0.0,4.732100352000217e-06,0.0,0.0,16385.0,2.196683972873554e-12,0.000238607,1.0,4191.0,0.00015270848000000002
2.0,23.0,0.00015213799999999999,6573.0,1.0,6.369446021120013e-05,0.00012206299999999999,2.0,16385.0,4.882520131801038e-05,0.000238607,1.0,4191.0,0.000187067888
2.0,24.0,0.0,6573.0,0.0,3.821667612672008e-05,0.00018309400000000002,3.0,16385.0,0.00010253272079080623,0.0,0.0,4191.0,0.00011224073279999998
2.0,25.0,0.00060855,6573.0,4.0,0.00026635000567603207,0.0,0.0,16385.0,6.151963247448373e-05,0.0,0.0,4191.0,6.734443968e-05
2.0,26.0,0.0,6573.0,0.0,0.00015981000340561924,0.00012206299999999999,2.0,16385.0,8.573697948469024e-05,0.0,0.0,4191.0,4.0406663807999995e-05
2.0,27.0,0.0,6573.0,0.0,9.588600204337154e-05,0.0,0.0,16385.0,5.144218769081414e-05,0.0,0.0,4191.0,2.4243998284799997e-05
2.0,28.0,0.0,6573.0,0.0,5.753160122602292e-05,0.0,0.0,16385.0,3.086531261448848e-05,0.0,0.0,4191.0,1.4546398970879997e-05
2.0,29.0,0.0,6573.0,0.0,3.451896073561375e-05,0.0,0.0,16385.0,1.8519187568693088e-05,0.0,0.0,4191.0,8.727839382527998e-06
2.0,30.0,0.0,6573.0,0.0,2.071137644136825e-05,0.0,0.0,16385.0,1.1111512541215852e-05,0.0,0.0,4191.0,5.236703629516799e-06
2.0,31.0,0.0,6573.0,0.0,1.2426825864820949e-05,0.0,0.0,16385.0,6.666907524729511e-06,0.0,0.0,4191.0,3.142022177710079e-06
2.0,32.0,0.0,6573.0,0.0,7.456095518892569e-06,0.0,0.0,16385.0,4.000144514837707e-06,0.0,0.0,4191.0,1.8852133066260475e-06
2.0,33.0,0.0,6573.0,0.0,4.473657311335541e-06,0.0,0.0,16385.0,2.400086708902624e-06,0.0,0.0,4191.0,1.1311279839756285e-06
2.0,34.0,0.0,6573.0,0.0,2.6841943868013243e-06,0.0,0.0,16385.0,1.4400520253415742e-06,0.0,0.0,4191.0,6.786767903853771e-07
2.0,35.0,0.0,6573.0,0.0,1.6105166320807945e-06,0.0,0.0,16385.0,8.640312152049444e-07,0.0,0.0,4191.0,4.0720607423122623e-07
2.0,36.0,0.0,6573.0,0.0,9.663099792484767e-07,0.0,0.0,16385.0,5.184187291229667e-07,0.0,0.0,4191.0,2.443236445387357e-07
2.0,37.0,0.0,6573.0,0.0,5.797859875490861e-07,0.0,0.0,16385.0,3.1105123747378e-07,0.0,0.0,4191.0,1.4659418672324142e-07
2.0,38.0,0.0,6573.0,0.0,3.478715925294516e-07,0.0,0.0,16385.0,1.86630742484268e-07,0.0,0.0,4191.0,8.795651203394485e-08
2.0,39.0,0.0,6573.0,0.0,2.0872295551767097e-07,0.0,0.0,16385.0,1.119784454905608e-07,0.0,0.0,4191.0,5.2773907220366904e-08
2.0,40.0,0.0,6573.0,0.0,1.2523377331060258e-07,0.0,0.0,16385.0,6.718706729433648e-08,0.0,0.0,4191.0,3.166434433222014e-08
2.0,41.0,0.0,6573.0,0.0,7.514026398636154e-08,0.0,0.0,16385.0,4.031224037660189e-08,0.0,0.0,4191.0,1.8998606599332085e-08
2.0,42.0,0.0,6573.0,0.0,4.508415839181692e-08,0.0,0.0,16385.0,2.418734422596113e-08,0.0,0.0,4191.0,1.1399163959599251e-08
2.0,43.0,0.0,6573.0,0.0,2.705049503509015e-08,0.0,0.0,16385.0,1.4512406535576678e-08,0.0,0.0,4191.0,6.83949837575955e-09
2.0,44.0,0.0,6573.0,0.0,1.6230297021054088e-08,0.0,0.0,16385.0,8.707443921346007e-09,0.0,0.0,4191.0,4.10369902545573e-09
2.0,45.0,0.0,6573.0,0.0,9.738178212632452e-09,0.0,0.0,16385.0,5.224466352807604e-09,0.0,0.0,4191.0,2.4622194152734376e-09
2.0,46.0,0.0,6573.0,0.0,5.842906927579471e-09,0.0,0.0,16385.0,3.1346798116845624e-09,0.0,0.0,4191.0,1.4773316491640625e-09
2.0,47.0,0.0,6573.0,0.0,3.5057441565476826e-09,0.0,0.0,16385.0,1.8808078870107373e-09,0.0,0.0,4191.0,8.863989894984374e-10
2.0,48.0,0.0,6573.0,0.0,2.1034464939286096e-09,0.0,0.0,16385.0,1.1284847322064424e-09,0.0,0.0,4191.0,5.318393936990624e-10
2.0,49.0,0.0,6573.0,0.0,1.2620678963571658e-09,0.0,0.0,16385.0,6.770908393238655e-10,0.0,0.0,4191.0,3.1910363621943744e-10
2.0,50.0,0.0,6573.0,0.0,7.572407378142995e-10,0.0,0.0,16385.0,4.062545035943193e-10,0.0,0.0,4191.0,1.9146218173166246e-10
2.0,51.0,0.0,6573.0,0.0,4.5434444268857965e-10,0.0,0.0,16385.0,2.437527021565916e-10,0.0,0.0,4191.0,1.1487730903899747e-10
2.0,52.0,0.0,6573.0,0.0,2.7260666561314777e-10,0.0,0.0,16385.0,1.4625162129395495e-10,0.0,0.0,4191.0,6.892638542339847e-11
3.0,1.0,0.0,6656.0,0.0,1.6356399936788865e-10,0.0,0.0,16385.0,8.775097277637297e-11,0.0,0.0,4191.0,4.135583125403908e-11
3.0,2.0,0.0,6656.0,0.0,9.813839962073318e-11,0.0,0.0,16390.0,5.265058366582378e-11,0.0,0.0,4116.0,2.4813498752423447e-11
3.0,3.0,0.0,6656.0,0.0,5.88830397724399e-11,0.0,0.0,16390.0,3.159035019949426e-11,0.0,0.0,4116.0,1.4888099251454067e-11
3.0,4.0,0.0,6656.0,0.0,3.5329823863463944e-11,0.0,0.0,16390.0,1.8954210119696557e-11,0.0,0.0,4116.0,8.93285955087244e-12
3.0,5.0,0.0,6656.0,0.0,2.1197894318078366e-11,0.0,0.0,16390.0,1.1372526071817933e-11,0.0,0.0,4116.0,5.3597157305234635e-12
3.0,6.0,0.0,6656.0,0.0,1.2718736590847019e-11,0.0,0.0,16390.0,6.82351564309076e-12,0.0,0.0,4116.0,3.215829438314078e-12
3.0,7.0,0.0,6656.0,0.0,7.63124195450821e-12,0.0,0.0,16390.0,4.094109385854456e-12,0.0,0.0,4116.0,1.9294976629884466e-12
3.0,8.0,0.0,6656.0,0.0,4.578745172704926e-12,0.0,0.0,16390.0,2.4564656315126735e-12,0.0,0.0,4116.0,1.157698597793068e-12
3.0,9.0,0.0,6656.0,0.0,2.7472471036229553e-12,0.0,0.0,16390.0,1.473879378907604e-12,0.0,0.0,4116.0,6.946191586758408e-13
3.0,10.0,0.0,6656.0,0.0,1.6483482621737731e-12,0.0,0.0,16390.0,8.843276273445624e-13,0.0,0.0,4116.0,4.1677149520550447e-13
3.0,11.0,0.0,6656.0,0.0,9.890089573042638e-13,0.0,0.0,16390.0,5.305965764067375e-13,0.0,0.0,4116.0,2.5006289712330267e-13
3.0,12.0,0.0,6656.0,0.0,5.934053743825582e-13,0.0,0.0,16390.0,3.183579458440425e-13,0.0,0.0,4116.0,1.500377382739816e-13
3.0,13.0,0.0,6656.0,0.0,3.560432246295349e-13,0.0,0.0,16390.0,1.910147675064255e-13,0.0,0.0,4116.0,9.002264296438895e-14
3.0,14.0,0.0,6656.0,0.0,2.1362593477772093e-13,0.0,0.0,16390.0,1.1460886050385529e-13,0.0,0.0,4116.0,5.401358577863337e-14
3.0,15.0,0.0,6656.0,0.0,1.2817556086663255e-13,0.0,0.0,16390.0,6.876531630231317e-14,0.0,0.0,4116.0,3.240815146718002e-14
3.0,16.0,0.0,6656.0,0.0,7.690533651997953e-14,0.0,0.0,16390.0,4.1259189781387906e-14,0.0,0.0,4116.0,1.9444890880308012e-14
3.0,17.0,0.0,6656.0,0.0,4.6143201911987714e-14,0.0,0.0,16390.0,2.4755513868832743e-14,0.0,0.0,4116.0,1.1666934528184808e-14
3.0,18.0,0.0,6656.0,0.0,2.7685921147192628e-14,0.0,0.0,16390.0,1.4853308321299644e-14,0.0,0.0,4116.0,7.000160716910884e-15
3.0,19.0,0.0,6656.0,0.0,1.6611552688315575e-14,0.0,0.0,16390.0,8.911984992779786e-15,0.0,0.0,4116.0,4.2000964301465305e-15
3.0,20.0,0.0,6656.0,0.0,9.966931612989345e-15,0.0,0.0,16390.0,5.3471909956678716e-15,0.0,0.0,4116.0,2.520057858087918e-15
3.0,21.0,0.0,6656.0,0.0,5.980158967793607e-15,0.0,0.0,16390.0,3.208314597400723e-15,0.0,0.0,4116.0,1.5120347148527508e-15
3.0,22.0,0.0,6656.0,0.0,3.588095380676164e-15,0.0,0.0,16390.0,1.9249887584404338e-15,0.0,0.0,4116.0,9.072208289116504e-16
3.0,23.0,0.0,6656.0,0.0,2.1528572284056984e-15,0.0,0.0,16390.0,1.1549932550642603e-15,0.0,0.0,4116.0,5.443324973469902e-16
3.0,24.0,0.0,6656.0,0.0,1.291714337043419e-15,0.0,0.0,16390.0,6.929959530385562e-16,0.0,0.0,4116.0,3.2659949840819413e-16
3.0,25.0,0.0,6656.0,0.0,7.750286022260513e-16,0.0,0.0,16390.0,4.157975718231337e-16,0.000242954,1.0,4116.0,9.718160000019596e-05
3.0,26.0,0.0,6656.0,0.0,4.650171613356308e-16,6.1013e-05,1.0,16390.0,2.440520000024948e-05,0.0,0.0,4116.0,5.830896000011757e-05
3.0,27.0,0.0,6656.0,0.0,2.7901029680137844e-16,0.0,0.0,16390.0,1.4643120000149688e-05,0.0,0.0,4116.0,3.498537600007054e-05
3.0,28.0,0.0,6656.0,0.0,1.6740617808082706e-16,0.0,0.0,16390.0,8.785872000089813e-06,0.0,0.0,4116.0,2.0991225600042322e-05
3.0,29.0,0.0,6656.0,0.0,1.0044370684849623e-16,0.0,0.0,16390.0,5.271523200053887e-06,0.0,0.0,4116.0,1.2594735360025393e-05
3.0,30.0,0.0,6656.0,0.0,6.026622410909774e-17,0.0,0.0,16390.0,3.162913920032332e-06,0.0,0.0,4116.0,7.556841216015235e-06
3.0,31.0,0.0,6656.0,0.0,3.615973446545864e-17,0.0,0.0,16390.0,1.897748352019399e-06,0.0,0.0,4116.0,4.534104729609141e-06
3.0,32.0,0.0,6656.0,0.0,2.1695840679275183e-17,0.0,0.0,16390.0,1.1386490112116394e-06,0.0,0.0,4116.0,2.7204628377654847e-06
3.0,33.0,0.0,6656.0,0.0,1.301750440756511e-17,0.0,0.0,16390.0,6.831894067269837e-07,0.0,0.0,4116.0,1.6322777026592907e-06
3.0,34.0,0.0,6656.0,0.0,7.810502644539065e-18,0.0,0.0,16390.0,4.099136440361902e-07,0.0,0.0,4116.0,9.793666215955743e-07
3.0,35.0,0.0,6656.0,0.0,4.686301586723439e-18,0.0,0.0,16390.0,2.4594818642171413e-07,0.0,0.0,4116.0,5.876199729573446e-07
3.0,36.0,0.0,6656.0,0.0,2.8117809520340634e-18,0.00543014,89.0,16390.0,0.002172203568911853,0.0,0.0,4116.0,3.5257198377440673e-07
3.0,37.0,0.0,6656.0,0.0,1.687068571220438e-18,0.0,0.0,16390.0,0.0013033221413471117,0.0,0.0,4116.0,2.1154319026464404e-07
3.0,38.0,0.0,6656.0,0.0,1.0122411427322628e-18,0.0,0.0,16390.0,0.0007819932848082671,0.0,0.0,4116.0,1.2692591415878642e-07
3.0,39.0,0.0,6656.0,0.0,6.073446856393576e-19,0.0,0.0,16390.0,0.0004691959708849602,0.0,0.0,4116.0,7.615554849527185e-08
3.0,40.0,0.0,6656.0,0.0,3.6440681138361454e-19,0.0,0.0,16390.0,0.0002815175825309761,0.0,0.0,4116.0,4.569332909716311e-08
3.0,41.0,0.0,6656.0,0.0,2.186440868301687e-19,0.0,0.0,16390.0,0.00016891054951858564,0.0,0.0,4116.0,2.7415997458297864e-08
3.0,42.0,0.0,6656.0,0.0,1.3118645209810122e-19,0.0,0.0,16390.0,0.00010134632971115138,0.0,0.0,4116.0,1.6449598474978717e-08
3.0,43.0,0.0,6656.0,0.0,7.871187125886073e-20,0.0,0.0,16390.0,6.0807797826690823e-05,0.0,0.0,4116.0,9.86975908498723e-09
3.0,44.0,0.0,6656.0,0.0,4.722712275531644e-20,0.0,0.0,16390.0,3.6484678696014494e-05,0.0,0.0,4116.0,5.921855450992338e-09
3.0,45.0,0.0,6656.0,0.0,2.8336273653189865e-20,0.0,0.0,16390.0,2.1890807217608696e-05,0.0,0.0,4116.0,3.5531132705954028e-09
3.0,46.0,0.0,6656.0,0.0,1.700176419191392e-20,0.0,0.0,16390.0,1.3134484330565218e-05,0.0,0.0,4116.0,2.1318679623572414e-09
3.0,47.0,0.0,6656.0,0.0,1.020105851514835e-20,0.0,0.0,16390.0,7.88069059833913e-06,0.0,0.0,4116.0,1.2791207774143449e-09
3.0,48.0,0.0,6656.0,0.0,6.12063510908901e-21,0.0,0.0,16390.0,4.728414359003478e-06,0.0,0.0,4116.0,7.674724664486069e-10
3.0,49.0,0.0,6656.0,0.0,3.672381065453406e-21,0.0,0.0,16390.0,2.837048615402087e-06,0.0,0.0,4116.0,4.6048347986916416e-10
3.0,50.0,0.0,6656.0,0.0,2.2034286392720437e-21,0.0,0.0,16390.0,1.7022291692412522e-06,0.0,0.0,4116.0,2.762900879214985e-10
3.0,51.0,0.0,6656.0,0.0,1.3220571835632262e-21,0.0,0.0,16390.0,1.0213375015447513e-06,0.0,0.0,4116.0,1.6577405275289907e-10
3.0,52.0,0.0,6656.0,0.0,7.932343101379357e-22,0.0,0.0,16390.0,6.128025009268507e-07,0.0,0.0,4116.0,9.946443165173943e-11
4.0,1.0,0.0,6596.0,0.0,4.759405860827614e-22,0.0,0.0,16390.0,3.6768150055611044e-07,0.0,0.0,4116.0,5.967865899104365e-11
4.0,2.0,0.0,6596.0,0.0,2.855643516496568e-22,0.0,0.0,16520.0,2.2060890033366626e-07,0.0,0.0,4153.0,3.580719539462619e-11
4.0,3.0,0.0,6596.0,0.0,1.7133861098979408e-22,0.0,0.0,16520.0,1.3236534020019975e-07,0.0,0.0,4153.0,2.1484317236775714e-11
4.0,4.0,0.0,6596.0,0.0,1.0280316659387644e-22,0.0,0.0,16520.0,7.941920412011985e-08,0.0,0.0,4153.0,1.2890590342065428e-11
4.0,5.0,0.0,6596.0,0.0,6.168189995632586e-23,0.0,0.0,16520.0,4.765152247207191e-08,0.0,0.0,4153.0,7.734354205239257e-12
4.0,6.0,0.000606428,6596.0,4.0,0.0002425712,0.0,0.0,16520.0,2.8590913483243145e-08,0.0,0.0,4153.0,4.640612523143554e-12
4.0,7.0,0.000303214,6596.0,2.0,0.00026682832,0.0,0.0,16520.0,1.7154548089945888e-08,0.0,0.0,4153.0,2.7843675138861325e-12
4.0,8.0,0.0,6596.0,0.0,0.000160096992,6.0533000000000005e-05,1.0,16520.0,2.4223492728853973e-05,0.0009631589999999999,4.0,4153.0,0.0003852636016706205
4.0,9.0,0.0,6596.0,0.0,9.60581952e-05,0.0,0.0,16520.0,1.4534095637312384e-05,0.0,0.0,4153.0,0.0002311581610023723
4.0,10.0,0.0,6596.0,0.0,5.763491712e-05,0.0,0.0,16520.0,8.72045738238743e-06,0.0,0.0,4153.0,0.00013869489660142337
4.0,11.0,0.0,6596.0,0.0,3.4580950271999996e-05,0.0,0.0,16520.0,5.232274429432458e-06,0.00048158,2.0,4153.0,0.00027584893796085404
4.0,12.0,0.0,6596.0,0.0,2.0748570163199997e-05,0.0,0.0,16520.0,3.139364657659475e-06,0.0,0.0,4153.0,0.0001655093627765124
4.0,13.0,0.0,6596.0,0.0,1.2449142097919998e-05,0.0,0.0,16520.0,1.8836187945956849e-06,0.0,0.0,4153.0,9.930561766590745e-05
4.0,14.0,0.0,6596.0,0.0,7.469485258751998e-06,0.0,0.0,16520.0,1.130171276757411e-06,0.0,0.0,4153.0,5.958337059954446e-05
4.0,15.0,0.0,6596.0,0.0,4.481691155251199e-06,0.0,0.0,16520.0,6.781027660544465e-07,0.00024079,1.0,4153.0,0.00013206602235972667
4.0,16.0,0.0,6596.0,0.0,2.689014693150719e-06,6.0533000000000005e-05,1.0,16520.0,2.4620061659632673e-05,0.0,0.0,4153.0,7.9239613415836e-05
4.0,17.0,0.0,6596.0,0.0,1.6134088158904315e-06,0.00048426199999999995,8.0,16520.0,0.0002084768369957796,0.00024079,1.0,4153.0,0.0001438597680495016
4.0,18.0,0.0,6596.0,0.0,9.680452895342588e-07,0.000181598,3.0,16520.0,0.00019772530219746773,0.002407898,10.0,4153.0,0.0010494750608297009
4.0,19.0,0.000606428,6596.0,4.0,0.00024315202717372055,0.0,0.0,16520.0,0.00011863518131848063,0.0007223689999999999,3.0,4153.0,0.0009186326364978206
4.0,20.0,0.000303214,6596.0,2.0,0.0002671768163042323,0.000847458,14.0,16520.0,0.0004101643087910884,0.003130267,13.0,4153.0,0.0018032863818986922
4.0,21.0,0.000303214,6596.0,2.0,0.0002815916897825394,0.000968523,16.0,16520.0,0.000633507785274653,0.0,0.0,4153.0,0.0010819718291392153
4.0,22.0,0.001061249,6596.0,7.0,0.0005934546138695237,0.000726392,12.0,16520.0,0.0006706614711647918,0.0016855289999999998,7.0,4153.0,0.0013233946974835291
4.0,23.0,0.002425713,6596.0,16.0,0.0013263579683217143,0.002360775,39.0,16520.0,0.001346706882698875,0.002407898,10.0,4153.0,0.0017571960184901174
4.0,24.0,0.000303214,6596.0,2.0,0.0009171003809930286,6.0533000000000005e-05,1.0,16520.0,0.000832237329619325,0.004815796,20.0,4153.0,0.00298063601109407
4.0,25.0,0.000151607,6596.0,1.0,0.0006109030285958171,0.000181598,3.0,16520.0,0.000571981597771595,0.001444739,6.0,4153.0,0.002366277206656442
4.0,26.0,0.001212856,6596.0,8.0,0.0008516842171574902,0.000121065,2.0,16520.0,0.000391614958662957,0.0007223689999999999,3.0,4153.0,0.001708713923993865
4.0,27.0,0.000151607,6596.0,1.0,0.0005716533302944941,0.00024213099999999998,4.0,16520.0,0.00033182137519777416,0.002889477,12.0,4153.0,0.002181019154396319
4.0,28.0,0.0,6596.0,0.0,0.0003429919981766965,0.000121065,2.0,16520.0,0.0002475188251186645,0.0,0.0,4153.0,0.0013086114926377913
4.0,29.0,0.0,6596.0,0.0,0.00020579519890601787,0.0,0.0,16520.0,0.0001485112950711987,0.0007223689999999999,3.0,4153.0,0.0010741144955826749
4.0,30.0,0.0,6596.0,0.0,0.00012347711934361072,0.0,0.0,16520.0,8.910677704271921e-05,0.0007223689999999999,3.0,4153.0,0.0009334162973496049
4.0,31.0,0.0,6596.0,0.0,7.408627160616643e-05,0.000181598,3.0,16520.0,0.00012610326622563151,0.0,0.0,4153.0,0.0005600497784097629
4.0,32.0,0.0,6596.0,0.0,4.445176296369985e-05,6.0533000000000005e-05,1.0,16520.0,9.987515973537891e-05,0.0,0.0,4153.0,0.00033602986704585775
4.0,33.0,0.000151607,6596.0,1.0,8.731385777821991e-05,0.0,0.0,16520.0,5.992509584122734e-05,0.0,0.0,4153.0,0.00020161792022751465
4.0,34.0,0.0,6596.0,0.0,5.238831466693194e-05,0.0,0.0,16520.0,3.59550575047364e-05,0.0,0.0,4153.0,0.00012097075213650878
4.0,35.0,0.0,6596.0,0.0,3.143298880015916e-05,0.0,0.0,16520.0,2.1573034502841842e-05,0.0,0.0,4153.0,7.258245128190527e-05
4.0,36.0,0.0,6596.0,0.0,1.8859793280095496e-05,0.0,0.0,16520.0,1.2943820701705105e-05,0.00024079,1.0,4153.0,0.00013986547076914315
4.0,37.0,0.0,6596.0,0.0,1.1315875968057297e-05,0.001937046,32.0,16520.0,0.0007825846924210231,0.0,0.0,4153.0,8.391928246148589e-05
4.0,38.0,0.0,6596.0,0.0,6.789525580834378e-06,0.0,0.0,16520.0,0.00046955081545261386,0.0,0.0,4153.0,5.035156947689153e-05
4.0,39.0,0.0,6596.0,0.0,4.073715348500627e-06,0.0,0.0,16520.0,0.0002817304892715683,0.0,0.0,4153.0,3.0210941686134917e-05
4.0,40.0,0.0,6596.0,0.0,2.444229209100376e-06,0.0,0.0,16520.0,0.00016903829356294098,0.0,0.0,4153.0,1.8126565011680948e-05
4.0,41.0,0.0,6596.0,0.0,1.4665375254602257e-06,0.0,0.0,16520.0,0.00010142297613776459,0.0,0.0,4153.0,1.0875939007008568e-05
4.0,42.0,0.0,6596.0,0.0,8.799225152761354e-07,0.0,0.0,16520.0,6.085378568265875e-05,0.0,0.0,4153.0,6.525563404205141e-06
4.0,43.0,0.0,6596.0,0.0,5.279535091656812e-07,0.0,0.0,16520.0,3.651227140959525e-05,0.0,0.0,4153.0,3.9153380425230845e-06
4.0,44.0,0.0,6596.0,0.0,3.1677210549940873e-07,0.0,0.0,16520.0,2.190736284575715e-05,0.0,0.0,4153.0,2.3492028255138507e-06
4.0,45.0,0.0,6596.0,0.0,1.9006326329964524e-07,0.0,0.0,16520.0,1.3144417707454288e-05,0.0,0.0,4153.0,1.4095216953083103e-06
4.0,46.0,0.0,6596.0,0.0,1.1403795797978713e-07,0.0,0.0,16520.0,7.886650624472572e-06,0.0,0.0,4153.0,8.457130171849862e-07
4.0,47.0,0.0,6596.0,0.0,6.842277478787228e-08,0.0,0.0,16520.0,4.7319903746835435e-06,0.0,0.0,4153.0,5.074278103109917e-07
4.0,48.0,0.0,6596.0,0.0,4.105366487272337e-08,0.0,0.0,16520.0,2.839194224810126e-06,0.0,0.0,4153.0,3.04456686186595e-07
4.0,49.0,0.0,6596.0,0.0,2.463219892363402e-08,0.0,0.0,16520.0,1.7035165348860756e-06,0.0,0.0,4153.0,1.82674011711957e-07
4.0,50.0,0.0,6596.0,0.0,1.4779319354180412e-08,0.0,0.0,16520.0,1.0221099209316453e-06,0.0,0.0,4153.0,1.096044070271742e-07
4.0,51.0,0.0,6596.0,0.0,8.867591612508247e-09,0.0,0.0,16520.0,6.132659525589872e-07,0.0,0.0,4153.0,6.576264421630451e-08
4.0,52.0,0.0,6596.0,0.0,5.320554967504948e-09,0.0,0.0,16520.0,3.679595715353923e-07,0.0,0.0,4153.0,3.945758652978271e-08
5.0,1.0,0.0,6650.0,0.0,3.1923329805029687e-09,0.0,0.0,16520.0,2.2077574292123537e-07,0.0,0.0,4153.0,2.3674551917869625e-08
5.0,2.0,0.0,6650.0,0.0,1.915399788301781e-09,0.0,0.0,16486.0,1.3246544575274123e-07,0.0,0.0,4165.0,1.4204731150721775e-08
5.0,3.0,0.0,6650.0,0.0,1.1492398729810687e-09,0.0,0.0,16486.0,7.947926745164474e-08,0.0,0.0,4165.0,8.522838690433065e-09
5.0,4.0,0.0,6650.0,0.0,6.895439237886411e-10,0.0,0.0,16486.0,4.768756047098684e-08,0.0,0.0,4165.0,5.1137032142598386e-09
5.0,5.0,0.0,6650.0,0.0,4.1372635427318465e-10,0.0,0.0,16486.0,2.8612536282592105e-08,0.0,0.0,4165.0,3.0682219285559032e-09
5.0,6.0,0.0,6650.0,0.0,2.482358125639108e-10,0.0,0.0,16486.0,1.7167521769555262e-08,0.0,0.0,4165.0,1.8409331571335418e-09
5.0,7.0,0.0,6650.0,0.0,1.4894148753834648e-10,0.0,0.0,16486.0,1.0300513061733157e-08,0.0,0.0,4165.0,1.104559894280125e-09
5.0,8.0,0.0,6650.0,0.0,8.936489252300788e-11,0.0,0.0,16486.0,6.180307837039894e-09,0.0,0.0,4165.0,6.627359365680749e-10
5.0,9.0,0.0,6650.0,0.0,5.361893551380473e-11,0.0,0.0,16486.0,3.7081847022239365e-09,0.0,0.0,4165.0,3.9764156194084495e-10
5.0,10.0,0.0,6650.0,0.0,3.2171361308282835e-11,0.0,0.0,16486.0,2.2249108213343617e-09,0.0,0.0,4165.0,2.3858493716450696e-10
5.0,11.0,0.0,6650.0,0.0,1.93028167849697e-11,0.0,0.0,16486.0,1.334946492800617e-09,0.0,0.0,4165.0,1.4315096229870416e-10
5.0,12.0,0.0,6650.0,0.0,1.158169007098182e-11,0.0,0.0,16486.0,8.009678956803701e-10,0.0,0.0,4165.0,8.589057737922249e-11
5.0,13.0,0.0,6650.0,0.0,6.949014042589091e-12,0.0,0.0,16486.0,4.805807374082221e-10,0.0,0.0,4165.0,5.153434642753349e-11
5.0,14.0,0.0,6650.0,0.0,4.1694084255534545e-12,0.0,0.0,16486.0,2.883484424449332e-10,0.0,0.0,4165.0,3.092060785652009e-11
5.0,15.0,0.0,6650.0,0.0,2.5016450553320728e-12,0.0,0.0,16486.0,1.7300906546695992e-10,0.0,0.0,4165.0,1.8552364713912055e-11
5.0,16.0,0.0,6650.0,0.0,1.5009870331992436e-12,0.0,0.0,16486.0,1.0380543928017595e-10,0.0,0.0,4165.0,1.1131418828347232e-11
5.0,17.0,0.0,6650.0,0.0,9.005922199195461e-13,0.0,0.0,16486.0,6.228326356810557e-11,0.00024009599999999997,1.0,4165.0,9.603840667885128e-05
5.0,18.0,0.000300752,6650.0,2.0,0.00012030080054035533,0.0,0.0,16486.0,3.7369958140863344e-11,0.00048019199999999995,2.0,4165.0,0.00024969984400731075
5.0,19.0,0.000300752,6650.0,2.0,0.0001924812803242132,0.0,0.0,16486.0,2.2421974884518004e-11,0.0,0.0,4165.0,0.00014981990640438645
5.0,20.0,0.00075188,6650.0,5.0,0.00041624076819452797,0.000788548,13.0,16486.0,0.0003154192134531849,0.0,0.0,4165.0,8.989194384263187e-05
5.0,21.0,0.000300752,6650.0,2.0,0.0003700452609167168,0.000788548,13.0,16486.0,0.000504670728071911,0.0,0.0,4165.0,5.393516630557912e-05
5.0,22.0,0.0,6650.0,0.0,0.00022202715655003007,0.000121315,2.0,16486.0,0.0003513284368431466,0.000720288,3.0,4165.0,0.0003204762997833475
5.0,23.0,0.000150376,6650.0,1.0,0.00019336669393001804,0.000303288,5.0,16486.0,0.00033211226210588796,0.0,0.0,4165.0,0.0001922857798700085
5.0,24.0,0.0,6650.0,0.0,0.00011602001635801082,0.0,0.0,16486.0,0.00019926735726353276,0.00024009599999999997,1.0,4165.0,0.00021140986792200507
5.0,25.0,0.0,6650.0,0.0,6.961200981480649e-05,0.0,0.0,16486.0,0.00011956041435811965,0.000720288,3.0,4165.0,0.00041496112075320305
5.0,26.0,0.000150376,6650.0,1.0,0.00010191760588888388,0.0,0.0,16486.0,7.173624861487179e-05,0.00024009599999999997,1.0,4165.0,0.0003450150724519218
5.0,27.0,0.0,6650.0,0.0,6.115056353333033e-05,0.0,0.0,16486.0,4.3041749168923075e-05,0.0,0.0,4165.0,0.00020700904347115308
5.0,28.0,0.0,6650.0,0.0,3.6690338119998196e-05,6.0658e-05,1.0,16486.0,5.008824950135385e-05,0.0,0.0,4165.0,0.00012420542608269184
5.0,29.0,0.0,6650.0,0.0,2.2014202871998917e-05,6.0658e-05,1.0,16486.0,5.4316149700812306e-05,0.0,0.0,4165.0,7.45232556496151e-05
5.0,30.0,0.0,6650.0,0.0,1.320852172319935e-05,0.0,0.0,16486.0,3.258968982048738e-05,0.0,0.0,4165.0,4.471395338976906e-05
5.0,31.0,0.0,6650.0,0.0,7.92511303391961e-06,0.0,0.0,16486.0,1.955381389229243e-05,0.0,0.0,4165.0,2.6828372033861435e-05
5.0,32.0,0.0,6650.0,0.0,4.755067820351765e-06,6.0658e-05,1.0,16486.0,3.599548833537546e-05,0.0,0.0,4165.0,1.609702322031686e-05
5.0,33.0,0.0,6650.0,0.0,2.8530406922110593e-06,0.0,0.0,16486.0,2.1597293001225272e-05,0.0,0.0,4165.0,9.658213932190115e-06
5.0,34.0,0.0,6650.0,0.0,1.7118244153266356e-06,0.0,0.0,16486.0,1.2958375800735163e-05,0.0,0.0,4165.0,5.794928359314069e-06
5.0,35.0,0.0,6650.0,0.0,1.0270946491959812e-06,0.0,0.0,16486.0,7.775025480441097e-06,0.0,0.0,4165.0,3.4769570155884414e-06
5.0,36.0,0.0,6650.0,0.0,6.162567895175887e-07,0.0,0.0,16486.0,4.665015288264658e-06,0.0,0.0,4165.0,2.086174209353065e-06
5.0,37.0,0.0,6650.0,0.0,3.697540737105532e-07,0.0,0.0,16486.0,2.7990091729587947e-06,0.0,0.0,4165.0,1.2517045256118388e-06
5.0,38.0,0.0,6650.0,0.0,2.2185244422633193e-07,0.0,0.0,16486.0,1.6794055037752769e-06,0.0,0.0,4165.0,7.510227153671032e-07
5.0,39.0,0.0,6650.0,0.0,1.3311146653579916e-07,0.0,0.0,16486.0,1.007643302265166e-06,0.0,0.0,4165.0,4.5061362922026194e-07
5.0,40.0,0.0,6650.0,0.0,7.98668799214795e-08,0.0,0.0,16486.0,6.045859813590996e-07,0.0,0.0,4165.0,2.7036817753215714e-07
5.0,41.0,0.0,6650.0,0.0,4.79201279528877e-08,0.0,0.0,16486.0,3.627515888154597e-07,0.0,0.0,4165.0,1.6222090651929428e-07
5.0,42.0,0.0,6650.0,0.0,2.8752076771732618e-08,0.0,0.0,16486.0,2.1765095328927582e-07,0.0,0.0,4165.0,9.733254391157657e-08
5.0,43.0,0.0,6650.0,0.0,1.725124606303957e-08,0.0,0.0,16486.0,1.305905719735655e-07,0.0,0.0,4165.0,5.8399526346945934e-08
5.0,44.0,0.0,6650.0,0.0,1.0350747637823742e-08,0.0,0.0,16486.0,7.83543431841393e-08,0.0,0.0,4165.0,3.503971580816756e-08
5.0,45.0,0.0,6650.0,0.0,6.210448582694245e-09,0.0,0.0,16486.0,4.701260591048358e-08,0.0,0.0,4165.0,2.1023829484900536e-08
5.0,46.0,0.0,6650.0,0.0,3.726269149616547e-09,0.0,0.0,16486.0,2.8207563546290147e-08,0.0,0.0,4165.0,1.2614297690940321e-08
5.0,47.0,0.0,6650.0,0.0,2.235761489769928e-09,0.0,0.0,16486.0,1.692453812777409e-08,0.0,0.0,4165.0,7.568578614564192e-09
5.0,48.0,0.0,6650.0,0.0,1.3414568938619568e-09,0.0,0.0,16486.0,1.0154722876664452e-08,0.0,0.0,4165.0,4.541147168738515e-09
5.0,49.0,0.0,6650.0,0.0,8.04874136317174e-10,0.0,0.0,16486.0,6.0928337259986716e-09,0.0,0.0,4165.0,2.724688301243109e-09
5.0,50.0,0.0,6650.0,0.0,4.829244817903044e-10,0.0,0.0,16486.0,3.6557002355992026e-09,0.0,0.0,4165.0,1.6348129807458653e-09
5.0,51.0,0.0,6650.0,0.0,2.897546890741826e-10,0.0,0.0,16486.0,2.1934201413595217e-09,0.0,0.0,4165.0,9.80887788447519e-10
5.0,52.0,0.0,6650.0,0.0,1.7385281344450956e-10,0.0,0.0,16486.0,1.316052084815713e-09,0.0,0.0,4165.0,5.885326730685114e-10
6.0,1.0,0.0,6618.0,0.0,1.0431168806670574e-10,0.0,0.0,16486.0,7.896312508894278e-10,0.0,0.0,4165.0,3.5311960384110685e-10
6.0,2.0,0.0,6618.0,0.0,6.258701284002344e-11,0.0,0.0,16423.0,4.737787505336566e-10,0.0,0.0,4141.0,2.118717623046641e-10
6.0,3.0,0.0,6618.0,0.0,3.755220770401406e-11,0.0,0.0,16423.0,2.8426725032019396e-10,0.0,0.0,4141.0,1.2712305738279845e-10
6.0,4.0,0.0,6618.0,0.0,2.2531324622408437e-11,0.0,0.0,16423.0,1.7056035019211638e-10,0.0,0.0,4141.0,7.627383442967907e-11
6.0,5.0,0.0,6618.0,0.0,1.351879477344506e-11,0.0,0.0,16423.0,1.0233621011526983e-10,0.0,0.0,4141.0,4.5764300657807446e-11
6.0,6.0,0.0,6618.0,0.0,8.111276864067035e-12,0.0,0.0,16423.0,6.140172606916189e-11,0.0,0.0,4141.0,2.7458580394684466e-11
6.0,7.0,0.0,6618.0,0.0,4.866766118440221e-12,0.0,0.0,16423.0,3.684103564149713e-11,0.0,0.0,4141.0,1.647514823681068e-11
6.0,8.0,0.0,6618.0,0.0,2.9200596710641327e-12,0.0,0.0,16423.0,2.210462138489828e-11,0.0,0.0,4141.0,9.885088942086408e-12
6.0,9.0,0.0,6618.0,0.0,1.7520358026384794e-12,6.089e-05,1.0,16423.0,2.4356013262772833e-05,0.0,0.0,4141.0,5.931053365251844e-12
6.0,10.0,0.0,6618.0,0.0,1.0512214815830877e-12,6.089e-05,1.0,16423.0,3.89696079576637e-05,0.0,0.0,4141.0,3.5586320191511066e-12
6.0,11.0,0.0,6618.0,0.0,6.307328889498526e-13,0.00012178,2.0,16423.0,7.209376477459823e-05,0.0,0.0,4141.0,2.1351792114906637e-12
6.0,12.0,0.0,6618.0,0.0,3.7843973336991154e-13,0.00030445099999999996,5.0,16423.0,0.00016503665886475892,0.0,0.0,4141.0,1.2811075268943983e-12
6.0,13.0,0.0,6618.0,0.0,2.270638400219469e-13,0.0015831460000000001,26.0,16423.0,0.0007322803953188554,0.0,0.0,4141.0,7.686645161366389e-13
6.0,14.0,0.0,6618.0,0.0,1.3623830401316813e-13,0.002192048,36.0,16423.0,0.0013161874371913132,0.0,0.0,4141.0,4.611987096819833e-13
6.0,15.0,0.0,6618.0,0.0,8.174298240790087e-14,0.002009377,33.0,16423.0,0.001593463262314788,0.0,0.0,4141.0,2.7671922580919e-13
6.0,16.0,0.0,6618.0,0.0,4.904578944474052e-14,0.000730683,12.0,16423.0,0.0012483511573888727,0.0,0.0,4141.0,1.66031535485514e-13
6.0,17.0,0.00015110299999999998,6618.0,1.0,6.044120002942747e-05,0.000548012,9.0,16423.0,0.0009682154944333236,0.000241488,1.0,4141.0,9.659520009961893e-05
6.0,18.0,0.00015110299999999998,6618.0,1.0,9.670592001765648e-05,0.000669792,11.0,16423.0,0.0008488460966599941,0.0007244630000000001,3.0,4141.0,0.0003477423200597714
6.0,19.0,0.0,6618.0,0.0,5.802355201059388e-05,0.000243561,4.0,16423.0,0.0006067320579959965,0.000241488,1.0,4141.0,0.00030524059203586285
6.0,20.0,0.0,6618.0,0.0,3.481413120635633e-05,0.00042623199999999997,7.0,16423.0,0.0005345320347975979,0.0,0.0,4141.0,0.0001831443552215177
6.0,21.0,0.0,6618.0,0.0,2.0888478723813795e-05,0.000548012,9.0,16423.0,0.0005399240208785587,0.0,0.0,4141.0,0.00010988661313291061
6.0,22.0,0.0,6618.0,0.0,1.2533087234288276e-05,0.0,0.0,16423.0,0.00032395441252713517,0.0,0.0,4141.0,6.593196787974636e-05
6.0,23.0,0.00015110299999999998,6618.0,1.0,6.796105234057297e-05,0.00030445099999999996,5.0,16423.0,0.00031615304751628106,0.0,0.0,4141.0,3.955918072784782e-05
6.0,24.0,0.0,6618.0,0.0,4.077663140434378e-05,0.00018267099999999997,3.0,16423.0,0.00026276022850976863,0.0,0.0,4141.0,2.3735508436708692e-05
6.0,25.0,0.00015110299999999998,6618.0,1.0,8.490717884260626e-05,0.00018267099999999997,3.0,16423.0,0.00023072453710586117,0.0,0.0,4141.0,1.4241305062025215e-05
6.0,26.0,0.0,6618.0,0.0,5.094430730556375e-05,0.00012178,2.0,16423.0,0.0001871467222635167,0.0,0.0,4141.0,8.544783037215128e-06
6.0,27.0,0.0,6618.0,0.0,3.056658438333825e-05,6.089e-05,1.0,16423.0,0.00013664403335811,0.0,0.0,4141.0,5.1268698223290765e-06
6.0,28.0,0.0,6618.0,0.0,1.8339950630002947e-05,6.089e-05,1.0,16423.0,0.000106342420014866,0.0,0.0,4141.0,3.076121893397446e-06
6.0,29.0,0.0,6618.0,0.0,1.1003970378001768e-05,6.089e-05,1.0,16423.0,8.816145200891959e-05,0.000482975,2.0,4141.0,0.00019503567313603848
6.0,30.0,0.0,6618.0,0.0,6.6023822268010604e-06,0.000548012,9.0,16423.0,0.00027210167120535173,0.0,0.0,4141.0,0.00011702140388162308
6.0,31.0,0.0,6618.0,0.0,3.961429336080636e-06,0.000243561,4.0,16423.0,0.00026068540272321104,0.0,0.0,4141.0,7.021284232897385e-05
6.0,32.0,0.0,6618.0,0.0,2.3768576016483816e-06,0.000243561,4.0,16423.0,0.00025383564163392665,0.0,0.0,4141.0,4.212770539738431e-05
6.0,33.0,0.0,6618.0,0.0,1.426114560989029e-06,0.00018267099999999997,3.0,16423.0,0.00022536978498035595,0.0,0.0,4141.0,2.5276623238430583e-05
6.0,34.0,0.0,6618.0,0.0,8.556687365934174e-07,0.00012178,2.0,16423.0,0.00018393387098821358,0.0,0.0,4141.0,1.516597394305835e-05
6.0,35.0,0.0,6618.0,0.0,5.134012419560504e-07,0.00012178,2.0,16423.0,0.00015907232259292813,0.0,0.0,4141.0,9.09958436583501e-06
6.0,36.0,0.0,6618.0,0.0,3.080407451736302e-07,0.0,0.0,16423.0,9.544339355575687e-05,0.000241488,1.0,4141.0,0.00010205495061950101
6.0,37.0,0.0,6618.0,0.0,1.848244471041781e-07,0.0,0.0,16423.0,5.726603613345412e-05,0.0,0.0,4141.0,6.123297037170061e-05
6.0,38.0,0.0,6618.0,0.0,1.1089466826250687e-07,0.0,0.0,16423.0,3.435962168007247e-05,0.0,0.0,4141.0,3.673978222302036e-05
6.0,39.0,0.0,6618.0,0.0,6.653680095750412e-08,0.0,0.0,16423.0,2.0615773008043482e-05,0.0,0.0,4141.0,2.2043869333812214e-05
6.0,40.0,0.0,6618.0,0.0,3.992208057450247e-08,0.0,0.0,16423.0,1.236946380482609e-05,0.0,0.0,4141.0,1.3226321600287328e-05
6.0,41.0,0.0,6618.0,0.0,2.395324834470148e-08,0.0,0.0,16423.0,7.421678282895654e-06,0.0,0.0,4141.0,7.935792960172396e-06
6.0,42.0,0.0,6618.0,0.0,1.4371949006820887e-08,0.0,0.0,16423.0,4.453006969737392e-06,0.0,0.0,4141.0,4.761475776103437e-06
6.0,43.0,0.0,6618.0,0.0,8.623169404092532e-09,0.0,0.0,16423.0,2.671804181842435e-06,0.0,0.0,4141.0,2.8568854656620624e-06
6.0,44.0,0.0,6618.0,0.0,5.1739016424555195e-09,0.0,0.0,16423.0,1.603082509105461e-06,0.0,0.0,4141.0,1.7141312793972374e-06
6.0,45.0,0.0,6618.0,0.0,3.1043409854733117e-09,0.0,0.0,16423.0,9.618495054632766e-07,0.0,0.0,4141.0,1.0284787676383424e-06
6.0,46.0,0.0,6618.0,0.0,1.862604591283987e-09,0.0,0.0,16423.0,5.771097032779659e-07,0.0,0.0,4141.0,6.170872605830054e-07
6.0,47.0,0.0,6618.0,0.0,1.117562754770392e-09,0.0,0.0,16423.0,3.4626582196677955e-07,0.0,0.0,4141.0,3.702523563498032e-07
6.0,48.0,0.0,6618.0,0.0,6.705376528622352e-10,0.0,0.0,16423.0,2.0775949318006773e-07,0.0,0.0,4141.0,2.2215141380988193e-07
6.0,49.0,0.0,6618.0,0.0,4.023225917173411e-10,0.0,0.0,16423.0,1.2465569590804063e-07,0.0,0.0,4141.0,1.3329084828592916e-07
6.0,50.0,0.0,6618.0,0.0,2.413935550304047e-10,0.0,0.0,16423.0,7.479341754482438e-08,0.0,0.0,4141.0,7.997450897155749e-08
6.0,51.0,0.0,6618.0,0.0,1.448361330182428e-10,0.0,0.0,16423.0,4.487605052689463e-08,0.0,0.0,4141.0,4.798470538293449e-08
6.0,52.0,0.0,6618.0,0.0,8.690167981094568e-11,0.0,0.0,16423.0,2.6925630316136777e-08,0.0,0.0,4141.0,2.879082322976069e-08
7.0,1.0,0.0,6657.0,0.0,5.2141007886567405e-11,0.0,0.0,16423.0,1.6155378189682066e-08,0.0,0.0,4141.0,1.7274493937856414e-08
7.0,2.0,0.0,6657.0,0.0,3.128460473194044e-11,0.0,0.0,16446.0,9.69322691380924e-09,0.0,0.0,4116.0,1.0364696362713848e-08
7.0,3.0,0.0,6657.0,0.0,1.8770762839164263e-11,0.0,0.0,16446.0,5.815936148285544e-09,0.0,0.0,4116.0,6.218817817628308e-09
7.0,4.0,0.0,6657.0,0.0,1.1262457703498558e-11,0.0,0.0,16446.0,3.4895616889713264e-09,0.0,0.0,4116.0,3.731290690576985e-09
7.0,5.0,0.0,6657.0,0.0,6.757474622099134e-12,0.0,0.0,16446.0,2.0937370133827956e-09,0.0,0.0,4116.0,2.2387744143461907e-09
7.0,6.0,0.0,6657.0,0.0,4.05448477325948e-12,0.0,0.0,16446.0,1.2562422080296774e-09,0.0,0.0,4116.0,1.3432646486077144e-09
7.0,7.0,0.0,6657.0,0.0,2.432690863955688e-12,0.0,0.0,16446.0,7.537453248178064e-10,0.0,0.0,4116.0,8.059587891646286e-10
7.0,8.0,0.0,6657.0,0.0,1.4596145183734128e-12,0.0,0.0,16446.0,4.522471948906838e-10,0.0,0.0,4116.0,4.835752734987771e-10
7.0,9.0,0.0,6657.0,0.0,8.757687110240476e-13,0.0,0.0,16446.0,2.713483169344103e-10,0.0,0.0,4116.0,2.901451640992663e-10
7.0,10.0,0.0,6657.0,0.0,5.254612266144285e-13,0.0,0.0,16446.0,1.6280899016064618e-10,0.0,0.0,4116.0,1.7408709845955977e-10
7.0,11.0,0.0,6657.0,0.0,3.152767359686571e-13,0.0,0.0,16446.0,9.76853940963877e-11,0.0,0.0,4116.0,1.0445225907573586e-10
7.0,12.0,0.0,6657.0,0.0,1.8916604158119423e-13,0.0,0.0,16446.0,5.861123645783262e-11,0.0,0.0,4116.0,6.267135544544152e-11
7.0,13.0,0.0,6657.0,0.0,1.1349962494871654e-13,0.0,0.0,16446.0,3.516674187469957e-11,0.0,0.0,4116.0,3.760281326726491e-11
7.0,14.0,0.0,6657.0,0.0,6.809977496922992e-14,0.0,0.0,16446.0,2.1100045124819742e-11,0.0,0.0,4116.0,2.2561687960358945e-11
7.0,15.0,0.0,6657.0,0.0,4.0859864981537955e-14,0.0,0.0,16446.0,1.2660027074891845e-11,0.0,0.0,4116.0,1.3537012776215367e-11
7.0,16.0,0.0,6657.0,0.0,2.4515918988922773e-14,0.0,0.0,16446.0,7.596016244935106e-12,0.0,0.0,4116.0,8.12220766572922e-12
7.0,17.0,0.0,6657.0,0.0,1.4709551393353664e-14,0.0,0.0,16446.0,4.5576097469610635e-12,0.0,0.0,4116.0,4.8733245994375324e-12
7.0,18.0,0.0,6657.0,0.0,8.825730836012198e-15,0.0,0.0,16446.0,2.734565848176638e-12,0.0,0.0,4116.0,2.9239947596625195e-12
7.0,19.0,0.0,6657.0,0.0,5.2954385016073185e-15,6.0805e-05,1.0,16446.0,2.432200164073951e-05,0.0,0.0,4116.0,1.7543968557975117e-12
7.0,20.0,0.0,6657.0,0.0,3.177263100964391e-15,0.0,0.0,16446.0,1.4593200984443705e-05,0.0,0.0,4116.0,1.052638113478507e-12
7.0,21.0,0.0,6657.0,0.0,1.9063578605786343e-15,0.0,0.0,16446.0,8.755920590666223e-06,0.0,0.0,4116.0,6.315828680871042e-13
7.0,22.0,0.0,6657.0,0.0,1.1438147163471804e-15,0.0,0.0,16446.0,5.253552354399734e-06,0.0,0.0,4116.0,3.7894972085226247e-13
7.0,23.0,0.0,6657.0,0.0,6.862888298083082e-16,0.0,0.0,16446.0,3.1521314126398405e-06,0.0,0.0,4116.0,2.2736983251135746e-13
7.0,24.0,0.0,6657.0,0.0,4.117732978849849e-16,0.0,0.0,16446.0,1.8912788475839043e-06,0.0,0.0,4116.0,1.3642189950681446e-13
7.0,25.0,0.000300436,6657.0,2.0,0.00012017440000024707,6.0805e-05,1.0,16446.0,2.5456767308550345e-05,0.0,0.0,4116.0,8.185313970408867e-14
7.0,26.0,0.0007510889999999999,6657.0,5.0,0.0003725402400001482,0.000425635,7.0,16446.0,0.0001855280603851302,0.000485909,2.0,4116.0,0.0001943636000491119
7.0,27.0,0.000450653,6657.0,3.0,0.0004037853440000889,0.00024322,4.0,16446.0,0.00020860483623107813,0.0,0.0,4116.0,0.00011661816002946714
7.0,28.0,0.0,6657.0,0.0,0.00024227120640005334,0.000547246,9.0,16446.0,0.00034406130173864687,0.0,0.0,4116.0,6.997089601768028e-05
7.0,29.0,0.000150218,6657.0,1.0,0.000205449923840032,0.000304025,5.0,16446.0,0.0003280467810431881,0.0,0.0,4116.0,4.198253761060817e-05
7.0,30.0,0.0,6657.0,0.0,0.0001232699543040192,0.000729661,12.0,16446.0,0.0004886924686259129,0.0,0.0,4116.0,2.51895225663649e-05
7.0,31.0,0.000450653,6657.0,3.0,0.0002542231725824115,0.001033686,17.0,16446.0,0.0007066898811755478,0.0,0.0,4116.0,1.511371353981894e-05
7.0,32.0,0.0,6657.0,0.0,0.0001525339035494469,0.00048644,8.0,16446.0,0.0006185899287053287,0.000242954,1.0,4116.0,0.00010624982812389137
7.0,33.0,0.0,6657.0,0.0,9.152034212966813e-05,0.0009728810000000001,16.0,16446.0,0.0007603063572231973,0.0007288630000000001,3.0,4116.0,0.0003552950968743349
7.0,34.0,0.0,6657.0,0.0,5.491220527780088e-05,0.000304025,5.0,16446.0,0.0005777938143339184,0.0,0.0,4116.0,0.0002131770581246009
7.0,35.0,0.0,6657.0,0.0,3.2947323166680524e-05,0.00048644,8.0,16446.0,0.000541252288600351,0.0,0.0,4116.0,0.00012790623487476054
7.0,36.0,0.0,6657.0,0.0,1.9768393900008315e-05,0.000182415,3.0,16446.0,0.00039771737316021054,0.000242954,1.0,4116.0,0.00017392534092485634
7.0,37.0,0.0,6657.0,0.0,1.1861036340004989e-05,6.0805e-05,1.0,16446.0,0.0002629524238961263,0.000242954,1.0,4116.0,0.0002015368045549138
7.0,38.0,0.0,6657.0,0.0,7.116621804002993e-06,0.000182415,3.0,16446.0,0.00023073745433767578,0.0,0.0,4116.0,0.00012092208273294828
7.0,39.0,0.0,6657.0,0.0,4.269973082401795e-06,0.0,0.0,16446.0,0.00013844247260260547,0.0,0.0,4116.0,7.255324963976896e-05
7.0,40.0,0.0,6657.0,0.0,2.561983849441077e-06,0.0,0.0,16446.0,8.306548356156329e-05,0.0,0.0,4116.0,4.3531949783861376e-05
7.0,41.0,0.0,6657.0,0.0,1.5371903096646462e-06,0.0,0.0,16446.0,4.983929013693797e-05,0.0,0.0,4116.0,2.6119169870316823e-05
7.0,42.0,0.0,6657.0,0.0,9.223141857987877e-07,0.0,0.0,16446.0,2.990357408216278e-05,0.0,0.0,4116.0,1.5671501922190093e-05
7.0,43.0,0.0,6657.0,0.0,5.533885114792726e-07,0.0,0.0,16446.0,1.794214444929767e-05,0.0,0.0,4116.0,9.402901153314055e-06
7.0,44.0,0.0,6657.0,0.0,3.3203310688756356e-07,0.0,0.0,16446.0,1.0765286669578601e-05,0.0,0.0,4116.0,5.6417406919884324e-06
7.0,45.0,0.0,6657.0,0.0,1.9921986413253812e-07,0.0,0.0,16446.0,6.4591720017471605e-06,0.0,0.0,4116.0,3.385044415193059e-06
7.0,46.0,0.0,6657.0,0.0,1.1953191847952286e-07,0.0,0.0,16446.0,3.875503201048296e-06,0.0,0.0,4116.0,2.0310266491158353e-06
7.0,47.0,0.0,6657.0,0.0,7.171915108771372e-08,0.0,0.0,16446.0,2.325301920628977e-06,0.0,0.0,4116.0,1.2186159894695012e-06
7.0,48.0,0.0,6657.0,0.0,4.3031490652628226e-08,0.0,0.0,16446.0,1.3951811523773862e-06,0.0,0.0,4116.0,7.311695936817007e-07
7.0,49.0,0.0,6657.0,0.0,2.5818894391576936e-08,0.0,0.0,16446.0,8.371086914264317e-07,0.0,0.0,4116.0,4.387017562090204e-07
7.0,50.0,0.0,6657.0,0.0,1.5491336634946162e-08,0.0,0.0,16446.0,5.02265214855859e-07,0.0,0.0,4116.0,2.6322105372541226e-07
7.0,51.0,0.0,6657.0,0.0,9.294801980967697e-09,0.0,0.0,16446.0,3.013591289135154e-07,0.0,0.0,4116.0,1.5793263223524734e-07
7.0,52.0,0.0,6657.0,0.0,5.576881188580618e-09,0.0,0.0,16446.0,1.8081547734810924e-07,0.0,0.0,4116.0,9.47595793411484e-08
8.0,1.0,0.0,6708.0,0.0,3.3461287131483707e-09,0.0,0.0,16446.0,1.0848928640886553e-07,0.0,0.0,4116.0,5.685574760468904e-08
8.0,2.0,0.0,6708.0,0.0,2.0076772278890224e-09,0.0,0.0,16463.0,6.509357184531931e-08,0.0,0.0,4119.0,3.4113448562813424e-08
8.0,3.0,0.0,6708.0,0.0,1.2046063367334134e-09,0.0,0.0,16463.0,3.905614310719159e-08,0.0,0.0,4119.0,2.0468069137688055e-08
8.0,4.0,0.0,6708.0,0.0,7.22763802040048e-10,0.0,0.0,16463.0,2.3433685864314953e-08,0.0,0.0,4119.0,1.2280841482612832e-08
8.0,5.0,0.0,6708.0,0.0,4.336582812240288e-10,0.0,0.0,16463.0,1.4060211518588971e-08,0.0,0.0,4119.0,7.368504889567699e-09
8.0,6.0,0.0,6708.0,0.0,2.6019496873441725e-10,0.0,0.0,16463.0,8.436126911153382e-09,0.0,0.0,4119.0,4.4211029337406195e-09
8.0,7.0,0.0,6708.0,0.0,1.5611698124065035e-10,0.0,0.0,16463.0,5.061676146692029e-09,0.0,0.0,4119.0,2.6526617602443717e-09
8.0,8.0,0.0,6708.0,0.0,9.36701887443902e-11,0.0,0.0,16463.0,3.0370056880152174e-09,0.0,0.0,4119.0,1.591597056146623e-09
8.0,9.0,0.0,6708.0,0.0,5.620211324663412e-11,0.0,0.0,16463.0,1.8222034128091305e-09,0.0,0.0,4119.0,9.549582336879738e-10
8.0,10.0,0.0,6708.0,0.0,3.372126794798047e-11,6.0741999999999995e-05,1.0,16463.0,2.4297893322047687e-05,0.0,0.0,4119.0,5.729749402127843e-10
8.0,11.0,0.0,6708.0,0.0,2.023276076878828e-11,0.0,0.0,16463.0,1.4578735993228612e-05,0.0,0.0,4119.0,3.4378496412767054e-10
8.0,12.0,0.0,6708.0,0.0,1.2139656461272968e-11,0.0,0.0,16463.0,8.747241595937168e-06,0.0,0.0,4119.0,2.0627097847660233e-10
8.0,13.0,0.0,6708.0,0.0,7.28379387676378e-12,0.0,0.0,16463.0,5.2483449575623e-06,0.0,0.0,4119.0,1.2376258708596138e-10
8.0,14.0,0.0,6708.0,0.0,4.3702763260582675e-12,0.0,0.0,16463.0,3.14900697453738e-06,0.0,0.0,4119.0,7.425755225157683e-11
8.0,15.0,0.0,6708.0,0.0,2.6221657956349606e-12,0.0,0.0,16463.0,1.889404184722428e-06,0.0,0.0,4119.0,4.45545313509461e-11
8.0,16.0,0.0,6708.0,0.0,1.5732994773809763e-12,0.0,0.0,16463.0,1.1336425108334568e-06,0.0,0.0,4119.0,2.673271881056766e-11
8.0,17.0,0.0,6708.0,0.0,9.439796864285856e-13,6.0741999999999995e-05,1.0,16463.0,2.4976985506500075e-05,0.000242777,1.0,4119.0,9.71108160396313e-05
8.0,18.0,0.00044722699999999997,6708.0,3.0,0.0001788908005663878,6.0741999999999995e-05,1.0,16463.0,3.9282991303900045e-05,0.000485555,2.0,4119.0,0.0002524884896237788
8.0,19.0,0.002534287,6708.0,17.0,0.0011210492803398328,0.000668165,11.0,16463.0,0.00029083579478234,0.000485555,2.0,4119.0,0.00034571509377426723
8.0,20.0,0.001490757,6708.0,10.0,0.0012689323682038996,0.001032619,17.0,16463.0,0.000587549076869404,0.001699442,7.0,4119.0,0.0008872058562645604
8.0,21.0,0.0008944539999999999,6708.0,6.0,0.0011191410209223397,0.002125979,35.0,16463.0,0.0012029210461216423,0.001942219,8.0,4119.0,0.0013092111137587362
8.0,22.0,0.000149076,6708.0,1.0,0.0007311150125534038,0.0017007839999999999,28.0,16463.0,0.0014020662276729855,0.004127215,17.0,4119.0,0.0024364126682552417
8.0,23.0,0.00029815099999999997,6708.0,2.0,0.0005579294075320423,0.001275588,21.0,16463.0,0.0013514749366037911,0.004855547,20.0,4119.0,0.003404066400953145
8.0,24.0,0.0,6708.0,0.0,0.00033475764451922535,0.00078965,13.0,16463.0,0.0011267449619622749,0.006554989000000001,27.0,4119.0,0.004664435440571888
8.0,25.0,0.0,6708.0,0.0,0.00020085458671153522,0.000668165,11.0,16463.0,0.0009433129771773648,0.0012138869999999999,5.0,4119.0,0.0032842160643431323
8.0,26.0,0.0,6708.0,0.0,0.00012051275202692112,0.000121485,2.0,16463.0,0.0006145817863064189,0.000971109,4.0,4119.0,0.0023589732386058793
8.0,27.0,0.000149076,6708.0,1.0,0.00013193805121615267,0.0,0.0,16463.0,0.0003687490717838513,0.000485555,2.0,4119.0,0.0016096059431635276
8.0,28.0,0.00029815099999999997,6708.0,2.0,0.00019842323072969157,0.0,0.0,16463.0,0.00022124944307031077,0.000242777,1.0,4119.0,0.0010628743658981164
8.0,29.0,0.0,6708.0,0.0,0.00011905393843781494,6.0741999999999995e-05,1.0,16463.0,0.00015704646584218648,0.000242777,1.0,4119.0,0.0007348354195388699
8.0,30.0,0.0,6708.0,0.0,7.143236306268897e-05,0.00042519599999999997,7.0,16463.0,0.00026430627950531187,0.001942219,8.0,4119.0,0.0012177888517233221
8.0,31.0,0.0,6708.0,0.0,4.2859417837613377e-05,0.00042519599999999997,7.0,16463.0,0.00032866216770318713,0.0024277739999999997,10.0,4119.0,0.0017017829110339932
8.0,32.0,0.0,6708.0,0.0,2.5715650702568024e-05,0.000364454,6.0,16463.0,0.0003429789006219123,0.0,0.0,4119.0,0.0010210697466203958
8.0,33.0,0.0,6708.0,0.0,1.5429390421540814e-05,0.0,0.0,16463.0,0.00020578734037314736,0.0,0.0,4119.0,0.0006126418479722375
8.0,34.0,0.0,6708.0,0.0,9.257634252924488e-06,0.0,0.0,16463.0,0.00012347240422388842,0.000242777,1.0,4119.0,0.0004646959087833425
8.0,35.0,0.0,6708.0,0.0,5.554580551754692e-06,0.000121485,2.0,16463.0,0.00012267744253433304,0.0,0.0,4119.0,0.0002788175452700055
8.0,36.0,0.0,6708.0,0.0,3.3327483310528154e-06,0.0,0.0,16463.0,7.360646552059982e-05,0.0,0.0,4119.0,0.00016729052716200332
8.0,37.0,0.0,6708.0,0.0,1.999648998631689e-06,0.0,0.0,16463.0,4.4163879312359894e-05,0.0,0.0,4119.0,0.00010037431629720198
8.0,38.0,0.0,6708.0,0.0,1.1997893991790135e-06,0.0,0.0,16463.0,2.6498327587415937e-05,0.0,0.0,4119.0,6.022458977832119e-05
8.0,39.0,0.0,6708.0,0.0,7.198736395074081e-07,0.0,0.0,16463.0,1.5898996552449563e-05,0.0,0.0,4119.0,3.613475386699271e-05
8.0,40.0,0.0,6708.0,0.0,4.319241837044448e-07,0.0,0.0,16463.0,9.539397931469737e-06,0.0,0.0,4119.0,2.1680852320195628e-05
8.0,41.0,0.0,6708.0,0.0,2.5915451022266685e-07,0.0,0.0,16463.0,5.7236387588818425e-06,0.0,0.0,4119.0,1.3008511392117377e-05
8.0,42.0,0.0,6708.0,0.0,1.554927061336001e-07,0.0,0.0,16463.0,3.4341832553291053e-06,0.0,0.0,4119.0,7.805106835270425e-06
8.0,43.0,0.0,6708.0,0.0,9.329562368016006e-08,0.0,0.0,16463.0,2.0605099531974633e-06,0.0,0.0,4119.0,4.6830641011622545e-06
8.0,44.0,0.0,6708.0,0.0,5.597737420809603e-08,0.0,0.0,16463.0,1.236305971918478e-06,0.0,0.0,4119.0,2.8098384606973524e-06
8.0,45.0,0.0,6708.0,0.0,3.3586424524857616e-08,0.0,0.0,16463.0,7.417835831510867e-07,0.0,0.0,4119.0,1.6859030764184114e-06
8.0,46.0,0.0,6708.0,0.0,2.015185471491457e-08,0.0,0.0,16463.0,4.4507014989065203e-07,0.0,0.0,4119.0,1.0115418458510469e-06
8.0,47.0,0.0,6708.0,0.0,1.209111282894874e-08,0.0,0.0,16463.0,2.670420899343912e-07,0.0,0.0,4119.0,6.069251075106281e-07
8.0,48.0,0.0,6708.0,0.0,7.254667697369244e-09,0.0,0.0,16463.0,1.6022525396063471e-07,0.0,0.0,4119.0,3.641550645063768e-07
8.0,49.0,0.0,6708.0,0.0,4.352800618421547e-09,0.0,0.0,16463.0,9.613515237638083e-08,0.0,0.0,4119.0,2.184930387038261e-07
8.0,50.0,0.0,6708.0,0.0,2.6116803710529277e-09,0.0,0.0,16463.0,5.7681091425828494e-08,0.0,0.0,4119.0,1.3109582322229566e-07
8.0,51.0,0.0,6708.0,0.0,1.5670082226317567e-09,0.0,0.0,16463.0,3.4608654855497094e-08,0.0,0.0,4119.0,7.86574939333774e-08
8.0,52.0,0.0,6708.0,0.0,9.40204933579054e-10,0.0,0.0,16463.0,2.0765192913298256e-08,0.0,0.0,4119.0,4.7194496360026436e-08
9.0,1.0,0.0,6759.0,0.0,5.641229601474323e-10,0.0,0.0,16463.0,1.2459115747978954e-08,0.0,0.0,4119.0,2.831669781601586e-08
9.0,2.0,0.0,6759.0,0.0,3.3847377608845934e-10,0.0,0.0,16480.0,7.475469448787372e-09,0.0,0.0,4122.0,1.6990018689609516e-08
9.0,3.0,0.0,6759.0,0.0,2.030842656530756e-10,0.0,0.0,16480.0,4.485281669272423e-09,0.0,0.0,4122.0,1.0194011213765709e-08
9.0,4.0,0.0,6759.0,0.0,1.2185055939184535e-10,0.0,0.0,16480.0,2.6911690015634537e-09,0.0,0.0,4122.0,6.116406728259425e-09
9.0,5.0,0.0,6759.0,0.0,7.31103356351072e-11,0.0,0.0,16480.0,1.614701400938072e-09,0.0,0.0,4122.0,3.669844036955655e-09
9.0,6.0,0.0,6759.0,0.0,4.386620138106432e-11,0.0,0.0,16480.0,9.688208405628432e-10,0.0,0.0,4122.0,2.2019064221733927e-09
9.0,7.0,0.0,6759.0,0.0,2.6319720828638592e-11,6.068e-05,1.0,16480.0,2.427258129250434e-05,0.0,0.0,4122.0,1.3211438533040357e-09
9.0,8.0,0.0,6759.0,0.0,1.5791832497183155e-11,0.0,0.0,16480.0,1.4563548775502602e-05,0.0,0.0,4122.0,7.926863119824213e-10
9.0,9.0,0.0,6759.0,0.0,9.475099498309893e-12,6.068e-05,1.0,16480.0,3.301012926530156e-05,0.0,0.0,4122.0,4.756117871894527e-10
9.0,10.0,0.0,6759.0,0.0,5.685059698985935e-12,0.0,0.0,16480.0,1.9806077559180933e-05,0.0,0.0,4122.0,2.8536707231367163e-10
9.0,11.0,0.0,6759.0,0.0,3.411035819391561e-12,0.0,0.0,16480.0,1.188364653550856e-05,0.0,0.0,4122.0,1.7122024338820297e-10
9.0,12.0,0.0,6759.0,0.0,2.0466214916349366e-12,0.0,0.0,16480.0,7.130187921305136e-06,0.0,0.0,4122.0,1.0273214603292178e-10
9.0,13.0,0.0,6759.0,0.0,1.227972894980962e-12,0.0,0.0,16480.0,4.278112752783081e-06,0.0,0.0,4122.0,6.163928761975307e-11
9.0,14.0,0.0,6759.0,0.0,7.367837369885772e-13,0.0,0.0,16480.0,2.566867651669849e-06,0.00024260099999999998,1.0,4122.0,9.704043698357257e-05
9.0,15.0,0.0,6759.0,0.0,4.4207024219314627e-13,0.0,0.0,16480.0,1.5401205910019093e-06,0.0,0.0,4122.0,5.822426219014354e-05
9.0,16.0,0.0,6759.0,0.0,2.6524214531588775e-13,6.068e-05,1.0,16480.0,2.5196072354601146e-05,0.0,0.0,4122.0,3.4934557314086124e-05
9.0,17.0,0.0,6759.0,0.0,1.5914528718953263e-13,6.068e-05,1.0,16480.0,3.938964341276069e-05,0.0,0.0,4122.0,2.0960734388451675e-05
9.0,18.0,0.0,6759.0,0.0,9.548717231371958e-14,0.00030339799999999997,5.0,16480.0,0.0001449929860476564,0.000970402,4.0,4122.0,0.00040073724063307105
9.0,19.0,0.000147942,6759.0,1.0,5.917680005729231e-05,0.000546116,9.0,16480.0,0.00030544219162859386,0.0,0.0,4122.0,0.00024044234437984262
9.0,20.0,0.000443827,6759.0,3.0,0.0002130368800343754,0.000546116,9.0,16480.0,0.0004017117149771563,0.0007278019999999999,3.0,4122.0,0.0004353862066279055
9.0,21.0,0.0,6759.0,0.0,0.00012782212802062523,0.001213591,20.0,16480.0,0.0007264634289862939,0.001213003,5.0,4122.0,0.0007464329239767434
9.0,22.0,0.000443827,6759.0,3.0,0.00025422407681237514,0.002002425,33.0,16480.0,0.0012368480573917763,0.001698204,7.0,4122.0,0.001127141354386046
9.0,23.0,0.000887654,6759.0,6.0,0.0005075960460874251,0.001881066,31.0,16480.0,0.001494535234435066,0.003639008,15.0,4122.0,0.0021318880126316277
9.0,24.0,0.000443827,6759.0,3.0,0.0004820884276524551,0.001031552,17.0,16480.0,0.0013093419406610396,0.002183405,9.0,4122.0,0.0021524948075789764
