year,flu week,BR rate,BR pop,BR count,BR weighted rate,LC rate,LC count,LC pop,LC weighted rate,JE rate,JE count,JE pop,JE weighted rate,GA rate,GA count,GA pop,GA weighted rate,ME rate,ME count,ME pop,ME weighted rate
,,,,,0.0,,,,,,,,,,,,,,,,
1.0,1.0,0.0,5637.0,0.0,0.0,,,,0.0,,,,0.0,,,,0.0,,,,0.0
1.0,2.0,0.0,5637.0,0.0,0.0,0.0007236689999999999,46.0,63565.0,0.0007236689999999999,0.0,0.0,11406.0,0.0,8.928299999999999e-05,8.0,89603.0,8.928299999999999e-05,0.0,0.0,1878.0,0.0
1.0,3.0,0.0,5637.0,0.0,0.0,0.000802328,51.0,63565.0,0.0007551325999999999,0.0,0.0,11406.0,0.0,0.00010044299999999999,9.0,89603.0,9.3747e-05,0.0,0.0,1878.0,0.0
1.0,4.0,0.0,5637.0,0.0,0.0,0.001588925,101.0,63565.0,0.00108864956,0.0,0.0,11406.0,0.0,0.00033481,30.0,89603.0,0.0001901722,0.0,0.0,1878.0,0.0
1.0,5.0,0.0,5637.0,0.0,0.0,0.0007865960000000001,50.0,63565.0,0.000967828136,0.0,0.0,11406.0,0.0,0.000502215,45.0,89603.0,0.00031498932,0.0,0.0,1878.0,0.0
1.0,6.0,0.0,5637.0,0.0,0.0,0.00220247,140.0,63565.0,0.0014616848816,0.0,0.0,11406.0,0.0,0.000703101,63.0,89603.0,0.000470233992,0.000532481,1.0,1878.0,0.0002129924
1.0,7.0,0.0,5637.0,0.0,0.0,0.0027845509999999997,177.0,63565.0,0.00199083132896,0.0,0.0,11406.0,0.0,0.004497617,403.0,89603.0,0.0020811871952,0.002129925,4.0,1878.0,0.00097976544
1.0,8.0,0.0,5637.0,0.0,0.0,0.013309211000000001,846.0,63565.0,0.006518183197376,0.0,0.0,11406.0,0.0,0.0047096640000000006,422.0,89603.0,0.0031325779171200003,0.004259850999999999,8.0,1878.0,0.0022917996639999997
1.0,9.0,0.0,5637.0,0.0,0.0,0.008888539,565.0,63565.0,0.0074663255184256,0.0,0.0,11406.0,0.0,0.0012722789999999999,114.0,89603.0,0.002388458350272,0.0,0.0,1878.0,0.0013750797983999997
1.0,10.0,0.0,5637.0,0.0,0.0,0.0032565090000000003,207.0,63565.0,0.005782398911055361,0.0,0.0,11406.0,0.0,0.000803545,72.0,89603.0,0.0017544930101632001,0.000532481,1.0,1878.0,0.00103804027904
1.0,11.0,0.0,5637.0,0.0,0.0,0.0,0.0,63565.0,0.0034694393466332164,0.0,0.0,11406.0,0.0,0.000122764,11.0,89603.0,0.00110180140609792,0.0,0.0,1878.0,0.0006228241674239999
1.0,12.0,0.0,5637.0,0.0,0.0,0.0032565090000000003,207.0,63565.0,0.00338426720797993,0.0,0.0,11406.0,0.0,1.116e-05,1.0,89603.0,0.000665544843658752,0.0,0.0,1878.0,0.0003736945004543999
1.0,13.0,0.0,5637.0,0.0,0.0,0.000692205,44.0,63565.0,0.002307442324787958,0.0,0.0,11406.0,0.0,0.0,0.0,89603.0,0.0003993269061952512,0.0,0.0,1878.0,0.00022421670027263993
1.0,14.0,0.0,5637.0,0.0,0.0,7.866e-05,5.0,63565.0,0.0014159293948727747,0.0,0.0,11406.0,0.0,0.0,0.0,89603.0,0.00023959614371715072,0.0,0.0,1878.0,0.00013453002016358397
1.0,15.0,0.0,5637.0,0.0,0.0,0.00081806,52.0,63565.0,0.0011767816369236649,0.0,0.0,11406.0,0.0,0.0,0.0,89603.0,0.00014375768623029042,0.0,0.0,1878.0,8.071801209815037e-05
1.0,16.0,0.0,5637.0,0.0,0.0,0.000456226,29.0,63565.0,0.0008885593821541989,0.0,0.0,11406.0,0.0,0.0,0.0,89603.0,8.625461173817425e-05,0.0,0.0,1878.0,4.843080725889022e-05
1.0,17.0,0.0,5637.0,0.0,0.0,0.00018878299999999998,12.0,63565.0,0.0006086488292925194,0.0,0.0,11406.0,0.0,0.0,0.0,89603.0,5.175276704290455e-05,0.0,0.0,1878.0,2.9058484355334132e-05
1.0,18.0,0.0,5637.0,0.0,0.0,0.000220247,14.0,63565.0,0.0004532880975755116,0.0,0.0,11406.0,0.0,0.0,0.0,89603.0,3.105166022574273e-05,0.0,0.0,1878.0,1.7435090613200477e-05
1.0,19.0,0.0,5637.0,0.0,0.0,0.00011012299999999999,7.0,63565.0,0.00031602205854530695,0.0,0.0,11406.0,0.0,0.0,0.0,89603.0,1.8630996135445634e-05,0.0,0.0,1878.0,1.0461054367920287e-05
1.0,20.0,0.0,5637.0,0.0,0.0,0.000251711,16.0,63565.0,0.00029029763512718415,0.0,0.0,11406.0,0.0,0.0,0.0,89603.0,1.117859768126738e-05,0.0,0.0,1878.0,6.2766326207521715e-06
1.0,21.0,0.0,5637.0,0.0,0.0,0.000204515,13.0,63565.0,0.0002559845810763105,0.0,0.0,11406.0,0.0,0.0,0.0,89603.0,6.707158608760428e-06,0.0,0.0,1878.0,3.7659795724513026e-06
1.0,22.0,0.0,5637.0,0.0,0.0,0.000456226,29.0,63565.0,0.00033608114864578634,0.0,0.0,11406.0,0.0,0.0,0.0,89603.0,4.024295165256256e-06,0.0,0.0,1878.0,2.2595877434707814e-06
1.0,23.0,0.0,5637.0,0.0,0.0,0.000220247,14.0,63565.0,0.0002897474891874718,0.0,0.0,11406.0,0.0,0.0,0.0,89603.0,2.4145770991537536e-06,0.0,0.0,1878.0,1.3557526460824688e-06
1.0,24.0,0.0,5637.0,0.0,0.0,0.00037756599999999997,24.0,63565.0,0.00032487489351248303,0.0,0.0,11406.0,0.0,0.0,0.0,89603.0,1.4487462594922521e-06,0.0,0.0,1878.0,8.134515876494812e-07
1.0,25.0,0.0,5637.0,0.0,0.0,0.00026744299999999997,17.0,63565.0,0.0003019021361074898,0.0,0.0,11406.0,0.0,0.0,0.0,89603.0,8.692477556953513e-07,0.0,0.0,1878.0,4.880709525896887e-07
1.0,26.0,0.0,5637.0,0.0,0.0,0.000283175,18.0,63565.0,0.0002944112816644939,0.0,0.0,11406.0,0.0,0.0,0.0,89603.0,5.215486534172107e-07,0.0,0.0,1878.0,2.928425715538132e-07
1.0,27.0,0.0,5637.0,0.0,0.0,0.0,0.0,63565.0,0.00017664676899869632,0.0,0.0,11406.0,0.0,0.0,0.0,89603.0,3.1292919205032643e-07,0.0,0.0,1878.0,1.757055429322879e-07
1.0,28.0,0.0,5637.0,0.0,0.0,0.0,0.0,63565.0,0.00010598806139921778,0.0,0.0,11406.0,0.0,0.0,0.0,89603.0,1.8775751523019586e-07,0.0,0.0,1878.0,1.0542332575937274e-07
1.0,29.0,0.0,5637.0,0.0,0.0,0.000503422,32.0,63565.0,0.0002649616368395307,0.0,0.0,11406.0,0.0,0.0,0.0,89603.0,1.1265450913811751e-07,0.0,0.0,1878.0,6.325399545562364e-08
1.0,30.0,0.0,5637.0,0.0,0.0,0.000550617,35.0,63565.0,0.0003792237821037184,0.0,0.0,11406.0,0.0,0.0,0.0,89603.0,6.759270548287051e-08,0.000532481,1.0,1878.0,0.00021303035239727337
1.0,31.0,0.0,5637.0,0.0,0.0,0.000361834,23.0,63565.0,0.00037226786926223106,0.0,0.0,11406.0,0.0,0.0,0.0,89603.0,4.0555623289722304e-08,0.0,0.0,1878.0,0.00012781821143836402
1.0,32.0,0.0,5637.0,0.0,0.0,9.439200000000001e-05,6.0,63565.0,0.0002611175215573386,0.0,0.0,11406.0,0.0,0.0,0.0,89603.0,2.4333373973833382e-08,0.0,0.0,1878.0,7.669092686301841e-05
1.0,33.0,0.0,5637.0,0.0,0.0,0.000220247,14.0,63565.0,0.00024476931293440315,0.0,0.0,11406.0,0.0,4.4641e-05,4.0,89603.0,1.7871000024384302e-05,0.0,0.0,1878.0,4.6014556117811046e-05
1.0,34.0,0.0,5637.0,0.0,0.0,0.00033037,21.0,63565.0,0.0002790095877606419,0.0,0.0,11406.0,0.0,0.0,0.0,89603.0,1.0722600014630581e-05,0.000532481,1.0,1878.0,0.00024060113367068664
1.0,35.0,0.0,5637.0,0.0,0.0,0.000141587,9.0,63565.0,0.00022404055265638515,0.0,0.0,11406.0,0.0,0.0,0.0,89603.0,6.433560008778348e-06,0.0,0.0,1878.0,0.00014436068020241198
1.0,36.0,0.0,5637.0,0.0,0.0,9.439200000000001e-05,6.0,63565.0,0.00017218113159383108,0.0,0.0,11406.0,0.0,0.0,0.0,89603.0,3.860136005267009e-06,0.0,0.0,1878.0,8.661640812144719e-05
1.0,37.0,0.0,5637.0,0.0,0.0,0.000141587,9.0,63565.0,0.00015994347895629865,0.0,0.0,11406.0,0.0,0.0,0.0,89603.0,2.3160816031602053e-06,0.0,0.0,1878.0,5.196984487286831e-05
1.0,38.0,0.0,5637.0,0.0,0.0,9.439200000000001e-05,6.0,63565.0,0.00013372288737377918,0.0,0.0,11406.0,0.0,0.0,0.0,89603.0,1.3896489618961232e-06,0.0,0.0,1878.0,3.118190692372098e-05
1.0,39.0,0.0,5637.0,0.0,0.0,9.439200000000001e-05,6.0,63565.0,0.00011799053242426752,0.0,0.0,11406.0,0.0,0.0,0.0,89603.0,8.33789377137674e-07,0.0,0.0,1878.0,1.8709144154232588e-05
1.0,40.0,0.0,5637.0,0.0,0.0,9.439200000000001e-05,6.0,63565.0,0.00010855111945456051,0.0,0.0,11406.0,0.0,0.0,0.0,89603.0,5.002736262826043e-07,0.0,0.0,1878.0,1.1225486492539552e-05
1.0,41.0,0.0,5637.0,0.0,0.0,0.0,0.0,63565.0,6.51306716727363e-05,0.0,0.0,11406.0,0.0,0.0,0.0,89603.0,3.001641757695626e-07,0.0,0.0,1878.0,6.735291895523731e-06
1.0,42.0,0.0,5637.0,0.0,0.0,0.0,0.0,63565.0,3.9078403003641784e-05,0.0,0.0,11406.0,0.0,0.0,0.0,89603.0,1.8009850546173755e-07,0.0,0.0,1878.0,4.0411751373142385e-06
1.0,43.0,0.0,5637.0,0.0,0.0,0.0,0.0,63565.0,2.344704180218507e-05,0.0,0.0,11406.0,0.0,0.0,0.0,89603.0,1.0805910327704253e-07,0.0,0.0,1878.0,2.424705082388543e-06
1.0,44.0,0.0,5637.0,0.0,0.0,0.0,0.0,63565.0,1.4068225081311042e-05,0.0,0.0,11406.0,0.0,0.0,0.0,89603.0,6.483546196622551e-08,0.0,0.0,1878.0,1.454823049433126e-06
1.0,45.0,0.0,5637.0,0.0,0.0,0.0,0.0,63565.0,8.440935048786624e-06,0.0,0.0,11406.0,0.0,0.0,0.0,89603.0,3.89012771797353e-08,0.0,0.0,1878.0,8.728938296598755e-07
1.0,46.0,0.0,5637.0,0.0,0.0,0.0,0.0,63565.0,5.064561029271974e-06,0.0,0.0,11406.0,0.0,0.0,0.0,89603.0,2.334076630784118e-08,0.0,0.0,1878.0,5.237362977959253e-07
1.0,47.0,0.0,5637.0,0.0,0.0,0.0,0.0,63565.0,3.0387366175631846e-06,0.0,0.0,11406.0,0.0,0.0,0.0,89603.0,1.4004459784704708e-08,0.0,0.0,1878.0,3.142417786775552e-07
1.0,48.0,0.0,5637.0,0.0,0.0,0.0,0.0,63565.0,1.8232419705379106e-06,0.0,0.0,11406.0,0.0,0.0,0.0,89603.0,8.402675870822824e-09,0.0,0.0,1878.0,1.885450672065331e-07
1.0,49.0,0.0,5637.0,0.0,0.0,0.0,0.0,63565.0,1.0939451823227463e-06,0.0,0.0,11406.0,0.0,0.0,0.0,89603.0,5.041605522493694e-09,0.0,0.0,1878.0,1.1312704032391986e-07
1.0,50.0,0.0,5637.0,0.0,0.0,0.0,0.0,63565.0,6.563671093936478e-07,0.0,0.0,11406.0,0.0,0.0,0.0,89603.0,3.0249633134962165e-09,0.0,0.0,1878.0,6.78762241943519e-08
1.0,51.0,0.0,5637.0,0.0,0.0,0.0,0.0,63565.0,3.9382026563618863e-07,0.0,0.0,11406.0,0.0,0.0,0.0,89603.0,1.8149779880977299e-09,0.0,0.0,1878.0,4.072573451661114e-08
1.0,52.0,0.0,5637.0,0.0,0.0,0.0,0.0,63565.0,2.3629215938171318e-07,0.0,0.0,11406.0,0.0,0.0,0.0,89603.0,1.088986792858638e-09,0.0,0.0,1878.0,2.4435440709966686e-08
1.0,53.0,0.0,5637.0,0.0,0.0,0.0,0.0,63565.0,1.417752956290279e-07,0.0,0.0,11406.0,0.0,0.0,0.0,89603.0,6.533920757151827e-10,0.0,0.0,1878.0,1.466126442598001e-08
2.0,1.0,0.0,5729.0,0.0,0.0,0.0,0.0,63565.0,8.506517737741673e-08,0.0,0.0,11406.0,0.0,0.0,0.0,89603.0,3.9203524542910965e-10,0.0,0.0,1878.0,8.796758655588006e-09
2.0,2.0,0.0,5729.0,0.0,0.0,0.0,0.0,64242.0,5.103910642645003e-08,0.0,0.0,11371.0,0.0,0.0,0.0,91295.0,2.3522114725746577e-10,0.0,0.0,1877.0,5.2780551933528035e-09
2.0,3.0,0.0,5729.0,0.0,0.0,0.0,0.0,64242.0,3.0623463855870017e-08,0.0,0.0,11371.0,0.0,0.0,0.0,91295.0,1.4113268835447945e-10,0.0,0.0,1877.0,3.166833116011682e-09
2.0,4.0,0.0,5729.0,0.0,0.0,0.0,0.0,64242.0,1.837407831352201e-08,0.0,0.0,11371.0,0.0,0.0,0.0,91295.0,8.467961301268766e-11,0.0,0.0,1877.0,1.900099869607009e-09
2.0,5.0,0.0,5729.0,0.0,0.0,0.0,0.0,64242.0,1.1024446988113206e-08,0.0,0.0,11371.0,0.0,0.0,0.0,91295.0,5.0807767807612596e-11,0.0,0.0,1877.0,1.1400599217642054e-09
2.0,6.0,0.0,5729.0,0.0,0.0,0.0,0.0,64242.0,6.614668192867924e-09,0.0,0.0,11371.0,0.0,0.0,0.0,91295.0,3.0484660684567556e-11,0.0,0.0,1877.0,6.840359530585232e-10
2.0,7.0,0.0,5729.0,0.0,0.0,0.0,0.0,64242.0,3.9688009157207545e-09,0.0,0.0,11371.0,0.0,0.0,0.0,91295.0,1.8290796410740533e-11,0.0,0.0,1877.0,4.1042157183511387e-10
2.0,8.0,0.0,5729.0,0.0,0.0,0.0,0.0,64242.0,2.381280549432453e-09,0.0,0.0,11371.0,0.0,0.0,0.0,91295.0,1.0974477846444319e-11,0.0,0.0,1877.0,2.462529431010683e-10
2.0,9.0,0.0,5729.0,0.0,0.0,0.0,0.0,64242.0,1.4287683296594717e-09,0.0,0.0,11371.0,0.0,1.0954e-05,1.0,91295.0,4.381606584686708e-06,0.0,0.0,1877.0,1.4775176586064096e-10
2.0,10.0,0.0,5729.0,0.0,0.0,0.0,0.0,64242.0,8.57260997795683e-10,0.0,0.0,11371.0,0.0,0.0,0.0,91295.0,2.6289639508120247e-06,0.0,0.0,1877.0,8.865105951638457e-11
2.0,11.0,0.0,5729.0,0.0,0.0,0.0,0.0,64242.0,5.143565986774098e-10,0.0,0.0,11371.0,0.0,1.0954e-05,1.0,91295.0,5.958978370487215e-06,0.0,0.0,1877.0,5.319063570983074e-11
2.0,12.0,0.0,5729.0,0.0,0.0,0.0,0.0,64242.0,3.086139592064459e-10,0.0,0.0,11371.0,0.0,1.0954e-05,1.0,91295.0,7.95698702229233e-06,0.0,0.0,1877.0,3.191438142589844e-11
2.0,13.0,0.0,5729.0,0.0,0.0,0.0,0.0,64242.0,1.851683755238675e-10,0.0,0.0,11371.0,0.0,0.0,0.0,91295.0,4.774192213375398e-06,0.0,0.0,1877.0,1.9148628855539065e-11
2.0,14.0,0.0,5729.0,0.0,0.0,0.0,0.0,64242.0,1.111010253143205e-10,0.0,0.0,11371.0,0.0,1.0954e-05,1.0,91295.0,7.2461153280252395e-06,0.0,0.0,1877.0,1.1489177313323439e-11
2.0,15.0,0.0,5729.0,0.0,0.0,0.0,0.0,64242.0,6.66606151885923e-11,0.0,0.0,11371.0,0.0,2.1907e-05,2.0,91295.0,1.3110469196815144e-05,0.0,0.0,1877.0,6.893506387994063e-12
2.0,16.0,0.0,5729.0,0.0,0.0,1.5566e-05,1.0,64242.0,6.226439996369113e-06,0.0,0.0,11371.0,0.0,3.2860999999999996e-05,3.0,91295.0,2.1010681518089085e-05,0.0,0.0,1877.0,4.136103832796438e-12
2.0,17.0,0.0,5729.0,0.0,0.0,0.000326889,21.0,64242.0,0.00013449146399782149,0.0,0.0,11371.0,0.0,3.2860999999999996e-05,3.0,91295.0,2.575080891085345e-05,0.0,0.0,1877.0,2.4816622996778627e-12
2.0,18.0,0.0,5729.0,0.0,0.0,0.00026462400000000003,17.0,64242.0,0.00018654447839869292,0.0,0.0,11371.0,0.0,0.000602443,55.0,91295.0,0.0002564276853465121,0.0,0.0,1877.0,1.4889973798067176e-12
2.0,19.0,0.0,5729.0,0.0,0.0,0.000591513,38.0,64242.0,0.00034853188703921575,0.0,0.0,11371.0,0.0,0.000525768,48.0,91295.0,0.0003641638112079073,0.0,0.0,1877.0,8.933984278840305e-13
2.0,20.0,0.0,5729.0,0.0,0.0,0.00046698400000000004,30.0,64242.0,0.0003959127322235295,0.0,0.0,11371.0,0.0,1.0954e-05,1.0,91295.0,0.00022287988672474438,0.0,0.0,1877.0,5.360390567304183e-13
2.0,21.0,0.0,5729.0,0.0,0.0,0.000295757,19.0,64242.0,0.0003558504393341177,0.0,0.0,11371.0,0.0,0.00043814,40.0,91295.0,0.00030898393203484663,0.0,0.0,1877.0,3.2162343403825097e-13
2.0,22.0,0.0,5729.0,0.0,0.0,0.000435852,28.0,64242.0,0.00038785106360047063,0.0,0.0,11371.0,0.0,0.000383373,35.0,91295.0,0.000338739559220908,0.0,0.0,1877.0,1.9297406042295057e-13
2.0,23.0,0.0,5729.0,0.0,0.0,0.00048255,31.0,64242.0,0.00042573063816028235,0.0,0.0,11371.0,0.0,0.000284791,26.0,91295.0,0.0003171601355325448,0.0,0.0,1877.0,1.1578443625377034e-13
2.0,24.0,0.0,5729.0,0.0,0.0,0.000653778,42.0,64242.0,0.0005169495828961694,0.0,0.0,11371.0,0.0,0.000306698,28.0,91295.0,0.00031297528131952687,0.0,0.0,1877.0,6.94706617522622e-14
2.0,25.0,0.0,5729.0,0.0,0.0,0.00088727,57.0,64242.0,0.0006650777497377016,0.0,0.0,11371.0,0.0,0.000361466,33.0,91295.0,0.0003323715687917161,0.0,0.0,1877.0,4.1682397051357315e-14
2.0,26.0,0.0,5729.0,0.0,0.0,0.0019457679999999998,125.0,64242.0,0.0011773538498426209,0.000615601,7.0,11371.0,0.00024624040000000003,0.000427187,39.0,91295.0,0.00037029774127502965,0.0,0.0,1877.0,2.500943823081439e-14
2.0,27.0,0.0,5729.0,0.0,0.0,1.5566e-05,1.0,64242.0,0.0007126387099055725,0.000791487,9.0,11371.0,0.00046433904000000003,0.000361466,33.0,91295.0,0.00036676504476501777,0.0,0.0,1877.0,1.5005662938488633e-14
2.0,28.0,0.0,5729.0,0.0,0.0,0.002163694,139.0,64242.0,0.0012930608259433436,0.000967373,11.0,11371.0,0.000665552624,0.000284791,26.0,91295.0,0.0003339754268590107,0.000532765,1.0,1877.0,0.00021310600000900342
2.0,29.0,0.00017455099999999998,5729.0,1.0,6.982039999999999e-05,0.002039164,131.0,64242.0,0.0015915020955660061,0.001407088,16.0,11371.0,0.0009621667744,0.000175256,16.0,91295.0,0.0002704876561154064,0.0,0.0,1877.0,0.00012786360000540206
2.0,30.0,0.0,5729.0,0.0,4.1892239999999994e-05,0.001074064,69.0,64242.0,0.0013845268573396037,0.00175886,20.0,11371.0,0.0012808440646400001,0.000142396,13.0,91295.0,0.00021925099366924383,0.0,0.0,1877.0,7.671816000324123e-05
2.0,31.0,0.0,5729.0,0.0,2.5135343999999997e-05,0.001229725,79.0,64242.0,0.0013226061144037621,0.0,0.0,11371.0,0.0007685064387840001,7.6675e-05,7.0,91295.0,0.0001622205962015463,0.0,0.0,1877.0,4.6030896001944736e-05
2.0,32.0,0.0,5729.0,0.0,1.5081206399999997e-05,0.0,0.0,64242.0,0.0007935636686422573,0.0,0.0,11371.0,0.0004611038632704,4.3814e-05,4.0,91295.0,0.00011485795772092779,0.0,0.0,1877.0,2.761853760116684e-05
2.0,33.0,0.0,5729.0,0.0,9.048723839999997e-06,0.0011051960000000001,71.0,64242.0,0.0009182166011853544,0.0,0.0,11371.0,0.00027666231796224,1.0954e-05,1.0,91295.0,7.329637463255668e-05,0.0,0.0,1877.0,1.65711225607001e-05
2.0,34.0,0.0,5729.0,0.0,5.429234303999998e-06,0.0,0.0,64242.0,0.0005509299607112126,0.0,0.0,11371.0,0.00016599739077734397,0.0,0.0,91295.0,4.3977824779534006e-05,0.0,0.0,1877.0,9.94267353642006e-06
2.0,35.0,0.0,5729.0,0.0,3.257540582399999e-06,0.0,0.0,64242.0,0.0003305579764267276,0.0,0.0,11371.0,9.959843446640638e-05,0.0,0.0,91295.0,2.6386694867720402e-05,0.0,0.0,1877.0,5.965604121852036e-06
2.0,36.0,0.0,5729.0,0.0,1.954524349439999e-06,0.0,0.0,64242.0,0.00019833478585603656,0.0,0.0,11371.0,5.975906067984382e-05,0.0,0.0,91295.0,1.583201692063224e-05,0.0,0.0,1877.0,3.579362473111221e-06
2.0,37.0,0.0,5729.0,0.0,1.1727146096639995e-06,0.0,0.0,64242.0,0.00011900087151362194,0.0,0.0,11371.0,3.5855436407906294e-05,0.0,0.0,91295.0,9.499210152379345e-06,0.0,0.0,1877.0,2.1476174838667324e-06
2.0,38.0,0.0,5729.0,0.0,7.036287657983997e-07,3.1132e-05,2.0,64242.0,8.385332290817315e-05,0.0,0.0,11371.0,2.1513261844743776e-05,0.0,0.0,91295.0,5.699526091427607e-06,0.0,0.0,1877.0,1.2885704903200395e-06
2.0,39.0,0.0,5729.0,0.0,4.221772594790398e-07,0.0,0.0,64242.0,5.031199374490389e-05,0.0,0.0,11371.0,1.2907957106846265e-05,0.0,0.0,91295.0,3.419715654856564e-06,0.0,0.0,1877.0,7.731422941920237e-07
2.0,40.0,0.0,5729.0,0.0,2.533063556874239e-07,0.0,0.0,64242.0,3.0187196246942332e-05,0.0,0.0,11371.0,7.74477426410776e-06,0.0,0.0,91295.0,2.0518293929139383e-06,0.0,0.0,1877.0,4.638853765152142e-07
2.0,41.0,0.0,5729.0,0.0,1.5198381341245433e-07,0.0,0.0,64242.0,1.8112317748165397e-05,0.0,0.0,11371.0,4.646864558464655e-06,0.0,0.0,91295.0,1.2310976357483629e-06,0.0,0.0,1877.0,2.7833122590912854e-07
2.0,42.0,0.0,5729.0,0.0,9.11902880474726e-08,0.0,0.0,64242.0,1.0867390648899238e-05,0.0,0.0,11371.0,2.788118735078793e-06,0.0,0.0,91295.0,7.386585814490177e-07,0.0,0.0,1877.0,1.669987355454771e-07
2.0,43.0,0.0,5729.0,0.0,5.471417282848355e-08,0.0,0.0,64242.0,6.520434389339543e-06,0.0,0.0,11371.0,1.6728712410472757e-06,0.0,0.0,91295.0,4.431951488694106e-07,0.0,0.0,1877.0,1.0019924132728626e-07
2.0,44.0,0.0,5729.0,0.0,3.282850369709013e-08,0.0,0.0,64242.0,3.912260633603726e-06,0.0,0.0,11371.0,1.0037227446283654e-06,0.0,0.0,91295.0,2.659170893216463e-07,0.0,0.0,1877.0,6.011954479637176e-08
2.0,45.0,0.0,5729.0,0.0,1.9697102218254077e-08,0.0,0.0,64242.0,2.3473563801622355e-06,0.0,0.0,11371.0,6.022336467770192e-07,0.0,0.0,91295.0,1.595502535929878e-07,0.0,0.0,1877.0,3.607172687782306e-08
2.0,46.0,0.0,5729.0,0.0,1.1818261330952446e-08,0.0,0.0,64242.0,1.4084138280973414e-06,0.0,0.0,11371.0,3.6134018806621153e-07,0.0,0.0,91295.0,9.573015215579267e-08,0.0,0.0,1877.0,2.1643036126693834e-08
2.0,47.0,0.0,5729.0,0.0,7.090956798571467e-09,0.0,0.0,64242.0,8.450482968584048e-07,0.0,0.0,11371.0,2.1680411283972691e-07,0.0,0.0,91295.0,5.74380912934756e-08,0.0,0.0,1877.0,1.29858216760163e-08
2.0,48.0,0.0,5729.0,0.0,4.2545740791428805e-09,0.0,0.0,64242.0,5.070289781150429e-07,0.0,0.0,11371.0,1.3008246770383614e-07,0.0,0.0,91295.0,3.446285477608536e-08,0.0,0.0,1877.0,7.791493005609779e-09
2.0,49.0,0.0,5729.0,0.0,2.552744447485728e-09,0.0,0.0,64242.0,3.0421738686902574e-07,0.0,0.0,11371.0,7.804948062230168e-08,0.0,0.0,91295.0,2.0677712865651214e-08,0.0,0.0,1877.0,4.674895803365867e-09
2.0,50.0,0.0,5729.0,0.0,1.5316466684914368e-09,0.0,0.0,64242.0,1.8253043212141544e-07,0.0,0.0,11371.0,4.6829688373381007e-08,0.0,0.0,91295.0,1.2406627719390729e-08,0.0,0.0,1877.0,2.80493748201952e-09
2.0,51.0,0.0,5729.0,0.0,9.189880010948621e-10,0.0,0.0,64242.0,1.0951825927284926e-07,0.0,0.0,11371.0,2.8097813024028602e-08,0.0,0.0,91295.0,7.443976631634437e-09,0.0,0.0,1877.0,1.682962489211712e-09
2.0,52.0,0.0,5729.0,0.0,5.513928006569172e-10,0.0,0.0,64242.0,6.571095556370955e-08,0.0,0.0,11371.0,1.685868781441716e-08,0.0,0.0,91295.0,4.466385978980662e-09,0.0,0.0,1877.0,1.0097774935270272e-09
3.0,1.0,0.0,5763.0,0.0,3.3083568039415033e-10,0.0,0.0,64242.0,3.942657333822573e-08,0.0,0.0,11371.0,1.0115212688650296e-08,0.0,0.0,91295.0,2.6798315873883973e-09,0.0,0.0,1877.0,6.058664961162163e-10
3.0,2.0,0.0,5763.0,0.0,1.9850140823649019e-10,0.0,0.0,64722.0,2.3655944002935435e-08,0.0,0.0,11317.0,6.069127613190177e-09,0.0,0.0,92506.0,1.6078989524330383e-09,0.0,0.0,1887.0,3.6351989766972977e-10
3.0,3.0,0.0,5763.0,0.0,1.191008449418941e-10,0.0,0.0,64722.0,1.419356640176126e-08,0.0,0.0,11317.0,3.641476567914106e-09,0.0,0.0,92506.0,9.64739371459823e-10,0.0,0.0,1887.0,2.1811193860183785e-10
3.0,4.0,0.0,5763.0,0.0,7.146050696513646e-11,0.0,0.0,64722.0,8.516139841056756e-09,0.0,0.0,11317.0,2.1848859407484636e-09,0.0,0.0,92506.0,5.788436228758938e-10,0.0,0.0,1887.0,1.308671631611027e-10
3.0,5.0,0.0,5763.0,0.0,4.287630417908188e-11,0.0,0.0,64722.0,5.109683904634053e-09,0.0,0.0,11317.0,1.310931564449078e-09,0.0,0.0,92506.0,3.473061737255363e-10,0.0,0.0,1887.0,7.852029789666163e-11
3.0,6.0,0.0,5763.0,0.0,2.5725782507449126e-11,0.0,0.0,64722.0,3.0658103427804316e-09,0.0,0.0,11317.0,7.865589386694469e-10,0.0,0.0,92506.0,2.0838370423532177e-10,0.0,0.0,1887.0,4.7112178737996975e-11
3.0,7.0,0.0,5763.0,0.0,1.5435469504469476e-11,0.0,0.0,64722.0,1.839486205668259e-09,0.0,0.0,11317.0,4.71935363201668e-10,0.0,0.0,92506.0,1.2503022254119307e-10,0.0,0.0,1887.0,2.8267307242798182e-11
3.0,8.0,0.0,5763.0,0.0,9.261281702681684e-12,0.0,0.0,64722.0,1.1036917234009553e-09,0.0,0.0,11317.0,2.8316121792100084e-10,0.0,0.0,92506.0,7.501813352471584e-11,0.0,0.0,1887.0,1.6960384345678908e-11
3.0,9.0,0.0,5763.0,0.0,5.556769021609011e-12,0.0,0.0,64722.0,6.622150340405732e-10,0.0,0.0,11317.0,1.698967307526005e-10,0.0,0.0,92506.0,4.50108801148295e-11,0.0,0.0,1887.0,1.0176230607407345e-11
3.0,10.0,0.0,5763.0,0.0,3.3340614129654063e-12,0.0,0.0,64722.0,3.973290204243439e-10,0.0,0.0,11317.0,1.0193803845156029e-10,0.0,0.0,92506.0,2.70065280688977e-11,0.0,0.0,1887.0,6.105738364444407e-12
3.0,11.0,0.0,5763.0,0.0,2.0004368477792435e-12,0.0,0.0,64722.0,2.3839741225460635e-10,0.0,0.0,11317.0,6.116282307093617e-11,0.0,0.0,92506.0,1.6203916841338618e-11,0.0,0.0,1887.0,3.6634430186666445e-12
3.0,12.0,0.0,5763.0,0.0,1.200262108667546e-12,0.0,0.0,64722.0,1.430384473527638e-10,0.0,0.0,11317.0,3.66976938425617e-11,0.0,0.0,92506.0,9.72235010480317e-12,0.0,0.0,1887.0,2.1980658111999865e-12
3.0,13.0,0.0,5763.0,0.0,7.201572652005276e-13,0.0,0.0,64722.0,8.582306841165828e-11,0.0,0.0,11317.0,2.201861630553702e-11,0.0,0.0,92506.0,5.8334100628819025e-12,0.0,0.0,1887.0,1.3188394867199919e-12
3.0,14.0,0.0,5763.0,0.0,4.3209435912031654e-13,0.0,0.0,64722.0,5.149384104699496e-11,0.0,0.0,11317.0,1.321116978332221e-11,2.162e-05,2.0,92506.0,8.648003500046038e-06,0.0,0.0,1887.0,7.913036920319951e-13
3.0,15.0,0.0,5763.0,0.0,2.592566154721899e-13,0.0,0.0,64722.0,3.0896304628196975e-11,0.0,0.0,11317.0,7.926701869993327e-12,0.0,0.0,92506.0,5.188802100027623e-06,0.0,0.0,1887.0,4.74782215219197e-13
3.0,16.0,0.0,5763.0,0.0,1.5555396928331394e-13,0.0,0.0,64722.0,1.8537782776918185e-11,0.0,0.0,11317.0,4.7560211219959955e-12,0.0,0.0,92506.0,3.113281260016574e-06,0.0,0.0,1887.0,2.848693291315182e-13
3.0,17.0,0.0,5763.0,0.0,9.333238156998837e-14,0.0,0.0,64722.0,1.112266966615091e-11,0.0,0.0,11317.0,2.853612673197597e-12,0.0,0.0,92506.0,1.8679687560099443e-06,0.0,0.0,1887.0,1.7092159747891092e-13
3.0,18.0,0.0,5763.0,0.0,5.5999428941993016e-14,0.0,0.0,64722.0,6.673601799690546e-12,0.0,0.0,11317.0,1.7121676039185583e-12,0.0,0.0,92506.0,1.1207812536059665e-06,0.0,0.0,1887.0,1.0255295848734654e-13
3.0,19.0,0.0,5763.0,0.0,3.3599657365195806e-14,0.0,0.0,64722.0,4.004161079814327e-12,0.0,0.0,11317.0,1.027300562351135e-12,0.0,0.0,92506.0,6.724687521635799e-07,0.0,0.0,1887.0,6.153177509240792e-14
3.0,20.0,0.0,5763.0,0.0,2.0159794419117484e-14,1.5450999999999998e-05,1.0,64722.0,6.180402402496647e-06,8.8363e-05,1.0,11317.0,3.534520061638034e-05,0.0,0.0,92506.0,4.034812512981479e-07,0.0,0.0,1887.0,3.691906505544475e-14
3.0,21.0,0.0,5763.0,0.0,1.209587665147049e-14,0.000324465,21.0,64722.0,0.00013349424144149799,0.0,0.0,11317.0,2.1207120369828205e-05,1.081e-05,1.0,92506.0,4.566088750778889e-06,0.0,0.0,1887.0,2.2151439033266847e-14
3.0,22.0,0.0,5763.0,0.0,7.257525990882293e-15,0.000293563,19.0,64722.0,0.0001975217448648988,0.0,0.0,11317.0,1.2724272221896923e-05,2.162e-05,2.0,92506.0,1.1387653250467335e-05,0.0,0.0,1887.0,1.3290863419960107e-14
3.0,23.0,0.0,5763.0,0.0,4.3545155945293755e-15,0.00021631,14.0,64722.0,0.00020503704691893926,0.0,0.0,11317.0,7.634563333138153e-06,1.081e-05,1.0,92506.0,1.1156591950280402e-05,0.0,0.0,1887.0,7.974518051976064e-15
3.0,24.0,0.0,5763.0,0.0,2.612709356717625e-15,0.00015450700000000002,10.0,64722.0,0.00018482502815136357,0.0,0.0,11317.0,4.580737999882892e-06,1.081e-05,1.0,92506.0,1.101795517016824e-05,0.0,0.0,1887.0,4.7847108311856385e-15
3.0,25.0,0.0,5763.0,0.0,1.567625614030575e-15,0.000108155,7.0,64722.0,0.00015415701689081813,0.0,0.0,11317.0,2.748442799929735e-06,1.081e-05,1.0,92506.0,1.0934773102100943e-05,0.0,0.0,1887.0,2.870826498711383e-15
3.0,26.0,0.0,5763.0,0.0,9.40575368418345e-16,3.0901e-05,2.0,64722.0,0.00010485461013449087,0.0,0.0,11317.0,1.6490656799578409e-06,5.4051e-05,5.0,92506.0,2.8181263861260566e-05,0.0,0.0,1887.0,1.7224958992268298e-15
3.0,27.0,0.0,5763.0,0.0,5.643452210510069e-16,7.7253e-05,5.0,64722.0,9.381396608069452e-05,0.0,0.0,11317.0,9.894394079747044e-07,5.4051e-05,5.0,92506.0,3.8529158316756335e-05,0.0,0.0,1887.0,1.0334975395360979e-15
3.0,28.0,0.0,5763.0,0.0,3.3860713263060417e-16,0.000139056,9.0,64722.0,0.00011191077964841671,0.0,0.0,11317.0,5.936636447848227e-07,2.162e-05,2.0,92506.0,3.17654949900538e-05,0.0,0.0,1887.0,6.200985237216587e-16
3.0,29.0,0.0,5763.0,0.0,2.031642795783625e-16,0.000108155,7.0,64722.0,0.00011040846778905003,0.0,0.0,11317.0,3.561981868708936e-07,2.162e-05,2.0,92506.0,2.7707296994032277e-05,0.0,0.0,1887.0,3.720591142329952e-16
3.0,30.0,0.0,5763.0,0.0,1.218985677470175e-16,0.00023176,15.0,64722.0,0.00015894908067343,0.0,0.0,11317.0,2.1371891212253616e-07,7.5671e-05,7.0,92506.0,4.689277819641937e-05,0.0,0.0,1887.0,2.232354685397971e-16
3.0,31.0,0.0,5763.0,0.0,7.313914064821049e-17,0.000339915,22.0,64722.0,0.00023133544840405802,0.0,0.0,11317.0,1.282313472735217e-07,7.5671e-05,7.0,92506.0,5.840406691785162e-05,0.0,0.0,1887.0,1.3394128112387825e-16
3.0,32.0,0.0,5763.0,0.0,4.3883484388926297e-17,0.0,0.0,64722.0,0.00013880126904243482,0.0,0.0,11317.0,7.693880836411302e-08,7.5671e-05,7.0,92506.0,6.531084015071097e-05,0.0,0.0,1887.0,8.036476867432694e-17
3.0,33.0,0.0,5763.0,0.0,2.6330090633355778e-17,0.000169958,11.0,64722.0,0.0001512639614254609,0.0,0.0,11317.0,4.6163285018467816e-08,0.00012972100000000001,12.0,92506.0,9.107490409042659e-05,0.0,0.0,1887.0,4.821886120459617e-17
3.0,34.0,0.0,5763.0,0.0,1.5798054380013465e-17,3.0901e-05,2.0,64722.0,0.00010311877685527653,0.0,0.0,11317.0,2.7697971011080688e-08,6.4861e-05,6.0,92506.0,8.058934245425595e-05,0.0,0.0,1887.0,2.8931316722757696e-17
3.0,35.0,0.0,5763.0,0.0,9.478832628008078e-18,0.0,0.0,64722.0,6.187126611316592e-05,0.0,0.0,11317.0,1.6618782606648413e-08,0.0,0.0,92506.0,4.835360547255357e-05,0.0,0.0,1887.0,1.7358790033654617e-17
3.0,36.0,0.0,5763.0,0.0,5.687299576804847e-18,3.0901e-05,2.0,64722.0,4.948315966789955e-05,0.0,0.0,11317.0,9.971269563989048e-09,0.0,0.0,92506.0,2.9012163283532138e-05,0.0,0.0,1887.0,1.041527402019277e-17
3.0,37.0,0.0,5763.0,0.0,3.412379746082908e-18,0.0,0.0,64722.0,2.968989580073973e-05,0.0,0.0,11317.0,5.982761738393428e-09,0.0,0.0,92506.0,1.7407297970119283e-05,0.0,0.0,1887.0,6.249164412115662e-18
3.0,38.0,0.0,5763.0,0.0,2.047427847649745e-18,1.5450999999999998e-05,1.0,64722.0,2.3994337480443836e-05,0.0,0.0,11317.0,3.5896570430360567e-09,0.0,0.0,92506.0,1.0444378782071569e-05,0.0,0.0,1887.0,3.749498647269397e-18
3.0,39.0,0.0,5763.0,0.0,1.2284567085898469e-18,7.7253e-05,5.0,64722.0,4.5297802488266305e-05,0.0,0.0,11317.0,2.153794225821634e-09,0.0,0.0,92506.0,6.266627269242941e-06,0.0,0.0,1887.0,2.2496991883616383e-18
3.0,40.0,0.0,5763.0,0.0,7.370740251539081e-19,0.0,0.0,64722.0,2.717868149295978e-05,0.0,0.0,11317.0,1.2922765354929804e-09,0.0,0.0,92506.0,3.759976361545764e-06,0.0,0.0,1887.0,1.3498195130169829e-18
3.0,41.0,0.0,5763.0,0.0,4.422444150923449e-19,0.0,0.0,64722.0,1.630720889577587e-05,0.0,0.0,11317.0,7.753659212957883e-10,0.0,0.0,92506.0,2.2559858169274586e-06,0.0,0.0,1887.0,8.098917078101897e-19
3.0,42.0,0.0,5763.0,0.0,2.653466490554069e-19,0.0,0.0,64722.0,9.784325337465521e-06,0.0,0.0,11317.0,4.652195527774729e-10,0.0,0.0,92506.0,1.353591490156475e-06,0.0,0.0,1887.0,4.859350246861138e-19
3.0,43.0,0.0,5763.0,0.0,1.5920798943324415e-19,0.0,0.0,64722.0,5.8705952024793126e-06,0.0,0.0,11317.0,2.7913173166648376e-10,0.0,0.0,92506.0,8.12154894093885e-07,0.0,0.0,1887.0,2.9156101481166827e-19
3.0,44.0,0.0,5763.0,0.0,9.552479365994648e-20,0.0,0.0,64722.0,3.5223571214875875e-06,0.0,0.0,11317.0,1.6747903899989026e-10,0.0,0.0,92506.0,4.87292936456331e-07,0.0,0.0,1887.0,1.7493660888700096e-19
3.0,45.0,0.0,5763.0,0.0,5.731487619596789e-20,0.0,0.0,64722.0,2.1134142728925526e-06,0.0,0.0,11317.0,1.0048742339993416e-10,0.0,0.0,92506.0,2.923757618737986e-07,0.0,0.0,1887.0,1.0496196533220057e-19
3.0,46.0,0.0,5763.0,0.0,3.438892571758073e-20,0.0,0.0,64722.0,1.2680485637355315e-06,0.0,0.0,11317.0,6.029245403996049e-11,0.0,0.0,92506.0,1.7542545712427915e-07,0.0,0.0,1887.0,6.297717919932034e-20
3.0,47.0,0.0,5763.0,0.0,2.0633355430548436e-20,0.0,0.0,64722.0,7.608291382413189e-07,0.0,0.0,11317.0,3.617547242397629e-11,0.0,0.0,92506.0,1.0525527427456749e-07,0.0,0.0,1887.0,3.7786307519592203e-20
3.0,48.0,0.0,5763.0,0.0,1.2380013258329061e-20,0.0,0.0,64722.0,4.564974829447913e-07,0.0,0.0,11317.0,2.1705283454385774e-11,0.0,0.0,92506.0,6.315316456474049e-08,0.0,0.0,1887.0,2.2671784511755322e-20
3.0,49.0,0.0,5763.0,0.0,7.428007954997436e-21,0.0,0.0,64722.0,2.738984897668748e-07,0.0,0.0,11317.0,1.3023170072631465e-11,0.0,0.0,92506.0,3.789189873884429e-08,0.0,0.0,1887.0,1.360307070705319e-20
3.0,50.0,0.0,5763.0,0.0,4.4568047729984616e-21,0.0,0.0,64722.0,1.6433909386012487e-07,0.0,0.0,11317.0,7.813902043578878e-12,0.0,0.0,92506.0,2.273513924330657e-08,0.0,0.0,1887.0,8.161842424231914e-21
3.0,51.0,0.0,5763.0,0.0,2.6740828637990768e-21,0.0,0.0,64722.0,9.860345631607492e-08,0.0,0.0,11317.0,4.688341226147327e-12,0.0,0.0,92506.0,1.3641083545983941e-08,0.0,0.0,1887.0,4.897105454539148e-21
3.0,52.0,0.0,5763.0,0.0,1.604449718279446e-21,0.0,0.0,64722.0,5.9162073789644954e-08,0.0,0.0,11317.0,2.8130047356883962e-12,0.0,0.0,92506.0,8.184650127590364e-09,0.0,0.0,1887.0,2.9382632727234887e-21
4.0,1.0,0.0,5681.0,0.0,9.626698309676676e-22,0.0,0.0,64722.0,3.549724427378697e-08,0.0,0.0,11317.0,1.6878028414130376e-12,0.0,0.0,92506.0,4.910790076554218e-09,0.0,0.0,1887.0,1.762957963634093e-21
4.0,2.0,0.0,5681.0,0.0,5.776018985806005e-22,0.0,0.0,65140.0,2.129834656427218e-08,0.0,0.0,11435.0,1.0126817048478225e-12,0.0,0.0,94421.0,2.946474045932531e-09,0.0,0.0,1903.0,1.0577747781804558e-21
4.0,3.0,0.0,5681.0,0.0,3.465611391483603e-22,0.0,0.0,65140.0,1.2779007938563308e-08,0.0,0.0,11435.0,6.076090229086935e-13,0.0,0.0,94421.0,1.7678844275595186e-09,0.0,0.0,1903.0,6.346648669082735e-22
4.0,4.0,0.0,5681.0,0.0,2.0793668348901617e-22,0.0,0.0,65140.0,7.667404763137985e-09,0.0,0.0,11435.0,3.6456541374521606e-13,0.0,0.0,94421.0,1.060730656535711e-09,0.0,0.0,1903.0,3.8079892014496407e-22
4.0,5.0,0.0,5681.0,0.0,1.247620100934097e-22,0.0,0.0,65140.0,4.600442857882791e-09,0.0,0.0,11435.0,2.1873924824712962e-13,0.0,0.0,94421.0,6.364383939214266e-10,0.0,0.0,1903.0,2.2847935208697845e-22
4.0,6.0,0.0,5681.0,0.0,7.485720605604581e-23,0.0,0.0,65140.0,2.7602657147296745e-09,0.0,0.0,11435.0,1.3124354894827778e-13,0.0,0.0,94421.0,3.8186303635285595e-10,0.0,0.0,1903.0,1.3708761125218706e-22
4.0,7.0,0.0,5681.0,0.0,4.4914323633627485e-23,0.0,0.0,65140.0,1.6561594288378048e-09,0.0,0.0,11435.0,7.874612936896667e-14,1.0590999999999999e-05,1.0,94421.0,4.2366291178218116e-06,0.0,0.0,1903.0,8.225256675131223e-23
4.0,8.0,0.0,5681.0,0.0,2.694859418017649e-23,0.0,0.0,65140.0,9.936956573026828e-10,0.0,0.0,11435.0,4.724767762138e-14,0.0,0.0,94421.0,2.541977470693087e-06,0.0,0.0,1903.0,4.9351540050787335e-23
4.0,9.0,0.0,5681.0,0.0,1.6169156508105894e-23,0.000153516,10.0,65140.0,6.140699621739439e-05,0.0,0.0,11435.0,2.8348606572828e-14,1.0590999999999999e-05,1.0,94421.0,5.7615864824158524e-06,0.0,0.0,1903.0,2.96109240304724e-23
4.0,10.0,0.0,5681.0,0.0,9.701493904863537e-24,0.0,0.0,65140.0,3.684419773043663e-05,0.0,0.0,11435.0,1.7009163943696798e-14,0.0,0.0,94421.0,3.4569518894495115e-06,0.0,0.0,1903.0,1.776655441828344e-23
4.0,11.0,0.0,5681.0,0.0,5.820896342918122e-24,0.0005680069999999999,37.0,65140.0,0.00024930931863826196,0.0,0.0,11435.0,1.0205498366218079e-14,0.0,0.0,94421.0,2.074171133669707e-06,0.0,0.0,1903.0,1.0659932650970064e-23
4.0,12.0,0.0,5681.0,0.0,3.4925378057508734e-24,0.000245625,16.0,65140.0,0.0002478355911829572,0.0,0.0,11435.0,6.123299019730847e-15,0.0,0.0,94421.0,1.2445026802018241e-06,0.0,0.0,1903.0,6.395959590582038e-24
4.0,13.0,0.0,5681.0,0.0,2.095522683450524e-24,9.2109e-05,6.0,65140.0,0.00018554495470977434,0.0,0.0,11435.0,3.673979411838508e-15,1.0590999999999999e-05,1.0,94421.0,4.983101608121094e-06,0.0,0.0,1903.0,3.837575754349223e-24
4.0,14.0,0.0,5681.0,0.0,1.2573136100703143e-24,0.00046054699999999995,30.0,65140.0,0.0002955457728258646,0.0,0.0,11435.0,2.2043876471031047e-15,0.0,0.0,94421.0,2.9898609648726563e-06,0.0,0.0,1903.0,2.3025454526095336e-24
4.0,15.0,0.0,5681.0,0.0,7.543881660421885e-25,6.1406e-05,4.0,65140.0,0.00020188986369551874,0.0,0.0,11435.0,1.3226325882618628e-15,2.1181999999999998e-05,2.0,94421.0,1.0266716578923594e-05,0.0,0.0,1903.0,1.3815272715657201e-24
4.0,16.0,0.0,5681.0,0.0,4.526328996253131e-25,0.0,0.0,65140.0,0.00012113391821731123,0.0,0.0,11435.0,7.935795529571176e-16,3.1773e-05,3.0,94421.0,1.886922994735416e-05,0.0,0.0,1903.0,8.28916362939432e-25
4.0,17.0,0.0,5681.0,0.0,2.7157973977518784e-25,6.1406e-05,4.0,65140.0,9.724275093038674e-05,0.0,0.0,11435.0,4.761477317742705e-16,0.000158863,15.0,94421.0,7.486673796841249e-05,0.0,0.0,1903.0,4.9734981776365925e-25
4.0,18.0,0.0,5681.0,0.0,1.629478438651127e-25,0.000153516,10.0,65140.0,0.00011975205055823204,0.0,0.0,11435.0,2.856886390645623e-16,0.000180045,17.0,94421.0,0.0001169380427810475,0.001050972,2.0,1903.0,0.00042038880000000006
4.0,19.0,0.000352051,5681.0,2.0,0.0001408204,0.00059871,39.0,65140.0,0.0003113352303349392,0.000174902,2.0,11435.0,6.996080000017142e-05,0.001143813,108.0,94421.0,0.0005276880256686286,0.000525486,1.0,1903.0,0.00046242768000000006
4.0,20.0,0.000352051,5681.0,2.0,0.00022531264,0.000982499,64.0,65140.0,0.0005798007382009635,0.000612156,7.0,11435.0,0.0002868388800001029,0.0009531780000000001,90.0,94421.0,0.0006978840154011773,0.0052548609999999996,10.0,1903.0,0.0023794010079999997
4.0,21.0,0.000880127,5681.0,5.0,0.000487238384,0.000936445,61.0,65140.0,0.0007224584429205781,0.00043725400000000004,5.0,11435.0,0.0003470049280000617,0.000995541,94.0,94421.0,0.0008169468092407064,0.001576458,3.0,1903.0,0.0020582238047999997
4.0,22.0,0.0,5681.0,0.0,0.0002923430304,0.001335585,87.0,65140.0,0.0009677090657523469,0.0006996060000000001,8.0,11435.0,0.0004880453568000371,0.001249722,118.0,94421.0,0.0009900568855444238,0.000525486,1.0,1903.0,0.00144512868288
4.0,23.0,0.000352051,5681.0,2.0,0.00031622621824,0.002333436,152.0,65140.0,0.001513999839451408,8.7451e-05,1.0,11435.0,0.0003278076140800223,0.001578039,149.0,94421.0,0.0012252497313266545,0.0,0.0,1903.0,0.0008670772097279999
4.0,24.0,0.0,5681.0,0.0,0.00018973573094399997,0.003024255,197.0,65140.0,0.0021181019036708446,0.000174902,2.0,11435.0,0.0002666453684480134,3.1773e-05,3.0,94421.0,0.0007478590387959927,0.0,0.0,1903.0,0.0005202463258368
4.0,25.0,0.0,5681.0,0.0,0.00011384143856639998,0.000936445,61.0,65140.0,0.0016454391422025068,8.7451e-05,1.0,11435.0,0.00019496762106880803,0.00040245300000000004,38.0,94421.0,0.0006096966232775956,0.000525486,1.0,1903.0,0.00052234219550208
4.0,26.0,0.0,5681.0,0.0,6.830486313983999e-05,0.00108996,71.0,65140.0,0.0014232474853215042,8.7451e-05,1.0,11435.0,0.00015196097264128482,0.000285953,27.0,94421.0,0.00048019917396655736,0.000525486,1.0,1903.0,0.000523599717301248
4.0,27.0,0.0,5681.0,0.0,4.098291788390399e-05,0.0005680069999999999,37.0,65140.0,0.0010811512911929025,0.000174902,2.0,11435.0,0.00016113738358477088,0.000275362,26.0,94421.0,0.0003982643043799344,0.0,0.0,1903.0,0.0003141598303807488
4.0,28.0,0.0,5681.0,0.0,2.4589750730342395e-05,0.0007829289999999999,51.0,65140.0,0.0009618623747157415,0.0,0.0,11435.0,9.668243015086253e-05,0.000317726,30.0,94421.0,0.00036604898262796066,0.0,0.0,1903.0,0.00018849589822844928
4.0,29.0,0.0,5681.0,0.0,1.4753850438205435e-05,0.000506601,33.0,65140.0,0.0007797578248294448,0.0,0.0,11435.0,5.800945809051751e-05,2.1181999999999998e-05,2.0,94421.0,0.00022810218957677642,0.0,0.0,1903.0,0.00011309753893706956
4.0,30.0,0.0,5681.0,0.0,8.852310262923261e-06,0.000752226,49.0,65140.0,0.0007687450948976669,0.0,0.0,11435.0,3.4805674854310505e-05,8.4727e-05,8.0,94421.0,0.00017075211374606582,0.0,0.0,1903.0,6.785852336224174e-05
4.0,31.0,0.0,5681.0,0.0,5.311386157753956e-06,0.000383789,25.0,65140.0,0.0006147626569386001,0.0,0.0,11435.0,2.0883404912586303e-05,0.0,0.0,94421.0,0.00010245126824763949,0.0,0.0,1903.0,4.0715114017345043e-05
4.0,32.0,0.0,5681.0,0.0,3.1868316946523735e-06,0.000552656,36.0,65140.0,0.00058991999416316,0.0,0.0,11435.0,1.253004294755178e-05,1.0590999999999999e-05,1.0,94421.0,6.57071609485837e-05,0.0,0.0,1903.0,2.4429068410407025e-05
4.0,33.0,0.0,5681.0,0.0,1.912099016791424e-06,0.000184219,12.0,65140.0,0.000427639596497896,0.0,0.0,11435.0,7.518025768531068e-06,0.00012709,12.0,94421.0,9.026029656915023e-05,0.0,0.0,1903.0,1.4657441046244215e-05
4.0,34.0,0.0,5681.0,0.0,1.1472594100748544e-06,0.000260976,17.0,65140.0,0.0003609741578987376,0.0,0.0,11435.0,4.510815461118641e-06,0.0,0.0,94421.0,5.415617794149014e-05,0.0,0.0,1903.0,8.794464627746529e-06
4.0,35.0,0.0,5681.0,0.0,6.883556460449126e-07,0.000138164,9.0,65140.0,0.00027185009473924257,0.0,0.0,11435.0,2.706489276671184e-06,3.1773e-05,3.0,94421.0,4.5202906764894086e-05,0.0,0.0,1903.0,5.2766787766479174e-06
4.0,36.0,0.0,5681.0,0.0,4.1301338762694755e-07,4.6055e-05,3.0,65140.0,0.00018153205684354553,0.0,0.0,11435.0,1.6238935660027105e-06,0.0,0.0,94421.0,2.712174405893645e-05,0.0,0.0,1903.0,3.1660072659887503e-06
4.0,37.0,0.0,5681.0,0.0,2.4780803257616854e-07,9.2109e-05,6.0,65140.0,0.0001457628341061273,0.0,0.0,11435.0,9.743361396016262e-07,0.0,0.0,94421.0,1.6273046435361868e-05,0.0,0.0,1903.0,1.89960435959325e-06
4.0,38.0,0.0,5681.0,0.0,1.4868481954570112e-07,6.1406e-05,4.0,65140.0,0.00011202010046367639,0.0,0.0,11435.0,5.846016837609757e-07,0.0,0.0,94421.0,9.76382786121712e-06,0.0,0.0,1903.0,1.13976261575595e-06
4.0,39.0,0.0,5681.0,0.0,8.921089172742068e-08,7.6758e-05,5.0,65140.0,9.791526027820582e-05,0.0,0.0,11435.0,3.507610102565854e-07,0.0,0.0,94421.0,5.858296716730272e-06,0.0,0.0,1903.0,6.838575694535699e-07
4.0,40.0,0.0,5681.0,0.0,5.352653503645241e-08,0.0,0.0,65140.0,5.874915616692349e-05,0.0,0.0,11435.0,2.1045660615395125e-07,0.0,0.0,94421.0,3.514978030038163e-06,0.0,0.0,1903.0,4.103145416721419e-07
4.0,41.0,0.0,5681.0,0.0,3.211592102187144e-08,0.0,0.0,65140.0,3.5249493700154096e-05,0.0,0.0,11435.0,1.2627396369237075e-07,0.0,0.0,94421.0,2.1089868180228977e-06,0.0,0.0,1903.0,2.4618872500328515e-07
4.0,42.0,0.0,5681.0,0.0,1.9269552613122866e-08,0.0,0.0,65140.0,2.1149696220092456e-05,0.0,0.0,11435.0,7.576437821542245e-08,0.0,0.0,94421.0,1.2653920908137385e-06,0.0,0.0,1903.0,1.477132350019711e-07
4.0,43.0,0.0,5681.0,0.0,1.156173156787372e-08,0.0,0.0,65140.0,1.2689817732055473e-05,0.0,0.0,11435.0,4.5458626929253466e-08,0.0,0.0,94421.0,7.592352544882431e-07,0.0,0.0,1903.0,8.862794100118266e-08
4.0,44.0,0.0,5681.0,0.0,6.937038940724231e-09,0.0,0.0,65140.0,7.6138906392332836e-06,0.0,0.0,11435.0,2.727517615755208e-08,0.0,0.0,94421.0,4.555411526929458e-07,0.0,0.0,1903.0,5.3176764600709597e-08
4.0,45.0,0.0,5681.0,0.0,4.162223364434539e-09,0.0,0.0,65140.0,4.56833438353997e-06,0.0,0.0,11435.0,1.6365105694531248e-08,0.0,0.0,94421.0,2.733246916157675e-07,0.0,0.0,1903.0,3.1906058760425754e-08
4.0,46.0,0.0,5681.0,0.0,2.4973340186607233e-09,0.0,0.0,65140.0,2.741000630123982e-06,0.0,0.0,11435.0,9.819063416718748e-09,0.0,0.0,94421.0,1.639948149694605e-07,0.0,0.0,1903.0,1.914363525625545e-08
4.0,47.0,0.0,5681.0,0.0,1.498400411196434e-09,0.0,0.0,65140.0,1.6446003780743892e-06,0.0,0.0,11435.0,5.891438050031249e-09,0.0,0.0,94421.0,9.83968889816763e-08,0.0,0.0,1903.0,1.148618115375327e-08
4.0,48.0,0.0,5681.0,0.0,8.990402467178603e-10,0.0,0.0,65140.0,9.867602268446335e-07,0.0,0.0,11435.0,3.5348628300187492e-09,0.0,0.0,94421.0,5.903813338900577e-08,0.0,0.0,1903.0,6.891708692251961e-09
4.0,49.0,0.0,5681.0,0.0,5.394241480307162e-10,0.0,0.0,65140.0,5.920561361067801e-07,0.0,0.0,11435.0,2.1209176980112496e-09,0.0,0.0,94421.0,3.542288003340346e-08,0.0,0.0,1903.0,4.135025215351176e-09
4.0,50.0,0.0,5681.0,0.0,3.236544888184297e-10,0.0,0.0,65140.0,3.5523368166406806e-07,0.0,0.0,11435.0,1.2725506188067498e-09,0.0,0.0,94421.0,2.1253728020042076e-08,0.0,0.0,1903.0,2.4810151292107057e-09
4.0,51.0,0.0,5681.0,0.0,1.941926932910578e-10,0.0,0.0,65140.0,2.1314020899844083e-07,0.0,0.0,11435.0,7.635303712840499e-10,0.0,0.0,94421.0,1.2752236812025246e-08,0.0,0.0,1903.0,1.4886090775264234e-09
4.0,52.0,0.0,5681.0,0.0,1.1651561597463467e-10,0.0,0.0,65140.0,1.278841253990645e-07,0.0,0.0,11435.0,4.581182227704299e-10,0.0,0.0,94421.0,7.651342087215148e-09,0.0,0.0,1903.0,8.93165446515854e-10
5.0,1.0,0.0,5657.0,0.0,6.99093695847808e-11,0.0,0.0,65140.0,7.673047523943869e-08,0.0,0.0,11435.0,2.7487093366225795e-10,0.0,0.0,94421.0,4.590805252329089e-09,0.0,0.0,1903.0,5.358992679095124e-10
5.0,2.0,0.0,5657.0,0.0,4.194562175086848e-11,0.0,0.0,65605.0,4.603828514366321e-08,0.0,0.0,11478.0,1.6492256019735476e-10,0.0,0.0,97029.0,2.754483151397453e-09,0.0,0.0,1854.0,3.215395607457074e-10
5.0,3.0,0.0,5657.0,0.0,2.5167373050521084e-11,0.0,0.0,65605.0,2.7622971086197927e-08,0.0,0.0,11478.0,9.895353611841286e-11,0.0,0.0,97029.0,1.6526898908384718e-09,0.0,0.0,1854.0,1.9292373644742445e-10
5.0,4.0,0.0,5657.0,0.0,1.510042383031265e-11,0.0,0.0,65605.0,1.6573782651718757e-08,0.0,0.0,11478.0,5.937212167104771e-11,0.0,0.0,97029.0,9.91613934503083e-10,0.0,0.0,1854.0,1.1575424186845466e-10
5.0,5.0,0.0,5657.0,0.0,9.060254298187591e-12,0.0,0.0,65605.0,9.944269591031254e-09,0.0,0.0,11478.0,3.562327300262863e-11,0.0,0.0,97029.0,5.949683607018497e-10,0.0,0.0,1854.0,6.945254512107279e-11
5.0,6.0,0.0,5657.0,0.0,5.4361525789125545e-12,0.0,0.0,65605.0,5.966561754618752e-09,0.0,0.0,11478.0,2.1373963801577178e-11,0.0,0.0,97029.0,3.569810164211098e-10,0.0,0.0,1854.0,4.167152707264367e-11
5.0,7.0,0.0,5657.0,0.0,3.2616915473475328e-12,0.0,0.0,65605.0,3.5799370527712513e-09,0.0,0.0,11478.0,1.2824378280946306e-11,0.0,0.0,97029.0,2.1418860985266587e-10,0.0,0.0,1854.0,2.5002916243586202e-11
5.0,8.0,0.0,5657.0,0.0,1.9570149284085197e-12,0.0,0.0,65605.0,2.147962231662751e-09,0.0,0.0,11478.0,7.694626968567783e-12,0.0,0.0,97029.0,1.2851316591159953e-10,0.0,0.0,1854.0,1.500174974615172e-11
5.0,9.0,0.0,5657.0,0.0,1.1742089570451117e-12,0.0,0.0,65605.0,1.2887773389976504e-09,0.0,0.0,11478.0,4.61677618114067e-12,0.0,0.0,97029.0,7.710789954695971e-11,0.0,0.0,1854.0,9.001049847691032e-12
5.0,10.0,0.0,5657.0,0.0,7.045253742270671e-13,0.0,0.0,65605.0,7.732664033985902e-10,0.0,0.0,11478.0,2.770065708684402e-12,0.0,0.0,97029.0,4.626473972817583e-11,0.0,0.0,1854.0,5.400629908614619e-12
5.0,11.0,0.0,5657.0,0.0,4.227152245362402e-13,0.0,0.0,65605.0,4.639598420391541e-10,0.0,0.0,11478.0,1.6620394252106412e-12,8.245e-05,8.0,97029.0,3.2980027758843834e-05,0.0,0.0,1854.0,3.2403779451687713e-12
5.0,12.0,0.0,5657.0,0.0,2.5362913472174413e-13,0.0,0.0,65605.0,2.7837590522349245e-10,0.0,0.0,11478.0,9.972236551263848e-13,9.2756e-05,9.0,97029.0,5.6890416655306305e-05,0.0,0.0,1854.0,1.9442267671012627e-12
5.0,13.0,0.0,5657.0,0.0,1.5217748083304647e-13,0.0,0.0,65605.0,1.6702554313409547e-10,0.0,0.0,11478.0,5.983341930758309e-13,4.1225e-05,4.0,97029.0,5.062424999318378e-05,0.0,0.0,1854.0,1.1665360602607576e-12
5.0,14.0,0.0,5657.0,0.0,9.130648849982788e-14,0.0,0.0,65605.0,1.0021532588045729e-10,0.0,0.0,11478.0,3.590005158454985e-13,0.000154593,15.0,97029.0,9.221174999591027e-05,0.0,0.0,1854.0,6.999216361564546e-13
5.0,15.0,0.0,5657.0,0.0,5.4783893099896726e-14,0.000121942,8.0,65605.0,4.877686012919553e-05,0.0,0.0,11478.0,2.154003095072991e-13,0.00021643,21.0,97029.0,0.00014189904999754616,0.0,0.0,1854.0,4.199529816938727e-13
5.0,16.0,0.000530316,5657.0,3.0,0.00021212640003287034,0.000274369,18.0,65605.0,0.00013901371607751733,0.0,0.0,11478.0,1.2924018570437945e-13,0.000185512,18.0,97029.0,0.00015934422999852772,0.0,0.0,1854.0,2.519717890163236e-13
5.0,17.0,0.0,5657.0,0.0,0.0001272758400197222,0.000518253,34.0,65605.0,0.0002907094296465104,0.0,0.0,11478.0,7.754411142262768e-14,0.00040194199999999997,39.0,97029.0,0.00025638333799911665,0.000539374,1.0,1854.0,0.0002157496001511831
5.0,18.0,0.0,5657.0,0.0,7.636550401183332e-05,0.001402332,92.0,65605.0,0.0007353584577879063,0.000174246,2.0,11478.0,6.969840004652646e-05,0.00073174,71.0,97029.0,0.00044652600279947,0.000539374,1.0,1854.0,0.0003451993600907099
5.0,19.0,0.0,5657.0,0.0,4.581930240709999e-05,0.001249905,82.0,65605.0,0.0009411770746727438,0.00026137,3.0,11478.0,0.00014636704002791588,0.0005462280000000001,53.0,97029.0,0.00048640680167968205,0.000539374,1.0,1854.0,0.00042286921605442596
5.0,20.0,0.0,5657.0,0.0,2.7491581444259993e-05,0.00077738,51.0,65605.0,0.0008756582448036462,8.7123e-05,1.0,11478.0,0.00012266942401674953,0.00041224800000000004,40.0,97029.0,0.00045674328100780927,0.0,0.0,1854.0,0.00025372152963265554
5.0,21.0,0.0,5657.0,0.0,1.6494948866555994e-05,0.00050301,33.0,65605.0,0.0007265989468821876,8.7123e-05,1.0,11478.0,0.00010845085441004972,0.000329798,32.0,97029.0,0.00040596516860468555,0.001618123,3.0,1854.0,0.0007994821177795933
5.0,22.0,0.0,5657.0,0.0,9.896969319933596e-06,0.00019815599999999998,13.0,65605.0,0.0005152217681293125,8.7123e-05,1.0,11478.0,9.991971264602982e-05,0.00021643,21.0,97029.0,0.0003301511011628113,0.000539374,1.0,1854.0,0.0006954388706677559
5.0,23.0,0.0,5657.0,0.0,5.9381815919601576e-06,0.00019815599999999998,13.0,65605.0,0.0003883954608775875,8.7123e-05,1.0,11478.0,9.480102758761789e-05,0.000278267,27.0,97029.0,0.0003093974606976868,0.0,0.0,1854.0,0.00041726332240065356
5.0,24.0,0.000176772,5657.0,1.0,7.42717089551761e-05,0.000228641,15.0,65605.0,0.00032449367652655247,0.0,0.0,11478.0,5.688061655257073e-05,0.00010306200000000001,10.0,97029.0,0.00022686327641861207,0.0,0.0,1854.0,0.0002503579934403921
5.0,25.0,0.000176772,5657.0,1.0,0.00011527182537310565,7.6214e-05,5.0,65605.0,0.00022518180591593148,0.0,0.0,11478.0,3.412836993154243e-05,6.1837e-05,6.0,97029.0,0.00016085276585116724,0.0,0.0,1854.0,0.00015021479606423525
5.0,26.0,0.0,5657.0,0.0,6.916309522386338e-05,6.0971e-05,4.0,65605.0,0.00015949748354955888,0.0,0.0,11478.0,2.047702195892546e-05,3.0919e-05,3.0,97029.0,0.00010887925951070035,0.000539374,1.0,1854.0,0.0003058784776385412
5.0,27.0,0.0,5657.0,0.0,4.149785713431803e-05,1.5243e-05,1.0,65605.0,0.00010179569012973532,0.0,0.0,11478.0,1.2286213175355275e-05,4.1225e-05,4.0,97029.0,8.18175557064202e-05,0.0,0.0,1854.0,0.0001835270865831247
5.0,28.0,0.0,5657.0,0.0,2.489871428059082e-05,7.6214e-05,5.0,65605.0,9.156301407784119e-05,0.0,0.0,11478.0,7.371727905213164e-06,2.0612e-05,2.0,97029.0,5.733533342385212e-05,0.000539374,1.0,1854.0,0.00032586585194987485
5.0,29.0,0.0,5657.0,0.0,1.493922856835449e-05,3.0485e-05,2.0,65605.0,6.713180844670471e-05,0.0,0.0,11478.0,4.423036743127898e-06,3.0919e-05,3.0,97029.0,4.676880005431127e-05,0.0,0.0,1854.0,0.0001955195111699249
5.0,30.0,0.0,5657.0,0.0,8.963537141012694e-06,0.0,0.0,65605.0,4.027908506802283e-05,0.0,0.0,11478.0,2.653822045876739e-06,4.1225e-05,4.0,97029.0,4.455128003258676e-05,0.0,0.0,1854.0,0.00011731170670195493
5.0,31.0,0.0,5657.0,0.0,5.378122284607617e-06,1.5243e-05,1.0,65605.0,3.0264651040813697e-05,0.0,0.0,11478.0,1.5922932275260433e-06,1.0306e-05,1.0,97029.0,3.085316801955206e-05,0.001078749,2.0,1854.0,0.000501886624021173
5.0,32.0,0.0,5657.0,0.0,3.2268733707645698e-06,1.5243e-05,1.0,65605.0,2.425599062448822e-05,0.0,0.0,11478.0,9.55375936515626e-07,6.1837e-05,6.0,97029.0,4.324670081173124e-05,0.0,0.0,1854.0,0.00030113197441270374
5.0,33.0,0.0,5657.0,0.0,1.9361240224587417e-06,1.5243e-05,1.0,65605.0,2.065079437469293e-05,0.0,0.0,11478.0,5.732255619093756e-07,0.0,0.0,97029.0,2.594802048703874e-05,0.000539374,1.0,1854.0,0.00039642878464762226
5.0,34.0,0.0,5657.0,0.0,1.161674413475245e-06,0.0,0.0,65605.0,1.2390476624815758e-05,0.0,0.0,11478.0,3.439353371456253e-07,0.0,0.0,97029.0,1.5568812292223245e-05,0.0,0.0,1854.0,0.00023785727078857335
5.0,35.0,0.0,5657.0,0.0,6.97004648085147e-07,0.0,0.0,65605.0,7.434285974889454e-06,0.0,0.0,11478.0,2.063612022873752e-07,0.0,0.0,97029.0,9.341287375333947e-06,0.0,0.0,1854.0,0.000142714362473144
5.0,36.0,0.0,5657.0,0.0,4.182027888510882e-07,1.5243e-05,1.0,65605.0,1.0557771584933672e-05,0.0,0.0,11478.0,1.238167213724251e-07,0.0,0.0,97029.0,5.6047724252003685e-06,0.0,0.0,1854.0,8.56286174838864e-05
5.0,37.0,0.0,5657.0,0.0,2.509216733106529e-07,0.0,0.0,65605.0,6.334662950960203e-06,0.0,0.0,11478.0,7.429003282345507e-08,1.0306e-05,1.0,97029.0,7.485263455120221e-06,0.000539374,1.0,1854.0,0.00026712677049033187
5.0,38.0,0.0,5657.0,0.0,1.5055300398639173e-07,3.0485e-05,2.0,65605.0,1.599479777057612e-05,0.0,0.0,11478.0,4.457401969407304e-08,0.0,0.0,97029.0,4.491158073072133e-06,0.001618123,3.0,1854.0,0.0008075252622941991
5.0,39.0,0.0,5657.0,0.0,9.033180239183503e-08,4.5728e-05,3.0,65605.0,2.7888078662345675e-05,0.0,0.0,11478.0,2.6744411816443825e-08,1.0306e-05,1.0,97029.0,6.817094843843279e-06,0.0,0.0,1854.0,0.0004845151573765194
5.0,40.0,0.0,5657.0,0.0,5.4199081435101016e-08,1.5243e-05,1.0,65605.0,2.2830047197407403e-05,0.0,0.0,11478.0,1.6046647089866293e-08,1.0306e-05,1.0,97029.0,8.212656906305968e-06,0.0,0.0,1854.0,0.00029070909442591164
5.0,41.0,0.0,5657.0,0.0,3.2519448861060606e-08,0.0,0.0,65605.0,1.3698028318444442e-05,0.0,0.0,11478.0,9.627988253919775e-09,0.0,0.0,97029.0,4.9275941437835805e-06,0.0,0.0,1854.0,0.00017442545665554698
5.0,42.0,0.0,5657.0,0.0,1.9511669316636364e-08,0.0,0.0,65605.0,8.218816991066665e-06,0.0,0.0,11478.0,5.776792952351864e-09,0.0,0.0,97029.0,2.956556486270148e-06,0.0,0.0,1854.0,0.00010465527399332818
5.0,43.0,0.0,5657.0,0.0,1.1707001589981818e-08,0.0,0.0,65605.0,4.931290194639999e-06,0.0,0.0,11478.0,3.4660757714111185e-09,0.0,0.0,97029.0,1.7739338917620888e-06,0.0,0.0,1854.0,6.27931643959969e-05
5.0,44.0,0.0,5657.0,0.0,7.02420095398909e-09,0.0,0.0,65605.0,2.9587741167839994e-06,0.0,0.0,11478.0,2.079645462846671e-09,0.0,0.0,97029.0,1.0643603350572532e-06,0.0,0.0,1854.0,3.767589863759814e-05
5.0,45.0,0.0,5657.0,0.0,4.214520572393454e-09,0.0,0.0,65605.0,1.7752644700703995e-06,0.0,0.0,11478.0,1.2477872777080024e-09,0.0,0.0,97029.0,6.386162010343519e-07,0.0,0.0,1854.0,2.2605539182558882e-05
5.0,46.0,0.0,5657.0,0.0,2.528712343436072e-09,0.0,0.0,65605.0,1.0651586820422397e-06,0.0,0.0,11478.0,7.486723666248015e-10,0.0,0.0,97029.0,3.831697206206111e-07,0.0,0.0,1854.0,1.356332350953533e-05
5.0,47.0,0.0,5657.0,0.0,1.5172274060616432e-09,0.0,0.0,65605.0,6.390952092253437e-07,0.0,0.0,11478.0,4.4920341997488085e-10,0.0,0.0,97029.0,2.2990183237236663e-07,0.0,0.0,1854.0,8.137994105721197e-06
5.0,48.0,0.0,5657.0,0.0,9.103364436369858e-10,0.0,0.0,65605.0,3.834571255352062e-07,0.0,0.0,11478.0,2.695220519849285e-10,0.0,0.0,97029.0,1.3794109942341998e-07,0.0,0.0,1854.0,4.882796463432718e-06
5.0,49.0,0.0,5657.0,0.0,5.462018661821915e-10,0.0,0.0,65605.0,2.300742753211237e-07,0.0,0.0,11478.0,1.617132311909571e-10,0.0,0.0,97029.0,8.276465965405198e-08,0.0,0.0,1854.0,2.929677878059631e-06
5.0,50.0,0.0,5657.0,0.0,3.277211197093149e-10,0.0,0.0,65605.0,1.3804456519267421e-07,0.0,0.0,11478.0,9.702793871457425e-11,0.0,0.0,97029.0,4.965879579243119e-08,0.0,0.0,1854.0,1.7578067268357784e-06
5.0,51.0,0.0,5657.0,0.0,1.9663267182558893e-10,0.0,0.0,65605.0,8.282673911560452e-08,0.0,0.0,11478.0,5.821676322874455e-11,0.0,0.0,97029.0,2.9795277475458713e-08,0.0,0.0,1854.0,1.054684036101467e-06
5.0,52.0,0.0,5657.0,0.0,1.1797960309535335e-10,0.0,0.0,65605.0,4.9696043469362715e-08,0.0,0.0,11478.0,3.493005793724673e-11,0.0,0.0,97029.0,1.7877166485275226e-08,0.0,0.0,1854.0,6.328104216608802e-07
6.0,1.0,0.0,5715.0,0.0,7.0787761857212e-11,0.0,0.0,65605.0,2.981762608161763e-08,0.0,0.0,11478.0,2.0958034762348035e-11,0.0,0.0,97029.0,1.0726299891165135e-08,0.0,0.0,1854.0,3.796862529965281e-07
6.0,2.0,0.0,5715.0,0.0,4.24726571143272e-11,0.0,0.0,66138.0,1.7890575648970576e-08,0.0,0.0,11553.0,1.257482085740882e-11,0.0,0.0,100334.0,6.435779934699081e-09,0.0,0.0,1819.0,2.2781175179791687e-07
6.0,3.0,0.0,5715.0,0.0,2.5483594268596317e-11,0.0,0.0,66138.0,1.0734345389382346e-08,0.0,0.0,11553.0,7.544892514445292e-12,0.0,0.0,100334.0,3.861467960819448e-09,0.0,0.0,1819.0,1.3668705107875012e-07
6.0,4.0,0.0,5715.0,0.0,1.529015656115779e-11,0.0,0.0,66138.0,6.4406072336294076e-09,0.0,0.0,11553.0,4.5269355086671745e-12,0.0,0.0,100334.0,2.3168807764916687e-09,0.0,0.0,1819.0,8.201223064725007e-08
6.0,5.0,0.0,5715.0,0.0,9.174093936694673e-12,0.0,0.0,66138.0,3.864364340177644e-09,0.0,0.0,11553.0,2.7161613052003047e-12,0.0,0.0,100334.0,1.390128465895001e-09,0.0,0.0,1819.0,4.920733838835004e-08
6.0,6.0,0.0,5715.0,0.0,5.5044563620168034e-12,0.0,0.0,66138.0,2.3186186041065865e-09,0.0,0.0,11553.0,1.6296967831201828e-12,0.0,0.0,100334.0,8.340770795370006e-10,0.0,0.0,1819.0,2.9524403033010025e-08
6.0,7.0,0.0,5715.0,0.0,3.302673817210082e-12,0.0,0.0,66138.0,1.391171162463952e-09,0.0,0.0,11553.0,9.778180698721097e-13,0.0,0.0,100334.0,5.004462477222004e-10,0.0,0.0,1819.0,1.7714641819806014e-08
6.0,8.0,0.0,5715.0,0.0,1.981604290326049e-12,0.0,0.0,66138.0,8.347026974783711e-10,0.0,0.0,11553.0,5.866908419232658e-13,0.0,0.0,100334.0,3.0026774863332024e-10,0.0,0.0,1819.0,1.0628785091883608e-08
6.0,9.0,0.0,5715.0,0.0,1.1889625741956293e-12,0.0,0.0,66138.0,5.008216184870227e-10,0.0,0.0,11553.0,3.520145051539595e-13,0.0,0.0,100334.0,1.8016064917999213e-10,0.0,0.0,1819.0,6.377271055130164e-09
6.0,10.0,0.0,5715.0,0.0,7.133775445173776e-13,1.512e-05,1.0,66138.0,6.048300492971093e-06,0.0,0.0,11553.0,2.112087030923757e-13,0.0,0.0,100334.0,1.0809638950799528e-10,0.0,0.0,1819.0,3.826362633078099e-09
6.0,11.0,0.0,5715.0,0.0,4.280265267104265e-13,1.512e-05,1.0,66138.0,9.676980295782656e-06,0.0,0.0,11553.0,1.2672522185542542e-13,0.0,0.0,100334.0,6.485783370479717e-11,0.0,0.0,1819.0,2.295817579846859e-09
6.0,12.0,0.0,5715.0,0.0,2.568159160262559e-13,0.0,0.0,66138.0,5.8061881774695936e-06,0.0,0.0,11553.0,7.603513311325525e-14,0.0,0.0,100334.0,3.89147002228783e-11,0.0,0.0,1819.0,1.3774905479081154e-09
6.0,13.0,0.0,5715.0,0.0,1.5408954961575352e-13,3.024e-05,2.0,66138.0,1.5579712906481757e-05,0.0,0.0,11553.0,4.5621079867953154e-14,2.99e-05,3.0,100334.0,1.1960023348820135e-05,0.0,0.0,1819.0,8.264943287448692e-10
6.0,14.0,0.0,5715.0,0.0,9.245372976945212e-14,0.0,0.0,66138.0,9.347827743889053e-06,0.0,0.0,11553.0,2.7372647920771892e-14,0.00016943400000000002,17.0,100334.0,7.494961400929209e-05,0.000549753,1.0,1819.0,0.00021990169589659729
6.0,15.0,0.0,5715.0,0.0,5.547223786167127e-14,3.024e-05,2.0,66138.0,1.7704696646333433e-05,8.6558e-05,1.0,11553.0,3.462320001642359e-05,0.000159467,16.0,100334.0,0.00010875656840557527,0.001099505,2.0,1819.0,0.0005717430175379584
6.0,16.0,0.0,5715.0,0.0,3.328334271700276e-14,4.536e-05,3.0,66138.0,2.8766817987800062e-05,0.0,0.0,11553.0,2.077392000985415e-05,0.00035880199999999997,36.0,100334.0,0.00020877474104334513,0.004947774,9.0,1819.0,0.0023221554105227753
6.0,17.0,0.0,5715.0,0.0,1.9970005630201655e-14,6.048e-05,4.0,66138.0,4.145209079268004e-05,0.0,0.0,11553.0,1.2464352005912489e-05,0.0005780690000000001,58.0,100334.0,0.0003564924446260071,0.00219901,4.0,1819.0,0.002272897246313665
6.0,18.0,0.000174978,5715.0,1.0,6.999120001198201e-05,0.00042335699999999997,28.0,66138.0,0.00019421405447560803,0.0,0.0,11553.0,7.478611203547493e-06,0.000388702,39.0,100334.0,0.00036937626677560425,0.000549753,1.0,1819.0,0.001583639547788199
6.0,19.0,0.0,5715.0,0.0,4.19947200071892e-05,0.000892074,59.0,66138.0,0.00047335803268536483,0.000173115,2.0,11553.0,7.37331667221285e-05,0.000368768,37.0,100334.0,0.0003691329600653626,0.0,0.0,1819.0,0.0009501837286729194
6.0,20.0,0.000174978,5715.0,1.0,9.518803200431352e-05,0.001723669,114.0,66138.0,0.0009734824196112189,8.6558e-05,1.0,11553.0,7.88631000332771e-05,0.000508302,51.0,100334.0,0.00042480057603921755,0.001099505,2.0,1819.0,0.0010099122372037516
6.0,21.0,0.0,5715.0,0.0,5.711281920258811e-05,0.0010735130000000001,71.0,66138.0,0.0010134946517667315,8.6558e-05,1.0,11553.0,8.194106001996626e-05,0.000428569,43.0,100334.0,0.00042630794562353055,0.001099505,2.0,1819.0,0.001045749342322251
6.0,22.0,0.000174978,5715.0,1.0,0.00010425889152155287,0.001436391,95.0,66138.0,0.001182653191060039,0.0,0.0,11553.0,4.9164636011979755e-05,0.000737537,74.0,100334.0,0.0005507995673741183,0.001099505,2.0,1819.0,0.0010672516053933504
6.0,23.0,0.0,5715.0,0.0,6.255533491293172e-05,0.0010735130000000001,71.0,66138.0,0.0011389971146360234,8.6558e-05,1.0,11553.0,6.412198160718785e-05,0.0008372039999999999,84.0,100334.0,0.0006653613404244709,0.0,0.0,1819.0,0.0006403509632360102
6.0,24.0,0.000174978,5715.0,1.0,0.00010752440094775903,0.0,0.0,66138.0,0.000683398268781614,0.0,0.0,11553.0,3.8473188964312706e-05,0.000488369,49.0,100334.0,0.0005945644042546826,0.000549753,1.0,1819.0,0.0006041117779416062
6.0,25.0,0.0,5715.0,0.0,6.451464056865541e-05,0.000317518,21.0,66138.0,0.0005370461612689683,0.0,0.0,11553.0,2.3083913378587623e-05,0.000607969,61.0,100334.0,0.0005999262425528095,0.0,0.0,1819.0,0.00036246706676496367
6.0,26.0,0.0,5715.0,0.0,3.870878434119325e-05,0.000181439,12.0,66138.0,0.000394803296761381,0.0,0.0,11553.0,1.3850348027152573e-05,0.00017940099999999999,18.0,100334.0,0.0004317161455316857,0.0,0.0,1819.0,0.0002174802400589782
6.0,27.0,0.000174978,5715.0,1.0,9.321647060471595e-05,0.000105839,7.0,66138.0,0.0002792175780568286,0.0,0.0,11553.0,8.310208816291544e-06,0.000149501,15.0,100334.0,0.00031883008731901143,0.0,0.0,1819.0,0.00013048814403538692
6.0,28.0,0.0,5715.0,0.0,5.5929882362829564e-05,0.00021167900000000002,14.0,66138.0,0.00025220214683409716,0.000259673,3.0,11553.0,0.00010885532528977492,0.00020930099999999998,21.0,100334.0,0.0002750184523914068,0.0,0.0,1819.0,7.829288642123215e-05
6.0,29.0,0.0,5715.0,0.0,3.3557929417697735e-05,0.00046871699999999995,31.0,66138.0,0.00033880808810045826,8.6558e-05,1.0,11553.0,9.993639517386494e-05,0.00018936799999999998,19.0,100334.0,0.00024075827143484407,0.0,0.0,1819.0,4.697573185273929e-05
6.0,30.0,0.0,5715.0,0.0,2.013475765061864e-05,0.00042335699999999997,28.0,66138.0,0.00037262765286027495,0.0,0.0,11553.0,5.9961837104318965e-05,0.000129567,13.0,100334.0,0.00019628176286090642,0.0,0.0,1819.0,2.8185439111643574e-05
6.0,31.0,0.000174978,5715.0,1.0,8.207205459037119e-05,0.000317518,21.0,66138.0,0.00035058379171616497,0.0,0.0,11553.0,3.597710226259138e-05,7.973399999999999e-05,8.0,100334.0,0.00014966265771654383,0.0,0.0,1819.0,1.6911263466986144e-05
6.0,32.0,0.000174978,5715.0,1.0,0.00011923443275422272,0.000272158,18.0,66138.0,0.000319213475029699,0.0,0.0,11553.0,2.1586261357554827e-05,7.973399999999999e-05,8.0,100334.0,0.0001216911946299263,0.0,0.0,1819.0,1.0146758080191686e-05
6.0,33.0,0.0,5715.0,0.0,7.154065965253363e-05,0.000257038,17.0,66138.0,0.00029434328501781943,8.6558e-05,1.0,11553.0,4.7574956814532893e-05,1.9933e-05,2.0,100334.0,8.098791677795577e-05,0.0,0.0,1819.0,6.088054848115012e-06
6.0,34.0,0.0,5715.0,0.0,4.2924395791520175e-05,0.000272158,18.0,66138.0,0.00028546917101069166,0.0,0.0,11553.0,2.8544974088719736e-05,6.9767e-05,7.0,100334.0,7.649955006677346e-05,0.0,0.0,1819.0,3.652832908869007e-06
6.0,35.0,0.0,5715.0,0.0,2.5754637474912105e-05,0.000105839,7.0,66138.0,0.000213617102606415,0.0,0.0,11553.0,1.712698445323184e-05,0.000109634,11.0,100334.0,8.975333004006408e-05,0.0,0.0,1819.0,2.191699745321404e-06
6.0,36.0,0.0,5715.0,0.0,1.5452782484947263e-05,0.00022679900000000002,15.0,66138.0,0.00021888986156384902,0.0,0.0,11553.0,1.0276190671939103e-05,3.9866999999999996e-05,4.0,100334.0,6.979879802403844e-05,0.0,0.0,1819.0,1.3150198471928423e-06
6.0,37.0,0.0,5715.0,0.0,9.271669490968358e-06,0.000151199,10.0,66138.0,0.00019181351693830942,0.0,0.0,11553.0,6.165714403163462e-06,7.973399999999999e-05,8.0,100334.0,7.377287881442306e-05,0.000549753,1.0,1819.0,0.00022069021190831574
6.0,38.0,0.0,5715.0,0.0,5.563001694581015e-06,0.000136079,9.0,66138.0,0.00016951971016298566,8.6558e-05,1.0,11553.0,3.8322628641898076e-05,4.9834e-05,5.0,100334.0,6.419732728865383e-05,0.0,0.0,1819.0,0.00013241412714498944
6.0,39.0,0.0,5715.0,0.0,3.337801016748609e-06,0.000105839,7.0,66138.0,0.0001440474260977914,0.0,0.0,11553.0,2.2993577185138844e-05,2.99e-05,3.0,100334.0,5.04783963731923e-05,0.0,0.0,1819.0,7.944847628699367e-05
6.0,40.0,0.0,5715.0,0.0,2.0026806100491653e-06,4.536e-05,3.0,66138.0,0.00010457245565867484,0.0,0.0,11553.0,1.3796146311083306e-05,9.967e-06,1.0,100334.0,3.427383782391538e-05,0.0,0.0,1819.0,4.76690857721962e-05
6.0,41.0,0.0,5715.0,0.0,1.2016083660294991e-06,0.0,0.0,66138.0,6.27434733952049e-05,0.0,0.0,11553.0,8.277687786649984e-06,0.0,0.0,100334.0,2.0564302694349225e-05,0.0,0.0,1819.0,2.8601451463317718e-05
6.0,42.0,0.0,5715.0,0.0,7.209650196176994e-07,0.0,0.0,66138.0,3.764608403712294e-05,0.0,0.0,11553.0,4.96661267198999e-06,0.0,0.0,100334.0,1.2338581616609535e-05,0.0,0.0,1819.0,1.716087087799063e-05
6.0,43.0,0.0,5715.0,0.0,4.3257901177061966e-07,0.0,0.0,66138.0,2.2587650422273765e-05,0.0,0.0,11553.0,2.979967603193994e-06,0.0,0.0,100334.0,7.4031489699657204e-06,0.0,0.0,1819.0,1.0296522526794378e-05
6.0,44.0,0.0,5715.0,0.0,2.595474070623718e-07,0.0,0.0,66138.0,1.3552590253364259e-05,0.0,0.0,11553.0,1.7879805619163962e-06,0.0,0.0,100334.0,4.441889381979432e-06,0.0,0.0,1819.0,6.177913516076627e-06
6.0,45.0,0.0,5715.0,0.0,1.5572844423742307e-07,0.0,0.0,66138.0,8.131554152018554e-06,0.0,0.0,11553.0,1.0727883371498377e-06,0.0,0.0,100334.0,2.665133629187659e-06,0.0,0.0,1819.0,3.706748109645976e-06
6.0,46.0,0.0,5715.0,0.0,9.343706654245384e-08,0.0,0.0,66138.0,4.8789324912111325e-06,0.0,0.0,11553.0,6.436730022899026e-07,0.0,0.0,100334.0,1.5990801775125954e-06,0.0,0.0,1819.0,2.2240488657875856e-06
6.0,47.0,0.0,5715.0,0.0,5.6062239925472304e-08,0.0,0.0,66138.0,2.9273594947266792e-06,0.0,0.0,11553.0,3.8620380137394157e-07,0.0,0.0,100334.0,9.594481065075573e-07,0.0,0.0,1819.0,1.3344293194725512e-06
6.0,48.0,0.0,5715.0,0.0,3.363734395528338e-08,0.0,0.0,66138.0,1.7564156968360075e-06,0.0,0.0,11553.0,2.3172228082436494e-07,0.0,0.0,100334.0,5.756688639045344e-07,0.0,0.0,1819.0,8.006575916835307e-07
6.0,49.0,0.0,5715.0,0.0,2.018240637317003e-08,0.0,0.0,66138.0,1.0538494181016044e-06,0.0,0.0,11553.0,1.3903336849461897e-07,0.0,0.0,100334.0,3.454013183427206e-07,0.0,0.0,1819.0,4.803945550101184e-07
6.0,50.0,0.0,5715.0,0.0,1.2109443823902016e-08,0.0,0.0,66138.0,6.323096508609626e-07,0.0,0.0,11553.0,8.342002109677138e-08,0.0,0.0,100334.0,2.0724079100563238e-07,0.0,0.0,1819.0,2.88236733006071e-07
6.0,51.0,0.0,5715.0,0.0,7.265666294341209e-09,0.0,0.0,66138.0,3.793857905165776e-07,0.0,0.0,11553.0,5.005201265806283e-08,0.0,0.0,100334.0,1.243444746033794e-07,0.0,0.0,1819.0,1.729420398036426e-07
6.0,52.0,0.0,5715.0,0.0,4.3593997766047254e-09,0.0,0.0,66138.0,2.2763147430994654e-07,0.0,0.0,11553.0,3.00312075948377e-08,0.0,0.0,100334.0,7.460668476202764e-08,0.0,0.0,1819.0,1.0376522388218556e-07
7.0,1.0,0.0,5788.0,0.0,2.6156398659628353e-09,0.0,0.0,66138.0,1.3657888458596791e-07,0.0,0.0,11553.0,1.801872455690262e-08,0.0,0.0,100334.0,4.476401085721658e-08,0.0,0.0,1819.0,6.225913432931133e-08
7.0,2.0,0.0,5788.0,0.0,1.5693839195777012e-09,0.0,0.0,66792.0,8.194733075158074e-08,0.0,0.0,11770.0,1.081123473414157e-08,0.0,0.0,104072.0,2.6858406514329945e-08,0.0,0.0,1842.0,3.73554805975868e-08
7.0,3.0,0.00017277099999999998,5788.0,1.0,6.910934163035174e-05,0.0,0.0,66792.0,4.9168398450948445e-08,0.0,0.0,11770.0,6.486740840484942e-09,0.0,0.0,104072.0,1.6115043908597965e-08,0.0,0.0,1842.0,2.241328835855208e-08
7.0,4.0,0.0,5788.0,0.0,4.1465604978211045e-05,2.9944e-05,2.0,66792.0,1.2007101039070569e-05,0.0,0.0,11770.0,3.892044504290965e-09,1.9217e-05,2.0,104072.0,7.69646902634516e-06,0.0,0.0,1842.0,1.3447973015131248e-08
7.0,5.0,0.0,5788.0,0.0,2.4879362986926626e-05,1.4972e-05,1.0,66792.0,1.3193060623442341e-05,0.0,0.0,11770.0,2.3352267025745788e-09,2.8825999999999998e-05,3.0,104072.0,1.6148281415807095e-05,0.0,0.0,1842.0,8.068783809078749e-09
7.0,6.0,0.0,5788.0,0.0,1.4927617792155975e-05,1.4972e-05,1.0,66792.0,1.3904636374065403e-05,0.0,0.0,11770.0,1.4011360215447472e-09,0.0,0.0,104072.0,9.688968849484256e-06,0.0,0.0,1842.0,4.841270285447249e-09
7.0,7.0,0.0,5788.0,0.0,8.956570675293585e-06,0.0,0.0,66792.0,8.342781824439242e-06,0.0,0.0,11770.0,8.406816129268483e-10,0.0,0.0,104072.0,5.813381309690554e-06,0.0,0.0,1842.0,2.9047621712683493e-09
7.0,8.0,0.0,5788.0,0.0,5.3739424051761506e-06,1.4972e-05,1.0,66792.0,1.0994469094663545e-05,0.0,0.0,11770.0,5.04408967756109e-10,9.608999999999999e-06,1.0,104072.0,7.3316287858143315e-06,0.0,0.0,1842.0,1.7428573027610094e-09
7.0,9.0,0.0,5788.0,0.0,3.2243654431056903e-06,0.0,0.0,66792.0,6.5966814567981265e-06,0.0,0.0,11770.0,3.026453806536654e-10,0.0,0.0,104072.0,4.398977271488599e-06,0.0,0.0,1842.0,1.0457143816566055e-09
7.0,10.0,0.0,5788.0,0.0,1.934619265863414e-06,0.0,0.0,66792.0,3.9580088740788756e-06,0.0,0.0,11770.0,1.8158722839219923e-10,0.0,0.0,104072.0,2.6393863628931594e-06,0.0,0.0,1842.0,6.274286289939633e-10
7.0,11.0,0.0,5788.0,0.0,1.1607715595180483e-06,0.0,0.0,66792.0,2.3748053244473252e-06,0.0,0.0,11770.0,1.0895233703531953e-10,9.608999999999999e-06,1.0,104072.0,5.4272318177358955e-06,0.0,0.0,1842.0,3.7645717739637795e-10
7.0,12.0,0.0,5788.0,0.0,6.96462935710829e-07,0.0,0.0,66792.0,1.424883194668395e-06,0.0,0.0,11770.0,6.537140222119171e-11,0.0,0.0,104072.0,3.256339090641537e-06,0.0,0.0,1842.0,2.2587430643782676e-10
7.0,13.0,0.0,5788.0,0.0,4.178777614264974e-07,0.0,0.0,66792.0,8.54929916801037e-07,0.0,0.0,11770.0,3.922284133271503e-11,0.0,0.0,104072.0,1.953803454384922e-06,0.0,0.0,1842.0,1.3552458386269606e-10
7.0,14.0,0.0,5788.0,0.0,2.5072665685589843e-07,0.0,0.0,66792.0,5.129579500806222e-07,0.0,0.0,11770.0,2.3533704799629017e-11,0.0,0.0,104072.0,1.1722820726309533e-06,0.0,0.0,1842.0,8.131475031761764e-11
7.0,15.0,0.0,5788.0,0.0,1.5043599411353906e-07,0.0,0.0,66792.0,3.077747700483733e-07,0.0,0.0,11770.0,1.412022287977741e-11,0.0,0.0,104072.0,7.033692435785719e-07,0.0,0.0,1842.0,4.878885019057058e-11
7.0,16.0,0.0,5788.0,0.0,9.026159646812343e-08,0.0,0.0,66792.0,1.8466486202902398e-07,0.0,0.0,11770.0,8.472133727866445e-12,0.0,0.0,104072.0,4.2202154614714314e-07,0.0,0.0,1842.0,2.927331011434235e-11
7.0,17.0,0.0,5788.0,0.0,5.415695788087406e-08,1.4972e-05,1.0,66792.0,6.099598917217415e-06,0.0,0.0,11770.0,5.083280236719867e-12,0.0,0.0,104072.0,2.5321292768828585e-07,0.0,0.0,1842.0,1.756398606860541e-11
7.0,18.0,0.0,5788.0,0.0,3.249417472852444e-08,0.0,0.0,66792.0,3.659759350330449e-06,0.0,0.0,11770.0,3.04996814203192e-12,0.0,0.0,104072.0,1.519277566129715e-07,0.0,0.0,1842.0,1.0538391641163244e-11
7.0,19.0,0.0,5788.0,0.0,1.949650483711466e-08,0.0,0.0,66792.0,2.1958556101982694e-06,0.0,0.0,11770.0,1.829980885219152e-12,9.608999999999999e-06,1.0,104072.0,3.934756653967783e-06,0.0,0.0,1842.0,6.323034984697947e-12
7.0,20.0,0.0,5788.0,0.0,1.1697902902268796e-08,0.0,0.0,66792.0,1.3175133661189616e-06,0.0,0.0,11770.0,1.0979885311314912e-12,9.608999999999999e-06,1.0,104072.0,6.20445399238067e-06,0.0,0.0,1842.0,3.793820990818768e-12
7.0,21.0,0.0,5788.0,0.0,7.0187417413612775e-09,1.4972e-05,1.0,66792.0,6.779308019671377e-06,0.0,0.0,11770.0,6.587931186788947e-13,0.0,0.0,104072.0,3.7226723954284016e-06,0.0,0.0,1842.0,2.2762925944912607e-12
7.0,22.0,0.0,5788.0,0.0,4.211245044816766e-09,5.9887e-05,4.0,66792.0,2.8022384811802825e-05,0.0,0.0,11770.0,3.952758712073368e-13,0.0,0.0,104072.0,2.233603437257041e-06,0.0,0.0,1842.0,1.3657755566947563e-12
7.0,23.0,0.0,5788.0,0.0,2.52674702689006e-09,0.000134747,9.0,66792.0,7.071223088708171e-05,0.0,0.0,11770.0,2.371655227244021e-13,0.0,0.0,104072.0,1.3401620623542244e-06,0.0,0.0,1842.0,8.194653340168538e-13
7.0,24.0,0.00017277099999999998,5788.0,1.0,6.910991604821613e-05,0.000194634,13.0,66792.0,0.00012028093853224902,0.0,0.0,11770.0,1.4229931363464125e-13,1.9217e-05,2.0,104072.0,8.490897237412536e-06,0.0,0.0,1842.0,4.916792004101123e-13
7.0,25.0,0.0,5788.0,0.0,4.1465949628929674e-05,0.00034435300000000004,23.0,66792.0,0.00020990976311934944,0.0,0.0,11770.0,8.537958818078475e-14,0.000192175,20.0,104072.0,8.196453834244753e-05,0.0,0.0,1842.0,2.9500752024606736e-13
7.0,26.0,0.0,5788.0,0.0,2.4879569777357803e-05,0.000389268,26.0,66792.0,0.00028165305787160967,0.0,0.0,11770.0,5.122775290847085e-14,0.00016334799999999998,17.0,104072.0,0.00011451792300546851,0.0,0.0,1842.0,1.770045121476404e-13
7.0,27.0,0.0,5788.0,0.0,1.492774186641468e-05,0.000389268,26.0,66792.0,0.00032469903472296584,0.0,0.0,11770.0,3.073665174508251e-14,0.000259436,27.0,104072.0,0.0001724851538032811,0.0,0.0,1842.0,1.0620270728858424e-13
7.0,28.0,0.0,5788.0,0.0,8.956645119848807e-06,0.000658762,44.0,66792.0,0.0004583242208337795,8.4962e-05,1.0,11770.0,3.3984800018441995e-05,0.000345914,36.0,104072.0,0.00024185669228196866,0.0,0.0,1842.0,6.372162437315055e-14
7.0,29.0,0.0,5788.0,0.0,5.373987071909284e-06,0.001317523,88.0,66792.0,0.0008020037325002677,0.000254885,3.0,11770.0,0.0001223448800110652,0.000672611,70.0,104072.0,0.00041415841536918124,0.0,0.0,1842.0,3.823297462389033e-14
7.0,30.0,0.0,5788.0,0.0,3.22439224314557e-06,0.001302551,87.0,66792.0,0.0010022226395001608,0.000424809,5.0,11770.0,0.0002433305280066391,0.0005380890000000001,56.0,104072.0,0.0004637306492215088,0.0,0.0,1842.0,2.2939784774334198e-14
7.0,31.0,0.0,5788.0,0.0,1.934635345887342e-06,0.001152833,77.0,66792.0,0.0010624667837000965,0.000169924,2.0,11770.0,0.00021396791680398345,0.000442002,46.0,104072.0,0.0004550391895329053,0.001085776,2.0,1842.0,0.00043431040001376395
7.0,32.0,0.0,5788.0,0.0,1.160781207532405e-06,0.001063002,71.0,66792.0,0.0010626808702200578,8.4962e-05,1.0,11770.0,0.00016236555008239007,0.000980091,102.0,104072.0,0.0006650599137197433,0.000542888,1.0,1842.0,0.0004777414400082584
7.0,33.0,0.0,5788.0,0.0,6.964687245194429e-07,0.000509043,34.0,66792.0,0.0008412257221320346,0.0,0.0,11770.0,9.741933004943404e-05,0.000614959,64.0,104072.0,0.0006450195482318459,0.0,0.0,1842.0,0.00028664486400495505
7.0,34.0,0.0,5788.0,0.0,4.1788123471166576e-07,0.000254521,17.0,66792.0,0.0006065438332792208,0.0,0.0,11770.0,5.845159802966042e-05,0.00032669700000000003,34.0,104072.0,0.0005176905289391075,0.000542888,1.0,1842.0,0.00038914211840297306
7.0,35.0,0.0,5788.0,0.0,2.5072874082699946e-07,7.4859e-05,5.0,66792.0,0.00039386989996753244,0.0,0.0,11770.0,3.507095881779625e-05,0.00015374,16.0,104072.0,0.0003721103173634645,0.0,0.0,1842.0,0.00023348527104178382
7.0,36.0,0.0,5788.0,0.0,1.5043724449619968e-07,0.00010480299999999999,7.0,66792.0,0.00027824313998051943,0.0,0.0,11770.0,2.104257529067775e-05,5.7651999999999996e-05,6.0,104072.0,0.00024632699041807866,0.0,0.0,1842.0,0.0001400911626250703
7.0,37.0,0.0,5788.0,0.0,9.026234669771981e-08,2.9944e-05,2.0,66792.0,0.00017892348398831166,0.0,0.0,11770.0,1.262554517440665e-05,5.7651999999999996e-05,6.0,104072.0,0.00017085699425084717,0.0,0.0,1842.0,8.405469757504217e-05
7.0,38.0,0.0,5788.0,0.0,5.4157408018631883e-08,0.0,0.0,66792.0,0.00010735409039298699,0.0,0.0,11770.0,7.575327104643989e-06,5.7651999999999996e-05,6.0,104072.0,0.0001255749965505083,0.0,0.0,1842.0,5.04328185450253e-05
7.0,39.0,0.0,5788.0,0.0,3.249444481117913e-08,0.0,0.0,66792.0,6.441245423579219e-05,0.0,0.0,11770.0,4.545196262786393e-06,1.9217e-05,2.0,104072.0,8.303179793030497e-05,0.000542888,1.0,1842.0,0.0002474148911270152
7.0,40.0,0.0,5788.0,0.0,1.9496666886707476e-08,0.0,0.0,66792.0,3.8647472541475314e-05,0.0,0.0,11770.0,2.727117757671836e-06,1.9217e-05,2.0,104072.0,5.750587875818299e-05,0.000542888,1.0,1842.0,0.00036560413467620915
7.0,41.0,0.0,5788.0,0.0,1.1698000132024486e-08,0.0,0.0,66792.0,2.318848352488519e-05,0.0,0.0,11770.0,1.6362706546031016e-06,0.0,1.0,104072.0,3.450352725490979e-05,0.0,0.0,1842.0,0.0002193624808057255
7.0,42.0,0.0,5788.0,0.0,7.0188000792146914e-09,0.0,0.0,66792.0,1.3913090114931112e-05,0.0,0.0,11770.0,9.817623927618608e-07,0.0,0.0,104072.0,2.0702116352945873e-05,0.0,0.0,1842.0,0.00013161748848343528
7.0,43.0,0.0,5788.0,0.0,4.211280047528815e-09,0.0,0.0,66792.0,8.347854068958668e-06,0.0,0.0,11770.0,5.890574356571165e-07,0.0,0.0,104072.0,1.2421269811767523e-05,0.0,0.0,1842.0,7.897049309006117e-05
7.0,44.0,0.0,5788.0,0.0,2.5267680285172887e-09,0.0,0.0,66792.0,5.008712441375201e-06,0.0,0.0,11770.0,3.534344613942699e-07,0.0,0.0,104072.0,7.452761887060513e-06,0.0,0.0,1842.0,4.73822958540367e-05
7.0,45.0,0.0,5788.0,0.0,1.5160608171103731e-09,0.0,0.0,66792.0,3.0052274648251203e-06,0.0,0.0,11770.0,2.1206067683656192e-07,0.0,0.0,104072.0,4.471657132236308e-06,0.0,0.0,1842.0,2.8429377512422017e-05
7.0,46.0,0.0,5788.0,0.0,9.096364902662238e-10,0.0,0.0,66792.0,1.8031364788950721e-06,0.0,0.0,11770.0,1.2723640610193714e-07,0.0,0.0,104072.0,2.6829942793417847e-06,0.0,0.0,1842.0,1.705762650745321e-05
7.0,47.0,0.0,5788.0,0.0,5.457818941597342e-10,0.0,0.0,66792.0,1.0818818873370433e-06,0.0,0.0,11770.0,7.634184366116228e-08,0.0,0.0,104072.0,1.6097965676050707e-06,0.0,0.0,1842.0,1.0234575904471925e-05
7.0,48.0,0.0,5788.0,0.0,3.274691364958405e-10,0.0,0.0,66792.0,6.49129132402226e-07,0.0,0.0,11770.0,4.580510619669737e-08,0.0,0.0,104072.0,9.658779405630424e-07,0.0,0.0,1842.0,6.140745542683155e-06
7.0,49.0,0.0,5788.0,0.0,1.964814818975043e-10,0.0,0.0,66792.0,3.8947747944133554e-07,0.0,0.0,11770.0,2.748306371801842e-08,0.0,0.0,104072.0,5.795267643378254e-07,0.0,0.0,1842.0,3.684447325609893e-06
7.0,50.0,0.0,5788.0,0.0,1.1788888913850257e-10,0.0,0.0,66792.0,2.336864876648013e-07,0.0,0.0,11770.0,1.648983823081105e-08,0.0,0.0,104072.0,3.4771605860269527e-07,0.0,0.0,1842.0,2.2106683953659357e-06
7.0,51.0,0.0,5788.0,0.0,7.073333348310154e-11,0.0,0.0,66792.0,1.402118925988808e-07,0.0,0.0,11770.0,9.89390293848663e-09,0.0,0.0,104072.0,2.0862963516161715e-07,0.0,0.0,1842.0,1.3264010372195613e-06
7.0,52.0,0.0,5788.0,0.0,4.2440000089860925e-11,0.0,0.0,66792.0,8.412713555932848e-08,0.0,0.0,11770.0,5.9363417630919786e-09,0.0,0.0,104072.0,1.2517778109697027e-07,0.0,0.0,1842.0,7.958406223317368e-07
8.0,1.0,0.0,5936.0,0.0,2.5464000053916554e-11,0.0,0.0,66792.0,5.047628133559708e-08,0.0,0.0,11770.0,3.561805057855187e-09,0.0,0.0,104072.0,7.510666865818216e-08,0.0,0.0,1842.0,4.775043733990421e-07
8.0,2.0,0.0,5936.0,0.0,1.527840003234993e-11,0.0,0.0,67773.0,3.028576880135825e-08,0.0,0.0,11891.0,2.137083034713112e-09,0.0,0.0,107810.0,4.506400119490929e-08,0.0,0.0,1851.0,2.865026240394252e-07
8.0,3.0,0.0,5936.0,0.0,9.167040019409958e-12,0.0,0.0,67773.0,1.8171461280814946e-08,0.0,0.0,11891.0,1.2822498208278672e-09,0.0,0.0,107810.0,2.7038400716945573e-08,0.0,0.0,1851.0,1.7190157442365514e-07
8.0,4.0,0.0,5936.0,0.0,5.500224011645974e-12,0.0,0.0,67773.0,1.0902876768488967e-08,0.0,0.0,11891.0,7.693498924967203e-10,0.0,0.0,107810.0,1.6223040430167342e-08,0.0,0.0,1851.0,1.0314094465419308e-07
8.0,5.0,0.0,5936.0,0.0,3.300134406987584e-12,0.0,0.0,67773.0,6.54172606109338e-09,0.0,0.0,11891.0,4.6160993549803215e-10,0.0,0.0,107810.0,9.733824258100405e-09,0.0,0.0,1851.0,6.188456679251584e-08
8.0,6.0,0.0,5936.0,0.0,1.9800806441925505e-12,0.0,0.0,67773.0,3.925035636656028e-09,0.0,0.0,11891.0,2.7696596129881927e-10,0.0,0.0,107810.0,5.840294554860243e-09,0.0,0.0,1851.0,3.7130740075509506e-08
8.0,7.0,0.0,5936.0,0.0,1.1880483865155303e-12,2.951e-05,2.0,67773.0,1.1806355021381994e-05,0.0,0.0,11891.0,1.6617957677929156e-10,9.276e-06,1.0,107810.0,3.7139041767329165e-06,0.0,0.0,1851.0,2.2278444045305703e-08
8.0,8.0,0.0,5936.0,0.0,7.128290319093181e-13,0.0,0.0,67773.0,7.083813012829196e-06,0.0,0.0,11891.0,9.970774606757493e-11,0.0,0.0,107810.0,2.2283425060397497e-06,0.0,0.0,1851.0,1.3367066427183421e-08
8.0,9.0,0.0,5936.0,0.0,4.2769741914559086e-13,0.0,0.0,67773.0,4.250287807697517e-06,0.0,0.0,11891.0,5.982464764054496e-11,0.0,0.0,107810.0,1.3370055036238497e-06,0.0,0.0,1851.0,8.020239856310053e-09
8.0,10.0,0.0,5936.0,0.0,2.566184514873545e-13,0.0,0.0,67773.0,2.5501726846185104e-06,0.0,0.0,11891.0,3.589478858432697e-11,0.0,0.0,107810.0,8.022033021743098e-07,0.0,0.0,1851.0,4.812143913786031e-09
8.0,11.0,0.0,5936.0,0.0,1.539710708924127e-13,0.0,0.0,67773.0,1.5301036107711061e-06,0.0,0.0,11891.0,2.1536873150596184e-11,0.0,0.0,107810.0,4.813219813045858e-07,0.0,0.0,1851.0,2.8872863482716185e-09
8.0,12.0,0.000168464,5936.0,1.0,6.738560009238265e-05,0.0,0.0,67773.0,9.180621664626636e-07,0.0,0.0,11891.0,1.292212389035771e-11,9.276e-06,1.0,107810.0,3.999193188782752e-06,0.0,0.0,1851.0,1.732371808962971e-09
8.0,13.0,0.0,5936.0,0.0,4.043136005542959e-05,2.951e-05,2.0,67773.0,1.2354837299877599e-05,8.4097e-05,1.0,11891.0,3.3638807753274335e-05,0.0,0.0,107810.0,2.399515913269651e-06,0.0,0.0,1851.0,1.0394230853777826e-09
8.0,14.0,0.0,5936.0,0.0,2.4258816033257752e-05,0.0,0.0,67773.0,7.412902379926559e-06,0.0,0.0,11891.0,2.01832846519646e-05,0.0,0.0,107810.0,1.4397095479617904e-06,0.0,0.0,1851.0,6.236538512266696e-10
8.0,15.0,0.0,5936.0,0.0,1.455528961995465e-05,1.4755e-05,1.0,67773.0,1.0349741427955935e-05,0.0,0.0,11891.0,1.210997079117876e-05,0.0,0.0,107810.0,8.638257287770742e-07,0.0,0.0,1851.0,3.741923107360017e-10
8.0,16.0,0.0,5936.0,0.0,8.73317377197279e-06,0.0,0.0,67773.0,6.209844856773561e-06,0.0,0.0,11891.0,7.265982474707256e-06,3.7102e-05,4.0,107810.0,1.5359095437266244e-05,0.0,0.0,1851.0,2.2451538644160102e-10
8.0,17.0,0.000168464,5936.0,1.0,7.262550426318368e-05,0.000118041,8.0,67773.0,5.094230691406414e-05,0.0,0.0,11891.0,4.359589484824353e-06,8.348e-05,9.0,107810.0,4.2607457262359745e-05,0.0,0.0,1851.0,1.347092318649606e-10
8.0,18.0,0.0,5936.0,0.0,4.3575302557910206e-05,0.000221327,15.0,67773.0,0.00011909618414843848,0.0,0.0,11891.0,2.6157536908946116e-06,5.5653000000000004e-05,6.0,107810.0,4.782567435741585e-05,0.0,0.0,1851.0,8.082553911897636e-11
8.0,19.0,0.000336927,5936.0,2.0,0.00016091598153474614,0.000560695,38.0,67773.0,0.00029573571048906313,0.000252292,3.0,11891.0,0.00010248625221453677,0.00021333799999999998,23.0,107810.0,0.00011403060461444951,0.0016207460000000002,3.0,1851.0,0.0006482984484953235
8.0,20.0,0.0013477089999999999,5936.0,8.0,0.0006356331889208476,0.000767267,52.0,67773.0,0.0004843482262934379,0.0005045830000000001,6.0,11891.0,0.00026332495132872207,0.0008348019999999999,90.0,107810.0,0.0004023391627686697,0.0016207460000000002,3.0,1851.0,0.0010372774690971941
8.0,21.0,0.0015161729999999998,5936.0,9.0,0.0009878491133525086,0.0009443289999999999,64.0,67773.0,0.0006683405357760627,0.0005045830000000001,6.0,11891.0,0.0003598281707972333,0.000519432,56.0,107810.0,0.0004491762976612018,0.0,0.0,1851.0,0.0006223664814583164
8.0,22.0,0.0013477089999999999,5936.0,8.0,0.0011317930680115051,0.001962433,133.0,67773.0,0.0011859775214656378,0.000168194,2.0,11891.0,0.00028317450247834,0.000751322,81.0,107810.0,0.0005700345785967212,0.0,0.0,1851.0,0.00037341988887498983
8.0,23.0,0.000673854,5936.0,4.0,0.000948617440806903,0.001873903,127.0,67773.0,0.0014611477128793826,0.0005045830000000001,6.0,11891.0,0.00037173790148700405,0.0007420460000000001,80.0,107810.0,0.0006388391471580327,0.001080497,2.0,1851.0,0.0006562507333249939
8.0,24.0,0.000168464,5936.0,1.0,0.0006365560644841418,0.001844392,125.0,67773.0,0.0016144454277276297,0.00042048599999999997,5.0,11891.0,0.00039123714089220243,0.000556535,60.0,107810.0,0.0006059174882948196,0.0,0.0,1851.0,0.00039375043999499633
8.0,25.0,0.0,5936.0,0.0,0.0003819336386904851,0.0014460039999999999,98.0,67773.0,0.0015470688566365776,8.4097e-05,1.0,11891.0,0.00026838108453532144,0.000510157,55.0,107810.0,0.0005676132929768918,0.0,0.0,1851.0,0.0002362502639969978
8.0,26.0,0.0,5936.0,0.0,0.00022916018321429105,0.0009443289999999999,64.0,67773.0,0.0013059729139819466,0.0,0.0,11891.0,0.00016102865072119285,0.000463779,50.0,107810.0,0.0005260795757861351,0.0032414909999999996,6.0,1851.0,0.0014383465583981984
8.0,27.0,0.000168464,5936.0,1.0,0.00020488170992857463,0.000782022,53.0,67773.0,0.001096392548389168,0.0,0.0,11891.0,9.661719043271571e-05,0.000556535,60.0,107810.0,0.0005382617454716811,0.0,0.0,1851.0,0.0008630079350389191
8.0,28.0,0.000336927,5936.0,2.0,0.0002576998259571448,0.00054594,37.0,67773.0,0.0008762115290335008,0.000168194,2.0,11891.0,0.00012524791425962942,0.00048233,52.0,107810.0,0.0005158890472830086,0.0,0.0,1851.0,0.0005178047610233514
8.0,29.0,0.000336927,5936.0,2.0,0.0002893906955742869,0.000501675,34.0,67773.0,0.0007263969174201005,0.000168194,2.0,11891.0,0.00014242634855577763,0.00045450300000000004,49.0,107810.0,0.0004913346283698051,0.0,0.0,1851.0,0.00031068285661401085
8.0,30.0,0.000505391,5936.0,3.0,0.00037579081734457216,0.00054594,37.0,67773.0,0.0006542141504520603,8.4097e-05,1.0,11891.0,0.00011909460913346658,0.000324645,35.0,107810.0,0.0004246587770218831,0.0,0.0,1851.0,0.00018640971396840651
8.0,31.0,0.0,5936.0,0.0,0.0002254744904067433,0.000383634,26.0,67773.0,0.0005459820902712362,8.4097e-05,1.0,11891.0,0.00010509556548007995,0.00030609400000000003,33.0,107810.0,0.0003772328662131299,0.0,0.0,1851.0,0.0001118458283810439
8.0,32.0,0.0,5936.0,0.0,0.00013528469424404596,0.000295103,20.0,67773.0,0.00044563045416274173,0.0,0.0,11891.0,6.305733928804796e-05,0.000435952,47.0,107810.0,0.00040072051972787795,0.0,0.0,1851.0,6.710749702862634e-05
8.0,33.0,0.0,5936.0,0.0,8.117081654642757e-05,0.000221327,15.0,67773.0,0.00035590907249764505,8.4097e-05,1.0,11891.0,7.147320357282877e-05,0.000380299,41.0,107810.0,0.0003925519118367268,0.000540249,1.0,1851.0,0.00025636409821717585
8.0,34.0,0.000168464,5936.0,1.0,0.00011608808992785655,0.000118041,8.0,67773.0,0.00026076184349858704,0.0,0.0,11891.0,4.288392214369726e-05,0.000343196,37.0,107810.0,0.0003728095471020361,0.0,0.0,1851.0,0.0001538184589303055
8.0,35.0,0.0,5936.0,0.0,6.965285395671393e-05,2.951e-05,2.0,67773.0,0.0001682611060991522,0.0,0.0,11891.0,2.5730353286218357e-05,0.000343196,37.0,107810.0,0.00036096412826122165,0.000540249,1.0,1851.0,0.0003083906753581833
8.0,36.0,0.0,5936.0,0.0,4.179171237402835e-05,2.951e-05,2.0,67773.0,0.00011276066365949132,0.0,0.0,11891.0,1.5438211971731014e-05,0.00013913399999999999,15.0,107810.0,0.000272232076956733,0.0,0.0,1851.0,0.00018503440521490998
8.0,37.0,0.0,5936.0,0.0,2.507502742441701e-05,0.0,0.0,67773.0,6.765639819569479e-05,0.0,0.0,11891.0,9.262927183038609e-06,0.000157685,17.0,107810.0,0.00022641324617403977,0.0,0.0,1851.0,0.00011102064312894599
8.0,38.0,0.0,5936.0,0.0,1.5045016454650204e-05,5.9021e-05,4.0,67773.0,6.420223891741688e-05,0.0,0.0,11891.0,5.557756309823165e-06,5.5653000000000004e-05,6.0,107810.0,0.00015810914770442386,0.0,0.0,1851.0,6.66123858773676e-05
8.0,39.0,0.0,5936.0,0.0,9.027009872790123e-06,0.0,0.0,67773.0,3.852134335045012e-05,0.0,0.0,11891.0,3.334653785893899e-06,2.7827e-05,3.0,107810.0,0.0001059962886226543,0.0,0.0,1851.0,3.996743152642055e-05
8.0,40.0,0.0,5936.0,0.0,5.416205923674073e-06,0.0,0.0,67773.0,2.311280601027007e-05,0.0,0.0,11891.0,2.000792271536339e-06,6.4929e-05,7.0,107810.0,8.956937317359258e-05,0.0,0.0,1851.0,2.398045891585233e-05
8.0,41.0,0.0,5936.0,0.0,3.2497235542044438e-06,0.0,0.0,67773.0,1.3867683606162042e-05,0.0,0.0,11891.0,1.2004753629218035e-06,5.5653000000000004e-05,6.0,107810.0,7.600282390415555e-05,0.0,0.0,1851.0,1.4388275349511399e-05
8.0,42.0,0.0,5936.0,0.0,1.949834132522666e-06,0.0,0.0,67773.0,8.320610163697225e-06,0.0,0.0,11891.0,7.20285217753082e-07,0.0,0.0,107810.0,4.5601694342493325e-05,0.0,0.0,1851.0,8.63296520970684e-06
8.0,43.0,0.0,5936.0,0.0,1.1699004795135996e-06,0.0,0.0,67773.0,4.992366098218335e-06,0.0,0.0,11891.0,4.321711306518492e-07,0.0,0.0,107810.0,2.7361016605495995e-05,0.0,0.0,1851.0,5.179779125824103e-06
8.0,44.0,0.0,5936.0,0.0,7.019402877081598e-07,0.0,0.0,67773.0,2.9954196589310007e-06,0.0,0.0,11891.0,2.593026783911095e-07,0.0,0.0,107810.0,1.6416609963297597e-05,0.0,0.0,1851.0,3.107867475494462e-06
8.0,45.0,0.0,5936.0,0.0,4.211641726248959e-07,0.0,0.0,67773.0,1.7972517953586004e-06,0.0,0.0,11891.0,1.555816070346657e-07,0.0,0.0,107810.0,9.849965977978557e-06,0.0,0.0,1851.0,1.864720485296677e-06
8.0,46.0,0.0,5936.0,0.0,2.5269850357493754e-07,0.0,0.0,67773.0,1.0783510772151601e-06,0.0,0.0,11891.0,9.334896422079941e-08,0.0,0.0,107810.0,5.909979586787134e-06,0.0,0.0,1851.0,1.1188322911780062e-06
8.0,47.0,0.0,5936.0,0.0,1.5161910214496252e-07,0.0,0.0,67773.0,6.470106463290961e-07,0.0,0.0,11891.0,5.600937853247964e-08,0.0,0.0,107810.0,3.54598775207228e-06,0.0,0.0,1851.0,6.712993747068037e-07
8.0,48.0,0.0,5936.0,0.0,9.097146128697751e-08,0.0,0.0,67773.0,3.882063877974577e-07,0.0,0.0,11891.0,3.360562711948778e-08,0.0,0.0,107810.0,2.1275926512433677e-06,0.0,0.0,1851.0,4.027796248240822e-07
8.0,49.0,0.0,5936.0,0.0,5.45828767721865e-08,0.0,0.0,67773.0,2.3292383267847458e-07,0.0,0.0,11891.0,2.0163376271692668e-08,0.0,0.0,107810.0,1.2765555907460205e-06,0.0,0.0,1851.0,2.416677748944493e-07
8.0,50.0,0.0,5936.0,0.0,3.27497260633119e-08,0.0,0.0,67773.0,1.3975429960708473e-07,0.0,0.0,11891.0,1.20980257630156e-08,0.0,0.0,107810.0,7.659333544476123e-07,0.0,0.0,1851.0,1.450006649366696e-07
8.0,51.0,0.0,5936.0,0.0,1.964983563798714e-08,0.0,0.0,67773.0,8.385257976425084e-08,0.0,0.0,11891.0,7.25881545780936e-09,0.0,0.0,107810.0,4.5956001266856735e-07,0.0,0.0,1851.0,8.700039896200175e-08
8.0,52.0,0.0,5936.0,0.0,1.1789901382792283e-08,0.0,0.0,67773.0,5.03115478585505e-08,0.0,0.0,11891.0,4.355289274685616e-09,0.0,0.0,107810.0,2.757360076011404e-07,0.0,0.0,1851.0,5.220023937720105e-08
9.0,1.0,0.0,6088.0,0.0,7.0739408296753695e-09,0.0,0.0,67773.0,3.01869287151303e-08,0.0,0.0,11891.0,2.6131735648113694e-09,0.0,0.0,107810.0,1.6544160456068425e-07,0.0,0.0,1851.0,3.132014362632063e-08
9.0,2.0,0.0,6088.0,0.0,4.244364497805221e-09,0.0,0.0,68768.0,1.811215722907818e-08,0.0,0.0,12013.0,1.5679041388868217e-09,0.0,0.0,111682.0,9.926496273641054e-08,0.0,0.0,1860.0,1.8792086175792376e-08
9.0,3.0,0.0,6088.0,0.0,2.5466186986831326e-09,0.0,0.0,68768.0,1.0867294337446907e-08,0.0,0.0,12013.0,9.407424833320929e-10,0.0,0.0,111682.0,5.955897764184632e-08,0.0,0.0,1860.0,1.1275251705475425e-08
9.0,4.0,0.0,6088.0,0.0,1.5279712192098795e-09,0.0,0.0,68768.0,6.520376602468144e-09,0.0,0.0,12013.0,5.644454899992557e-10,0.0,0.0,111682.0,3.5735386585107794e-08,0.0,0.0,1860.0,6.765151023285255e-09
9.0,5.0,0.0,6088.0,0.0,9.167827315259277e-10,0.0,0.0,68768.0,3.912225961480886e-09,0.0,0.0,12013.0,3.386672939995534e-10,0.0,0.0,111682.0,2.1441231951064674e-08,0.0,0.0,1860.0,4.059090613971153e-09
9.0,6.0,0.0,6088.0,0.0,5.500696389155566e-10,0.0,0.0,68768.0,2.3473355768885316e-09,0.0,0.0,12013.0,2.0320037639973205e-10,0.0,0.0,111682.0,1.2864739170638805e-08,0.0,0.0,1860.0,2.4354543683826916e-09
9.0,7.0,0.0,6088.0,0.0,3.3004178334933397e-10,1.4542e-05,1.0,68768.0,5.818208401346134e-06,0.0,0.0,12013.0,1.2192022583983921e-10,0.0,0.0,111682.0,7.718843502383282e-09,0.0,0.0,1860.0,1.461272621029615e-09
9.0,8.0,0.0,6088.0,0.0,1.9802507000960039e-10,0.0,0.0,68768.0,3.4909250408076803e-06,0.0,0.0,12013.0,7.315213550390353e-11,0.0,0.0,111682.0,4.631306101429969e-09,0.0,0.0,1860.0,8.767635726177689e-10
9.0,9.0,0.000164263,6088.0,1.0,6.5705318815042e-05,0.0,0.0,68768.0,2.094555024484608e-06,0.0,0.0,12013.0,4.389128130234211e-11,0.0,0.0,111682.0,2.778783660857981e-09,0.0,0.0,1860.0,5.260581435706613e-10
9.0,10.0,0.0,6088.0,0.0,3.94231912890252e-05,1.4542e-05,1.0,68768.0,7.073533014690765e-06,8.3241e-05,1.0,12013.0,3.3296426334768786e-05,0.0,0.0,111682.0,1.6672701965147887e-09,0.0,0.0,1860.0,3.156348861423968e-10
9.0,11.0,0.0,6088.0,0.0,2.365391477341512e-05,0.0,0.0,68768.0,4.244119808814459e-06,8.3241e-05,1.0,12013.0,5.327425580086127e-05,8.954e-06,1.0,111682.0,3.5826003621179087e-06,0.0,0.0,1860.0,1.8938093168543807e-10
9.0,12.0,0.0,6088.0,0.0,1.4192348864049071e-05,0.0,0.0,68768.0,2.5464718852886753e-06,8.3241e-05,1.0,12013.0,6.526095348051677e-05,1.7908e-05,2.0,111682.0,9.312760217270745e-06,0.0,0.0,1860.0,1.1362855901126284e-10
9.0,13.0,0.000164263,6088.0,1.0,7.422060931842944e-05,1.4542e-05,1.0,68768.0,7.344683131173206e-06,0.00016648299999999998,2.0,12013.0,0.00010574977208831005,4.477e-05,5.0,111682.0,2.349565613036245e-05,0.0,0.0,1860.0,6.81771354067577e-11
9.0,14.0,0.0,6088.0,0.0,4.4532365591057664e-05,0.0,0.0,68768.0,4.406809878703923e-06,8.3241e-05,1.0,12013.0,9.674626325298603e-05,0.0,0.0,111682.0,1.4097393678217469e-05,0.0,0.0,1860.0,4.090628124405462e-11
9.0,15.0,0.0,6088.0,0.0,2.6719419354634598e-05,4.3625e-05,3.0,68768.0,2.0094085927222353e-05,0.0,0.0,12013.0,5.8047757951791616e-05,8.954e-06,1.0,111682.0,1.2040036206930481e-05,0.0,0.0,1860.0,2.4543768746432773e-11
9.0,16.0,0.0,6088.0,0.0,1.6031651612780758e-05,5.8166000000000005e-05,4.0,68768.0,3.5322851556333414e-05,0.0,0.0,12013.0,3.482865477107497e-05,8.0586e-05,9.0,111682.0,3.9458421724158295e-05,0.0,0.0,1860.0,1.4726261247859663e-11
9.0,17.0,0.0,6088.0,0.0,9.618990967668455e-06,5.8166000000000005e-05,4.0,68768.0,4.4460110933800053e-05,0.0,0.0,12013.0,2.0897192862644983e-05,0.00013431,15.0,111682.0,7.739905303449498e-05,0.0,0.0,1860.0,8.835756748715797e-12
9.0,18.0,0.0,6088.0,0.0,5.771394580601073e-06,8.724899999999999e-05,6.0,68768.0,6.157566656028003e-05,0.0,0.0,12013.0,1.253831571758699e-05,0.000232803,26.0,111682.0,0.000139560631820697,0.000537622,1.0,1860.0,0.00021504880530145404
9.0,19.0,0.0,6088.0,0.0,3.4628367483606438e-06,0.00046533,32.0,68768.0,0.00022307739993616802,0.00016648299999999998,2.0,12013.0,7.411618943055218e-05,0.000259665,29.0,111682.0,0.0001876023790924182,0.000537622,1.0,1860.0,0.0003440780831808724
9.0,20.0,0.000164263,6088.0,1.0,6.778290204901638e-05,0.0004944130000000001,34.0,68768.0,0.0003316116399617008,0.000416207,5.0,12013.0,0.0002109525136583313,0.000456653,51.0,111682.0,0.0002952226274554509,0.0,0.0,1860.0,0.00020644684990852344
9.0,21.0,0.00147837,6088.0,9.0,0.0006320177412294098,0.0008579519999999999,59.0,68768.0,0.0005421477839770204,0.00016648299999999998,2.0,12013.0,0.00019316470819499875,0.000331297,37.0,111682.0,0.0003096523764732705,0.000537622,1.0,1860.0,0.00033891690994511403
9.0,22.0,0.00049279,6088.0,3.0,0.0005763266447376459,0.000887035,61.0,68768.0,0.0006801026703862123,0.001248622,15.0,12013.0,0.0006153476249169993,0.0005820080000000001,65.0,111682.0,0.00041859462588396233,0.000537622,1.0,1860.0,0.0004183989459670684
9.0,23.0,0.0,6088.0,0.0,0.00034579598684258755,0.00093066,64.0,68768.0,0.0007803256022317274,0.0015815879999999999,19.0,12013.0,0.0010018437749501996,0.000671548,75.0,111682.0,0.0005197759755303774,0.000537622,1.0,1860.0,0.00046608816758024105
9.0,24.0,0.000164263,6088.0,1.0,0.0002731827921055525,0.0014250729999999998,98.0,68768.0,0.0010382245613390364,0.000749173,9.0,12013.0,0.0009007754649701198,0.000626778,70.0,111682.0,0.0005625767853182264,0.0,0.0,1860.0,0.0002796529005481446
