year,flu week,CA rate,CA pop,CA count,CA weighted rate,PA rate,PA count,PA pop,PA weighted rate,YE rate,YE count,YE pop,YE weighted rate,BH rate,BH count,BH pop,BH weighted rate
,,,,,0.0,,,,,,,,,,,,
1.0,1.0,0.0,10062.0,0.0,0.0,,,,0.0,,,,0.0,,,,0.0
1.0,2.0,0.0,10062.0,0.0,0.0,0.0,0.0,15597.0,0.0,2.0222e-05,3.0,148356.0,2.0222e-05,0.0,0.0,12912.0,0.0
1.0,3.0,0.0,10062.0,0.0,0.0,0.0,0.0,15597.0,0.0,0.0,0.0,148356.0,1.21332e-05,0.0,0.0,12912.0,0.0
1.0,4.0,0.0,10062.0,0.0,0.0,6.4115e-05,1.0,15597.0,2.5646000000000005e-05,6.741e-06,1.0,148356.0,9.97632e-06,0.0,0.0,12912.0,0.0
1.0,5.0,0.0,10062.0,0.0,0.0,0.0,0.0,15597.0,1.53876e-05,0.0,0.0,148356.0,5.985791999999999e-06,0.0,0.0,12912.0,0.0
1.0,6.0,0.0,10062.0,0.0,0.0,6.4115e-05,1.0,15597.0,3.4878560000000006e-05,0.0,0.0,148356.0,3.5914751999999992e-06,0.0,0.0,12912.0,0.0
1.0,7.0,0.0,10062.0,0.0,0.0,0.00025646,4.0,15597.0,0.00012351113600000003,2.6961999999999997e-05,4.0,148356.0,1.2939685119999998e-05,0.0,0.0,12912.0,0.0
1.0,8.0,0.0,10062.0,0.0,0.0,0.00326986,51.0,15597.0,0.0013820506816,0.000175254,26.0,148356.0,7.786541107200001e-05,0.0,0.0,12912.0,0.0
1.0,9.0,0.0,10062.0,0.0,0.0,0.004808617,75.0,15597.0,0.00275267720896,0.00026288099999999997,39.0,148356.0,0.0001518716466432,0.015489467,200.0,12912.0,0.0061957868
1.0,10.0,0.0,10062.0,0.0,0.0,0.012374175,193.0,15597.0,0.006601276325376,9.436799999999999e-05,14.0,148356.0,0.00012887018798592,0.0,0.0,12912.0,0.00371747208
1.0,11.0,0.0,10062.0,0.0,0.0,0.009232545,144.0,15597.0,0.0076537837952256,2.6961999999999997e-05,4.0,148356.0,8.810691279155199e-05,0.0,0.0,12912.0,0.002230483248
1.0,12.0,0.0,10062.0,0.0,0.0,0.0007693789999999999,12.0,15597.0,0.00490002187713536,1.3480999999999998e-05,2.0,148356.0,5.8256547674931196e-05,0.0,0.0,12912.0,0.0013382899488
1.0,13.0,0.0,10062.0,0.0,0.0,0.000577034,9.0,15597.0,0.003170826726281216,0.00026288099999999997,39.0,148356.0,0.0001401063286049587,0.0,0.0,12912.0,0.00080297396928
1.0,14.0,0.0,10062.0,0.0,0.0,0.000448804,7.0,15597.0,0.0020820176357687296,9.436799999999999e-05,14.0,148356.0,0.00012181099716297521,0.0,0.0,12912.0,0.000481784381568
1.0,15.0,0.0,10062.0,0.0,0.0,0.000192345,3.0,15597.0,0.0013261485814612375,2.6961999999999997e-05,4.0,148356.0,8.387139829778512e-05,0.0,0.0,12912.0,0.0002890706289408
1.0,16.0,0.0,10062.0,0.0,0.0,0.0,0.0,15597.0,0.0007956891488767425,6.7405e-05,10.0,148356.0,7.728483897867107e-05,0.0,0.0,12912.0,0.00017344237736448
1.0,17.0,0.0,10062.0,0.0,0.0,0.0,0.0,15597.0,0.00047741348932604544,2.6961999999999997e-05,4.0,148356.0,5.715570338720264e-05,0.0,0.0,12912.0,0.000104065426418688
1.0,18.0,0.0,10062.0,0.0,0.0,0.0,0.0,15597.0,0.00028644809359562725,2.6961999999999997e-05,4.0,148356.0,4.507822203232158e-05,0.0,0.0,12912.0,6.243925585121279e-05
1.0,19.0,0.0,10062.0,0.0,0.0,0.0,0.0,15597.0,0.00017186885615737635,6.741e-06,1.0,148356.0,2.974333321939295e-05,0.0,0.0,12912.0,3.746355351072767e-05
1.0,20.0,0.0,10062.0,0.0,0.0,0.0,0.0,15597.0,0.0001031213136944258,0.0,0.0,148356.0,1.784599993163577e-05,0.0,0.0,12912.0,2.2478132106436603e-05
1.0,21.0,0.0,10062.0,0.0,0.0,0.0,0.0,15597.0,6.187278821665547e-05,0.0,0.0,148356.0,1.0707599958981461e-05,0.0,0.0,12912.0,1.3486879263861961e-05
1.0,22.0,0.0,10062.0,0.0,0.0,0.0,0.0,15597.0,3.712367292999328e-05,0.0,0.0,148356.0,6.424559975388877e-06,0.0,0.0,12912.0,8.092127558317177e-06
1.0,23.0,0.0,10062.0,0.0,0.0,0.0,0.0,15597.0,2.2274203757995967e-05,6.741e-06,1.0,148356.0,6.551135985233326e-06,0.0,0.0,12912.0,4.855276534990306e-06
1.0,24.0,0.0,10062.0,0.0,0.0,0.0,0.0,15597.0,1.3364522254797579e-05,0.0,0.0,148356.0,3.930681591139995e-06,0.0,0.0,12912.0,2.9131659209941833e-06
1.0,25.0,0.0,10062.0,0.0,0.0,0.0,0.0,15597.0,8.018713352878548e-06,1.3480999999999998e-05,2.0,148356.0,7.750808954683997e-06,0.0,0.0,12912.0,1.74789955259651e-06
1.0,26.0,0.0,10062.0,0.0,0.0,0.0,0.0,15597.0,4.8112280117271285e-06,0.0,0.0,148356.0,4.6504853728103976e-06,0.0,0.0,12912.0,1.048739731557906e-06
1.0,27.0,0.0,10062.0,0.0,0.0,0.0,0.0,15597.0,2.886736807036277e-06,0.0,0.0,148356.0,2.7902912236862384e-06,0.0,0.0,12912.0,6.292438389347436e-07
1.0,28.0,0.0,10062.0,0.0,0.0,0.0,0.0,15597.0,1.7320420842217662e-06,0.0,0.0,148356.0,1.674174734211743e-06,0.0,0.0,12912.0,3.775463033608461e-07
1.0,29.0,0.0,10062.0,0.0,0.0,0.0,0.0,15597.0,1.0392252505330597e-06,6.741e-06,1.0,148356.0,3.700904840527046e-06,0.0,0.0,12912.0,2.2652778201650767e-07
1.0,30.0,0.0,10062.0,0.0,0.0,0.0,0.0,15597.0,6.235351503198358e-07,6.741e-06,1.0,148356.0,4.916942904316227e-06,0.0,0.0,12912.0,1.359166692099046e-07
1.0,31.0,0.0,10062.0,0.0,0.0,0.0,0.0,15597.0,3.7412109019190146e-07,0.0,0.0,148356.0,2.9501657425897363e-06,0.0,0.0,12912.0,8.155000152594274e-08
1.0,32.0,0.0,10062.0,0.0,0.0,0.0,0.0,15597.0,2.2447265411514086e-07,0.0,0.0,148356.0,1.7700994455538416e-06,0.0,0.0,12912.0,4.8930000915565644e-08
1.0,33.0,0.0,10062.0,0.0,0.0,0.0,0.0,15597.0,1.346835924690845e-07,0.0,0.0,148356.0,1.0620596673323049e-06,0.0,0.0,12912.0,2.9358000549339384e-08
1.0,34.0,0.0,10062.0,0.0,0.0,0.0,0.0,15597.0,8.081015548145071e-08,0.0,0.0,148356.0,6.372358003993829e-07,0.0,0.0,12912.0,1.761480032960363e-08
1.0,35.0,0.0,10062.0,0.0,0.0,0.0,0.0,15597.0,4.8486093288870424e-08,0.0,0.0,148356.0,3.8234148023962974e-07,0.0,0.0,12912.0,1.0568880197762177e-08
1.0,36.0,0.0,10062.0,0.0,0.0,0.0,0.0,15597.0,2.9091655973322254e-08,0.0,0.0,148356.0,2.2940488814377783e-07,0.0,0.0,12912.0,6.341328118657306e-09
1.0,37.0,0.0,10062.0,0.0,0.0,0.0,0.0,15597.0,1.745499358399335e-08,0.0,0.0,148356.0,1.376429328862667e-07,0.0,0.0,12912.0,3.804796871194384e-09
1.0,38.0,0.0,10062.0,0.0,0.0,0.0,0.0,15597.0,1.0472996150396011e-08,0.0,0.0,148356.0,8.258575973176002e-08,0.0,0.0,12912.0,2.28287812271663e-09
1.0,39.0,0.0,10062.0,0.0,0.0,0.0,0.0,15597.0,6.283797690237606e-09,0.0,0.0,148356.0,4.955145583905601e-08,0.0,0.0,12912.0,1.369726873629978e-09
1.0,40.0,0.0,10062.0,0.0,0.0,0.0,0.0,15597.0,3.770278614142564e-09,0.0,0.0,148356.0,2.9730873503433605e-08,0.0,0.0,12912.0,8.218361241779868e-10
1.0,41.0,0.0,10062.0,0.0,0.0,0.0,0.0,15597.0,2.262167168485538e-09,0.0,0.0,148356.0,1.7838524102060163e-08,0.0,0.0,12912.0,4.931016745067921e-10
1.0,42.0,0.0,10062.0,0.0,0.0,0.0,0.0,15597.0,1.3573003010913227e-09,0.0,0.0,148356.0,1.0703114461236098e-08,0.0,0.0,12912.0,2.9586100470407524e-10
1.0,43.0,0.0,10062.0,0.0,0.0,0.0,0.0,15597.0,8.143801806547936e-10,0.0,0.0,148356.0,6.421868676741659e-09,0.0,0.0,12912.0,1.7751660282244515e-10
1.0,44.0,0.0,10062.0,0.0,0.0,0.0,0.0,15597.0,4.886281083928761e-10,0.0,0.0,148356.0,3.853121206044995e-09,0.0,0.0,12912.0,1.0650996169346709e-10
1.0,45.0,0.0,10062.0,0.0,0.0,0.0,0.0,15597.0,2.931768650357257e-10,0.0,0.0,148356.0,2.311872723626997e-09,0.0,0.0,12912.0,6.390597701608025e-11
1.0,46.0,0.0,10062.0,0.0,0.0,0.0,0.0,15597.0,1.759061190214354e-10,0.0,0.0,148356.0,1.3871236341761982e-09,0.0,0.0,12912.0,3.8343586209648147e-11
1.0,47.0,0.0,10062.0,0.0,0.0,0.0,0.0,15597.0,1.0554367141286123e-10,0.0,0.0,148356.0,8.32274180505719e-10,0.0,0.0,12912.0,2.300615172578889e-11
1.0,48.0,0.0,10062.0,0.0,0.0,0.0,0.0,15597.0,6.332620284771674e-11,0.0,0.0,148356.0,4.993645083034313e-10,0.0,0.0,12912.0,1.3803691035473332e-11
1.0,49.0,0.0,10062.0,0.0,0.0,0.0,0.0,15597.0,3.799572170863004e-11,0.0,0.0,148356.0,2.996187049820588e-10,0.0,0.0,12912.0,8.282214621283998e-12
1.0,50.0,0.0,10062.0,0.0,0.0,0.0,0.0,15597.0,2.2797433025178023e-11,0.0,0.0,148356.0,1.7977122298923526e-10,0.0,0.0,12912.0,4.969328772770399e-12
1.0,51.0,0.0,10062.0,0.0,0.0,0.0,0.0,15597.0,1.3678459815106813e-11,0.0,0.0,148356.0,1.0786273379354115e-10,0.0,0.0,12912.0,2.981597263662239e-12
1.0,52.0,0.0,10062.0,0.0,0.0,0.0,0.0,15597.0,8.207075889064088e-12,0.0,0.0,148356.0,6.47176402761247e-11,0.0,0.0,12912.0,1.7889583581973432e-12
1.0,53.0,0.0,10062.0,0.0,0.0,0.0,0.0,15597.0,4.924245533438452e-12,0.0,0.0,148356.0,3.8830584165674814e-11,0.0,0.0,12912.0,1.0733750149184059e-12
2.0,1.0,0.0,10090.0,0.0,0.0,0.0,0.0,15597.0,2.9545473200630713e-12,0.0,0.0,148356.0,2.3298350499404886e-11,0.0,0.0,12912.0,6.440250089510435e-13
2.0,2.0,0.0,10090.0,0.0,0.0,0.0,0.0,15506.0,1.7727283920378427e-12,0.0,0.0,149702.0,1.3979010299642931e-11,0.0,0.0,13054.0,3.8641500537062606e-13
2.0,3.0,0.0,10090.0,0.0,0.0,0.0,0.0,15506.0,1.0636370352227055e-12,0.0,0.0,149702.0,8.387406179785759e-12,0.0,0.0,13054.0,2.318490032223756e-13
2.0,4.0,0.0,10090.0,0.0,0.0,0.0,0.0,15506.0,6.381822211336233e-13,0.0,0.0,149702.0,5.032443707871455e-12,0.0,0.0,13054.0,1.3910940193342536e-13
2.0,5.0,0.0,10090.0,0.0,0.0,0.0,0.0,15506.0,3.8290933268017397e-13,0.0,0.0,149702.0,3.019466224722873e-12,0.0,0.0,13054.0,8.346564116005521e-14
2.0,6.0,0.0,10090.0,0.0,0.0,0.0,0.0,15506.0,2.297455996081044e-13,0.0,0.0,149702.0,1.811679734833724e-12,0.0,0.0,13054.0,5.007938469603313e-14
2.0,7.0,0.0,10090.0,0.0,0.0,0.0,0.0,15506.0,1.3784735976486264e-13,0.0,0.0,149702.0,1.0870078409002343e-12,0.0,0.0,13054.0,3.0047630817619877e-14
2.0,8.0,0.0,10090.0,0.0,0.0,0.0,0.0,15506.0,8.270841585891758e-14,0.0,0.0,149702.0,6.522047045401406e-13,0.0,0.0,13054.0,1.8028578490571926e-14
2.0,9.0,0.0,10090.0,0.0,0.0,0.0,0.0,15506.0,4.962504951535055e-14,0.0,0.0,149702.0,3.9132282272408434e-13,0.0,0.0,13054.0,1.0817147094343155e-14
2.0,10.0,0.0,10090.0,0.0,0.0,0.0,0.0,15506.0,2.9775029709210326e-14,0.0,0.0,149702.0,2.347936936344506e-13,0.0,0.0,13054.0,6.490288256605892e-15
2.0,11.0,0.0,10090.0,0.0,0.0,0.0,0.0,15506.0,1.7865017825526196e-14,0.0,0.0,149702.0,1.4087621618067035e-13,0.0,0.0,13054.0,3.8941729539635356e-15
2.0,12.0,0.0,10090.0,0.0,0.0,0.0,0.0,15506.0,1.0719010695315718e-14,0.0,0.0,149702.0,8.45257297084022e-14,0.0,0.0,13054.0,2.336503772378121e-15
2.0,13.0,0.0,10090.0,0.0,0.0,0.0,0.0,15506.0,6.4314064171894306e-15,0.0,0.0,149702.0,5.071543782504132e-14,0.0,0.0,13054.0,1.4019022634268727e-15
2.0,14.0,0.0,10090.0,0.0,0.0,0.0,0.0,15506.0,3.8588438503136585e-15,6.68e-06,1.0,149702.0,2.672000030429263e-06,0.0,0.0,13054.0,8.411413580561235e-16
2.0,15.0,0.0,10090.0,0.0,0.0,0.0,0.0,15506.0,2.315306310188195e-15,6.68e-06,1.0,149702.0,4.275200018257558e-06,0.0,0.0,13054.0,5.046848148336741e-16
2.0,16.0,0.0,10090.0,0.0,0.0,0.00038694699999999995,6.0,15506.0,0.0001547788000013892,1.336e-05,2.0,149702.0,7.909120010954535e-06,0.0,0.0,13054.0,3.028108889002044e-16
2.0,17.0,0.000297324,10090.0,3.0,0.00011892960000000001,0.000257965,4.0,15506.0,0.00019605328000083352,2.004e-05,3.0,149702.0,1.2761472006572721e-05,0.0,0.0,13054.0,1.8168653334012265e-16
2.0,18.0,0.0,10090.0,0.0,7.135776e-05,0.000451438,7.0,15506.0,0.0002982071680005001,1.336e-05,2.0,149702.0,1.3000883203943632e-05,0.0,0.0,13054.0,1.0901192000407359e-16
2.0,19.0,0.0,10090.0,0.0,4.2814656e-05,0.000451438,7.0,15506.0,0.0003594995008003001,0.0,0.0,149702.0,7.800529922366179e-06,0.0,0.0,13054.0,6.540715200244415e-17
2.0,20.0,0.0,10090.0,0.0,2.56887936e-05,0.000257965,4.0,15506.0,0.00031888570048018,6.68e-06,1.0,149702.0,7.352317953419708e-06,7.6605e-05,1.0,13054.0,3.0642000000039244e-05
2.0,21.0,0.0,10090.0,0.0,1.541327616e-05,0.0,0.0,15506.0,0.00019133142028810802,2.672e-05,4.0,149702.0,1.5099390772051826e-05,0.0,0.0,13054.0,1.8385200000023546e-05
2.0,22.0,0.0,10090.0,0.0,9.247965696e-06,0.0,0.0,15506.0,0.0001147988521728648,2.004e-05,3.0,149702.0,1.7075634463231097e-05,0.0,0.0,13054.0,1.1031120000014127e-05
2.0,23.0,0.0,10090.0,0.0,5.5487794175999995e-06,0.000451438,7.0,15506.0,0.0002494545113037189,1.336e-05,2.0,149702.0,1.5589380677938658e-05,0.0,0.0,13054.0,6.618672000008476e-06
2.0,24.0,0.0,10090.0,0.0,3.3292676505599995e-06,0.000644912,10.0,15506.0,0.0004076375067822314,1.336e-05,2.0,149702.0,1.4697628406763195e-05,0.0,0.0,13054.0,3.9712032000050855e-06
2.0,25.0,0.0,10090.0,0.0,1.9975605903359995e-06,0.000838385,13.0,15506.0,0.0005799365040693389,1.336e-05,2.0,149702.0,1.4162577044057917e-05,0.0,0.0,13054.0,2.3827219200030514e-06
2.0,26.0,0.000297324,10090.0,3.0,0.00012012813635420161,0.000451438,7.0,15506.0,0.0005285371024416033,3.34e-05,5.0,149702.0,2.185754622643475e-05,0.000229815,3.0,13054.0,9.335563315200183e-05
2.0,27.0,0.0,10090.0,0.0,7.207688181252096e-05,0.00038694699999999995,6.0,15506.0,0.00047190106146496197,6.68e-06,1.0,149702.0,1.578652773586085e-05,0.0,0.0,13054.0,5.60133798912011e-05
2.0,28.0,0.0,10090.0,0.0,4.3246129087512576e-05,0.000902876,14.0,15506.0,0.0006442910368789773,0.0,0.0,149702.0,9.47191664151651e-06,0.0,0.0,13054.0,3.360802793472066e-05
2.0,29.0,9.910799999999999e-05,10090.0,1.0,6.559087745250754e-05,0.0007738939999999999,12.0,15506.0,0.0006961322221273863,1.336e-05,2.0,149702.0,1.1027149984909906e-05,0.0,0.0,13054.0,2.0164816760832394e-05
2.0,30.0,9.910799999999999e-05,10090.0,1.0,7.899772647150452e-05,0.000644912,10.0,15506.0,0.0006756441332764318,1.336e-05,2.0,149702.0,1.1960289990945943e-05,0.0,0.0,13054.0,1.2098890056499437e-05
2.0,31.0,0.0,10090.0,0.0,4.739863588290271e-05,0.000709403,11.0,15506.0,0.000689147679965859,6.68e-06,1.0,149702.0,9.848173994567567e-06,0.0,0.0,13054.0,7.259334033899662e-06
2.0,32.0,0.0,10090.0,0.0,2.8439181529741627e-05,0.000451438,7.0,15506.0,0.0005940638079795154,1.336e-05,2.0,149702.0,1.125290439674054e-05,0.0,0.0,13054.0,4.355600420339797e-06
2.0,33.0,0.0,10090.0,0.0,1.7063508917844975e-05,6.4491e-05,1.0,15506.0,0.0003822346847877092,0.0,0.0,149702.0,6.751742638044324e-06,0.0,0.0,13054.0,2.6133602522038784e-06
2.0,34.0,0.0,10090.0,0.0,1.0238105350706985e-05,0.000128982,2.0,15506.0,0.0002809336108726255,0.0,0.0,149702.0,4.051045582826594e-06,0.0,0.0,13054.0,1.568016151322327e-06
2.0,35.0,0.0,10090.0,0.0,6.142863210424191e-06,0.0,0.0,15506.0,0.0001685601665235753,0.0,0.0,149702.0,2.4306273496959566e-06,0.000306419,4.0,13054.0,0.0001235084096907934
2.0,36.0,0.0,10090.0,0.0,3.6857179262545145e-06,0.0,0.0,15506.0,0.00010113609991414518,0.0,0.0,149702.0,1.458376409817574e-06,0.0,0.0,13054.0,7.410504581447604e-05
2.0,37.0,0.0,10090.0,0.0,2.2114307557527086e-06,0.0,0.0,15506.0,6.0681659948487104e-05,0.0,0.0,149702.0,8.750258458905443e-07,0.00015321,2.0,13054.0,0.00010574702748868562
2.0,38.0,0.0,10090.0,0.0,1.3268584534516252e-06,0.0,0.0,15506.0,3.640899596909226e-05,0.0,0.0,149702.0,5.250155075343266e-07,0.0,0.0,13054.0,6.344821649321137e-05
2.0,39.0,0.0,10090.0,0.0,7.96115072070975e-07,0.0,0.0,15506.0,2.1845397581455356e-05,0.0,0.0,149702.0,3.1500930452059595e-07,0.0,0.0,13054.0,3.806892989592682e-05
2.0,40.0,0.0,10090.0,0.0,4.77669043242585e-07,0.0,0.0,15506.0,1.3107238548873214e-05,0.0,0.0,149702.0,1.8900558271235758e-07,0.0,0.0,13054.0,2.2841357937556094e-05
2.0,41.0,0.0,10090.0,0.0,2.86601425945551e-07,0.0,0.0,15506.0,7.864343129323928e-06,0.0,0.0,149702.0,1.1340334962741454e-07,0.0,0.0,13054.0,1.3704814762533657e-05
2.0,42.0,0.0,10090.0,0.0,1.719608555673306e-07,0.0,0.0,15506.0,4.718605877594356e-06,0.0,0.0,149702.0,6.804200977644873e-08,0.0,0.0,13054.0,8.222888857520194e-06
2.0,43.0,0.0,10090.0,0.0,1.0317651334039835e-07,0.0,0.0,15506.0,2.831163526556614e-06,0.0,0.0,149702.0,4.082520586586923e-08,0.0,0.0,13054.0,4.933733314512116e-06
2.0,44.0,0.0,10090.0,0.0,6.190590800423901e-08,0.0,0.0,15506.0,1.6986981159339684e-06,0.0,0.0,149702.0,2.449512351952154e-08,0.0,0.0,13054.0,2.96023998870727e-06
2.0,45.0,0.0,10090.0,0.0,3.714354480254341e-08,0.0,0.0,15506.0,1.019218869560381e-06,0.0,0.0,149702.0,1.4697074111712922e-08,0.0,0.0,13054.0,1.7761439932243617e-06
2.0,46.0,0.0,10090.0,0.0,2.2286126881526044e-08,0.0,0.0,15506.0,6.115313217362285e-07,0.0,0.0,149702.0,8.818244467027752e-09,0.0,0.0,13054.0,1.065686395934617e-06
2.0,47.0,0.0,10090.0,0.0,1.3371676128915625e-08,0.0,0.0,15506.0,3.669187930417371e-07,0.0,0.0,149702.0,5.290946680216651e-09,0.0,0.0,13054.0,6.394118375607701e-07
2.0,48.0,0.0,10090.0,0.0,8.023005677349375e-09,0.0,0.0,15506.0,2.2015127582504224e-07,0.0,0.0,149702.0,3.1745680081299905e-09,0.0,0.0,13054.0,3.8364710253646206e-07
2.0,49.0,0.0,10090.0,0.0,4.813803406409624e-09,0.0,0.0,15506.0,1.3209076549502533e-07,0.0,0.0,149702.0,1.904740804877994e-09,0.0,0.0,13054.0,2.3018826152187724e-07
2.0,50.0,0.0,10090.0,0.0,2.8882820438457747e-09,0.0,0.0,15506.0,7.92544592970152e-08,0.0,0.0,149702.0,1.1428444829267965e-09,0.0,0.0,13054.0,1.3811295691312633e-07
2.0,51.0,0.0,10090.0,0.0,1.7329692263074647e-09,0.0,0.0,15506.0,4.7552675578209116e-08,0.0,0.0,149702.0,6.857066897560778e-10,0.0,0.0,13054.0,8.286777414787579e-08
2.0,52.0,0.0,10090.0,0.0,1.0397815357844787e-09,0.0,0.0,15506.0,2.853160534692547e-08,0.0,0.0,149702.0,4.114240138536467e-10,0.0,0.0,13054.0,4.9720664488725475e-08
3.0,1.0,0.0,10135.0,0.0,6.238689214706872e-10,0.0,0.0,15506.0,1.711896320815528e-08,0.0,0.0,149702.0,2.46854408312188e-10,0.0,0.0,13054.0,2.983239869323528e-08
3.0,2.0,0.0,10135.0,0.0,3.743213528824123e-10,0.0,0.0,15590.0,1.0271377924893168e-08,0.0,0.0,151606.0,1.481126449873128e-10,0.0,0.0,12996.0,1.7899439215941168e-08
3.0,3.0,0.0,10135.0,0.0,2.2459281172944736e-10,0.0,0.0,15590.0,6.1628267549359006e-09,0.0,0.0,151606.0,8.886758699238767e-11,0.0,0.0,12996.0,1.07396635295647e-08
3.0,4.0,0.0,10135.0,0.0,1.3475568703766842e-10,0.0,0.0,15590.0,3.69769605296154e-09,0.0,0.0,151606.0,5.33205521954326e-11,0.0,0.0,12996.0,6.443798117738819e-09
3.0,5.0,0.0,10135.0,0.0,8.085341222260105e-11,0.0,0.0,15590.0,2.218617631776924e-09,0.0,0.0,151606.0,3.199233131725956e-11,0.0,0.0,12996.0,3.8662788706432915e-09
3.0,6.0,0.0,10135.0,0.0,4.851204733356063e-11,0.0,0.0,15590.0,1.3311705790661544e-09,0.0,0.0,151606.0,1.9195398790355735e-11,0.0,0.0,12996.0,2.319767322385975e-09
3.0,7.0,0.0,10135.0,0.0,2.9107228400136375e-11,0.0,0.0,15590.0,7.987023474396926e-10,0.0,0.0,151606.0,1.1517239274213441e-11,0.0,0.0,12996.0,1.391860393431585e-09
3.0,8.0,0.0,10135.0,0.0,1.7464337040081825e-11,0.0,0.0,15590.0,4.792214084638156e-10,0.0,0.0,151606.0,6.9103435645280646e-12,0.0,0.0,12996.0,8.351162360589509e-10
3.0,9.0,0.0,10135.0,0.0,1.0478602224049095e-11,0.0,0.0,15590.0,2.8753284507828933e-10,0.0,0.0,151606.0,4.1462061387168386e-12,0.0,0.0,12996.0,5.010697416353705e-10
3.0,10.0,0.0,10135.0,0.0,6.287161334429457e-12,0.0,0.0,15590.0,1.725197070469736e-10,0.0,0.0,151606.0,2.487723683230103e-12,0.0,0.0,12996.0,3.006418449812223e-10
3.0,11.0,0.0,10135.0,0.0,3.772296800657674e-12,0.0,0.0,15590.0,1.0351182422818416e-10,0.0,0.0,151606.0,1.4926342099380618e-12,0.0,0.0,12996.0,1.8038510698873337e-10
3.0,12.0,0.0,10135.0,0.0,2.2633780803946043e-12,0.0,0.0,15590.0,6.21070945369105e-11,0.0,0.0,151606.0,8.95580525962837e-13,0.0,0.0,12996.0,1.0823106419324002e-10
3.0,13.0,0.0,10135.0,0.0,1.3580268482367626e-12,0.0,0.0,15590.0,3.7264256722146295e-11,0.0,0.0,151606.0,5.373483155777022e-13,0.0,0.0,12996.0,6.493863851594401e-11
3.0,14.0,0.0,10135.0,0.0,8.148161089420575e-13,0.0,0.0,15590.0,2.2358554033287777e-11,0.0,0.0,151606.0,3.2240898934662135e-13,0.0,0.0,12996.0,3.89631831095664e-11
3.0,15.0,0.0,10135.0,0.0,4.888896653652344e-13,0.0,0.0,15590.0,1.3415132419972665e-11,0.0,0.0,151606.0,1.9344539360797282e-13,0.0,0.0,12996.0,2.337790986573984e-11
3.0,16.0,0.0,10135.0,0.0,2.9333379921914064e-13,0.0,0.0,15590.0,8.0490794519836e-12,0.0,0.0,151606.0,1.1606723616478367e-13,0.0,0.0,12996.0,1.4026745919443902e-11
3.0,17.0,0.0,10135.0,0.0,1.7600027953148438e-13,0.0,0.0,15590.0,4.829447671190159e-12,0.0,0.0,151606.0,6.96403416988702e-14,0.0,0.0,12996.0,8.41604755166634e-12
3.0,18.0,0.0,10135.0,0.0,1.0560016771889062e-13,0.0,0.0,15590.0,2.8976686027140956e-12,0.0,0.0,151606.0,4.178420501932212e-14,0.0,0.0,12996.0,5.0496285309998044e-12
3.0,19.0,0.0,10135.0,0.0,6.336010063133437e-14,0.0,0.0,15590.0,1.7386011616284573e-12,0.0,0.0,151606.0,2.507052301159327e-14,0.0,0.0,12996.0,3.0297771185998827e-12
3.0,20.0,0.0,10135.0,0.0,3.801606037880062e-14,0.0,0.0,15590.0,1.0431606969770743e-12,0.0,0.0,151606.0,1.5042313806955962e-14,0.0,0.0,12996.0,1.8178662711599296e-12
3.0,21.0,0.0,10135.0,0.0,2.280963622728037e-14,0.0,0.0,15590.0,6.258964181862445e-13,0.0,0.0,151606.0,9.025388284173577e-15,0.0,0.0,12996.0,1.0907197626959577e-12
3.0,22.0,0.0,10135.0,0.0,1.3685781736368222e-14,0.0,0.0,15590.0,3.755378509117467e-13,0.0,0.0,151606.0,5.415232970504146e-15,0.0,0.0,12996.0,6.544318576175745e-13
3.0,23.0,0.0,10135.0,0.0,8.211469041820933e-15,0.0,0.0,15590.0,2.2532271054704802e-13,0.0,0.0,151606.0,3.249139782302487e-15,7.6947e-05,1.0,12996.0,3.0778800392659115e-05
3.0,24.0,0.0,10135.0,0.0,4.92688142509256e-15,0.0,0.0,15590.0,1.351936263282288e-13,6.596e-06,1.0,151606.0,2.638400001949484e-06,0.0,0.0,12996.0,1.846728023559547e-05
3.0,25.0,0.0,10135.0,0.0,2.9561288550555358e-15,0.0,0.0,15590.0,8.111617579693729e-14,1.3192e-05,2.0,151606.0,6.859840001169691e-06,0.0,0.0,12996.0,1.108036814135728e-05
3.0,26.0,0.0,10135.0,0.0,1.7736773130333214e-15,0.0,0.0,15590.0,4.866970547816237e-14,0.0,0.0,151606.0,4.115904000701814e-06,0.0,0.0,12996.0,6.648220884814368e-06
3.0,27.0,0.0,10135.0,0.0,1.0642063878199928e-15,0.0,0.0,15590.0,2.920182328689742e-14,0.0,0.0,151606.0,2.4695424004210883e-06,0.0,0.0,12996.0,3.988932530888621e-06
3.0,28.0,0.0,10135.0,0.0,6.385238326919957e-16,0.000192431,3.0,15590.0,7.69724000175211e-05,1.3192e-05,2.0,151606.0,6.758525440252653e-06,0.0,0.0,12996.0,2.3933595185331722e-06
3.0,29.0,0.0,10135.0,0.0,3.831142996151974e-16,0.000449006,7.0,15590.0,0.00022578584001051267,1.3192e-05,2.0,151606.0,9.33191526415159e-06,0.000153894,2.0,12996.0,6.29936157111199e-05
3.0,30.0,0.0,10135.0,0.0,2.2986857976911844e-16,0.000320718,5.0,15590.0,0.0002637587040063076,6.596e-06,1.0,151606.0,8.237549158490955e-06,7.6947e-05,1.0,12996.0,6.857496942667194e-05
3.0,31.0,0.0,10135.0,0.0,1.3792114786147105e-16,0.001282874,20.0,15590.0,0.0006714048224037846,0.0,0.0,151606.0,4.9425294950945726e-06,7.6947e-05,1.0,12996.0,7.192378165600316e-05
3.0,32.0,0.0,10135.0,0.0,8.275268871688263e-17,0.000320718,5.0,15590.0,0.0005311300934422707,0.0,0.0,151606.0,2.9655176970567435e-06,0.0,0.0,12996.0,4.3154268993601896e-05
3.0,33.0,0.0,10135.0,0.0,4.965161323012958e-17,0.00012828700000000001,2.0,15590.0,0.00036999285606536246,1.9788e-05,3.0,151606.0,9.694510618234047e-06,0.0,0.0,12996.0,2.5892561396161138e-05
3.0,34.0,0.0,10135.0,0.0,2.979096793807775e-17,0.000513149,8.0,15590.0,0.00042725531363921744,1.9788e-05,3.0,151606.0,1.3731906370940427e-05,0.0,0.0,12996.0,1.553553683769668e-05
3.0,35.0,0.0,10135.0,0.0,1.7874580762846648e-17,0.0,0.0,15590.0,0.00025635318818353046,6.596e-06,1.0,151606.0,1.0877543822564256e-05,0.0,0.0,12996.0,9.321322102618008e-06
3.0,36.0,0.0,10135.0,0.0,1.0724748457707988e-17,0.0,0.0,15590.0,0.00015381191291011828,0.0,0.0,151606.0,6.526526293538553e-06,0.0,0.0,12996.0,5.5927932615708046e-06
3.0,37.0,0.0,10135.0,0.0,6.434849074624792e-18,0.0,0.0,15590.0,9.228714774607096e-05,6.596e-06,1.0,151606.0,6.554315776123132e-06,0.0,0.0,12996.0,3.3556759569424825e-06
3.0,38.0,0.0,10135.0,0.0,3.8609094447748756e-18,0.0,0.0,15590.0,5.537228864764257e-05,6.596e-06,1.0,151606.0,6.570989465673879e-06,0.0,0.0,12996.0,2.0134055741654892e-06
3.0,39.0,0.0,10135.0,0.0,2.316545666864925e-18,0.0,0.0,15590.0,3.322337318858554e-05,0.0,0.0,151606.0,3.942593679404327e-06,0.0,0.0,12996.0,1.2080433444992935e-06
3.0,40.0,0.0,10135.0,0.0,1.3899274001189551e-18,0.0,0.0,15590.0,1.9934023913151325e-05,0.0,0.0,151606.0,2.365556207642596e-06,0.0,0.0,12996.0,7.248260066995761e-07
3.0,41.0,0.0,10135.0,0.0,8.33956440071373e-19,0.0,0.0,15590.0,1.1960414347890795e-05,0.0,0.0,151606.0,1.4193337245855575e-06,0.0,0.0,12996.0,4.348956040197456e-07
3.0,42.0,0.0,10135.0,0.0,5.003738640428238e-19,0.0,0.0,15590.0,7.176248608734477e-06,0.0,0.0,151606.0,8.516002347513345e-07,0.0,0.0,12996.0,2.6093736241184734e-07
3.0,43.0,0.0,10135.0,0.0,3.002243184256943e-19,0.0,0.0,15590.0,4.305749165240686e-06,0.0,0.0,151606.0,5.109601408508007e-07,0.0,0.0,12996.0,1.565624174471084e-07
3.0,44.0,0.0,10135.0,0.0,1.8013459105541658e-19,0.0,0.0,15590.0,2.5834494991444113e-06,0.0,0.0,151606.0,3.0657608451048036e-07,0.0,0.0,12996.0,9.393745046826505e-08
3.0,45.0,0.0,10135.0,0.0,1.0808075463324994e-19,0.0,0.0,15590.0,1.5500696994866468e-06,0.0,0.0,151606.0,1.839456507062882e-07,0.0,0.0,12996.0,5.6362470280959025e-08
3.0,46.0,0.0,10135.0,0.0,6.484845277994996e-20,0.0,0.0,15590.0,9.30041819691988e-07,0.0,0.0,151606.0,1.1036739042377292e-07,0.0,0.0,12996.0,3.381748216857541e-08
3.0,47.0,0.0,10135.0,0.0,3.8909071667969975e-20,0.0,0.0,15590.0,5.580250918151927e-07,0.0,0.0,151606.0,6.622043425426375e-08,0.0,0.0,12996.0,2.0290489301145245e-08
3.0,48.0,0.0,10135.0,0.0,2.3345443000781983e-20,0.0,0.0,15590.0,3.3481505508911563e-07,0.0,0.0,151606.0,3.973226055255825e-08,0.0,0.0,12996.0,1.2174293580687147e-08
3.0,49.0,0.0,10135.0,0.0,1.400726580046919e-20,0.0,0.0,15590.0,2.0088903305346939e-07,0.0,0.0,151606.0,2.383935633153495e-08,0.0,0.0,12996.0,7.304576148412288e-09
3.0,50.0,0.0,10135.0,0.0,8.404359480281514e-21,0.0,0.0,15590.0,1.2053341983208162e-07,0.0,0.0,151606.0,1.4303613798920969e-08,0.0,0.0,12996.0,4.382745689047372e-09
3.0,51.0,0.0,10135.0,0.0,5.042615688168908e-21,0.0,0.0,15590.0,7.232005189924897e-08,0.0,0.0,151606.0,8.58216827935258e-09,0.0,0.0,12996.0,2.629647413428423e-09
3.0,52.0,0.0,10135.0,0.0,3.0255694129013447e-21,0.0,0.0,15590.0,4.339203113954938e-08,0.0,0.0,151606.0,5.149300967611548e-09,0.0,0.0,12996.0,1.5777884480570538e-09
4.0,1.0,0.0,10324.0,0.0,1.815341647740807e-21,0.0,0.0,15590.0,2.603521868372963e-08,0.0,0.0,151606.0,3.089580580566929e-09,0.0,0.0,12996.0,9.466730688342323e-10
4.0,2.0,0.0,10324.0,0.0,1.0892049886444842e-21,0.0,0.0,15691.0,1.5621131210237776e-08,0.0,0.0,153613.0,1.8537483483401573e-09,0.0,0.0,13116.0,5.680038413005393e-10
4.0,3.0,0.0,10324.0,0.0,6.535229931866905e-22,0.0,0.0,15691.0,9.372678726142665e-09,0.0,0.0,153613.0,1.1122490090040943e-09,0.0,0.0,13116.0,3.4080230478032356e-10
4.0,4.0,0.0,10324.0,0.0,3.921137959120143e-22,0.0,0.0,15691.0,5.623607235685599e-09,0.0,0.0,153613.0,6.673494054024566e-10,0.0,0.0,13116.0,2.0448138286819412e-10
4.0,5.0,0.0,10324.0,0.0,2.3526827754720857e-22,0.0,0.0,15691.0,3.3741643414113593e-09,0.0,0.0,153613.0,4.004096432414739e-10,0.0,0.0,13116.0,1.2268882972091647e-10
4.0,6.0,0.0,10324.0,0.0,1.4116096652832514e-22,6.3731e-05,1.0,15691.0,2.549442449860485e-05,0.0,0.0,153613.0,2.4024578594488434e-10,0.0,0.0,13116.0,7.361329783254988e-11
4.0,7.0,0.0,10324.0,0.0,8.469657991699508e-23,0.0,0.0,15691.0,1.529665469916291e-05,0.0,0.0,153613.0,1.441474715669306e-10,0.0,0.0,13116.0,4.416797869952993e-11
4.0,8.0,0.0,10324.0,0.0,5.0817947950197046e-23,0.000127462,2.0,15691.0,6.0162792819497753e-05,0.0,0.0,153613.0,8.648848294015836e-11,0.0,0.0,13116.0,2.6500787219717958e-11
4.0,9.0,0.0,10324.0,0.0,3.0490768770118227e-23,0.000127462,2.0,15691.0,8.708247569169865e-05,0.0,0.0,153613.0,5.189308976409501e-11,0.0,0.0,13116.0,1.5900472331830775e-11
4.0,10.0,0.0,10324.0,0.0,1.8294461262070935e-23,0.000382385,6.0,15691.0,0.0002052034854150192,0.0,0.0,153613.0,3.113585385845701e-11,7.624300000000001e-05,1.0,13116.0,3.0497209540283402e-05
4.0,11.0,0.0,10324.0,0.0,1.097667675724256e-23,0.000254923,4.0,15691.0,0.00022509129124901152,0.0,0.0,153613.0,1.8681512315074204e-11,0.0,0.0,13116.0,1.829832572417004e-05
4.0,12.0,0.0,10324.0,0.0,6.5860060543455364e-24,0.000254923,4.0,15691.0,0.00023702397474940692,0.0,0.0,153613.0,1.1208907389044523e-11,7.624300000000001e-05,1.0,13116.0,4.147619543450203e-05
4.0,13.0,0.0,10324.0,0.0,3.951603632607322e-24,0.000382385,6.0,15691.0,0.0002951683848496442,0.0,0.0,153613.0,6.725344433426713e-12,0.0,0.0,13116.0,2.4885717260701218e-05
4.0,14.0,0.000484308,10324.0,5.0,0.00019372320000000002,0.000509846,8.0,15691.0,0.0003810394309097865,0.0,0.0,153613.0,4.035206660056028e-12,0.000381214,5.0,13116.0,0.00016741703035642075
4.0,15.0,0.000774893,10324.0,8.0,0.00042619112000000003,0.0,0.0,15691.0,0.00022862365854587187,0.0,0.0,153613.0,2.4211239960336164e-12,7.624300000000001e-05,1.0,13116.0,0.00013094741821385246
4.0,16.0,0.0,10324.0,0.0,0.000255714672,0.000127462,2.0,15691.0,0.00018815899512752312,0.0,0.0,153613.0,1.4526743976201699e-12,0.000381214,5.0,13116.0,0.0002310540509283115
4.0,17.0,0.0,10324.0,0.0,0.0001534288032,0.0005735769999999999,9.0,15691.0,0.00034232619707651386,0.0,0.0,153613.0,8.716046385721019e-13,0.00022872799999999998,3.0,13116.0,0.00023012363055698688
4.0,18.0,0.004939946,10324.0,51.0,0.00206803568192,0.001210885,19.0,15691.0,0.0006897497182459084,0.0,0.0,153613.0,5.229627831432611e-13,0.00015248600000000002,2.0,13116.0,0.00019906857833419214
4.0,19.0,0.00116234,10324.0,12.0,0.0017057574091519998,0.0008285,13.0,15691.0,0.0007452498309475451,0.0031898340000000003,490.0,153613.0,0.0012759336003137778,0.0,0.0,13116.0,0.00011944114700051527
4.0,20.0,0.000193723,10324.0,2.0,0.0011009436454912,0.0017844620000000001,28.0,15691.0,0.0011609346985685272,0.00050126,77.0,153613.0,0.0009660641601882666,0.00022872799999999998,3.0,13116.0,0.00016315588820030915
4.0,21.0,0.000678032,10324.0,7.0,0.00093177898729472,0.0011471539999999998,18.0,15691.0,0.0011554224191411163,0.000449181,69.0,153613.0,0.0007593108961129599,0.000533699,7.0,13116.0,0.0003113731329201855
4.0,22.0,0.00038744699999999997,10324.0,4.0,0.000714046192376832,0.0006373080000000001,10.0,15691.0,0.0009481766514846698,0.000195296,30.0,153613.0,0.000533704937667776,0.00015248600000000002,2.0,13116.0,0.00024781827975211125
4.0,23.0,9.686200000000001e-05,10324.0,1.0,0.00046717251542609917,0.00031865400000000003,5.0,15691.0,0.0006963675908908019,8.462799999999999e-05,13.0,153613.0,0.0003540741626006656,0.0,0.0,13116.0,0.00014869096785126676
4.0,24.0,0.0,10324.0,0.0,0.0002803035092556595,0.000446116,7.0,15691.0,0.0005962669545344812,0.000286434,44.0,153613.0,0.00032701809756039937,0.0,0.0,13116.0,8.921458071076005e-05
4.0,25.0,0.0,10324.0,0.0,0.00016818210555339568,0.000127462,2.0,15691.0,0.0004087449727206887,0.00010415799999999999,16.0,153613.0,0.0002378740585362396,0.0,0.0,13116.0,5.352874842645603e-05
4.0,26.0,0.0,10324.0,0.0,0.0001009092633320374,6.3731e-05,1.0,15691.0,0.0002707393836324132,0.00011066799999999999,17.0,153613.0,0.00018699163512174376,0.0,0.0,13116.0,3.211724905587362e-05
4.0,27.0,0.0,10324.0,0.0,6.054555799922244e-05,0.00031865400000000003,5.0,15691.0,0.0002899052301794479,7.8118e-05,12.0,153613.0,0.00014344218107304626,7.624300000000001e-05,1.0,13116.0,4.9767549433524176e-05
4.0,28.0,9.686200000000001e-05,10324.0,1.0,7.507213479953346e-05,0.0,0.0,15691.0,0.00017394313810766875,5.2078999999999994e-05,8.0,153613.0,0.00010689690864382776,0.0,0.0,13116.0,2.9860529660114503e-05
4.0,29.0,0.0,10324.0,0.0,4.504328087972008e-05,0.0,0.0,15691.0,0.00010436588286460124,2.6039000000000003e-05,4.0,153613.0,7.455374518629665e-05,0.0,0.0,13116.0,1.7916317796068702e-05
4.0,30.0,0.0,10324.0,0.0,2.7025968527832048e-05,0.000191192,3.0,15691.0,0.00013909632971876077,1.302e-05,2.0,153613.0,4.994024711177799e-05,0.0,0.0,13116.0,1.074979067764122e-05
4.0,31.0,0.0,10324.0,0.0,1.6215581116699228e-05,6.3731e-05,1.0,15691.0,0.00010895019783125647,3.2549e-05,5.0,153613.0,4.2983748267066796e-05,7.624300000000001e-05,1.0,13116.0,3.694707440658474e-05
4.0,32.0,0.0,10324.0,0.0,9.729348670019536e-06,0.0,0.0,15691.0,6.537011869875388e-05,3.9059e-05,6.0,153613.0,4.141384896024008e-05,0.00015248600000000002,2.0,13116.0,8.316264464395085e-05
4.0,33.0,0.0,10324.0,0.0,5.837609202011721e-06,0.0,0.0,15691.0,3.922207121925232e-05,1.302e-05,2.0,153613.0,3.005630937614405e-05,0.0,0.0,13116.0,4.989758678637051e-05
4.0,34.0,9.686200000000001e-05,10324.0,1.0,4.224736552120704e-05,0.0,0.0,15691.0,2.3533242731551394e-05,1.953e-05,3.0,153613.0,2.5845785625686428e-05,0.0,0.0,13116.0,2.9938552071822306e-05
4.0,35.0,9.686200000000001e-05,10324.0,1.0,6.409321931272423e-05,0.0,0.0,15691.0,1.4119945638930837e-05,1.953e-05,3.0,153613.0,2.331947137541186e-05,0.0,0.0,13116.0,1.7963131243093383e-05
4.0,36.0,0.0,10324.0,0.0,3.845593158763454e-05,0.0,0.0,15691.0,8.471967383358502e-06,1.302e-05,2.0,153613.0,1.9199682825247117e-05,0.0,0.0,13116.0,1.077787874585603e-05
4.0,37.0,0.0,10324.0,0.0,2.3073558952580724e-05,0.0,0.0,15691.0,5.083180430015101e-06,1.302e-05,2.0,153613.0,1.6727809695148272e-05,0.0,0.0,13116.0,6.466727247513618e-06
4.0,38.0,0.0,10324.0,0.0,1.3844135371548433e-05,0.0,0.0,15691.0,3.0499082580090606e-06,1.302e-05,2.0,153613.0,1.5244685817088963e-05,0.0,0.0,13116.0,3.88003634850817e-06
4.0,39.0,0.0,10324.0,0.0,8.30648122292906e-06,0.0,0.0,15691.0,1.8299449548054363e-06,6.51e-06,1.0,153613.0,1.1750811490253377e-05,0.0,0.0,13116.0,2.328021809104902e-06
4.0,40.0,0.0,10324.0,0.0,4.983888733757436e-06,0.0,0.0,15691.0,1.0979669728832618e-06,0.0,0.0,153613.0,7.050486894152026e-06,0.0,0.0,13116.0,1.396813085462941e-06
4.0,41.0,0.0,10324.0,0.0,2.9903332402544613e-06,0.0,0.0,15691.0,6.587801837299571e-07,0.0,0.0,153613.0,4.230292136491216e-06,0.0,0.0,13116.0,8.380878512777646e-07
4.0,42.0,0.0,10324.0,0.0,1.7941999441526768e-06,0.0,0.0,15691.0,3.952681102379742e-07,0.0,0.0,153613.0,2.5381752818947295e-06,0.0,0.0,13116.0,5.028527107666587e-07
4.0,43.0,0.0,10324.0,0.0,1.076519966491606e-06,0.0,0.0,15691.0,2.371608661427845e-07,0.0,0.0,153613.0,1.5229051691368376e-06,0.0,0.0,13116.0,3.017116264599952e-07
4.0,44.0,0.0,10324.0,0.0,6.459119798949637e-07,0.0,0.0,15691.0,1.422965196856707e-07,0.0,0.0,153613.0,9.137431014821026e-07,0.0,0.0,13116.0,1.8102697587599712e-07
4.0,45.0,0.0,10324.0,0.0,3.8754718793697817e-07,0.0,0.0,15691.0,8.537791181140242e-08,0.0,0.0,153613.0,5.482458608892615e-07,0.0,0.0,13116.0,1.0861618552559827e-07
4.0,46.0,0.0,10324.0,0.0,2.325283127621869e-07,0.0,0.0,15691.0,5.122674708684145e-08,0.0,0.0,153613.0,3.289475165335569e-07,0.0,0.0,13116.0,6.516971131535896e-08
4.0,47.0,0.0,10324.0,0.0,1.3951698765731212e-07,0.0,0.0,15691.0,3.073604825210487e-08,0.0,0.0,153613.0,1.9736850992013413e-07,0.0,0.0,13116.0,3.910182678921538e-08
4.0,48.0,0.0,10324.0,0.0,8.371019259438727e-08,0.0,0.0,15691.0,1.8441628951262923e-08,0.0,0.0,153613.0,1.1842110595208047e-07,0.0,0.0,13116.0,2.3461096073529224e-08
4.0,49.0,0.0,10324.0,0.0,5.022611555663236e-08,0.0,0.0,15691.0,1.1064977370757754e-08,0.0,0.0,153613.0,7.105266357124829e-08,0.0,0.0,13116.0,1.4076657644117533e-08
4.0,50.0,0.0,10324.0,0.0,3.0135669333979416e-08,0.0,0.0,15691.0,6.638986422454652e-09,0.0,0.0,153613.0,4.263159814274897e-08,0.0,0.0,13116.0,8.44599458647052e-09
4.0,51.0,0.0,10324.0,0.0,1.808140160038765e-08,0.0,0.0,15691.0,3.983391853472791e-09,0.0,0.0,153613.0,2.557895888564938e-08,0.0,0.0,13116.0,5.0675967518823115e-09
4.0,52.0,0.0,10324.0,0.0,1.084884096023259e-08,0.0,0.0,15691.0,2.3900351120836747e-09,0.0,0.0,153613.0,1.534737533138963e-08,0.0,0.0,13116.0,3.040558051129387e-09
5.0,1.0,0.0,10423.0,0.0,6.5093045761395534e-09,0.0,0.0,15691.0,1.4340210672502047e-09,0.0,0.0,153613.0,9.208425198833777e-09,0.0,0.0,13116.0,1.824334830677632e-09
5.0,2.0,0.0,10423.0,0.0,3.9055827456837316e-09,0.0,0.0,15901.0,8.604126403501228e-10,0.0,0.0,155096.0,5.525055119300266e-09,0.0,0.0,13327.0,1.0946008984065792e-09
5.0,3.0,0.0,10423.0,0.0,2.343349647410239e-09,0.0,0.0,15901.0,5.162475842100737e-10,0.0,0.0,155096.0,3.3150330715801595e-09,0.0,0.0,13327.0,6.567605390439475e-10
5.0,4.0,0.0,10423.0,0.0,1.4060097884461434e-09,0.0,0.0,15901.0,3.097485505260442e-10,0.0,0.0,155096.0,1.9890198429480956e-09,0.0,0.0,13327.0,3.940563234263685e-10
5.0,5.0,0.0,10423.0,0.0,8.43605873067686e-10,0.0,0.0,15901.0,1.8584913031562652e-10,0.0,0.0,155096.0,1.1934119057688574e-09,0.0,0.0,13327.0,2.364337940558211e-10
5.0,6.0,0.0,10423.0,0.0,5.061635238406116e-10,0.0,0.0,15901.0,1.115094781893759e-10,0.0,0.0,155096.0,7.160471434613144e-10,0.0,0.0,13327.0,1.4186027643349265e-10
5.0,7.0,0.0,10423.0,0.0,3.0369811430436693e-10,0.0,0.0,15901.0,6.690568691362553e-11,0.0,0.0,155096.0,4.296282860767886e-10,0.0,0.0,13327.0,8.511616586009559e-11
5.0,8.0,0.0,10423.0,0.0,1.8221886858262015e-10,0.0,0.0,15901.0,4.014341214817532e-11,0.0,0.0,155096.0,2.5777697164607314e-10,0.0,0.0,13327.0,5.1069699516057355e-11
5.0,9.0,0.0,10423.0,0.0,1.0933132114957208e-10,0.0,0.0,15901.0,2.4086047288905192e-11,0.0,0.0,155096.0,1.5466618298764388e-10,0.0,0.0,13327.0,3.064181970963441e-11
5.0,10.0,0.0,10423.0,0.0,6.559879268974325e-11,0.0,0.0,15901.0,1.4451628373343115e-11,6.448e-06,1.0,155096.0,2.5792927997097927e-06,0.0,0.0,13327.0,1.8385091825780645e-11
5.0,11.0,0.0,10423.0,0.0,3.9359275613845946e-11,0.0,0.0,15901.0,8.670977024005868e-12,0.0,0.0,155096.0,1.5475756798258755e-06,0.0,0.0,13327.0,1.1031055095468388e-11
5.0,12.0,0.0,10423.0,0.0,2.3615565368307567e-11,6.2889e-05,1.0,15901.0,2.5155605202586216e-05,0.0,0.0,155096.0,9.285454078955253e-07,0.0,0.0,13327.0,6.6186330572810326e-12
5.0,13.0,0.0,10423.0,0.0,1.416933922098454e-11,0.0,0.0,15901.0,1.5093363121551729e-05,0.0,0.0,155096.0,5.571272447373151e-07,0.0,0.0,13327.0,3.97117983436862e-12
5.0,14.0,0.0,10423.0,0.0,8.501603532590724e-12,0.0,0.0,15901.0,9.056017872931036e-06,0.0,0.0,155096.0,3.3427634684238907e-07,0.0,0.0,13327.0,2.382707900621172e-12
5.0,15.0,0.0,10423.0,0.0,5.100962119554434e-12,0.000188667,3.0,15901.0,8.090041072375862e-05,1.2895e-05,2.0,155096.0,5.358565808105434e-06,0.0,0.0,13327.0,1.4296247403727032e-12
5.0,16.0,0.000191883,10423.0,2.0,7.675320306057728e-05,0.000188667,3.0,15901.0,0.00012400704643425518,0.00010316200000000001,16.0,155096.0,4.447993948486326e-05,0.0,0.0,13327.0,8.577748442236218e-13
5.0,17.0,0.000479708,10423.0,5.0,0.0002379351218363464,0.000188667,3.0,15901.0,0.0001498710278605531,0.000393305,61.0,155096.0,0.00018400996369091795,0.0,0.0,13327.0,5.14664906534173e-13
5.0,18.0,0.000479708,10423.0,5.0,0.0003346442731018078,0.000503113,8.0,15901.0,0.0002911678167163319,0.000805952,125.0,155096.0,0.00043278677821455074,0.0,0.0,13327.0,3.087989439205038e-13
5.0,19.0,0.00057565,10423.0,6.0,0.0004310465638610847,0.000440224,7.0,15901.0,0.00035079029002979913,0.000593181,92.0,155096.0,0.0004969444669287304,0.000450214,6.0,13327.0,0.00018008560018527937
5.0,20.0,9.594200000000001e-05,10423.0,1.0,0.00029700473831665084,0.000377335,6.0,15901.0,0.0003614081740178795,0.000528705,82.0,155096.0,0.0005096486801572383,0.000450214,6.0,13327.0,0.00028813696011116763
5.0,21.0,0.0,10423.0,0.0,0.0001782028429899905,0.000251557,4.0,15901.0,0.0003174677044107277,0.000309486,48.0,155096.0,0.000429583608094343,0.00120057,16.0,13327.0,0.0006531101760667006
5.0,22.0,0.0,10423.0,0.0,0.0001069217057939943,0.000188667,3.0,15901.0,0.0002659474226464366,0.000232114,36.0,155096.0,0.0003505957648566058,0.001275606,17.0,13327.0,0.0009021085056400205
5.0,23.0,0.0,10423.0,0.0,6.415302347639657e-05,0.000125778,2.0,15901.0,0.00020987965358786197,0.000116057,18.0,155096.0,0.0002567802589139635,0.000450214,6.0,13327.0,0.0007213507033840122
5.0,24.0,0.0,10423.0,0.0,3.849181408583794e-05,6.2889e-05,1.0,15901.0,0.0001510833921527172,4.5133e-05,7.0,155096.0,0.0001721213553483781,0.000150071,2.0,13327.0,0.0004928388220304073
5.0,25.0,0.0,10423.0,0.0,2.3095088451502763e-05,0.000188667,3.0,15901.0,0.0001661168352916303,1.9343e-05,3.0,155096.0,0.00011101001320902686,0.0,0.0,13327.0,0.00029570329321824436
5.0,26.0,0.0,10423.0,0.0,1.3857053070901656e-05,6.2889e-05,1.0,15901.0,0.00012482570117497817,0.0,0.0,155096.0,6.660600792541611e-05,0.0,0.0,13327.0,0.0001774219759309466
5.0,27.0,0.0,10423.0,0.0,8.314231842540993e-06,0.0,0.0,15901.0,7.48954207049869e-05,1.2895e-05,2.0,155096.0,4.5121604755249666e-05,0.0,0.0,13327.0,0.00010645318555856796
5.0,28.0,0.0,10423.0,0.0,4.988539105524596e-06,0.0,0.0,15901.0,4.4937252422992136e-05,0.0,0.0,155096.0,2.7072962853149798e-05,0.0,0.0,13327.0,6.387191133514077e-05
5.0,29.0,0.0,10423.0,0.0,2.9931234633147573e-06,0.0,0.0,15901.0,2.696235145379528e-05,1.2895e-05,2.0,155096.0,2.140177771188988e-05,0.0,0.0,13327.0,3.8323146801084464e-05
5.0,30.0,0.0,10423.0,0.0,1.7958740779888543e-06,0.0,0.0,15901.0,1.6177410872277168e-05,1.9343e-05,3.0,155096.0,2.057826662713393e-05,0.0,0.0,13327.0,2.2993888080650676e-05
5.0,31.0,0.0,10423.0,0.0,1.0775244467933126e-06,0.0,0.0,15901.0,9.7064465233663e-06,6.448e-06,1.0,155096.0,1.4926159976280359e-05,0.0,0.0,13327.0,1.3796332848390405e-05
5.0,32.0,0.0,10423.0,0.0,6.465146680759876e-07,6.2889e-05,1.0,15901.0,3.097946791401978e-05,6.448e-06,1.0,155096.0,1.1534895985768216e-05,0.0,0.0,13327.0,8.277799709034242e-06
5.0,33.0,0.0,10423.0,0.0,3.8790880084559254e-07,0.0,0.0,15901.0,1.8587680748411868e-05,0.0,0.0,155096.0,6.92093759146093e-06,0.000225107,3.0,13327.0,9.500947982542055e-05
5.0,34.0,0.0,10423.0,0.0,2.3274528050735552e-07,6.2889e-05,1.0,15901.0,3.630820844904712e-05,1.9343e-05,3.0,155096.0,1.1889762554876558e-05,0.0,0.0,13327.0,5.700568789525233e-05
5.0,35.0,0.0,10423.0,0.0,1.396471683044133e-07,0.0,0.0,15901.0,2.178492506942827e-05,6.448e-06,1.0,155096.0,9.713057532925935e-06,0.0,0.0,13327.0,3.42034127371514e-05
5.0,36.0,9.594200000000001e-05,10423.0,1.0,3.846058830098266e-05,0.0,0.0,15901.0,1.3070955041656961e-05,6.448e-06,1.0,155096.0,8.407034519755562e-06,0.0,0.0,13327.0,2.052204764229084e-05
5.0,37.0,0.0,10423.0,0.0,2.3076352980589592e-05,0.0,0.0,15901.0,7.842573024994177e-06,6.448e-06,1.0,155096.0,7.6234207118533366e-06,0.0,0.0,13327.0,1.2313228585374503e-05
5.0,38.0,0.0,10423.0,0.0,1.3845811788353754e-05,0.0,0.0,15901.0,4.7055438149965055e-06,1.2895e-05,2.0,155096.0,9.732052427112003e-06,7.5036e-05,1.0,13327.0,3.74023371512247e-05
5.0,39.0,0.0,10423.0,0.0,8.307487073012252e-06,0.0,0.0,15901.0,2.8233262889979033e-06,6.448e-06,1.0,155096.0,8.418431456267201e-06,0.0,0.0,13327.0,2.244140229073482e-05
5.0,40.0,0.0,10423.0,0.0,4.984492243807351e-06,0.0,0.0,15901.0,1.6939957733987418e-06,0.0,0.0,155096.0,5.0510588737603205e-06,0.0,0.0,13327.0,1.3464841374440891e-05
5.0,41.0,0.0,10423.0,0.0,2.9906953462844107e-06,0.0,0.0,15901.0,1.016397464039245e-06,0.0,0.0,155096.0,3.0306353242561924e-06,0.0,0.0,13327.0,8.078904824664534e-06
5.0,42.0,0.0,10423.0,0.0,1.7944172077706462e-06,0.0,0.0,15901.0,6.09838478423547e-07,0.0,0.0,155096.0,1.8183811945537154e-06,0.0,0.0,13327.0,4.84734289479872e-06
5.0,43.0,0.0,10423.0,0.0,1.0766503246623876e-06,0.0,0.0,15901.0,3.6590308705412815e-07,0.0,0.0,155096.0,1.0910287167322293e-06,0.0,0.0,13327.0,2.908405736879232e-06
5.0,44.0,0.0,10423.0,0.0,6.459901947974325e-07,0.0,0.0,15901.0,2.195418522324769e-07,0.0,0.0,155096.0,6.546172300393376e-07,0.0,0.0,13327.0,1.745043442127539e-06
5.0,45.0,0.0,10423.0,0.0,3.875941168784595e-07,0.0,0.0,15901.0,1.3172511133948612e-07,0.0,0.0,155096.0,3.927703380236025e-07,0.0,0.0,13327.0,1.0470260652765233e-06
5.0,46.0,0.0,10423.0,0.0,2.3255647012707569e-07,0.0,0.0,15901.0,7.903506680369167e-08,0.0,0.0,155096.0,2.356622028141615e-07,0.0,0.0,13327.0,6.28215639165914e-07
5.0,47.0,0.0,10423.0,0.0,1.395338820762454e-07,0.0,0.0,15901.0,4.7421040082215e-08,0.0,0.0,155096.0,1.413973216884969e-07,0.0,0.0,13327.0,3.769293834995484e-07
5.0,48.0,0.0,10423.0,0.0,8.372032924574725e-08,0.0,0.0,15901.0,2.8452624049328998e-08,0.0,0.0,155096.0,8.483839301309814e-08,0.0,0.0,13327.0,2.26157630099729e-07
5.0,49.0,0.0,10423.0,0.0,5.023219754744835e-08,0.0,0.0,15901.0,1.7071574429597398e-08,0.0,0.0,155096.0,5.090303580785888e-08,0.0,0.0,13327.0,1.356945780598374e-07
5.0,50.0,0.0,10423.0,0.0,3.013931852846901e-08,0.0,0.0,15901.0,1.0242944657758439e-08,0.0,0.0,155096.0,3.054182148471533e-08,0.0,0.0,13327.0,8.141674683590244e-08
5.0,51.0,0.0,10423.0,0.0,1.8083591117081404e-08,0.0,0.0,15901.0,6.1457667946550635e-09,0.0,0.0,155096.0,1.8325092890829196e-08,0.0,0.0,13327.0,4.885004810154146e-08
5.0,52.0,0.0,10423.0,0.0,1.0850154670248842e-08,0.0,0.0,15901.0,3.687460076793038e-09,0.0,0.0,155096.0,1.0995055734497518e-08,0.0,0.0,13327.0,2.9310028860924875e-08
6.0,1.0,0.0,10389.0,0.0,6.5100928021493054e-09,0.0,0.0,15901.0,2.2124760460758227e-09,0.0,0.0,155096.0,6.5970334406985105e-09,0.0,0.0,13327.0,1.7586017316554925e-08
6.0,2.0,0.0,10389.0,0.0,3.906055681289583e-09,0.0,0.0,15963.0,1.3274856276454936e-09,0.0,0.0,156324.0,3.958220064419106e-09,0.0,0.0,13277.0,1.0551610389932955e-08
6.0,3.0,0.0,10389.0,0.0,2.3436334087737496e-09,0.0,0.0,15963.0,7.964913765872961e-10,0.0,0.0,156324.0,2.3749320386514633e-09,0.0,0.0,13277.0,6.330966233959772e-09
6.0,4.0,0.0,10389.0,0.0,1.4061800452642498e-09,0.0,0.0,15963.0,4.778948259523777e-10,0.0,0.0,156324.0,1.424959223190878e-09,0.0,0.0,13277.0,3.7985797403758634e-09
6.0,5.0,0.0,10389.0,0.0,8.437080271585498e-10,0.0,0.0,15963.0,2.867368955714266e-10,0.0,0.0,156324.0,8.549755339145268e-10,0.0,0.0,13277.0,2.279147844225518e-09
6.0,6.0,0.0,10389.0,0.0,5.062248162951299e-10,0.0,0.0,15963.0,1.7204213734285597e-10,0.0,0.0,156324.0,5.12985320348716e-10,0.0,0.0,13277.0,1.3674887065353108e-09
6.0,7.0,0.0,10389.0,0.0,3.0373488977707794e-10,0.0,0.0,15963.0,1.0322528240571357e-10,0.0,0.0,156324.0,3.077911922092296e-10,0.0,0.0,13277.0,8.204932239211865e-10
6.0,8.0,0.0,10389.0,0.0,1.8224093386624675e-10,0.0,0.0,15963.0,6.193516944342814e-11,0.0,0.0,156324.0,1.8467471532553774e-10,0.0,0.0,13277.0,4.922959343527119e-10
6.0,9.0,0.0,10389.0,0.0,1.0934456031974804e-10,0.0,0.0,15963.0,3.716110166605688e-11,0.0,0.0,156324.0,1.1080482919532263e-10,0.0,0.0,13277.0,2.953775606116271e-10
6.0,10.0,0.0,10389.0,0.0,6.560673619184882e-11,0.0,0.0,15963.0,2.2296660999634126e-11,6.397000000000001e-06,1.0,156324.0,2.5588664828975177e-06,0.0,0.0,13277.0,1.7722653636697626e-10
6.0,11.0,0.0,10389.0,0.0,3.936404171510929e-11,0.0,0.0,15963.0,1.3377996599780474e-11,6.397000000000001e-06,1.0,156324.0,4.094119889738511e-06,0.0,0.0,13277.0,1.0633592182018575e-10
6.0,12.0,0.00019251099999999997,10389.0,2.0,7.700442361842503e-05,0.0,0.0,15963.0,8.026797959868284e-12,0.0,0.0,156324.0,2.4564719338431064e-06,0.0,0.0,13277.0,6.380155309211145e-11
6.0,13.0,9.625600000000001e-05,10389.0,1.0,8.470505417105502e-05,0.0,0.0,15963.0,4.81607877592097e-12,6.397000000000001e-06,1.0,156324.0,4.032683160305864e-06,0.0,0.0,13277.0,3.828093185526687e-11
6.0,14.0,0.0,10389.0,0.0,5.082303250263301e-05,6.2645e-05,1.0,15963.0,2.5058002889647265e-05,1.2794000000000002e-05,2.0,156324.0,7.537209896183519e-06,7.5318e-05,1.0,13277.0,3.0127222968559114e-05
6.0,15.0,0.0,10389.0,0.0,3.0493819501579804e-05,6.2645e-05,1.0,15963.0,4.009280173378836e-05,4.4779e-05,7.0,156324.0,2.2433925937710112e-05,0.00037659099999999996,5.0,13277.0,0.00016871273378113547
6.0,16.0,0.000577534,10389.0,6.0,0.0002493098917009479,0.000187935,3.0,15963.0,9.922968104027303e-05,9.5955e-05,15.0,156324.0,5.1842355562626064e-05,0.000150636,2.0,13277.0,0.00016148204026868128
6.0,17.0,0.001155068,10389.0,12.0,0.0006116131350205687,0.000187935,3.0,15963.0,0.0001347118086241638,0.000191909,30.0,156324.0,0.00010786901333757564,0.000225955,3.0,13277.0,0.00018727122416120878
6.0,18.0,0.00067379,10389.0,7.0,0.0006364838810123412,0.000250579,4.0,15963.0,0.0001810586851744983,0.000415803,65.0,156324.0,0.0002310426080025454,0.001958274,26.0,13277.0,0.0008956723344967253
6.0,19.0,0.001058812,10389.0,11.0,0.0008054151286074048,0.00012529,2.0,15963.0,0.000158751211104699,0.000454185,71.0,156324.0,0.0003202995648015273,0.002334865,31.0,13277.0,0.0014713494006980353
6.0,20.0,0.000962557,10389.0,10.0,0.0008682718771644429,0.00037586900000000003,6.0,15963.0,0.0002455983266628194,0.000383818,60.0,156324.0,0.00034570693888091636,0.001581683,21.0,13277.0,0.0015154828404188212
6.0,21.0,0.000962557,10389.0,10.0,0.0009059859262986657,0.00037586900000000003,6.0,15963.0,0.00029770659599769164,0.000434994,68.0,156324.0,0.00038142176332854984,0.0013557279999999998,18.0,13277.0,0.0014515809042512926
6.0,22.0,0.0017326020000000002,10389.0,18.0,0.0012366323557791996,6.2645e-05,1.0,15963.0,0.00020368195759861498,0.00037742099999999996,59.0,156324.0,0.0003798214579971299,0.0008285,11.0,13277.0,0.0012023485425507756
6.0,23.0,0.000770045,10389.0,8.0,0.0010499974134675198,6.2645e-05,1.0,15963.0,0.00014726717455916898,0.000307055,48.0,156324.0,0.0003507148747982779,0.000602546,8.0,13277.0,0.0009624275255304654
6.0,24.0,0.00019251099999999997,10389.0,2.0,0.0007070028480805118,0.00043851400000000004,7.0,15963.0,0.0002637659047355014,0.00010235200000000001,16.0,156324.0,0.00025136972487896673,0.000301273,4.0,13277.0,0.0006979657153182793
6.0,25.0,0.00019251099999999997,10389.0,2.0,0.000501206108848307,0.000187935,3.0,15963.0,0.00023343354284130087,0.000185512,29.0,156324.0,0.00022502663492738006,0.000225955,3.0,13277.0,0.0005091614291909675
6.0,26.0,0.00019251099999999997,10389.0,2.0,0.0003777280653089842,0.0,0.0,15963.0,0.00014006012570478053,0.000115145,18.0,156324.0,0.00018107398095642803,0.0006778639999999999,9.0,13277.0,0.0005766424575145805
6.0,27.0,9.625600000000001e-05,10389.0,1.0,0.0002651392391853905,0.0,0.0,15963.0,8.403607542286832e-05,8.3161e-05,13.0,156324.0,0.00014190878857385682,7.5318e-05,1.0,13277.0,0.0003761126745087483
6.0,28.0,0.000288767,10389.0,3.0,0.00027459034351123433,0.0,0.0,15963.0,5.042164525372099e-05,0.000115145,18.0,156324.0,0.0001312032731443141,0.0,0.0,13277.0,0.00022566760470524896
6.0,29.0,0.0,10389.0,0.0,0.0001647542061067406,0.0,0.0,15963.0,3.025298715223259e-05,0.000223894,35.0,156324.0,0.00016827956388658846,0.000225955,3.0,13277.0,0.00022578256282314936
6.0,30.0,0.0,10389.0,0.0,9.885252366404435e-05,0.0,0.0,15963.0,1.8151792291339553e-05,0.000185512,29.0,156324.0,0.0001751725383319531,0.000301273,4.0,13277.0,0.0002559787376938896
6.0,31.0,9.625600000000001e-05,10389.0,1.0,9.78139141984266e-05,0.0,0.0,15963.0,1.0891075374803732e-05,0.00017271799999999998,27.0,156324.0,0.00017419072299917185,0.000225955,3.0,13277.0,0.00024396924261633378
6.0,32.0,9.625600000000001e-05,10389.0,1.0,9.719074851905596e-05,0.000313224,5.0,15963.0,0.00013182424522488226,8.9558e-05,14.0,156324.0,0.0001403376337995031,7.5318e-05,1.0,13277.0,0.00017650874556980026
6.0,33.0,0.0,10389.0,0.0,5.8314449111433573e-05,0.0,0.0,15963.0,7.909454713492935e-05,5.1176000000000006e-05,8.0,156324.0,0.00010467298027970186,0.000225955,3.0,13277.0,0.00019628724734188017
6.0,34.0,0.0,10389.0,0.0,3.498866946686014e-05,0.0,0.0,15963.0,4.745672828095761e-05,6.397000000000001e-06,1.0,156324.0,6.536258816782112e-05,0.0,0.0,13277.0,0.0001177723484051281
6.0,35.0,0.0,10389.0,0.0,2.0993201680116083e-05,0.0,0.0,15963.0,2.8474036968574563e-05,1.9191e-05,3.0,156324.0,4.689395290069267e-05,0.0,0.0,13277.0,7.066340904307686e-05
6.0,36.0,0.0,10389.0,0.0,1.2595921008069649e-05,6.2645e-05,1.0,15963.0,4.2142422181144737e-05,6.397000000000001e-06,1.0,156324.0,3.06951717404156e-05,7.5318e-05,1.0,13277.0,7.252524542584611e-05
6.0,37.0,0.0,10389.0,0.0,7.557552604841789e-06,0.0,0.0,15963.0,2.528545330868684e-05,0.0,0.0,156324.0,1.841710304424936e-05,0.0,0.0,13277.0,4.3515147255507666e-05
6.0,38.0,0.0,10389.0,0.0,4.534531562905073e-06,0.0,0.0,15963.0,1.5171271985212104e-05,6.397000000000001e-06,1.0,156324.0,1.3609061826549615e-05,0.0,0.0,13277.0,2.61090883533046e-05
6.0,39.0,0.0,10389.0,0.0,2.7207189377430436e-06,0.0,0.0,15963.0,9.102763191127263e-06,6.397000000000001e-06,1.0,156324.0,1.0724237095929769e-05,0.0,0.0,13277.0,1.5665453011982757e-05
6.0,40.0,0.0,10389.0,0.0,1.632431362645826e-06,0.0,0.0,15963.0,5.461657914676358e-06,0.0,0.0,156324.0,6.434542257557861e-06,0.0,0.0,13277.0,9.399271807189655e-06
6.0,41.0,0.0,10389.0,0.0,9.794588175874956e-07,0.0,0.0,15963.0,3.2769947488058143e-06,0.0,0.0,156324.0,3.860725354534716e-06,0.0,0.0,13277.0,5.639563084313792e-06
6.0,42.0,0.0,10389.0,0.0,5.876752905524973e-07,0.0,0.0,15963.0,1.9661968492834886e-06,0.0,0.0,156324.0,2.3164352127208295e-06,0.0,0.0,13277.0,3.383737850588275e-06
6.0,43.0,0.0,10389.0,0.0,3.5260517433149836e-07,0.0,0.0,15963.0,1.179718109570093e-06,0.0,0.0,156324.0,1.3898611276324977e-06,0.0,0.0,13277.0,2.030242710352965e-06
6.0,44.0,0.0,10389.0,0.0,2.1156310459889902e-07,0.0,0.0,15963.0,7.078308657420558e-07,0.0,0.0,156324.0,8.339166765794985e-07,0.0,0.0,13277.0,1.2181456262117791e-06
6.0,45.0,0.0,10389.0,0.0,1.269378627593394e-07,0.0,0.0,15963.0,4.2469851944523346e-07,0.0,0.0,156324.0,5.003500059476991e-07,0.0,0.0,13277.0,7.308873757270675e-07
6.0,46.0,0.0,10389.0,0.0,7.616271765560364e-08,0.0,0.0,15963.0,2.5481911166714004e-07,0.0,0.0,156324.0,3.002100035686195e-07,0.0,0.0,13277.0,4.3853242543624045e-07
6.0,47.0,0.0,10389.0,0.0,4.569763059336219e-08,0.0,0.0,15963.0,1.52891467000284e-07,0.0,0.0,156324.0,1.801260021411717e-07,0.0,0.0,13277.0,2.6311945526174427e-07
6.0,48.0,0.0,10389.0,0.0,2.741857835601731e-08,0.0,0.0,15963.0,9.17348802001704e-08,0.0,0.0,156324.0,1.0807560128470301e-07,0.0,0.0,13277.0,1.5787167315704656e-07
6.0,49.0,0.0,10389.0,0.0,1.6451147013610387e-08,0.0,0.0,15963.0,5.504092812010224e-08,0.0,0.0,156324.0,6.48453607708218e-08,0.0,0.0,13277.0,9.472300389422793e-08
6.0,50.0,0.0,10389.0,0.0,9.870688208166232e-09,0.0,0.0,15963.0,3.302455687206134e-08,0.0,0.0,156324.0,3.890721646249308e-08,0.0,0.0,13277.0,5.683380233653676e-08
6.0,51.0,0.0,10389.0,0.0,5.92241292489974e-09,0.0,0.0,15963.0,1.9814734123236802e-08,0.0,0.0,156324.0,2.3344329877495848e-08,0.0,0.0,13277.0,3.410028140192205e-08
6.0,52.0,0.0,10389.0,0.0,3.5534477549398437e-09,0.0,0.0,15963.0,1.188884047394208e-08,0.0,0.0,156324.0,1.4006597926497509e-08,0.0,0.0,13277.0,2.046016884115323e-08
7.0,1.0,0.0,10498.0,0.0,2.132068652963906e-09,0.0,0.0,15963.0,7.133304284365248e-09,0.0,0.0,156324.0,8.403958755898505e-09,0.0,0.0,13277.0,1.2276101304691938e-08
7.0,2.0,0.0,10498.0,0.0,1.2792411917783435e-09,0.0,0.0,16098.0,4.279982570619149e-09,0.0,0.0,157648.0,5.042375253539103e-09,0.0,0.0,13371.0,7.365660782815163e-09
7.0,3.0,0.0,10498.0,0.0,7.675447150670061e-10,0.0,0.0,16098.0,2.567989542371489e-09,0.0,0.0,157648.0,3.025425152123462e-09,0.0,0.0,13371.0,4.419396469689098e-09
7.0,4.0,0.0,10498.0,0.0,4.605268290402036e-10,0.0,0.0,16098.0,1.5407937254228934e-09,0.0,0.0,157648.0,1.8152550912740772e-09,0.0,0.0,13371.0,2.6516378818134585e-09
7.0,5.0,0.0,10498.0,0.0,2.763160974241222e-10,0.0,0.0,16098.0,9.24476235253736e-10,6.342999999999999e-06,1.0,157648.0,2.5382891530547643e-06,0.0,0.0,13371.0,1.5909827290880751e-09
7.0,6.0,0.0,10498.0,0.0,1.657896584544733e-10,0.0,0.0,16098.0,5.546857411522415e-10,0.0,0.0,157648.0,1.5229734918328586e-06,0.0,0.0,13371.0,9.545896374528451e-10
7.0,7.0,0.0,10498.0,0.0,9.947379507268398e-11,0.0,0.0,16098.0,3.328114446913449e-10,0.0,0.0,157648.0,9.137840950997151e-07,7.478899999999999e-05,1.0,13371.0,2.991617275378247e-05
7.0,8.0,0.0,10498.0,0.0,5.968427704361038e-11,0.0,0.0,16098.0,1.9968686681480692e-10,0.0,0.0,157648.0,5.48270457059829e-07,0.0,0.0,13371.0,1.794970365226948e-05
7.0,9.0,0.0,10498.0,0.0,3.581056622616623e-11,0.0,0.0,16098.0,1.1981212008888416e-10,0.0,0.0,157648.0,3.289622742358974e-07,0.0,0.0,13371.0,1.0769822191361688e-05
7.0,10.0,0.0,10498.0,0.0,2.1486339735699737e-11,0.0,0.0,16098.0,7.188727205333049e-11,0.0,0.0,157648.0,1.9737736454153842e-07,0.0,0.0,13371.0,6.461893314817013e-06
7.0,11.0,0.0,10498.0,0.0,1.2891803841419842e-11,0.0,0.0,16098.0,4.313236323199829e-11,0.0,0.0,157648.0,1.1842641872492305e-07,0.0,0.0,13371.0,3.877135988890208e-06
7.0,12.0,0.0,10498.0,0.0,7.735082304851906e-12,0.0,0.0,16098.0,2.5879417939198973e-11,0.0,0.0,157648.0,7.105585123495382e-08,0.0,0.0,13371.0,2.326281593334125e-06
7.0,13.0,0.0,10498.0,0.0,4.641049382911144e-12,0.0,0.0,16098.0,1.5527650763519385e-11,0.0,0.0,157648.0,4.263351074097229e-08,0.0,0.0,13371.0,1.3957689560004749e-06
7.0,14.0,0.0,10498.0,0.0,2.784629629746686e-12,6.212e-05,1.0,16098.0,2.4848009316590458e-05,0.0,0.0,157648.0,2.5580106444583373e-08,0.0,0.0,13371.0,8.374613736002849e-07
7.0,15.0,0.0,10498.0,0.0,1.6707777778480115e-12,0.0,0.0,16098.0,1.4908805589954274e-05,6.342999999999999e-06,1.0,157648.0,2.5525480638667503e-06,0.0,0.0,13371.0,5.024768241601709e-07
7.0,16.0,0.0,10498.0,0.0,1.0024666667088068e-12,0.0,0.0,16098.0,8.945283353972564e-06,0.0,0.0,157648.0,1.5315288383200502e-06,0.0,0.0,13371.0,3.0148609449610254e-07
7.0,17.0,0.0,10498.0,0.0,6.01480000025284e-13,0.0,0.0,16098.0,5.367170012383538e-06,6.342999999999999e-06,1.0,157648.0,3.45611730299203e-06,0.0,0.0,13371.0,1.8089165669766152e-07
7.0,18.0,0.0,10498.0,0.0,3.608880000151704e-13,6.212e-05,1.0,16098.0,2.806830200743012e-05,6.342999999999999e-06,1.0,157648.0,4.6108703817952185e-06,0.0,0.0,13371.0,1.085349940185969e-07
7.0,19.0,9.5256e-05,10498.0,1.0,3.81024002165328e-05,0.0,0.0,16098.0,1.684098120445807e-05,0.0,0.0,157648.0,2.766522229077131e-06,0.0,0.0,13371.0,6.512099641115813e-08
7.0,20.0,9.5256e-05,10498.0,1.0,6.0963840129919686e-05,0.0,0.0,16098.0,1.0104588722674843e-05,0.0,0.0,157648.0,1.6599133374462786e-06,0.0,0.0,13371.0,3.907259784669488e-08
7.0,21.0,0.000190512,10498.0,2.0,0.00011278310407795182,0.0,0.0,16098.0,6.062753233604906e-06,1.2685999999999998e-05,2.0,157648.0,6.070348002467768e-06,0.0,0.0,13371.0,2.3443558708016927e-08
7.0,22.0,0.0,10498.0,0.0,6.766986244677108e-05,0.0,0.0,16098.0,3.6376519401629434e-06,0.0,0.0,157648.0,3.6422088014806604e-06,0.0,0.0,13371.0,1.4066135224810156e-08
7.0,23.0,0.0,10498.0,0.0,4.060191746806265e-05,0.0,0.0,16098.0,2.182591164097766e-06,6.342999999999999e-06,1.0,157648.0,4.7225252808883964e-06,0.0,0.0,13371.0,8.439681134886093e-09
7.0,24.0,0.000285769,10498.0,3.0,0.0001386687504808376,0.0,0.0,16098.0,1.3095546984586596e-06,1.2685999999999998e-05,2.0,157648.0,7.907915168533038e-06,0.0,0.0,13371.0,5.063808680931656e-09
7.0,25.0,0.000571537,10498.0,6.0,0.00031181605028850255,0.0,0.0,16098.0,7.857328190751958e-07,0.000107835,17.0,157648.0,4.787874910111983e-05,7.478899999999999e-05,1.0,13371.0,2.991863828520856e-05
7.0,26.0,0.000285769,10498.0,3.0,0.0003013972301731015,0.0,0.0,16098.0,4.7143969144511744e-07,0.000145895,23.0,157648.0,8.70852494606719e-05,0.000373944,5.0,13371.0,0.00016752878297112515
7.0,27.0,0.000476281,10498.0,5.0,0.0003713507381038609,0.000248478,4.0,16098.0,9.967406381486708e-05,0.00019664099999999998,31.0,157648.0,0.00013090754967640315,0.000373944,5.0,13371.0,0.0002500948697826751
7.0,28.0,0.000190512,10498.0,2.0,0.00029901524286231654,0.001428749,23.0,16098.0,0.0006313040382889203,0.00027276,43.0,157648.0,0.0001876485298058419,0.000373944,5.0,13371.0,0.00029963452186960505
7.0,29.0,0.000190512,10498.0,2.0,0.00025561394571738995,0.0,0.0,16098.0,0.0003787824229733522,0.000241043,38.0,157648.0,0.00020900631788350513,0.001047042,14.0,13371.0,0.000598597513121763
7.0,30.0,0.0008573060000000001,10498.0,9.0,0.000496290767430434,0.000621195,10.0,16098.0,0.0004757474537840113,0.000228357,36.0,157648.0,0.00021674659073010307,0.001121831,15.0,13371.0,0.0008078909078730579
7.0,31.0,0.000476281,10498.0,5.0,0.0004882868604582604,0.001180271,19.0,16098.0,0.0007575568722704069,0.000329849,52.0,157648.0,0.00026198755443806185,0.0014957739999999998,20.0,13371.0,0.0010830441447238347
7.0,32.0,0.000190512,10498.0,2.0,0.0003691769162749563,0.0007454339999999999,12.0,16098.0,0.000752707723362244,0.00028544599999999996,45.0,157648.0,0.0002713709326628371,0.001645352,22.0,13371.0,0.0013079672868343008
7.0,33.0,0.000381025,10498.0,4.0,0.00037391614976497377,0.000248478,4.0,16098.0,0.0005510158340173465,0.000342535,54.0,157648.0,0.00029983655959770226,0.001944507,26.0,13371.0,0.0015625831721005805
7.0,34.0,0.000476281,10498.0,5.0,0.0004148620898589843,0.000434837,7.0,16098.0,0.0005045443004104079,0.00025373,40.0,157648.0,0.00028139393575862137,0.000822676,11.0,13371.0,0.0012666203032603482
7.0,35.0,0.0,10498.0,0.0,0.0002489172539153906,0.000310598,5.0,16098.0,0.00042696578024624475,0.000152238,24.0,157648.0,0.00022973156145517283,0.0014957739999999998,20.0,13371.0,0.0013582817819562088
7.0,36.0,0.0,10498.0,0.0,0.00014935035234923434,0.000186359,3.0,16098.0,0.0003307230681477469,8.8805e-05,14.0,157648.0,0.00017336093687310368,0.000523521,7.0,13371.0,0.0010243774691737252
7.0,37.0,0.0,10498.0,0.0,8.961021140954061e-05,0.000124239,2.0,16098.0,0.0002481294408886481,3.1716e-05,5.0,157648.0,0.00011670296212386221,0.000373944,5.0,13371.0,0.0007642040815042351
7.0,38.0,0.0,10498.0,0.0,5.376612684572436e-05,6.212e-05,1.0,16098.0,0.00017372566453318887,3.8059e-05,6.0,157648.0,8.524537727431732e-05,0.00059831,8.0,13371.0,0.000697846448902541
7.0,39.0,9.5256e-05,10498.0,1.0,7.036207610743462e-05,0.0,0.0,16098.0,0.00010423539871991332,2.5373000000000003e-05,4.0,157648.0,6.129642636459039e-05,0.00044873199999999997,6.0,13371.0,0.0005982006693415246
7.0,40.0,0.0,10498.0,0.0,4.221724566446077e-05,0.0,0.0,16098.0,6.2541239231948e-05,1.903e-05,3.0,157648.0,4.4389855818754234e-05,0.00022436599999999999,3.0,13371.0,0.00044866680160491473
7.0,41.0,0.0,10498.0,0.0,2.5330347398676462e-05,0.0,0.0,16098.0,3.7524743539168795e-05,0.0,0.0,157648.0,2.663391349125254e-05,0.0,0.0,13371.0,0.00026920008096294884
7.0,42.0,0.0,10498.0,0.0,1.5198208439205877e-05,0.0,0.0,16098.0,2.2514846123501275e-05,0.0,0.0,157648.0,1.5980348094751523e-05,0.0,0.0,13371.0,0.0001615200485777693
7.0,43.0,0.0,10498.0,0.0,9.118925063523526e-06,0.0,0.0,16098.0,1.3508907674100766e-05,0.0,0.0,157648.0,9.588208856850914e-06,0.0,0.0,13371.0,9.691202914666158e-05
7.0,44.0,0.0,10498.0,0.0,5.471355038114115e-06,0.0,0.0,16098.0,8.105344604460459e-06,0.0,0.0,157648.0,5.7529253141105485e-06,0.0,0.0,13371.0,5.814721748799694e-05
7.0,45.0,0.0,10498.0,0.0,3.282813022868469e-06,0.0,0.0,16098.0,4.863206762676275e-06,0.0,0.0,157648.0,3.451755188466329e-06,0.0,0.0,13371.0,3.488833049279816e-05
7.0,46.0,0.0,10498.0,0.0,1.9696878137210814e-06,0.0,0.0,16098.0,2.9179240576057653e-06,0.0,0.0,157648.0,2.0710531130797973e-06,0.0,0.0,13371.0,2.0932998295678896e-05
7.0,47.0,0.0,10498.0,0.0,1.1818126882326487e-06,0.0,0.0,16098.0,1.7507544345634591e-06,0.0,0.0,157648.0,1.2426318678478783e-06,0.0,0.0,13371.0,1.2559798977407338e-05
7.0,48.0,0.0,10498.0,0.0,7.090876129395893e-07,0.0,0.0,16098.0,1.0504526607380754e-06,0.0,0.0,157648.0,7.455791207087269e-07,0.0,0.0,13371.0,7.535879386444402e-06
7.0,49.0,0.0,10498.0,0.0,4.2545256776375355e-07,0.0,0.0,16098.0,6.302715964428452e-07,0.0,0.0,157648.0,4.4734747242523614e-07,0.0,0.0,13371.0,4.5215276318666415e-06
7.0,50.0,0.0,10498.0,0.0,2.5527154065825213e-07,0.0,0.0,16098.0,3.7816295786570714e-07,0.0,0.0,157648.0,2.684084834551417e-07,0.0,0.0,13371.0,2.7129165791199848e-06
7.0,51.0,0.0,10498.0,0.0,1.5316292439495126e-07,0.0,0.0,16098.0,2.2689777471942428e-07,0.0,0.0,157648.0,1.61045090073085e-07,0.0,0.0,13371.0,1.6277499474719908e-06
7.0,52.0,0.0,10498.0,0.0,9.189775463697075e-08,0.0,0.0,16098.0,1.3613866483165456e-07,0.0,0.0,157648.0,9.6627054043851e-08,0.0,0.0,13371.0,9.766499684831945e-07
8.0,1.0,0.0,10696.0,0.0,5.513865278218245e-08,0.0,0.0,16098.0,8.168319889899274e-08,0.0,0.0,157648.0,5.7976232426310594e-08,0.0,0.0,13371.0,5.859899810899166e-07
8.0,2.0,0.0,10696.0,0.0,3.3083191669309464e-08,0.0,0.0,16353.0,4.900991933939564e-08,0.0,0.0,158980.0,3.4785739455786355e-08,0.0,0.0,13360.0,3.5159398865395e-07
8.0,3.0,0.0,10696.0,0.0,1.9849915001585677e-08,0.0,0.0,16353.0,2.940595160363738e-08,0.0,0.0,158980.0,2.087144367347181e-08,0.0,0.0,13360.0,2.1095639319237e-07
8.0,4.0,0.0,10696.0,0.0,1.1909949000951406e-08,0.0,0.0,16353.0,1.764357096218243e-08,0.0,0.0,158980.0,1.2522866204083087e-08,0.0,0.0,13360.0,1.2657383591542198e-07
8.0,5.0,0.0,10696.0,0.0,7.145969400570843e-09,0.0,0.0,16353.0,1.0586142577309457e-08,0.0,0.0,158980.0,7.513719722449853e-09,0.0,0.0,13360.0,7.594430154925318e-08
8.0,6.0,0.0,10696.0,0.0,4.287581640342506e-09,0.0,0.0,16353.0,6.351685546385674e-09,0.0,0.0,158980.0,4.508231833469911e-09,0.0,0.0,13360.0,4.556658092955191e-08
8.0,7.0,0.0,10696.0,0.0,2.5725489842055035e-09,0.0,0.0,16353.0,3.8110113278314046e-09,0.0,0.0,158980.0,2.704939100081947e-09,0.0,0.0,13360.0,2.7339948557731142e-08
8.0,8.0,0.0,10696.0,0.0,1.543529390523302e-09,0.0,0.0,16353.0,2.2866067966988426e-09,0.0,0.0,158980.0,1.622963460049168e-09,0.0,0.0,13360.0,1.6403969134638685e-08
8.0,9.0,0.0,10696.0,0.0,9.261176343139812e-10,6.1151e-05,1.0,16353.0,2.446177196407802e-05,0.0,0.0,158980.0,9.737780760295009e-10,0.0,0.0,13360.0,9.84238148078321e-09
8.0,10.0,0.0,10696.0,0.0,5.556705805883887e-10,6.1151e-05,1.0,16353.0,3.913746317844681e-05,0.0,0.0,158980.0,5.842668456177005e-10,0.0,0.0,13360.0,5.905428888469926e-09
8.0,11.0,0.0,10696.0,0.0,3.334023483530332e-10,0.0,0.0,16353.0,2.3482477907068086e-05,6.29e-06,1.0,158980.0,2.5163505601073707e-06,0.0,0.0,13360.0,3.5432573330819554e-09
8.0,12.0,0.0,10696.0,0.0,2.0004140901181991e-10,6.1151e-05,1.0,16353.0,3.854988674424085e-05,0.0,0.0,158980.0,1.5098103360644223e-06,0.0,0.0,13360.0,2.125954399849173e-09
8.0,13.0,0.0,10696.0,0.0,1.2002484540709194e-10,6.1151e-05,1.0,16353.0,4.759033204654451e-05,6.29e-06,1.0,158980.0,3.4218862016386536e-06,0.0,0.0,13360.0,1.2755726399095037e-09
8.0,14.0,0.0,10696.0,0.0,7.201490724425517e-11,0.000122302,2.0,16353.0,7.74749992279267e-05,4.4031000000000006e-05,7.0,158980.0,1.9665531720983198e-05,0.0,0.0,13360.0,7.653435839457022e-10
8.0,15.0,0.0,10696.0,0.0,4.32089443465531e-11,0.0,0.0,16353.0,4.648499953675602e-05,0.0,0.0,158980.0,1.1799319032589919e-05,0.0,0.0,13360.0,4.592061503674213e-10
8.0,16.0,0.000186986,10696.0,2.0,7.479442592536661e-05,0.0,0.0,16353.0,2.789099972205361e-05,0.0,0.0,158980.0,7.079591419553951e-06,7.485e-05,1.0,13360.0,2.9940275523690222e-05
8.0,17.0,0.0,10696.0,0.0,4.487665555521996e-05,0.0,0.0,16353.0,1.6734599833232166e-05,6.29e-06,1.0,158980.0,6.763754851732371e-06,0.0,0.0,13360.0,1.7964165314214133e-05
8.0,18.0,9.3493e-05,10696.0,1.0,6.432319333313197e-05,0.000244603,4.0,16353.0,0.0001078819598999393,3.7740999999999997e-05,6.0,158980.0,1.9154652911039422e-05,0.0,0.0,13360.0,1.077849918852848e-05
8.0,19.0,9.3493e-05,10696.0,1.0,7.599111599987919e-05,0.000428056,7.0,16353.0,0.00023595157593996359,0.000150962,24.0,158980.0,7.187759174662366e-05,0.0009730539999999999,13.0,13360.0,0.0003956886995131171
8.0,20.0,0.0,10696.0,0.0,4.559466959992751e-05,0.00030575400000000004,5.0,16353.0,0.0002638725455639782,0.00020757299999999999,33.0,158980.0,0.00012615575504797418,0.0014970060000000002,20.0,13360.0,0.0008362156197078703
8.0,21.0,0.00028047900000000004,10696.0,3.0,0.00013954840175995652,0.000366905,6.0,16353.0,0.0003050855273383869,0.000339665,54.0,158980.0,0.00021155945302878451,0.001197605,16.0,13360.0,0.0009807713718247221
8.0,22.0,0.00065445,10696.0,7.0,0.00034550904105597397,0.000122302,2.0,16353.0,0.00023197211640303212,0.000434017,69.0,158980.0,0.0003005424718172707,0.002245509,30.0,13360.0,0.0014866664230948332
8.0,23.0,0.00065445,10696.0,7.0,0.0004690854246335844,0.00030575400000000004,5.0,16353.0,0.0002614848698418193,0.0005912690000000001,94.0,158980.0,0.0004168330830903624,0.00261976,35.0,13360.0,0.0019399038538568999
8.0,24.0,0.000467464,10696.0,5.0,0.00046843685478015066,0.000550358,9.0,16353.0,0.00037703412190509165,0.0006730410000000001,107.0,158980.0,0.0005193162498542175,0.00254491,34.0,13360.0,0.0021819063123141398
8.0,25.0,0.000373972,10696.0,4.0,0.00043065091286809034,0.0006726589999999999,11.0,16353.0,0.0004952840731430549,0.000484338,77.0,158980.0,0.0005053249499125305,0.0014970060000000002,20.0,13360.0,0.0019079461873884838
8.0,26.0,9.3493e-05,10696.0,1.0,0.0002957877477208542,0.00073381,12.0,16353.0,0.0005906944438858329,0.00044659699999999997,71.0,158980.0,0.0004818337699475183,0.000449102,6.0,13360.0,0.0013244085124330903
8.0,27.0,0.0,10696.0,0.0,0.0001774726486325125,0.000550358,9.0,16353.0,0.0005745598663314998,0.000289345,46.0,158980.0,0.000404838261968511,0.000149701,2.0,13360.0,0.0008545255074598542
8.0,28.0,0.000186986,10696.0,2.0,0.0001812779891795075,0.000428056,7.0,16353.0,0.0005159583197988999,0.000295635,47.0,158980.0,0.0003611569571811066,0.000149701,2.0,13360.0,0.0005725957044759125
8.0,29.0,0.000186986,10696.0,2.0,0.0001835611935077045,0.000244603,4.0,16353.0,0.0004074161918793399,0.000339665,54.0,158980.0,0.00035256017430866394,0.000898204,12.0,13360.0,0.0007028390226855475
8.0,30.0,0.000560957,10696.0,6.0,0.0003345195161046227,0.000244603,4.0,16353.0,0.00034229091512760394,0.000295635,47.0,158980.0,0.00032979010458519836,0.0006736530000000001,9.0,13360.0,0.0006911646136113285
8.0,31.0,0.000373972,10696.0,4.0,0.00035030050966277363,6.1151e-05,1.0,16353.0,0.00022983494907656234,0.000232734,37.0,158980.0,0.000290967662751119,0.001122754,15.0,13360.0,0.000863800368166797
8.0,32.0,0.00028047900000000004,10696.0,3.0,0.0003223719057976642,0.000244603,4.0,16353.0,0.0002357421694459374,0.000257894,41.0,158980.0,0.0002777381976506714,0.001122754,15.0,13360.0,0.0009673818209000782
8.0,33.0,9.3493e-05,10696.0,1.0,0.00023082034347859853,0.000244603,4.0,16353.0,0.00023928650166756243,0.00013838200000000002,22.0,158980.0,0.00022199571859040284,0.000224551,3.0,13360.0,0.0006702494925400469
8.0,34.0,0.0,10696.0,0.0,0.0001384922060871591,0.000122302,2.0,16353.0,0.00019249270100053746,0.000132092,21.0,158980.0,0.0001860342311542417,7.485e-05,1.0,13360.0,0.0004320896955240281
8.0,35.0,0.0,10696.0,0.0,8.309532365229545e-05,0.000122302,2.0,16353.0,0.00016441642060032247,3.7740999999999997e-05,6.0,158980.0,0.00012671693869254502,0.000149701,2.0,13360.0,0.0003191342173144169
8.0,36.0,0.0,10696.0,0.0,4.985719419137727e-05,0.0,0.0,16353.0,9.864985236019348e-05,3.7740999999999997e-05,6.0,158980.0,9.1126563215527e-05,7.485e-05,1.0,13360.0,0.00022142053038865013
8.0,37.0,0.0,10696.0,0.0,2.9914316514826357e-05,6.1151e-05,1.0,16353.0,8.36503114161161e-05,1.887e-05,3.0,158980.0,6.22239379293162e-05,0.000224551,3.0,13360.0,0.00022267271823319008
8.0,38.0,0.0,10696.0,0.0,1.7948589908895815e-05,6.1151e-05,1.0,16353.0,7.465058684966966e-05,0.0,0.0,158980.0,3.733436275758971e-05,0.0,0.0,13360.0,0.00013360363093991404
8.0,39.0,0.0,10696.0,0.0,1.0769153945337489e-05,6.1151e-05,1.0,16353.0,6.92507521098018e-05,1.258e-05,2.0,158980.0,2.743261765455383e-05,7.485e-05,1.0,13360.0,0.00011010217856394843
8.0,40.0,0.0,10696.0,0.0,6.461492367202493e-06,0.0,0.0,16353.0,4.1550451265881075e-05,0.0,0.0,158980.0,1.6459570592732296e-05,0.0,0.0,13360.0,6.606130713836905e-05
8.0,41.0,0.0,10696.0,0.0,3.876895420321496e-06,0.0,0.0,16353.0,2.4930270759528645e-05,0.0,0.0,158980.0,9.875742355639377e-06,0.0,0.0,13360.0,3.9636784283021425e-05
8.0,42.0,0.0,10696.0,0.0,2.3261372521928974e-06,0.0,0.0,16353.0,1.4958162455717186e-05,0.0,0.0,158980.0,5.925445413383627e-06,0.0,0.0,13360.0,2.3782070569812855e-05
8.0,43.0,0.0,10696.0,0.0,1.3956823513157384e-06,0.0,0.0,16353.0,8.974897473430312e-06,0.0,0.0,158980.0,3.555267248030176e-06,0.0,0.0,13360.0,1.4269242341887712e-05
8.0,44.0,0.0,10696.0,0.0,8.37409410789443e-07,0.0,0.0,16353.0,5.384938484058187e-06,0.0,0.0,158980.0,2.1331603488181054e-06,0.0,0.0,13360.0,8.561545405132627e-06
8.0,45.0,0.0,10696.0,0.0,5.024456464736658e-07,0.0,0.0,16353.0,3.2309630904349123e-06,0.0,0.0,158980.0,1.2798962092908632e-06,0.0,0.0,13360.0,5.136927243079576e-06
8.0,46.0,0.0,10696.0,0.0,3.014673878841995e-07,0.0,0.0,16353.0,1.9385778542609474e-06,0.0,0.0,158980.0,7.679377255745179e-07,0.0,0.0,13360.0,3.0821563458477456e-06
8.0,47.0,0.0,10696.0,0.0,1.808804327305197e-07,0.0,0.0,16353.0,1.1631467125565684e-06,0.0,0.0,158980.0,4.6076263534471073e-07,0.0,0.0,13360.0,1.8492938075086472e-06
8.0,48.0,0.0,10696.0,0.0,1.0852825963831182e-07,0.0,0.0,16353.0,6.97888027533941e-07,0.0,0.0,158980.0,2.7645758120682643e-07,0.0,0.0,13360.0,1.1095762845051883e-06
8.0,49.0,0.0,10696.0,0.0,6.511695578298709e-08,0.0,0.0,16353.0,4.1873281652036457e-07,0.0,0.0,158980.0,1.6587454872409585e-07,0.0,0.0,13360.0,6.65745770703113e-07
8.0,50.0,0.0,10696.0,0.0,3.907017346979225e-08,0.0,0.0,16353.0,2.5123968991221875e-07,0.0,0.0,158980.0,9.952472923445751e-08,0.0,0.0,13360.0,3.994474624218678e-07
8.0,51.0,0.0,10696.0,0.0,2.344210408187535e-08,0.0,0.0,16353.0,1.5074381394733126e-07,0.0,0.0,158980.0,5.97148375406745e-08,0.0,0.0,13360.0,2.3966847745312065e-07
8.0,52.0,0.0,10696.0,0.0,1.406526244912521e-08,0.0,0.0,16353.0,9.044628836839876e-08,0.0,0.0,158980.0,3.58289025244047e-08,0.0,0.0,13360.0,1.438010864718724e-07
9.0,1.0,0.0,10898.0,0.0,8.439157469475126e-09,0.0,0.0,16353.0,5.426777302103925e-08,0.0,0.0,158980.0,2.149734151464282e-08,0.0,0.0,13360.0,8.628065188312343e-08
9.0,2.0,0.0,10898.0,0.0,5.063494481685075e-09,0.0,0.0,16612.0,3.256066381262355e-08,0.0,0.0,160323.0,1.2898404908785691e-08,0.0,0.0,13349.0,5.176839112987405e-08
9.0,3.0,0.0,10898.0,0.0,3.038096689011045e-09,0.0,0.0,16612.0,1.953639828757413e-08,0.0,0.0,160323.0,7.739042945271414e-09,0.0,0.0,13349.0,3.106103467792443e-08
9.0,4.0,0.0,10898.0,0.0,1.8228580134066268e-09,0.0,0.0,16612.0,1.1721838972544477e-08,0.0,0.0,160323.0,4.643425767162849e-09,0.0,0.0,13349.0,1.8636620806754656e-08
9.0,5.0,0.0,10898.0,0.0,1.093714808043976e-09,0.0,0.0,16612.0,7.0331033835266856e-09,0.0,0.0,160323.0,2.786055460297709e-09,0.0,0.0,13349.0,1.1181972484052793e-08
9.0,6.0,0.0,10898.0,0.0,6.562288848263856e-10,0.0,0.0,16612.0,4.219862030116011e-09,0.0,0.0,160323.0,1.6716332761786254e-09,0.0,0.0,13349.0,6.709183490431676e-09
9.0,7.0,0.0,10898.0,0.0,3.937373308958313e-10,6.0197e-05,1.0,16612.0,2.408133191721807e-05,0.0,0.0,160323.0,1.0029799657071752e-09,0.0,0.0,13349.0,4.025510094259005e-09
9.0,8.0,0.0,10898.0,0.0,2.3624239853749876e-10,0.0,0.0,16612.0,1.4448799150330842e-05,2.495e-05,4.0,160323.0,9.980601787979425e-06,0.0,0.0,13349.0,2.415306056555403e-09
9.0,9.0,0.0,10898.0,0.0,1.4174543912249926e-10,0.0,0.0,16612.0,8.669279490198505e-06,6.237000000000001e-06,1.0,160323.0,8.483161072787656e-06,0.0,0.0,13349.0,1.4491836339332417e-09
9.0,10.0,0.0,10898.0,0.0,8.504726347349956e-11,0.0,0.0,16612.0,5.201567694119102e-06,1.2475e-05,2.0,160323.0,1.0079896643672594e-05,0.0,0.0,13349.0,8.69510180359945e-10
9.0,11.0,0.0,10898.0,0.0,5.102835808409973e-11,6.0197e-05,1.0,16612.0,2.7199740616471463e-05,1.2475e-05,2.0,160323.0,1.1037937986203557e-05,0.0,0.0,13349.0,5.217061082159669e-10
9.0,12.0,0.0,10898.0,0.0,3.0617014850459835e-11,0.0,0.0,16612.0,1.6319844369882875e-05,4.3661999999999996e-05,7.0,160323.0,2.4087562791722132e-05,0.0,0.0,13349.0,3.1302366492958016e-10
9.0,13.0,0.0,10898.0,0.0,1.83702089102759e-11,6.0197e-05,1.0,16612.0,3.3870706621929724e-05,2.495e-05,4.0,160323.0,2.443253767503328e-05,0.000149824,2.0,13349.0,5.992978781419896e-05
9.0,14.0,0.0,10898.0,0.0,1.102212534616554e-11,0.0,0.0,16612.0,2.0322423973157834e-05,1.8712e-05,3.0,160323.0,2.2144322605019965e-05,0.000299648,4.0,13349.0,0.0001558170726885194
9.0,15.0,0.0,10898.0,0.0,6.6132752076993236e-12,0.0,0.0,16612.0,1.21934543838947e-05,2.495e-05,4.0,160323.0,2.3266593563011978e-05,0.000149824,2.0,13349.0,0.00015341984361311162
9.0,16.0,0.0,10898.0,0.0,3.967965124619594e-12,0.0,0.0,16612.0,7.3160726303368194e-06,5.6137e-05,9.0,160323.0,3.641475613780719e-05,0.000898943,12.0,13349.0,0.00045162910616786703
9.0,17.0,0.000458811,10898.0,5.0,0.0001835244023807791,0.000120395,2.0,16612.0,5.2547643578202094e-05,0.00014346,23.0,160323.0,7.923285368268432e-05,0.001048767,14.0,13349.0,0.0006904842637007202
9.0,18.0,0.000367049,10898.0,4.0,0.00025693424142846744,0.00024078900000000001,4.0,16612.0,0.0001278441861469213,0.00027444599999999997,44.0,160323.0,0.00015731811220961057,0.001797886,24.0,13349.0,0.0011334449582204322
9.0,19.0,0.000458811,10898.0,5.0,0.0003376849448570805,0.000180592,3.0,16612.0,0.00014894331168815279,0.00039295599999999997,63.0,160323.0,0.00025157326732576634,0.002547006,34.0,13349.0,0.0016988693749322593
9.0,20.0,0.000275287,10898.0,3.0,0.0003127257669142483,0.000361184,6.0,16612.0,0.0002338395870128917,0.00037424400000000003,60.0,160323.0,0.00030064156039545984,0.000824031,11.0,13349.0,0.0013489340249593555
9.0,21.0,0.000183524,10898.0,2.0,0.000261045060148549,0.000120395,2.0,16612.0,0.00018846175220773502,0.00027444599999999997,44.0,160323.0,0.0002901633362372759,0.00037456,5.0,13349.0,0.0009591844149756133
9.0,22.0,0.000642335,10898.0,7.0,0.0004135610360891294,0.00024078900000000001,4.0,16612.0,0.000209392651324641,0.00031187,50.0,160323.0,0.00029884600174236555,0.000599295,8.0,13349.0,0.0008152286489853679
9.0,23.0,0.00082586,10898.0,9.0,0.0005784806216534776,0.00024078900000000001,4.0,16612.0,0.0002219511907947846,0.000467805,75.0,160323.0,0.0003664296010454193,0.00022473599999999998,3.0,13349.0,0.0005790315893912208
9.0,24.0,0.0005505730000000001,10898.0,6.0,0.0005673175729920866,0.000120395,2.0,16612.0,0.00018132871447687076,0.000305633,49.0,160323.0,0.00034211096062725153,0.000973855,13.0,13349.0,0.0007369609536347324
