year,flu week,CS rate,CS pop,CS count,CS weighted rate,TE rate,TE count,TE pop,TE weighted rate,LC rate,LC count,LC pop,LC weighted rate,ME rate,ME count,ME pop,ME weighted rate,CMHD rate,CMHD count,CMHD pop,CMHD weighted rate
,,,,,0.0,,,,,,,,,,,,,,,,
1.0,1.0,1.2271e-05,81491.0,1.0,1.2271e-05,,,,0.0,,,,0.0,,,,0.0,,,,0.0
1.0,2.0,2.4543000000000002e-05,81491.0,2.0,1.71798e-05,0.0,0.0,6072.0,0.0,0.0007236689999999999,46.0,63565.0,0.0007236689999999999,0.0,0.0,1878.0,0.0,3.6304000000000003e-05,1.0,27545.0,3.6304000000000003e-05
1.0,3.0,2.4543000000000002e-05,81491.0,2.0,2.012508e-05,0.0,0.0,6072.0,0.0,0.000802328,51.0,63565.0,0.0007551325999999999,0.0,0.0,1878.0,0.0,0.0,0.0,27545.0,2.17824e-05
1.0,4.0,0.00015952700000000002,81491.0,13.0,7.588584800000001e-05,0.0,0.0,6072.0,0.0,0.001588925,101.0,63565.0,0.00108864956,0.0,0.0,1878.0,0.0,0.0,0.0,27545.0,1.306944e-05
1.0,5.0,0.00011044200000000001,81491.0,9.0,8.97083088e-05,0.0,0.0,6072.0,0.0,0.0007865960000000001,50.0,63565.0,0.000967828136,0.0,0.0,1878.0,0.0,0.0005082590000000001,14.0,27545.0,0.00021114526400000004
1.0,6.0,0.0,81491.0,0.0,5.382498528e-05,0.000658762,4.0,6072.0,0.0002635048,0.00220247,140.0,63565.0,0.0014616848816,0.000532481,1.0,1878.0,0.0002129924,0.000217825,6.0,27545.0,0.00021381715840000003
1.0,7.0,0.000220883,81491.0,18.0,0.00012064819116800001,0.000494071,3.0,6072.0,0.00035573128000000005,0.0027845509999999997,177.0,63565.0,0.00199083132896,0.002129925,4.0,1878.0,0.00097976544,0.0005082590000000001,14.0,27545.0,0.00033159389504000005
1.0,8.0,8.5899e-05,81491.0,7.0,0.00010674851470080001,0.001646904,10.0,6072.0,0.0008722003680000001,0.013309211000000001,846.0,63565.0,0.006518183197376,0.004259850999999999,8.0,1878.0,0.0022917996639999997,0.0012343439999999998,34.0,27545.0,0.0006926939370239999
1.0,9.0,2.4543000000000002e-05,81491.0,2.0,7.386630882048001e-05,0.0,0.0,6072.0,0.0005233202208,0.008888539,565.0,63565.0,0.0074663255184256,0.0,0.0,1878.0,0.0013750797983999997,0.00094391,26.0,27545.0,0.0007931803622144
1.0,10.0,1.2271e-05,81491.0,1.0,4.922818529228801e-05,0.0,0.0,6072.0,0.00031399213248,0.0032565090000000003,207.0,63565.0,0.005782398911055361,0.000532481,1.0,1878.0,0.00103804027904,0.002178254,60.0,27545.0,0.00134720981732864
1.0,11.0,1.2271e-05,81491.0,1.0,3.44453111753728e-05,0.0,0.0,6072.0,0.000188395279488,0.0,0.0,63565.0,0.0034694393466332164,0.0,0.0,1878.0,0.0006228241674239999,0.001161735,32.0,27545.0,0.001273019890397184
1.0,12.0,0.0,81491.0,0.0,2.066718670522368e-05,0.0,0.0,6072.0,0.00011303716769279999,0.0032565090000000003,207.0,63565.0,0.00338426720797993,0.0,0.0,1878.0,0.0003736945004543999,0.0005082590000000001,14.0,27545.0,0.0009671155342383104
1.0,13.0,1.2271e-05,81491.0,1.0,1.730871202313421e-05,0.0,0.0,6072.0,6.782230061567999e-05,0.000692205,44.0,63565.0,0.002307442324787958,0.0,0.0,1878.0,0.00022421670027263993,7.260800000000001e-05,2.0,27545.0,0.0006093125205429863
1.0,14.0,0.0,81491.0,0.0,1.0385227213880526e-05,0.0,0.0,6072.0,4.069338036940799e-05,7.866e-05,5.0,63565.0,0.0014159293948727747,0.0,0.0,1878.0,0.00013453002016358397,0.0,0.0,27545.0,0.00036558751232579177
1.0,15.0,2.4543000000000002e-05,81491.0,2.0,1.6048336328328316e-05,0.0,0.0,6072.0,2.4416028221644797e-05,0.00081806,52.0,63565.0,0.0011767816369236649,0.0,0.0,1878.0,8.071801209815037e-05,0.0,0.0,27545.0,0.00021935250739547505
1.0,16.0,0.0,81491.0,0.0,9.62900179699699e-06,0.0,0.0,6072.0,1.4649616932986878e-05,0.000456226,29.0,63565.0,0.0008885593821541989,0.0,0.0,1878.0,4.843080725889022e-05,3.6304000000000003e-05,1.0,27545.0,0.00014613310443728502
1.0,17.0,0.0,81491.0,0.0,5.777401078198194e-06,0.0,0.0,6072.0,8.789770159792127e-06,0.00018878299999999998,12.0,63565.0,0.0006086488292925194,0.0,0.0,1878.0,2.9058484355334132e-05,0.0,0.0,27545.0,8.7679862662371e-05
1.0,18.0,2.4543000000000002e-05,81491.0,2.0,1.3283640646918919e-05,0.0,0.0,6072.0,5.273862095875275e-06,0.000220247,14.0,63565.0,0.0004532880975755116,0.0,0.0,1878.0,1.7435090613200477e-05,7.260800000000001e-05,2.0,27545.0,8.165111759742261e-05
1.0,19.0,0.0,81491.0,0.0,7.97018438815135e-06,0.0,0.0,6072.0,3.1643172575251652e-06,0.00011012299999999999,7.0,63565.0,0.00031602205854530695,0.0,0.0,1878.0,1.0461054367920287e-05,0.000145217,4.0,27545.0,0.00010707747055845358
1.0,20.0,0.0,81491.0,0.0,4.78211063289081e-06,0.0,0.0,6072.0,1.898590354515099e-06,0.000251711,16.0,63565.0,0.00029029763512718415,0.0,0.0,1878.0,6.2766326207521715e-06,7.260800000000001e-05,2.0,27545.0,9.328968233507215e-05
1.0,21.0,0.0,81491.0,0.0,2.869266379734486e-06,0.0,0.0,6072.0,1.1391542127090593e-06,0.000204515,13.0,63565.0,0.0002559845810763105,0.0,0.0,1878.0,3.7659795724513026e-06,0.0,0.0,27545.0,5.597380940104329e-05
1.0,22.0,0.0,81491.0,0.0,1.7215598278406914e-06,0.0,0.0,6072.0,6.834925276254356e-07,0.000456226,29.0,63565.0,0.00033608114864578634,0.0,0.0,1878.0,2.2595877434707814e-06,3.6304000000000003e-05,1.0,27545.0,4.810588564062597e-05
1.0,23.0,0.0,81491.0,0.0,1.032935896704415e-06,0.0,0.0,6072.0,4.1009551657526135e-07,0.000220247,14.0,63565.0,0.0002897474891874718,0.0,0.0,1878.0,1.3557526460824688e-06,0.0,0.0,27545.0,2.886353138437558e-05
1.0,24.0,0.0,81491.0,0.0,6.197615380226489e-07,0.0,0.0,6072.0,2.460573099451568e-07,0.00037756599999999997,24.0,63565.0,0.00032487489351248303,0.0,0.0,1878.0,8.134515876494812e-07,7.260800000000001e-05,2.0,27545.0,4.636131883062535e-05
1.0,25.0,0.0,81491.0,0.0,3.7185692281358933e-07,0.0,0.0,6072.0,1.4763438596709407e-07,0.00026744299999999997,17.0,63565.0,0.0003019021361074898,0.0,0.0,1878.0,4.880709525896887e-07,0.00010891299999999999,3.0,27545.0,7.138199129837521e-05
1.0,26.0,0.0,81491.0,0.0,2.231141536881536e-07,0.0,0.0,6072.0,8.858063158025644e-08,0.000283175,18.0,63565.0,0.0002944112816644939,0.0,0.0,1878.0,2.928425715538132e-07,0.00010891299999999999,3.0,27545.0,8.639439477902513e-05
1.0,27.0,0.0,81491.0,0.0,1.3386849221289215e-07,0.0,0.0,6072.0,5.3148378948153867e-08,0.0,0.0,63565.0,0.00017664676899869632,0.0,0.0,1878.0,1.757055429322879e-07,0.0,0.0,27545.0,5.183663686741508e-05
1.0,28.0,0.0,81491.0,0.0,8.03210953277353e-08,0.0,0.0,6072.0,3.188902736889232e-08,0.0,0.0,63565.0,0.00010598806139921778,0.0,0.0,1878.0,1.0542332575937274e-07,0.0,0.0,27545.0,3.1101982120449046e-05
1.0,29.0,0.0,81491.0,0.0,4.8192657196641174e-08,0.0,0.0,6072.0,1.913341642133539e-08,0.000503422,32.0,63565.0,0.0002649616368395307,0.0,0.0,1878.0,6.325399545562364e-08,0.0,0.0,27545.0,1.8661189272269427e-05
1.0,30.0,0.0,81491.0,0.0,2.8915594317984704e-08,0.0,0.0,6072.0,1.1480049852801233e-08,0.000550617,35.0,63565.0,0.0003792237821037184,0.000532481,1.0,1878.0,0.00021303035239727337,3.6304000000000003e-05,1.0,27545.0,2.5718313563361657e-05
1.0,31.0,0.0,81491.0,0.0,1.7349356590790823e-08,0.0,0.0,6072.0,6.88802991168074e-09,0.000361834,23.0,63565.0,0.00037226786926223106,0.0,0.0,1878.0,0.00012781821143836402,0.000471955,13.0,27545.0,0.000204212988138017
1.0,32.0,0.0,81491.0,0.0,1.0409613954474493e-08,0.0,0.0,6072.0,4.132817947008444e-09,9.439200000000001e-05,6.0,63565.0,0.0002611175215573386,0.0,0.0,1878.0,7.669092686301841e-05,3.6304000000000003e-05,1.0,27545.0,0.0001370493928828102
1.0,33.0,0.0,81491.0,0.0,6.245768372684696e-09,0.0,0.0,6072.0,2.479690768205066e-09,0.000220247,14.0,63565.0,0.00024476931293440315,0.0,0.0,1878.0,4.6014556117811046e-05,0.0,0.0,27545.0,8.222963572968611e-05
1.0,34.0,0.0,81491.0,0.0,3.747461023610818e-09,0.0,0.0,6072.0,1.4878144609230395e-09,0.00033037,21.0,63565.0,0.0002790095877606419,0.000532481,1.0,1878.0,0.00024060113367068664,0.0,0.0,27545.0,4.933778143781167e-05
1.0,35.0,0.0,81491.0,0.0,2.2484766141664906e-09,0.0,0.0,6072.0,8.926886765538237e-10,0.000141587,9.0,63565.0,0.00022404055265638515,0.0,0.0,1878.0,0.00014436068020241198,7.260800000000001e-05,2.0,27545.0,5.8645868862687e-05
1.0,36.0,0.0,81491.0,0.0,1.3490859684998943e-09,0.0,0.0,6072.0,5.356132059322942e-10,9.439200000000001e-05,6.0,63565.0,0.00017218113159383108,0.0,0.0,1878.0,8.661640812144719e-05,0.0,0.0,27545.0,3.51875213176122e-05
1.0,37.0,0.0,81491.0,0.0,8.094515810999365e-10,0.0,0.0,6072.0,3.2136792355937646e-10,0.000141587,9.0,63565.0,0.00015994347895629865,0.0,0.0,1878.0,5.196984487286831e-05,0.0,0.0,27545.0,2.111251279056732e-05
1.0,38.0,0.0,81491.0,0.0,4.856709486599619e-10,0.0,0.0,6072.0,1.9282075413562587e-10,9.439200000000001e-05,6.0,63565.0,0.00013372288737377918,0.0,0.0,1878.0,3.118190692372098e-05,0.0,0.0,27545.0,1.2667507674340391e-05
1.0,39.0,0.0,81491.0,0.0,2.914025691959771e-10,0.0,0.0,6072.0,1.1569245248137552e-10,9.439200000000001e-05,6.0,63565.0,0.00011799053242426752,0.0,0.0,1878.0,1.8709144154232588e-05,0.0,0.0,27545.0,7.600504604604234e-06
1.0,40.0,0.0,81491.0,0.0,1.7484154151758626e-10,0.0,0.0,6072.0,6.941547148882531e-11,9.439200000000001e-05,6.0,63565.0,0.00010855111945456051,0.0,0.0,1878.0,1.1225486492539552e-05,0.0,0.0,27545.0,4.56030276276254e-06
1.0,41.0,0.0,81491.0,0.0,1.0490492491055175e-10,0.0,0.0,6072.0,4.1649282893295187e-11,0.0,0.0,63565.0,6.51306716727363e-05,0.0,0.0,1878.0,6.735291895523731e-06,0.0,0.0,27545.0,2.736181657657524e-06
1.0,42.0,0.0,81491.0,0.0,6.294295494633105e-11,0.0,0.0,6072.0,2.4989569735977112e-11,0.0,0.0,63565.0,3.9078403003641784e-05,0.0,0.0,1878.0,4.0411751373142385e-06,0.0,0.0,27545.0,1.6417089945945145e-06
1.0,43.0,0.0,81491.0,0.0,3.7765772967798626e-11,0.0,0.0,6072.0,1.4993741841586266e-11,0.0,0.0,63565.0,2.344704180218507e-05,0.0,0.0,1878.0,2.424705082388543e-06,0.0,0.0,27545.0,9.850253967567086e-07
1.0,44.0,0.0,81491.0,0.0,2.2659463780679174e-11,0.0,0.0,6072.0,8.996245104951759e-12,0.0,0.0,63565.0,1.4068225081311042e-05,0.0,0.0,1878.0,1.454823049433126e-06,0.0,0.0,27545.0,5.910152380540252e-07
1.0,45.0,0.0,81491.0,0.0,1.3595678268407504e-11,0.0,0.0,6072.0,5.397747062971055e-12,0.0,0.0,63565.0,8.440935048786624e-06,0.0,0.0,1878.0,8.728938296598755e-07,0.0,0.0,27545.0,3.546091428324151e-07
1.0,46.0,0.0,81491.0,0.0,8.157406961044503e-12,0.0,0.0,6072.0,3.238648237782633e-12,0.0,0.0,63565.0,5.064561029271974e-06,0.0,0.0,1878.0,5.237362977959253e-07,0.0,0.0,27545.0,2.1276548569944905e-07
1.0,47.0,0.0,81491.0,0.0,4.894444176626701e-12,0.0,0.0,6072.0,1.9431889426695797e-12,0.0,0.0,63565.0,3.0387366175631846e-06,0.0,0.0,1878.0,3.142417786775552e-07,0.0,0.0,27545.0,1.2765929141966942e-07
1.0,48.0,0.0,81491.0,0.0,2.9366665059760207e-12,0.0,0.0,6072.0,1.1659133656017477e-12,0.0,0.0,63565.0,1.8232419705379106e-06,0.0,0.0,1878.0,1.885450672065331e-07,0.0,0.0,27545.0,7.659557485180165e-08
1.0,49.0,0.0,81491.0,0.0,1.7619999035856124e-12,0.0,0.0,6072.0,6.995480193610486e-13,0.0,0.0,63565.0,1.0939451823227463e-06,0.0,0.0,1878.0,1.1312704032391986e-07,0.0,0.0,27545.0,4.595734491108099e-08
1.0,50.0,0.0,81491.0,0.0,1.0571999421513674e-12,0.0,0.0,6072.0,4.1972881161662916e-13,0.0,0.0,63565.0,6.563671093936478e-07,0.0,0.0,1878.0,6.78762241943519e-08,0.0,0.0,27545.0,2.757440694664859e-08
1.0,51.0,0.0,81491.0,0.0,6.343199652908204e-13,0.0,0.0,6072.0,2.5183728696997747e-13,0.0,0.0,63565.0,3.9382026563618863e-07,0.0,0.0,1878.0,4.072573451661114e-08,0.0,0.0,27545.0,1.6544644167989155e-08
1.0,52.0,0.0,81491.0,0.0,3.8059197917449225e-13,0.0,0.0,6072.0,1.5110237218198648e-13,0.0,0.0,63565.0,2.3629215938171318e-07,0.0,0.0,1878.0,2.4435440709966686e-08,0.0,0.0,27545.0,9.926786500793493e-09
1.0,53.0,0.0,81491.0,0.0,2.2835518750469535e-13,0.0,0.0,6072.0,9.066142330919189e-14,0.0,0.0,63565.0,1.417752956290279e-07,0.0,0.0,1878.0,1.466126442598001e-08,0.0,0.0,27545.0,5.956071900476096e-09
2.0,1.0,0.0,81674.0,0.0,1.370131125028172e-13,0.0,0.0,6072.0,5.439685398551513e-14,0.0,0.0,63565.0,8.506517737741673e-08,0.0,0.0,1878.0,8.796758655588006e-09,0.0,0.0,27545.0,3.5736431402856573e-09
2.0,2.0,0.0,81674.0,0.0,8.220786750169031e-14,0.0,0.0,6057.0,3.2638112391309075e-14,0.0,0.0,64242.0,5.103910642645003e-08,0.0,0.0,1877.0,5.2780551933528035e-09,0.0,0.0,27475.0,2.144185884171394e-09
2.0,3.0,0.0,81674.0,0.0,4.932472050101419e-14,0.0,0.0,6057.0,1.9582867434785445e-14,0.0,0.0,64242.0,3.0623463855870017e-08,0.0,0.0,1877.0,3.166833116011682e-09,0.0,0.0,27475.0,1.2865115305028364e-09
2.0,4.0,0.0,81674.0,0.0,2.959483230060851e-14,0.0,0.0,6057.0,1.1749720460871267e-14,0.0,0.0,64242.0,1.837407831352201e-08,0.0,0.0,1877.0,1.900099869607009e-09,0.0,0.0,27475.0,7.719069183017018e-10
2.0,5.0,0.0,81674.0,0.0,1.7756899380365105e-14,0.0,0.0,6057.0,7.04983227652276e-15,0.0,0.0,64242.0,1.1024446988113206e-08,0.0,0.0,1877.0,1.1400599217642054e-09,0.0,0.0,27475.0,4.631441509810211e-10
2.0,6.0,0.0,81674.0,0.0,1.0654139628219063e-14,0.0,0.0,6057.0,4.229899365913656e-15,0.0,0.0,64242.0,6.614668192867924e-09,0.0,0.0,1877.0,6.840359530585232e-10,0.0,0.0,27475.0,2.7788649058861266e-10
2.0,7.0,0.0,81674.0,0.0,6.392483776931438e-15,0.0,0.0,6057.0,2.5379396195481934e-15,0.0,0.0,64242.0,3.9688009157207545e-09,0.0,0.0,1877.0,4.1042157183511387e-10,0.0,0.0,27475.0,1.667318943531676e-10
2.0,8.0,0.0,81674.0,0.0,3.835490266158862e-15,0.0,0.0,6057.0,1.522763771728916e-15,0.0,0.0,64242.0,2.381280549432453e-09,0.0,0.0,1877.0,2.462529431010683e-10,0.0,0.0,27475.0,1.0003913661190055e-10
2.0,9.0,0.0,81674.0,0.0,2.301294159695317e-15,0.0,0.0,6057.0,9.136582630373494e-16,0.0,0.0,64242.0,1.4287683296594717e-09,0.0,0.0,1877.0,1.4775176586064096e-10,0.0,0.0,27475.0,6.002348196714032e-11
2.0,10.0,0.0,81674.0,0.0,1.3807764958171902e-15,0.0,0.0,6057.0,5.481949578224097e-16,0.0,0.0,64242.0,8.57260997795683e-10,0.0,0.0,1877.0,8.865105951638457e-11,0.0,0.0,27475.0,3.601408918028419e-11
2.0,11.0,0.0,81674.0,0.0,8.284658974903141e-16,0.0,0.0,6057.0,3.2891697469344577e-16,0.0,0.0,64242.0,5.143565986774098e-10,0.0,0.0,1877.0,5.319063570983074e-11,0.0,0.0,27475.0,2.1608453508170515e-11
2.0,12.0,0.0,81674.0,0.0,4.9707953849418845e-16,0.0,0.0,6057.0,1.9735018481606745e-16,0.0,0.0,64242.0,3.086139592064459e-10,0.0,0.0,1877.0,3.191438142589844e-11,0.0,0.0,27475.0,1.2965072104902309e-11
2.0,13.0,0.0,81674.0,0.0,2.982477230965131e-16,0.0,0.0,6057.0,1.1841011088964046e-16,0.0,0.0,64242.0,1.851683755238675e-10,0.0,0.0,1877.0,1.9148628855539065e-11,3.6397e-05,1.0,27475.0,1.4558807779043264e-05
2.0,14.0,0.0,81674.0,0.0,1.7894863385790784e-16,0.0,0.0,6057.0,7.104606653378428e-17,0.0,0.0,64242.0,1.111010253143205e-10,0.0,0.0,1877.0,1.1489177313323439e-11,0.000145587,4.0,27475.0,6.697008466742596e-05
2.0,15.0,0.0,81674.0,0.0,1.073691803147447e-16,0.0,0.0,6057.0,4.2627639920270563e-17,0.0,0.0,64242.0,6.66606151885923e-11,0.0,0.0,1877.0,6.893506387994063e-12,0.00018198400000000002,5.0,27475.0,0.00011297565080045558
2.0,16.0,0.0,81674.0,0.0,6.442150818884682e-17,0.0,0.0,6057.0,2.5576583952162336e-17,1.5566e-05,1.0,64242.0,6.226439996369113e-06,0.0,0.0,1877.0,4.136103832796438e-12,0.00010919,3.0,27475.0,0.00011146139048027336
2.0,17.0,1.2244000000000002e-05,81674.0,1.0,4.897600000038654e-06,0.0,0.0,6057.0,1.53459503712974e-17,0.000326889,21.0,64242.0,0.00013449146399782149,0.0,0.0,1877.0,2.4816622996778627e-12,3.6397e-05,1.0,27475.0,8.143563428816402e-05
2.0,18.0,0.0,81674.0,0.0,2.938560000023192e-06,0.0,0.0,6057.0,9.20757022277844e-18,0.00026462400000000003,17.0,64242.0,0.00018654447839869292,0.0,0.0,1877.0,1.4889973798067176e-12,0.00010919,3.0,27475.0,9.253738057289842e-05
2.0,19.0,0.000122438,81674.0,10.0,5.073833600001391e-05,0.0,0.0,6057.0,5.524542133667064e-18,0.000591513,38.0,64242.0,0.00034853188703921575,0.0,0.0,1877.0,8.933984278840305e-13,0.00010919,3.0,27475.0,9.919842834373905e-05
2.0,20.0,2.4488000000000003e-05,81674.0,2.0,4.023820160000835e-05,0.0,0.0,6057.0,3.3147252802002384e-18,0.00046698400000000004,30.0,64242.0,0.0003959127322235295,0.0,0.0,1877.0,5.360390567304183e-13,0.00025477700000000003,7.0,27475.0,0.00016142985700624347
2.0,21.0,0.000110194,81674.0,9.0,6.822052096000501e-05,0.0,0.0,6057.0,1.988835168120143e-18,0.000295757,19.0,64242.0,0.0003558504393341177,0.0,0.0,1877.0,3.2162343403825097e-13,0.00010919,3.0,27475.0,0.0001405339142037461
2.0,22.0,0.00018365700000000002,81674.0,15.0,0.00011439511257600301,0.0,0.0,6057.0,1.1933011008720857e-18,0.000435852,28.0,64242.0,0.00038785106360047063,0.0,0.0,1877.0,1.9297406042295057e-13,0.000400364,11.0,27475.0,0.00024446594852224764
2.0,23.0,0.000477508,81674.0,39.0,0.00025964026754560183,0.0,0.0,6057.0,7.159806605232514e-19,0.00048255,31.0,64242.0,0.00042573063816028235,0.0,0.0,1877.0,1.1578443625377034e-13,0.000400364,11.0,27475.0,0.0003068251691133486
2.0,24.0,0.00018365700000000002,81674.0,15.0,0.0002292469605273611,0.0,0.0,6057.0,4.295883963139508e-19,0.000653778,42.0,64242.0,0.0005169495828961694,0.0,0.0,1877.0,6.94706617522622e-14,0.000655141,18.0,27475.0,0.00044615150146800914
2.0,25.0,0.000244876,81674.0,20.0,0.00023549857631641666,0.0,0.0,6057.0,2.577530377883705e-19,0.00088727,57.0,64242.0,0.0006650777497377016,0.0,0.0,1877.0,4.1682397051357315e-14,0.000545951,15.0,27475.0,0.0004860713008808055
2.0,26.0,0.000220388,81674.0,18.0,0.00022945434578984996,0.000825491,5.0,6057.0,0.0003301964000000002,0.0019457679999999998,125.0,64242.0,0.0011773538498426209,0.0,0.0,1877.0,2.500943823081439e-14,0.000545951,15.0,27475.0,0.0005100231805284833
2.0,27.0,0.00039180199999999996,81674.0,32.0,0.00029439340747390997,0.0,0.0,6057.0,0.0001981178400000001,1.5566e-05,1.0,64242.0,0.0007126387099055725,0.0,0.0,1877.0,1.5005662938488633e-14,7.2793e-05,2.0,27475.0,0.00033513110831708996
2.0,28.0,0.00039180199999999996,81674.0,32.0,0.000333356844484346,0.0,0.0,6057.0,0.00011887070400000005,0.002163694,139.0,64242.0,0.0012930608259433436,0.000532765,1.0,1877.0,0.00021310600000900342,0.0016378529999999999,45.0,27475.0,0.000856219864990254
2.0,29.0,0.000318339,81674.0,26.0,0.0003273497066906076,0.0,0.0,6057.0,7.132242240000003e-05,0.002039164,131.0,64242.0,0.0015915020955660061,0.0,0.0,1877.0,0.00012786360000540206,0.0006187440000000001,17.0,27475.0,0.0007612295189941524
2.0,30.0,0.000232632,81674.0,19.0,0.0002894626240143646,0.000330196,2.0,6057.0,0.00017487185344,0.001074064,69.0,64242.0,0.0013845268573396037,0.0,0.0,1877.0,7.671816000324123e-05,0.000400364,11.0,27475.0,0.0006168833113964914
2.0,31.0,9.795e-05,81674.0,8.0,0.00021285757440861876,0.0,0.0,6057.0,0.000104923112064,0.001229725,79.0,64242.0,0.0013226061144037621,0.0,0.0,1877.0,4.6030896001944736e-05,0.0,0.0,27475.0,0.00037012998683789484
2.0,32.0,9.795e-05,81674.0,8.0,0.00016689454464517125,0.0,0.0,6057.0,6.29538672384e-05,0.0,0.0,64242.0,0.0007935636686422573,0.0,0.0,1877.0,2.761853760116684e-05,0.00025477700000000003,7.0,27475.0,0.0003239887921027369
2.0,33.0,6.1219e-05,81674.0,5.0,0.00012462432678710274,0.0,0.0,6057.0,3.7772320343039994e-05,0.0011051960000000001,71.0,64242.0,0.0009182166011853544,0.0,0.0,1877.0,1.65711225607001e-05,0.00010919,3.0,27475.0,0.00023806927526164213
2.0,34.0,0.0,81674.0,0.0,7.477459607226164e-05,0.0,0.0,6057.0,2.2663392205823997e-05,0.0,0.0,64242.0,0.0005509299607112126,0.0,0.0,1877.0,9.94267353642006e-06,3.6397e-05,1.0,27475.0,0.00015740036515698527
2.0,35.0,0.0,81674.0,0.0,4.4864757643356984e-05,0.0,0.0,6057.0,1.3598035323494398e-05,0.0,0.0,64242.0,0.0003305579764267276,0.0,0.0,1877.0,5.965604121852036e-06,0.0,0.0,27475.0,9.444021909419116e-05
2.0,36.0,1.2244000000000002e-05,81674.0,1.0,3.181645458601419e-05,0.0,0.0,6057.0,8.158821194096639e-06,0.0,0.0,64242.0,0.00019833478585603656,0.0,0.0,1877.0,3.579362473111221e-06,7.2793e-05,2.0,27475.0,8.57813314565147e-05
2.0,37.0,0.0,81674.0,0.0,1.9089872751608514e-05,0.0,0.0,6057.0,4.895292716457983e-06,0.0,0.0,64242.0,0.00011900087151362194,0.0,0.0,1877.0,2.1476174838667324e-06,7.2793e-05,2.0,27475.0,8.058599887390883e-05
2.0,38.0,0.0,81674.0,0.0,1.1453923650965108e-05,0.0,0.0,6057.0,2.93717562987479e-06,3.1132e-05,2.0,64242.0,8.385332290817315e-05,0.0,0.0,1877.0,1.2885704903200395e-06,0.0,0.0,27475.0,4.83515993243453e-05
2.0,39.0,0.0,81674.0,0.0,6.8723541905790644e-06,0.0,0.0,6057.0,1.7623053779248738e-06,0.0,0.0,64242.0,5.031199374490389e-05,0.0,0.0,1877.0,7.731422941920237e-07,0.0,0.0,27475.0,2.9010959594607176e-05
2.0,40.0,0.0,81674.0,0.0,4.123412514347438e-06,0.0,0.0,6057.0,1.0573832267549242e-06,0.0,0.0,64242.0,3.0187196246942332e-05,0.0,0.0,1877.0,4.638853765152142e-07,7.2793e-05,2.0,27475.0,4.652377575676431e-05
2.0,41.0,0.0,81674.0,0.0,2.4740475086084626e-06,0.0,0.0,6057.0,6.344299360529545e-07,0.0,0.0,64242.0,1.8112317748165397e-05,0.0,0.0,1877.0,2.7833122590912854e-07,0.0,0.0,27475.0,2.7914265454058583e-05
2.0,42.0,0.0,81674.0,0.0,1.4844285051650775e-06,0.0,0.0,6057.0,3.806579616317727e-07,0.0,0.0,64242.0,1.0867390648899238e-05,0.0,0.0,1877.0,1.669987355454771e-07,0.0,0.0,27475.0,1.674855927243515e-05
2.0,43.0,0.0,81674.0,0.0,8.906571030990465e-07,0.0,0.0,6057.0,2.283947769790636e-07,0.0,0.0,64242.0,6.520434389339543e-06,0.0,0.0,1877.0,1.0019924132728626e-07,0.0,0.0,27475.0,1.004913556346109e-05
2.0,44.0,0.0,81674.0,0.0,5.343942618594279e-07,0.0,0.0,6057.0,1.3703686618743815e-07,0.0,0.0,64242.0,3.912260633603726e-06,0.0,0.0,1877.0,6.011954479637176e-08,0.0,0.0,27475.0,6.029481338076653e-06
2.0,45.0,0.0,81674.0,0.0,3.206365571156567e-07,0.0,0.0,6057.0,8.222211971246289e-08,0.0,0.0,64242.0,2.3473563801622355e-06,0.0,0.0,1877.0,3.607172687782306e-08,0.0,0.0,27475.0,3.617688802845992e-06
2.0,46.0,0.0,81674.0,0.0,1.92381934269394e-07,0.0,0.0,6057.0,4.9333271827477735e-08,0.0,0.0,64242.0,1.4084138280973414e-06,0.0,0.0,1877.0,2.1643036126693834e-08,0.0,0.0,27475.0,2.170613281707595e-06
2.0,47.0,0.0,81674.0,0.0,1.1542916056163638e-07,0.0,0.0,6057.0,2.959996309648664e-08,0.0,0.0,64242.0,8.450482968584048e-07,0.0,0.0,1877.0,1.29858216760163e-08,0.0,0.0,27475.0,1.302367969024557e-06
2.0,48.0,0.0,81674.0,0.0,6.925749633698182e-08,0.0,0.0,6057.0,1.7759977857891983e-08,0.0,0.0,64242.0,5.070289781150429e-07,0.0,0.0,1877.0,7.791493005609779e-09,0.0,0.0,27475.0,7.814207814147342e-07
2.0,49.0,0.0,81674.0,0.0,4.155449780218909e-08,0.0,0.0,6057.0,1.0655986714735189e-08,0.0,0.0,64242.0,3.0421738686902574e-07,0.0,0.0,1877.0,4.674895803365867e-09,0.0,0.0,27475.0,4.688524688488405e-07
2.0,50.0,0.0,81674.0,0.0,2.4932698681313455e-08,0.0,0.0,6057.0,6.3935920288411135e-09,0.0,0.0,64242.0,1.8253043212141544e-07,0.0,0.0,1877.0,2.80493748201952e-09,0.0,0.0,27475.0,2.813114813093043e-07
2.0,51.0,0.0,81674.0,0.0,1.4959619208788073e-08,0.0,0.0,6057.0,3.836155217304668e-09,0.0,0.0,64242.0,1.0951825927284926e-07,0.0,0.0,1877.0,1.682962489211712e-09,0.0,0.0,27475.0,1.6878688878558257e-07
2.0,52.0,0.0,81674.0,0.0,8.975771525272843e-09,0.0,0.0,6057.0,2.301693130382801e-09,0.0,0.0,64242.0,6.571095556370955e-08,0.0,0.0,1877.0,1.0097774935270272e-09,0.0,0.0,27475.0,1.0127213327134953e-07
3.0,1.0,0.0,81596.0,0.0,5.385462915163706e-09,0.0,0.0,6057.0,1.3810158782296804e-09,0.0,0.0,64242.0,3.942657333822573e-08,0.0,0.0,1877.0,6.058664961162163e-10,0.0,0.0,27475.0,6.076327996280972e-08
3.0,2.0,0.0,81596.0,0.0,3.231277749098223e-09,0.0,0.0,6056.0,8.286095269378082e-10,0.0,0.0,64722.0,2.3655944002935435e-08,0.0,0.0,1887.0,3.6351989766972977e-10,0.0,0.0,27439.0,3.645796797768583e-08
3.0,3.0,0.0,81596.0,0.0,1.938766649458934e-09,0.0,0.0,6056.0,4.971657161626849e-10,0.0,0.0,64722.0,1.419356640176126e-08,0.0,0.0,1887.0,2.1811193860183785e-10,0.0,0.0,27439.0,2.1874780786611495e-08
3.0,4.0,0.0,81596.0,0.0,1.1632599896753603e-09,0.0,0.0,6056.0,2.982994296976109e-10,0.0,0.0,64722.0,8.516139841056756e-09,0.0,0.0,1887.0,1.308671631611027e-10,0.0,0.0,27439.0,1.3124868471966897e-08
3.0,5.0,0.0,81596.0,0.0,6.979559938052162e-10,0.0,0.0,6056.0,1.7897965781856652e-10,0.0,0.0,64722.0,5.109683904634053e-09,0.0,0.0,1887.0,7.852029789666163e-11,0.0,0.0,27439.0,7.874921083180138e-09
3.0,6.0,0.0,81596.0,0.0,4.187735962831297e-10,0.0,0.0,6056.0,1.0738779469113991e-10,0.0,0.0,64722.0,3.0658103427804316e-09,0.0,0.0,1887.0,4.7112178737996975e-11,0.0,0.0,27439.0,4.724952649908083e-09
3.0,7.0,0.0,81596.0,0.0,2.512641577698778e-10,0.0,0.0,6056.0,6.443267681468394e-11,0.0,0.0,64722.0,1.839486205668259e-09,0.0,0.0,1887.0,2.8267307242798182e-11,0.0,0.0,27439.0,2.8349715899448494e-09
3.0,8.0,0.0,81596.0,0.0,1.5075849466192668e-10,0.0,0.0,6056.0,3.865960608881036e-11,0.0,0.0,64722.0,1.1036917234009553e-09,0.0,0.0,1887.0,1.6960384345678908e-11,0.0,0.0,27439.0,1.7009829539669096e-09
3.0,9.0,0.0,81596.0,0.0,9.0455096797156e-11,0.0,0.0,6056.0,2.3195763653286214e-11,0.0,0.0,64722.0,6.622150340405732e-10,0.0,0.0,1887.0,1.0176230607407345e-11,0.0,0.0,27439.0,1.0205897723801457e-09
3.0,10.0,0.0,81596.0,0.0,5.42730580782936e-11,0.0,0.0,6056.0,1.3917458191971728e-11,0.0,0.0,64722.0,3.973290204243439e-10,0.0,0.0,1887.0,6.105738364444407e-12,0.0,0.0,27439.0,6.123538634280874e-10
3.0,11.0,0.0,81596.0,0.0,3.256383484697616e-11,0.0,0.0,6056.0,8.350474915183036e-12,0.0,0.0,64722.0,2.3839741225460635e-10,0.0,0.0,1887.0,3.6634430186666445e-12,0.0,0.0,27439.0,3.674123180568524e-10
3.0,12.0,0.0,81596.0,0.0,1.9538300908185695e-11,0.0,0.0,6056.0,5.0102849491098215e-12,0.0,0.0,64722.0,1.430384473527638e-10,0.0,0.0,1887.0,2.1980658111999865e-12,0.0,0.0,27439.0,2.2044739083411143e-10
3.0,13.0,0.0,81596.0,0.0,1.1722980544911417e-11,0.0,0.0,6056.0,3.0061709694658928e-12,0.0,0.0,64722.0,8.582306841165828e-11,0.0,0.0,1887.0,1.3188394867199919e-12,0.0,0.0,27439.0,1.3226843450046685e-10
3.0,14.0,0.0,81596.0,0.0,7.0337883269468494e-12,0.0,0.0,6056.0,1.8037025816795355e-12,0.0,0.0,64722.0,5.149384104699496e-11,0.0,0.0,1887.0,7.913036920319951e-13,0.0,0.0,27439.0,7.936106070028011e-11
3.0,15.0,0.0,81596.0,0.0,4.2202729961681095e-12,0.0,0.0,6056.0,1.0822215490077212e-12,0.0,0.0,64722.0,3.0896304628196975e-11,0.0,0.0,1887.0,4.74782215219197e-13,0.0,0.0,27439.0,4.761663642016806e-11
3.0,16.0,0.0,81596.0,0.0,2.5321637977008658e-12,0.0,0.0,6056.0,6.493329294046328e-13,0.0,0.0,64722.0,1.8537782776918185e-11,0.0,0.0,1887.0,2.848693291315182e-13,0.0,0.0,27439.0,2.8569981852100837e-11
3.0,17.0,0.0,81596.0,0.0,1.5192982786205195e-12,0.0,0.0,6056.0,3.8959975764277963e-13,0.0,0.0,64722.0,1.112266966615091e-11,0.0,0.0,1887.0,1.7092159747891092e-13,0.0,0.0,27439.0,1.7141989111260503e-11
3.0,18.0,0.0,81596.0,0.0,9.115789671723116e-13,0.0,0.0,6056.0,2.3375985458566775e-13,0.0,0.0,64722.0,6.673601799690546e-12,0.0,0.0,1887.0,1.0255295848734654e-13,0.0,0.0,27439.0,1.0285193466756301e-11
3.0,19.0,0.0,81596.0,0.0,5.469473803033869e-13,0.0,0.0,6056.0,1.4025591275140064e-13,0.0,0.0,64722.0,4.004161079814327e-12,0.0,0.0,1887.0,6.153177509240792e-14,0.0,0.0,27439.0,6.1711160800537805e-12
3.0,20.0,1.2256e-05,81596.0,1.0,4.902400328168428e-06,0.0,0.0,6056.0,8.415354765084039e-14,1.5450999999999998e-05,1.0,64722.0,6.180402402496647e-06,0.0,0.0,1887.0,3.691906505544475e-14,7.2889e-05,2.0,27439.0,2.915560370266965e-05
3.0,21.0,0.0,81596.0,0.0,2.9414401969010563e-06,0.0,0.0,6056.0,5.049212859050423e-14,0.000324465,21.0,64722.0,0.00013349424144149799,0.0,0.0,1887.0,2.2151439033266847e-14,7.2889e-05,2.0,27439.0,4.664896222160179e-05
3.0,22.0,0.0,81596.0,0.0,1.7648641181406336e-06,0.0,0.0,6056.0,3.0295277154302537e-14,0.000293563,19.0,64722.0,0.0001975217448648988,0.0,0.0,1887.0,1.3290863419960107e-14,7.2889e-05,2.0,27439.0,5.7144977332961075e-05
3.0,23.0,0.0,81596.0,0.0,1.0589184708843801e-06,0.0,0.0,6056.0,1.817716629258152e-14,0.00021631,14.0,64722.0,0.00020503704691893926,0.0,0.0,1887.0,7.974518051976064e-15,0.0,0.0,27439.0,3.428698639977664e-05
3.0,24.0,2.4511e-05,81596.0,2.0,1.0439751082530629e-05,0.0,0.0,6056.0,1.0906299775548912e-14,0.00015450700000000002,10.0,64722.0,0.00018482502815136357,0.0,0.0,1887.0,4.7847108311856385e-15,0.00010933299999999999,3.0,27439.0,6.430539183986598e-05
3.0,25.0,0.0,81596.0,0.0,6.263850649518377e-06,0.0,0.0,6056.0,6.543779865329347e-15,0.000108155,7.0,64722.0,0.00015415701689081813,0.0,0.0,1887.0,2.870826498711383e-15,0.0,0.0,27439.0,3.858323510391958e-05
3.0,26.0,0.0,81596.0,0.0,3.758310389711026e-06,0.0,0.0,6056.0,3.926267919197608e-15,3.0901e-05,2.0,64722.0,0.00010485461013449087,0.0,0.0,1887.0,1.7224958992268298e-15,3.6444e-05,1.0,27439.0,3.772754106235175e-05
3.0,27.0,1.2256e-05,81596.0,1.0,7.157386233826615e-06,0.0,0.0,6056.0,2.355760751518565e-15,7.7253e-05,5.0,64722.0,9.381396608069452e-05,0.0,0.0,1887.0,1.0334975395360979e-15,0.000328,9.0,27439.0,0.00015383652463741107
3.0,28.0,1.2256e-05,81596.0,1.0,9.196831740295969e-06,0.0,0.0,6056.0,1.4134564509111388e-15,0.000139056,9.0,64722.0,0.00011191077964841671,0.0,0.0,1887.0,6.200985237216587e-16,0.000145778,4.0,27439.0,0.00015061311478244664
3.0,29.0,2.4511e-05,81596.0,2.0,1.532249904417758e-05,0.0,0.0,6056.0,8.480738705466833e-16,0.000108155,7.0,64722.0,0.00011040846778905003,0.0,0.0,1887.0,3.720591142329952e-16,0.00010933299999999999,3.0,27439.0,0.00013410106886946799
3.0,30.0,8.5789e-05,81596.0,7.0,4.350909942650655e-05,0.0,0.0,6056.0,5.088443223280099e-16,0.00023176,15.0,64722.0,0.00015894908067343,0.0,0.0,1887.0,2.232354685397971e-16,0.0,0.0,27439.0,8.046064132168079e-05
3.0,31.0,4.9022e-05,81596.0,4.0,4.571425965590393e-05,0.0,0.0,6056.0,3.053065933968059e-16,0.000339915,22.0,64722.0,0.00023133544840405802,0.0,0.0,1887.0,1.3394128112387825e-16,0.000145778,4.0,27439.0,0.00010658758479300848
3.0,32.0,6.1278e-05,81596.0,5.0,5.1939755793542367e-05,0.0,0.0,6056.0,1.8318395603808354e-16,0.0,0.0,64722.0,0.00013880126904243482,0.0,0.0,1887.0,8.036476867432694e-17,0.000145778,4.0,27439.0,0.0001222637508758051
3.0,33.0,6.1278e-05,81596.0,5.0,5.567505347612542e-05,0.000165125,1.0,6056.0,6.60500000001099e-05,0.000169958,11.0,64722.0,0.0001512639614254609,0.0,0.0,1887.0,4.821886120459617e-17,0.000145778,4.0,27439.0,0.00013166945052548305
3.0,34.0,6.1278e-05,81596.0,5.0,5.7916232085675255e-05,0.0,0.0,6056.0,3.963000000006594e-05,3.0901e-05,2.0,64722.0,0.00010311877685527653,0.0,0.0,1887.0,2.8931316722757696e-17,7.2889e-05,2.0,27439.0,0.00010815727031528983
3.0,35.0,4.9022e-05,81596.0,4.0,5.435853925140515e-05,0.0,0.0,6056.0,2.377800000003956e-05,0.0,0.0,64722.0,6.187126611316592e-05,0.0,0.0,1887.0,1.7358790033654617e-17,0.0,0.0,27439.0,6.48943621891739e-05
3.0,36.0,0.0,81596.0,0.0,3.261512355084309e-05,0.0,0.0,6056.0,1.4266800000023736e-05,3.0901e-05,2.0,64722.0,4.948315966789955e-05,0.0,0.0,1887.0,1.041527402019277e-17,0.0,0.0,27439.0,3.893661731350434e-05
3.0,37.0,0.0,81596.0,0.0,1.9569074130505854e-05,0.0,0.0,6056.0,8.560080000014242e-06,0.0,0.0,64722.0,2.968989580073973e-05,0.0,0.0,1887.0,6.249164412115662e-18,0.0,0.0,27439.0,2.33619703881026e-05
3.0,38.0,0.0,81596.0,0.0,1.1741444478303511e-05,0.0,0.0,6056.0,5.136048000008545e-06,1.5450999999999998e-05,1.0,64722.0,2.3994337480443836e-05,0.0,0.0,1887.0,3.749498647269397e-18,0.0,0.0,27439.0,1.401718223286156e-05
3.0,39.0,0.0,81596.0,0.0,7.0448666869821065e-06,0.0,0.0,6056.0,3.081628800005127e-06,7.7253e-05,5.0,64722.0,4.5297802488266305e-05,0.0,0.0,1887.0,2.2496991883616383e-18,0.000145778,4.0,27439.0,6.672150933971694e-05
3.0,40.0,0.0,81596.0,0.0,4.226920012189264e-06,0.0,0.0,6056.0,1.848977280003076e-06,0.0,0.0,64722.0,2.717868149295978e-05,0.0,0.0,1887.0,1.3498195130169829e-18,0.000145778,4.0,27439.0,9.834410560383017e-05
3.0,41.0,0.0,81596.0,0.0,2.536152007313558e-06,0.0,0.0,6056.0,1.1093863680018455e-06,0.0,0.0,64722.0,1.630720889577587e-05,0.0,0.0,1887.0,8.098917078101897e-19,0.0,0.0,27439.0,5.90064633622981e-05
3.0,42.0,0.0,81596.0,0.0,1.5216912043881349e-06,0.0,0.0,6056.0,6.656318208011073e-07,0.0,0.0,64722.0,9.784325337465521e-06,0.0,0.0,1887.0,4.859350246861138e-19,0.0,0.0,27439.0,3.540387801737886e-05
3.0,43.0,0.0,81596.0,0.0,9.130147226328809e-07,0.0,0.0,6056.0,3.9937909248066437e-07,0.0,0.0,64722.0,5.8705952024793126e-06,0.0,0.0,1887.0,2.9156101481166827e-19,0.0,0.0,27439.0,2.1242326810427317e-05
3.0,44.0,0.0,81596.0,0.0,5.478088335797285e-07,0.0,0.0,6056.0,2.3962745548839863e-07,0.0,0.0,64722.0,3.5223571214875875e-06,0.0,0.0,1887.0,1.7493660888700096e-19,0.0,0.0,27439.0,1.274539608625639e-05
3.0,45.0,0.0,81596.0,0.0,3.286853001478371e-07,0.0,0.0,6056.0,1.4377647329303917e-07,0.0,0.0,64722.0,2.1134142728925526e-06,0.0,0.0,1887.0,1.0496196533220057e-19,0.0,0.0,27439.0,7.647237651753833e-06
3.0,46.0,0.0,81596.0,0.0,1.9721118008870227e-07,0.0,0.0,6056.0,8.62658839758235e-08,0.0,0.0,64722.0,1.2680485637355315e-06,0.0,0.0,1887.0,6.297717919932034e-20,0.0,0.0,27439.0,4.5883425910523e-06
3.0,47.0,0.0,81596.0,0.0,1.1832670805322135e-07,0.0,0.0,6056.0,5.1759530385494095e-08,0.0,0.0,64722.0,7.608291382413189e-07,0.0,0.0,1887.0,3.7786307519592203e-20,0.0,0.0,27439.0,2.75300555463138e-06
3.0,48.0,0.0,81596.0,0.0,7.099602483193282e-08,0.0,0.0,6056.0,3.1055718231296454e-08,0.0,0.0,64722.0,4.564974829447913e-07,0.0,0.0,1887.0,2.2671784511755322e-20,0.0,0.0,27439.0,1.6518033327788278e-06
3.0,49.0,0.0,81596.0,0.0,4.259761489915969e-08,0.0,0.0,6056.0,1.8633430938777872e-08,0.0,0.0,64722.0,2.738984897668748e-07,0.0,0.0,1887.0,1.360307070705319e-20,0.0,0.0,27439.0,9.910819996672965e-07
3.0,50.0,0.0,81596.0,0.0,2.5558568939495814e-08,0.0,0.0,6056.0,1.1180058563266723e-08,0.0,0.0,64722.0,1.6433909386012487e-07,0.0,0.0,1887.0,8.161842424231914e-21,0.0,0.0,27439.0,5.946491998003779e-07
3.0,51.0,0.0,81596.0,0.0,1.5335141363697488e-08,0.0,0.0,6056.0,6.708035137960033e-09,0.0,0.0,64722.0,9.860345631607492e-08,0.0,0.0,1887.0,4.897105454539148e-21,0.0,0.0,27439.0,3.5678951988022675e-07
3.0,52.0,0.0,81596.0,0.0,9.201084818218492e-09,0.0,0.0,6056.0,4.02482108277602e-09,0.0,0.0,64722.0,5.9162073789644954e-08,0.0,0.0,1887.0,2.9382632727234887e-21,0.0,0.0,27439.0,2.1407371192813603e-07
4.0,1.0,0.0,82119.0,0.0,5.520650890931095e-09,0.0,0.0,6056.0,2.414892649665612e-09,0.0,0.0,64722.0,3.549724427378697e-08,0.0,0.0,1887.0,1.762957963634093e-21,0.0,0.0,27439.0,1.284442271568816e-07
4.0,2.0,0.0,82119.0,0.0,3.312390534558657e-09,0.0,0.0,6037.0,1.448935589799367e-09,0.0,0.0,65140.0,2.129834656427218e-08,0.0,0.0,1903.0,1.0577747781804558e-21,0.0,0.0,27437.0,7.706653629412896e-08
4.0,3.0,0.0,82119.0,0.0,1.9874343207351942e-09,0.0,0.0,6037.0,8.693613538796202e-10,0.0,0.0,65140.0,1.2779007938563308e-08,0.0,0.0,1903.0,6.346648669082735e-22,0.0,0.0,27437.0,4.623992177647737e-08
4.0,4.0,0.0,82119.0,0.0,1.1924605924411165e-09,0.0,0.0,6037.0,5.216168123277721e-10,0.0,0.0,65140.0,7.667404763137985e-09,0.0,0.0,1903.0,3.8079892014496407e-22,0.0,0.0,27437.0,2.7743953065886423e-08
4.0,5.0,0.0,82119.0,0.0,7.154763554646698e-10,0.0,0.0,6037.0,3.1297008739666326e-10,0.0,0.0,65140.0,4.600442857882791e-09,0.0,0.0,1903.0,2.2847935208697845e-22,0.0,0.0,27437.0,1.6646371839531853e-08
4.0,6.0,0.0,82119.0,0.0,4.292858132788019e-10,0.0,0.0,6037.0,1.8778205243799794e-10,0.0,0.0,65140.0,2.7602657147296745e-09,0.0,0.0,1903.0,1.3708761125218706e-22,3.6447e-05,1.0,27437.0,1.4588787823103719e-05
4.0,7.0,0.0,82119.0,0.0,2.5757148796728113e-10,0.0,0.0,6037.0,1.1266923146279876e-10,0.0,0.0,65140.0,1.6561594288378048e-09,0.0,0.0,1903.0,8.225256675131223e-23,0.0,0.0,27437.0,8.753272693862231e-06
4.0,8.0,0.0,82119.0,0.0,1.5454289278036868e-10,0.0,0.0,6037.0,6.760153887767925e-11,0.0,0.0,65140.0,9.936956573026828e-10,0.0,0.0,1903.0,4.9351540050787335e-23,3.6447e-05,1.0,27437.0,1.983076361631734e-05
4.0,9.0,0.0,82119.0,0.0,9.272573566822121e-11,0.0,0.0,6037.0,4.056092332660755e-11,0.000153516,10.0,65140.0,6.140699621739439e-05,0.0,0.0,1903.0,2.96109240304724e-23,0.00021868299999999998,6.0,27437.0,9.93716581697904e-05
4.0,10.0,0.0,82119.0,0.0,5.5635441400932724e-11,0.0,0.0,6037.0,2.433655399596453e-11,0.0,0.0,65140.0,3.684419773043663e-05,0.0,0.0,1903.0,1.776655441828344e-23,7.2894e-05,2.0,27437.0,8.878059490187424e-05
4.0,11.0,0.0,82119.0,0.0,3.338126484055963e-11,0.0,0.0,6037.0,1.4601932397578717e-11,0.0005680069999999999,37.0,65140.0,0.00024930931863826196,0.0,0.0,1903.0,1.0659932650970064e-23,3.6447e-05,1.0,27437.0,6.784715694112454e-05
4.0,12.0,0.0,82119.0,0.0,2.002875890433578e-11,0.0,0.0,6037.0,8.76115943854723e-12,0.000245625,16.0,65140.0,0.0002478355911829572,0.0,0.0,1903.0,6.395959590582038e-24,3.6447e-05,1.0,27437.0,5.528709416467473e-05
4.0,13.0,1.2177e-05,82119.0,1.0,4.870812017255343e-06,0.0,0.0,6037.0,5.256695663128338e-12,9.2109e-05,6.0,65140.0,0.00018554495470977434,0.0,0.0,1903.0,3.837575754349223e-24,0.0,0.0,27437.0,3.3172256498804835e-05
4.0,14.0,6.0886999999999995e-05,82119.0,5.0,2.7277287210353204e-05,0.0,0.0,6037.0,3.1540173978770026e-12,0.00046054699999999995,30.0,65140.0,0.0002955457728258646,0.0,0.0,1903.0,2.3025454526095336e-24,0.00010934100000000001,3.0,27437.0,6.36397538992829e-05
4.0,15.0,0.00012177399999999999,82119.0,10.0,6.507597232621192e-05,0.0,0.0,6037.0,1.8924104387262014e-12,6.1406e-05,4.0,65140.0,0.00020188986369551874,0.0,0.0,1903.0,1.3815272715657201e-24,7.2894e-05,2.0,27437.0,6.734145233956975e-05
4.0,16.0,0.00020701700000000001,82119.0,17.0,0.00012185238339572715,0.0,0.0,6037.0,1.1354462632357208e-12,0.0,0.0,65140.0,0.00012113391821731123,0.0,0.0,1903.0,8.28916362939432e-25,0.0,0.0,27437.0,4.040487140374185e-05
4.0,17.0,0.000292259,82119.0,24.0,0.00019001503003743627,0.0,0.0,6037.0,6.812677579414325e-13,6.1406e-05,4.0,65140.0,9.724275093038674e-05,0.0,0.0,1903.0,4.9734981776365925e-25,7.2894e-05,2.0,27437.0,5.340052284224511e-05
4.0,18.0,0.000584518,82119.0,48.0,0.00034781621802246177,0.001656452,10.0,6037.0,0.0006625808004087608,0.000153516,10.0,65140.0,0.00011975205055823204,0.001050972,2.0,1903.0,0.00042038880000000006,0.000291577,8.0,27437.0,0.00014867111370534707
4.0,19.0,0.000657582,82119.0,54.0,0.0004717225308134771,0.0006625810000000001,4.0,6037.0,0.0006625808802452565,0.00059871,39.0,65140.0,0.0003113352303349392,0.000525486,1.0,1903.0,0.00046242768000000006,0.000692496,19.0,27437.0,0.00036620106822320825
4.0,20.0,0.000304436,82119.0,25.0,0.00040480791848808624,0.0006625810000000001,4.0,6037.0,0.0006625809281471539,0.000982499,64.0,65140.0,0.0005798007382009635,0.0052548609999999996,10.0,1903.0,0.0023794010079999997,0.00153078,42.0,27437.0,0.000832032640933925
4.0,21.0,0.000328791,82119.0,27.0,0.0003744011510928517,0.000165645,1.0,6037.0,0.0004638065568882923,0.000936445,61.0,65140.0,0.0007224584429205781,0.001576458,3.0,1903.0,0.0020582238047999997,0.0018952510000000001,52.0,27437.0,0.001257319984560355
4.0,22.0,0.000998551,82119.0,82.0,0.0006240610906557111,0.000828226,5.0,6037.0,0.0006095743341329755,0.001335585,87.0,65140.0,0.0009677090657523469,0.000525486,1.0,1903.0,0.00144512868288,0.002113934,58.0,27437.0,0.001599965590736213
4.0,23.0,0.000876776,82119.0,72.0,0.0007251470543934267,0.000165645,1.0,6037.0,0.00043200260047978527,0.002333436,152.0,65140.0,0.001513999839451408,0.0,0.0,1903.0,0.0008670772097279999,0.001749462,48.0,27437.0,0.0016597641544417278
4.0,24.0,0.00071847,82119.0,59.0,0.000722476232636056,0.0006625810000000001,4.0,6037.0,0.0005242339602878712,0.003024255,197.0,65140.0,0.0021181019036708446,0.0,0.0,1903.0,0.0005202463258368,0.00102052,28.0,27437.0,0.0014040664926650366
4.0,25.0,0.00048709800000000004,82119.0,40.0,0.0006283249395816336,0.0,0.0,6037.0,0.00031454037617272267,0.000936445,61.0,65140.0,0.0016454391422025068,0.000525486,1.0,1903.0,0.00052234219550208,0.001093414,30.0,27437.0,0.001279805495599022
4.0,26.0,0.001643956,82119.0,135.0,0.0010345773637489802,0.0,0.0,6037.0,0.0001887242257036336,0.00108996,71.0,65140.0,0.0014232474853215042,0.000525486,1.0,1903.0,0.000523599717301248,0.0018952510000000001,52.0,27437.0,0.0015259836973594133
4.0,27.0,0.000560163,82119.0,46.0,0.0008448116182493881,0.00033129,2.0,6037.0,0.00024575053542218015,0.0005680069999999999,37.0,65140.0,0.0010811512911929025,0.0,0.0,1903.0,0.0003141598303807488,0.0008382839999999999,23.0,27437.0,0.001250903818415648
4.0,28.0,0.0015587139999999999,82119.0,128.0,0.0011303725709496328,0.000165645,1.0,6037.0,0.0002137083212533081,0.0007829289999999999,51.0,65140.0,0.0009618623747157415,0.0,0.0,1903.0,0.00018849589822844928,0.00040091800000000005,11.0,27437.0,0.0009109094910493888
4.0,29.0,0.001631778,82119.0,134.0,0.0013309347425697797,0.000165645,1.0,6037.0,0.00019448299275198484,0.000506601,33.0,65140.0,0.0007797578248294448,0.0,0.0,1903.0,0.00011309753893706956,0.0,0.0,27437.0,0.0005465456946296333
4.0,30.0,0.000998551,82119.0,82.0,0.001197981245541868,0.0,0.0,6037.0,0.0001166897956511909,0.000752226,49.0,65140.0,0.0007687450948976669,0.0,0.0,1903.0,6.785852336224174e-05,0.0,0.0,27437.0,0.00032792741677778
4.0,31.0,0.001266455,82119.0,104.0,0.001225370747325121,0.00033129,2.0,6037.0,0.00020252987739071454,0.000383789,25.0,65140.0,0.0006147626569386001,0.0,0.0,1903.0,4.0715114017345043e-05,0.00010934100000000001,3.0,27437.0,0.000240492850066668
4.0,32.0,0.001169035,82119.0,96.0,0.0012028364483950725,0.0,0.0,6037.0,0.00012151792643442872,0.000552656,36.0,65140.0,0.00058991999416316,0.0,0.0,1903.0,2.4429068410407025e-05,0.0,0.0,27437.0,0.0001442957100400008
4.0,33.0,0.000633227,82119.0,52.0,0.0009749926690370435,0.000165645,1.0,6037.0,0.00013916875586065722,0.000184219,12.0,65140.0,0.000427639596497896,0.0,0.0,1903.0,1.4657441046244215e-05,0.0,0.0,27437.0,8.657742602400047e-05
4.0,34.0,0.001071616,82119.0,88.0,0.0010136420014222262,0.0,0.0,6037.0,8.350125351639433e-05,0.000260976,17.0,65140.0,0.0003609741578987376,0.0,0.0,1903.0,8.794464627746529e-06,0.0,0.0,27437.0,5.194645561440028e-05
4.0,35.0,0.000913309,82119.0,75.0,0.0009735088008533358,0.0,0.0,6037.0,5.01007521098366e-05,0.000138164,9.0,65140.0,0.00027185009473924257,0.0,0.0,1903.0,5.2766787766479174e-06,0.00010934100000000001,3.0,27437.0,7.490427336864017e-05
4.0,36.0,0.000730647,82119.0,60.0,0.0008763640805120015,0.0,0.0,6037.0,3.006045126590196e-05,4.6055e-05,3.0,65140.0,0.00018153205684354553,0.0,0.0,1903.0,3.1660072659887503e-06,0.0,0.0,27437.0,4.49425640211841e-05
4.0,37.0,0.000365323,82119.0,30.0,0.0006719476483072009,0.0,0.0,6037.0,1.8036270759541176e-05,9.2109e-05,6.0,65140.0,0.0001457628341061273,0.0,0.0,1903.0,1.89960435959325e-06,7.2894e-05,2.0,27437.0,5.6123138412710456e-05
4.0,38.0,0.00024354900000000002,82119.0,20.0,0.0005005881889843205,0.0,0.0,6037.0,1.0821762455724705e-05,6.1406e-05,4.0,65140.0,0.00011202010046367639,0.0,0.0,1903.0,1.13976261575595e-06,0.0,0.0,27437.0,3.3673883047626274e-05
4.0,39.0,0.0,82119.0,0.0,0.0003003529133905923,0.0,0.0,6037.0,6.493057473434823e-06,7.6758e-05,5.0,65140.0,9.791526027820582e-05,0.0,0.0,1903.0,6.838575694535699e-07,0.0,0.0,27437.0,2.0204329828575762e-05
4.0,40.0,0.0,82119.0,0.0,0.00018021174803435538,0.0,0.0,6037.0,3.895834484060893e-06,0.0,0.0,65140.0,5.874915616692349e-05,0.0,0.0,1903.0,4.103145416721419e-07,0.0,0.0,27437.0,1.2122597897145458e-05
4.0,41.0,0.0,82119.0,0.0,0.00010812704882061322,0.0,0.0,6037.0,2.337500690436536e-06,0.0,0.0,65140.0,3.5249493700154096e-05,0.0,0.0,1903.0,2.4618872500328515e-07,0.0,0.0,27437.0,7.273558738287274e-06
4.0,42.0,0.0,82119.0,0.0,6.487622929236792e-05,0.0,0.0,6037.0,1.4025004142619216e-06,0.0,0.0,65140.0,2.1149696220092456e-05,0.0,0.0,1903.0,1.477132350019711e-07,0.0,0.0,27437.0,4.364135242972364e-06
4.0,43.0,0.0,82119.0,0.0,3.8925737575420754e-05,0.0,0.0,6037.0,8.415002485571529e-07,0.0,0.0,65140.0,1.2689817732055473e-05,0.0,0.0,1903.0,8.862794100118266e-08,0.0,0.0,27437.0,2.6184811457834183e-06
4.0,44.0,0.0,82119.0,0.0,2.335544254525245e-05,0.0,0.0,6037.0,5.049001491342917e-07,0.0,0.0,65140.0,7.6138906392332836e-06,0.0,0.0,1903.0,5.3176764600709597e-08,0.0,0.0,27437.0,1.571088687470051e-06
4.0,45.0,0.0,82119.0,0.0,1.4013265527151469e-05,0.0,0.0,6037.0,3.0294008948057504e-07,0.0,0.0,65140.0,4.56833438353997e-06,0.0,0.0,1903.0,3.1906058760425754e-08,0.0,0.0,27437.0,9.426532124820306e-07
4.0,46.0,0.0,82119.0,0.0,8.40795931629088e-06,0.0,0.0,6037.0,1.8176405368834502e-07,0.0,0.0,65140.0,2.741000630123982e-06,0.0,0.0,1903.0,1.914363525625545e-08,0.0,0.0,27437.0,5.655919274892184e-07
4.0,47.0,0.0,82119.0,0.0,5.0447755897745284e-06,0.0,0.0,6037.0,1.09058432213007e-07,0.0,0.0,65140.0,1.6446003780743892e-06,0.0,0.0,1903.0,1.148618115375327e-08,0.0,0.0,27437.0,3.39355156493531e-07
4.0,48.0,0.0,82119.0,0.0,3.026865353864717e-06,0.0,0.0,6037.0,6.54350593278042e-08,0.0,0.0,65140.0,9.867602268446335e-07,0.0,0.0,1903.0,6.891708692251961e-09,0.0,0.0,27437.0,2.036130938961186e-07
4.0,49.0,0.0,82119.0,0.0,1.81611921231883e-06,0.0,0.0,6037.0,3.9261035596682524e-08,0.0,0.0,65140.0,5.920561361067801e-07,0.0,0.0,1903.0,4.135025215351176e-09,0.0,0.0,27437.0,1.2216785633767116e-07
4.0,50.0,0.0,82119.0,0.0,1.089671527391298e-06,0.0,0.0,6037.0,2.3556621358009515e-08,0.0,0.0,65140.0,3.5523368166406806e-07,0.0,0.0,1903.0,2.4810151292107057e-09,0.0,0.0,27437.0,7.330071380260269e-08
4.0,51.0,0.0,82119.0,0.0,6.538029164347787e-07,0.0,0.0,6037.0,1.4133972814805708e-08,0.0,0.0,65140.0,2.1314020899844083e-07,0.0,0.0,1903.0,1.4886090775264234e-09,0.0,0.0,27437.0,4.398042828156161e-08
4.0,52.0,0.0,82119.0,0.0,3.9228174986086723e-07,0.0,0.0,6037.0,8.480383688883424e-09,0.0,0.0,65140.0,1.278841253990645e-07,0.0,0.0,1903.0,8.93165446515854e-10,0.0,0.0,27437.0,2.6388256968936966e-08
5.0,1.0,0.0,81991.0,0.0,2.3536904991652031e-07,0.0,0.0,6037.0,5.088230213330054e-09,0.0,0.0,65140.0,7.673047523943869e-08,0.0,0.0,1903.0,5.358992679095124e-10,0.0,0.0,27437.0,1.583295418136218e-08
5.0,2.0,0.0,81991.0,0.0,1.4122142994991218e-07,0.0,0.0,6018.0,3.0529381279980324e-09,0.0,0.0,65605.0,4.603828514366321e-08,0.0,0.0,1854.0,3.215395607457074e-10,0.0,0.0,27230.0,9.499772508817308e-09
5.0,3.0,0.0,81991.0,0.0,8.473285796994731e-08,0.0,0.0,6018.0,1.8317628767988194e-09,0.0,0.0,65605.0,2.7622971086197927e-08,0.0,0.0,1854.0,1.9292373644742445e-10,0.0,0.0,27230.0,5.699863505290384e-09
5.0,4.0,0.0,81991.0,0.0,5.083971478196838e-08,0.0,0.0,6018.0,1.0990577260792916e-09,0.0,0.0,65605.0,1.6573782651718757e-08,0.0,0.0,1854.0,1.1575424186845466e-10,0.0,0.0,27230.0,3.4199181031742305e-09
5.0,5.0,0.0,81991.0,0.0,3.050382886918103e-08,0.0,0.0,6018.0,6.594346356475749e-10,0.0,0.0,65605.0,9.944269591031254e-09,0.0,0.0,1854.0,6.945254512107279e-11,0.0,0.0,27230.0,2.051950861904538e-09
5.0,6.0,0.0,81991.0,0.0,1.8302297321508616e-08,0.0,0.0,6018.0,3.9566078138854494e-10,0.0,0.0,65605.0,5.966561754618752e-09,0.0,0.0,1854.0,4.167152707264367e-11,0.0,0.0,27230.0,1.2311705171427228e-09
5.0,7.0,0.0,81991.0,0.0,1.098137839290517e-08,0.0,0.0,6018.0,2.3739646883312694e-10,0.0,0.0,65605.0,3.5799370527712513e-09,0.0,0.0,1854.0,2.5002916243586202e-11,0.0,0.0,27230.0,7.387023102856336e-10
5.0,8.0,0.0,81991.0,0.0,6.588827035743102e-09,0.0,0.0,6018.0,1.4243788129987615e-10,0.0,0.0,65605.0,2.147962231662751e-09,0.0,0.0,1854.0,1.500174974615172e-11,0.0,0.0,27230.0,4.4322138617138015e-10
5.0,9.0,0.0,81991.0,0.0,3.953296221445861e-09,0.0,0.0,6018.0,8.546272877992569e-11,0.0,0.0,65605.0,1.2887773389976504e-09,0.0,0.0,1854.0,9.001049847691032e-12,0.0,0.0,27230.0,2.659328317028281e-10
5.0,10.0,0.0,81991.0,0.0,2.3719777328675166e-09,0.0,0.0,6018.0,5.127763726795541e-11,0.0,0.0,65605.0,7.732664033985902e-10,0.0,0.0,1854.0,5.400629908614619e-12,0.0,0.0,27230.0,1.5955969902169685e-10
5.0,11.0,0.0,81991.0,0.0,1.42318663972051e-09,0.0,0.0,6018.0,3.0766582360773246e-11,0.0,0.0,65605.0,4.639598420391541e-10,0.0,0.0,1854.0,3.2403779451687713e-12,0.0,0.0,27230.0,9.573581941301811e-11
5.0,12.0,0.0,81991.0,0.0,8.53911983832306e-10,0.0,0.0,6018.0,1.8459949416463948e-11,0.0,0.0,65605.0,2.7837590522349245e-10,0.0,0.0,1854.0,1.9442267671012627e-12,0.0,0.0,27230.0,5.7441491647810864e-11
5.0,13.0,0.0,81991.0,0.0,5.123471902993835e-10,0.0,0.0,6018.0,1.1075969649878368e-11,0.0,0.0,65605.0,1.6702554313409547e-10,0.0,0.0,1854.0,1.1665360602607576e-12,0.0,0.0,27230.0,3.446489498868652e-11
5.0,14.0,0.000109768,81991.0,9.0,4.3907507408314175e-05,0.0,0.0,6018.0,6.64558178992702e-12,0.0,0.0,65605.0,1.0021532588045729e-10,0.0,0.0,1854.0,6.999216361564546e-13,0.0,0.0,27230.0,2.067893699321191e-11
5.0,15.0,0.000146358,81991.0,12.0,8.48877044449885e-05,0.0,0.0,6018.0,3.987349073956212e-12,0.000121942,8.0,65605.0,4.877686012919553e-05,0.0,0.0,1854.0,4.199529816938727e-13,0.0,0.0,27230.0,1.2407362195927147e-11
5.0,16.0,0.00041468,81991.0,34.0,0.0002168046226669931,0.0,0.0,6018.0,2.392409444373727e-12,0.000274369,18.0,65605.0,0.00013901371607751733,0.0,0.0,1854.0,2.519717890163236e-13,0.0,0.0,27230.0,7.444417317556288e-12
5.0,17.0,0.00040248300000000003,81991.0,33.0,0.00029107597360019587,0.00033233599999999997,2.0,6018.0,0.00013293440143544567,0.000518253,34.0,65605.0,0.0002907094296465104,0.000539374,1.0,1854.0,0.0002157496001511831,0.00011017299999999999,3.0,27230.0,4.406920446665039e-05
5.0,18.0,0.000634216,81991.0,52.0,0.00042833198416011755,0.0,0.0,6018.0,7.97606408612674e-05,0.001402332,92.0,65605.0,0.0007353584577879063,0.000539374,1.0,1854.0,0.0003451993600907099,0.000146897,4.0,27230.0,8.520032267999024e-05
5.0,19.0,0.0005244480000000001,81991.0,43.0,0.00046677839049607053,0.001163177,7.0,6018.0,0.0005131271845167605,0.001249905,82.0,65605.0,0.0009411770746727438,0.000539374,1.0,1854.0,0.00042286921605442596,0.000514139,14.0,27230.0,0.00025677579360799415
5.0,20.0,0.00025612599999999997,81991.0,21.0,0.0003825174342976423,0.0,0.0,6018.0,0.0003078763107100563,0.00077738,51.0,65605.0,0.0008756582448036462,0.0,0.0,1854.0,0.00025372152963265554,0.000587587,16.0,27230.0,0.0003891002761647965
5.0,21.0,0.000353697,81991.0,29.0,0.00037098926057858536,0.0,0.0,6018.0,0.00018472578642603378,0.00050301,33.0,65605.0,0.0007265989468821876,0.001618123,3.0,1854.0,0.0007994821177795933,0.000624311,17.0,27230.0,0.00048318456569887793
5.0,22.0,0.000280519,81991.0,23.0,0.0003348011563471512,0.00016616799999999999,1.0,6018.0,0.00017730267185562027,0.00019815599999999998,13.0,65605.0,0.0005152217681293125,0.000539374,1.0,1854.0,0.0006954388706677559,0.000367242,10.0,27230.0,0.0004368075394193268
5.0,23.0,0.000109768,81991.0,9.0,0.0002447878938082907,0.00016616799999999999,1.0,6018.0,0.00017284880311337216,0.00019815599999999998,13.0,65605.0,0.0003883954608775875,0.0,0.0,1854.0,0.00041726332240065356,7.3448e-05,2.0,27230.0,0.0002914637236515961
5.0,24.0,7.3179e-05,81991.0,6.0,0.00017614433628497444,0.0,0.0,6018.0,0.0001037092818680233,0.000228641,15.0,65605.0,0.00032449367652655247,0.0,0.0,1854.0,0.0002503579934403921,0.0,0.0,27230.0,0.00017487823419095767
5.0,25.0,6.0982e-05,81991.0,5.0,0.00013007940177098466,0.00016616799999999999,1.0,6018.0,0.000128692769120814,7.6214e-05,5.0,65605.0,0.00022518180591593148,0.0,0.0,1854.0,0.00015021479606423525,3.6724e-05,1.0,27230.0,0.0001196165405145746
5.0,26.0,7.3179e-05,81991.0,6.0,0.0001073192410625908,0.0,0.0,6018.0,7.72156614724884e-05,6.0971e-05,4.0,65605.0,0.00015949748354955888,0.000539374,1.0,1854.0,0.0003058784776385412,0.0,0.0,27230.0,7.176992430874476e-05
5.0,27.0,3.6589e-05,81991.0,3.0,7.902714463755447e-05,0.00033233599999999997,2.0,6018.0,0.00017926379688349304,1.5243e-05,1.0,65605.0,0.00010179569012973532,0.0,0.0,1854.0,0.0001835270865831247,7.3448e-05,2.0,27230.0,7.244115458524686e-05
5.0,28.0,7.3179e-05,81991.0,6.0,7.668788678253268e-05,0.00016616799999999999,1.0,6018.0,0.0001740254781300958,7.6214e-05,5.0,65605.0,9.156301407784119e-05,0.000539374,1.0,1854.0,0.00032586585194987485,0.0,0.0,27230.0,4.3464692751148115e-05
5.0,29.0,4.8786000000000004e-05,81991.0,4.0,6.552713206951961e-05,0.00016616799999999999,1.0,6018.0,0.00017088248687805748,3.0485e-05,2.0,65605.0,6.713180844670471e-05,0.0,0.0,1854.0,0.0001955195111699249,7.3448e-05,2.0,27230.0,5.545801565068887e-05
5.0,30.0,2.4393000000000002e-05,81991.0,2.0,4.907347924171177e-05,0.00033233599999999997,2.0,6018.0,0.00023546389212683447,0.0,0.0,65605.0,4.027908506802283e-05,0.0,0.0,1854.0,0.00011731170670195493,3.6724e-05,1.0,27230.0,4.7964409390413324e-05
5.0,31.0,3.6589e-05,81991.0,3.0,4.407968754502706e-05,0.00016616799999999999,1.0,6018.0,0.0002077455352761007,1.5243e-05,1.0,65605.0,3.0264651040813697e-05,0.001078749,2.0,1854.0,0.000501886624021173,0.0,0.0,27230.0,2.8778645634247994e-05
5.0,32.0,0.0,81991.0,0.0,2.6447812527016233e-05,0.0,0.0,6018.0,0.00012464732116566042,1.5243e-05,1.0,65605.0,2.425599062448822e-05,0.0,0.0,1854.0,0.00030113197441270374,0.0,0.0,27230.0,1.7267187380548797e-05
5.0,33.0,2.4393000000000002e-05,81991.0,2.0,2.562588751620974e-05,0.0,0.0,6018.0,7.478839269939625e-05,1.5243e-05,1.0,65605.0,2.065079437469293e-05,0.000539374,1.0,1854.0,0.00039642878464762226,0.0,0.0,27230.0,1.0360312428329278e-05
5.0,34.0,0.0,81991.0,0.0,1.5375532509725843e-05,0.0,0.0,6018.0,4.487303561963775e-05,0.0,0.0,65605.0,1.2390476624815758e-05,0.0,0.0,1854.0,0.00023785727078857335,0.0,0.0,27230.0,6.216187456997567e-06
5.0,35.0,0.0,81991.0,0.0,9.225319505835506e-06,0.0,0.0,6018.0,2.6923821371782648e-05,0.0,0.0,65605.0,7.434285974889454e-06,0.0,0.0,1854.0,0.000142714362473144,0.0,0.0,27230.0,3.72971247419854e-06
5.0,36.0,0.0,81991.0,0.0,5.535191703501304e-06,0.0,0.0,6018.0,1.615429282306959e-05,1.5243e-05,1.0,65605.0,1.0557771584933672e-05,0.0,0.0,1854.0,8.56286174838864e-05,0.0,0.0,27230.0,2.2378274845191238e-06
5.0,37.0,1.2196e-05,81991.0,1.0,8.199515022100783e-06,0.0,0.0,6018.0,9.692575693841753e-06,0.0,0.0,65605.0,6.334662950960203e-06,0.000539374,1.0,1854.0,0.00026712677049033187,0.0,0.0,27230.0,1.3426964907114743e-06
5.0,38.0,2.4393000000000002e-05,81991.0,2.0,1.4676909013260472e-05,0.00016616799999999999,1.0,6018.0,7.228274541630505e-05,3.0485e-05,2.0,65605.0,1.599479777057612e-05,0.001618123,3.0,1854.0,0.0008075252622941991,0.0,0.0,27230.0,8.056178944268846e-07
5.0,39.0,2.4393000000000002e-05,81991.0,2.0,1.8563345407956284e-05,0.0,0.0,6018.0,4.336964724978303e-05,4.5728e-05,3.0,65605.0,2.7888078662345675e-05,0.0,0.0,1854.0,0.0004845151573765194,0.0,0.0,27230.0,4.833707366561307e-07
5.0,40.0,0.0,81991.0,0.0,1.113800724477377e-05,0.0,0.0,6018.0,2.6021788349869818e-05,1.5243e-05,1.0,65605.0,2.2830047197407403e-05,0.0,0.0,1854.0,0.00029070909442591164,0.0,0.0,27230.0,2.900224419936784e-07
5.0,41.0,0.0,81991.0,0.0,6.682804346864262e-06,0.0,0.0,6018.0,1.561307300992189e-05,0.0,0.0,65605.0,1.3698028318444442e-05,0.0,0.0,1854.0,0.00017442545665554698,0.0,0.0,27230.0,1.7401346519620703e-07
5.0,42.0,0.0,81991.0,0.0,4.009682608118557e-06,0.0,0.0,6018.0,9.367843805953135e-06,0.0,0.0,65605.0,8.218816991066665e-06,0.0,0.0,1854.0,0.00010465527399332818,0.0,0.0,27230.0,1.0440807911772421e-07
5.0,43.0,0.0,81991.0,0.0,2.4058095648711343e-06,0.0,0.0,6018.0,5.6207062835718805e-06,0.0,0.0,65605.0,4.931290194639999e-06,0.0,0.0,1854.0,6.27931643959969e-05,0.0,0.0,27230.0,6.264484747063452e-08
5.0,44.0,0.0,81991.0,0.0,1.4434857389226806e-06,0.0,0.0,6018.0,3.3724237701431284e-06,0.0,0.0,65605.0,2.9587741167839994e-06,0.0,0.0,1854.0,3.767589863759814e-05,0.0,0.0,27230.0,3.758690848238071e-08
5.0,45.0,0.0,81991.0,0.0,8.660914433536083e-07,0.0,0.0,6018.0,2.023454262085877e-06,0.0,0.0,65605.0,1.7752644700703995e-06,0.0,0.0,1854.0,2.2605539182558882e-05,0.0,0.0,27230.0,2.2552145089428427e-08
5.0,46.0,0.0,81991.0,0.0,5.19654866012165e-07,0.0,0.0,6018.0,1.214072557251526e-06,0.0,0.0,65605.0,1.0651586820422397e-06,0.0,0.0,1854.0,1.356332350953533e-05,0.0,0.0,27230.0,1.3531287053657055e-08
5.0,47.0,0.0,81991.0,0.0,3.1179291960729903e-07,0.0,0.0,6018.0,7.284435343509156e-07,0.0,0.0,65605.0,6.390952092253437e-07,0.0,0.0,1854.0,8.137994105721197e-06,0.0,0.0,27230.0,8.118772232194233e-09
5.0,48.0,0.0,81991.0,0.0,1.8707575176437942e-07,0.0,0.0,6018.0,4.3706612061054933e-07,0.0,0.0,65605.0,3.834571255352062e-07,0.0,0.0,1854.0,4.882796463432718e-06,0.0,0.0,27230.0,4.8712633393165395e-09
5.0,49.0,0.0,81991.0,0.0,1.1224545105862764e-07,0.0,0.0,6018.0,2.622396723663296e-07,0.0,0.0,65605.0,2.300742753211237e-07,0.0,0.0,1854.0,2.929677878059631e-06,0.0,0.0,27230.0,2.9227580035899235e-09
5.0,50.0,0.0,81991.0,0.0,6.734727063517659e-08,0.0,0.0,6018.0,1.5734380341979774e-07,0.0,0.0,65605.0,1.3804456519267421e-07,0.0,0.0,1854.0,1.7578067268357784e-06,0.0,0.0,27230.0,1.753654802153954e-09
5.0,51.0,0.0,81991.0,0.0,4.0408362381105954e-08,0.0,0.0,6018.0,9.440628205187865e-08,0.0,0.0,65605.0,8.282673911560452e-08,0.0,0.0,1854.0,1.054684036101467e-06,0.0,0.0,27230.0,1.0521928812923724e-09
5.0,52.0,0.0,81991.0,0.0,2.424501742866357e-08,0.0,0.0,6018.0,5.6643769231127184e-08,0.0,0.0,65605.0,4.9696043469362715e-08,0.0,0.0,1854.0,6.328104216608802e-07,0.0,0.0,27230.0,6.313157287754234e-10
6.0,1.0,0.0,81829.0,0.0,1.4547010457198141e-08,0.0,0.0,6018.0,3.398626153867631e-08,0.0,0.0,65605.0,2.981762608161763e-08,0.0,0.0,1854.0,3.796862529965281e-07,0.0,0.0,27230.0,3.78789437265254e-10
6.0,2.0,0.0,81829.0,0.0,8.728206274318884e-09,0.0,0.0,6050.0,2.0391756923205786e-08,0.0,0.0,66138.0,1.7890575648970576e-08,0.0,0.0,1819.0,2.2781175179791687e-07,0.0,0.0,26982.0,2.272736623591524e-10
6.0,3.0,0.0,81829.0,0.0,5.23692376459133e-09,0.0,0.0,6050.0,1.2235054153923471e-08,0.0,0.0,66138.0,1.0734345389382346e-08,0.0,0.0,1819.0,1.3668705107875012e-07,0.0,0.0,26982.0,1.3636419741549145e-10
6.0,4.0,0.0,81829.0,0.0,3.1421542587547978e-09,0.0,0.0,6050.0,7.341032492354082e-09,0.0,0.0,66138.0,6.4406072336294076e-09,0.0,0.0,1819.0,8.201223064725007e-08,0.0,0.0,26982.0,8.181851844929487e-11
6.0,5.0,0.0,81829.0,0.0,1.8852925552528787e-09,0.0,0.0,6050.0,4.4046194954124496e-09,0.0,0.0,66138.0,3.864364340177644e-09,0.0,0.0,1819.0,4.920733838835004e-08,0.0,0.0,26982.0,4.909111106957692e-11
6.0,6.0,1.2220999999999999e-05,81829.0,1.0,4.889531175533151e-06,0.0,0.0,6050.0,2.6427716972474697e-09,0.0,0.0,66138.0,2.3186186041065865e-09,0.0,0.0,1819.0,2.9524403033010025e-08,0.0,0.0,26982.0,2.945466664174615e-11
6.0,7.0,3.6661999999999996e-05,81829.0,3.0,1.759851870531989e-05,0.0,0.0,6050.0,1.5856630183484819e-09,0.0,0.0,66138.0,1.391171162463952e-09,0.0,0.0,1819.0,1.7714641819806014e-08,0.0,0.0,26982.0,1.767279998504769e-11
6.0,8.0,1.2220999999999999e-05,81829.0,1.0,1.5447511223191932e-05,0.0,0.0,6050.0,9.51397811009089e-10,0.0,0.0,66138.0,8.347026974783711e-10,0.0,0.0,1819.0,1.0628785091883608e-08,0.0,0.0,26982.0,1.0603679991028613e-11
6.0,9.0,7.332399999999999e-05,81829.0,6.0,3.8598106733915155e-05,0.0,0.0,6050.0,5.708386866054533e-10,0.0,0.0,66138.0,5.008216184870227e-10,0.0,0.0,1819.0,6.377271055130164e-09,0.0,0.0,26982.0,6.362207994617168e-12
6.0,10.0,6.1103e-05,81829.0,5.0,4.760006404034909e-05,0.0,0.0,6050.0,3.42503211963272e-10,1.512e-05,1.0,66138.0,6.048300492971093e-06,0.0,0.0,1819.0,3.826362633078099e-09,0.0,0.0,26982.0,3.8173247967703004e-12
6.0,11.0,0.0,81829.0,0.0,2.8560038424209453e-05,0.00016528900000000002,1.0,6050.0,6.611580550192719e-05,1.512e-05,1.0,66138.0,9.676980295782656e-06,0.0,0.0,1819.0,2.295817579846859e-09,3.7062e-05,1.0,26982.0,1.482480229039488e-05
6.0,12.0,2.4441e-05,81829.0,2.0,2.6912423054525672e-05,0.0,0.0,6050.0,3.9669483301156314e-05,0.0,0.0,66138.0,5.8061881774695936e-06,0.0,0.0,1819.0,1.3774905479081154e-09,0.0,0.0,26982.0,8.894881374236927e-06
6.0,13.0,2.4441e-05,81829.0,2.0,2.5923853832715403e-05,0.0,0.0,6050.0,2.3801689980693787e-05,3.024e-05,2.0,66138.0,1.5579712906481757e-05,0.0,0.0,1819.0,8.264943287448692e-10,0.0,0.0,26982.0,5.336928824542156e-06
6.0,14.0,3.6661999999999996e-05,81829.0,3.0,3.021911229962924e-05,0.0,0.0,6050.0,1.4281013988416271e-05,0.0,0.0,66138.0,9.347827743889053e-06,0.000549753,1.0,1819.0,0.00021990169589659729,3.7062e-05,1.0,26982.0,1.8026957294725295e-05
6.0,15.0,0.000134427,81829.0,11.0,7.190226737977754e-05,0.0,0.0,6050.0,8.568608393049762e-06,3.024e-05,2.0,66138.0,1.7704696646333433e-05,0.001099505,2.0,1819.0,0.0005717430175379584,3.7062e-05,1.0,26982.0,2.5640974376835176e-05
6.0,16.0,0.00040328,81829.0,33.0,0.00020445336042786654,0.000495868,3.0,6050.0,0.00020348836503582987,4.536e-05,3.0,66138.0,2.8766817987800062e-05,0.004947774,9.0,1819.0,0.0023221554105227753,7.412300000000001e-05,2.0,26982.0,4.503378462610111e-05
6.0,17.0,0.0007332360000000001,81829.0,60.0,0.00041596641625672,0.000330579,2.0,6050.0,0.0002543246190214979,6.048e-05,4.0,66138.0,4.145209079268004e-05,0.00219901,4.0,1819.0,0.002272897246313665,3.7062e-05,1.0,26982.0,4.184507077566067e-05
6.0,18.0,0.000574369,81829.0,47.0,0.000479327449754032,0.00214876,13.0,6050.0,0.0010120987714128987,0.00042335699999999997,28.0,66138.0,0.00019421405447560803,0.000549753,1.0,1819.0,0.001583639547788199,7.412300000000001e-05,2.0,26982.0,5.475624246539641e-05
6.0,19.0,0.000415501,81829.0,34.0,0.0004537968698524192,0.0008264460000000001,5.0,6050.0,0.0009378376628477393,0.000892074,59.0,66138.0,0.00047335803268536483,0.0,0.0,1819.0,0.0009501837286729194,0.000185309,5.0,26982.0,0.00010697734547923784
6.0,20.0,0.000476604,81829.0,39.0,0.0004629197219114515,0.000661157,4.0,6050.0,0.0008271653977086435,0.001723669,114.0,66138.0,0.0009734824196112189,0.001099505,2.0,1819.0,0.0010099122372037516,3.7062e-05,1.0,26982.0,7.901120728754271e-05
6.0,21.0,0.00036661800000000003,81829.0,30.0,0.00042439903314687094,0.000991736,6.0,6050.0,0.0008929936386251861,0.0010735130000000001,71.0,66138.0,0.0010134946517667315,0.001099505,2.0,1819.0,0.001045749342322251,0.00025943200000000003,7.0,26982.0,0.00015117952437252564
6.0,22.0,0.00023219200000000002,81829.0,19.0,0.00034751621988812255,0.0008264460000000001,5.0,6050.0,0.0008663745831751118,0.001436391,95.0,66138.0,0.001182653191060039,0.001099505,2.0,1819.0,0.0010672516053933504,0.00044474099999999996,12.0,26982.0,0.0002686041146235154
6.0,23.0,0.000293295,81829.0,24.0,0.0003258277319328735,0.000991736,6.0,6050.0,0.0009165191499050671,0.0010735130000000001,71.0,66138.0,0.0011389971146360234,0.0,0.0,1819.0,0.0006403509632360102,0.000111185,3.0,26982.0,0.00020563646877410925
6.0,24.0,0.00020775,81829.0,17.0,0.00027859663915972416,0.000330579,2.0,6050.0,0.0006821430899430402,0.0,0.0,66138.0,0.000683398268781614,0.000549753,1.0,1819.0,0.0006041117779416062,0.000148247,4.0,26982.0,0.00018268068126446556
6.0,25.0,9.7765e-05,81829.0,8.0,0.0002062639834958345,0.000330579,2.0,6050.0,0.0005415174539658242,0.000317518,21.0,66138.0,0.0005370461612689683,0.0,0.0,1819.0,0.00036246706676496367,0.000704173,19.0,26982.0,0.00039127760875867936
6.0,26.0,7.332399999999999e-05,81829.0,6.0,0.0001530879900975007,0.000330579,2.0,6050.0,0.0004571420723794945,0.000181439,12.0,66138.0,0.000394803296761381,0.0,0.0,1819.0,0.0002174802400589782,0.00025943200000000003,7.0,26982.0,0.0003385393652552076
6.0,27.0,0.0,81829.0,0.0,9.185279405850042e-05,0.000661157,4.0,6050.0,0.0005387480434276967,0.000105839,7.0,66138.0,0.0002792175780568286,0.0,0.0,1819.0,0.00013048814403538692,7.412300000000001e-05,2.0,26982.0,0.00023277281915312458
6.0,28.0,9.7765e-05,81829.0,8.0,9.421767643510024e-05,0.000495868,3.0,6050.0,0.0005215960260566181,0.00021167900000000002,14.0,66138.0,0.00025220214683409716,0.0,0.0,1819.0,7.829288642123215e-05,0.000185309,5.0,26982.0,0.00021378729149187475
6.0,29.0,1.2220999999999999e-05,81829.0,1.0,6.141900586106015e-05,0.000991736,6.0,6050.0,0.0007096520156339709,0.00046871699999999995,31.0,66138.0,0.00033880808810045826,0.0,0.0,1819.0,4.697573185273929e-05,0.00025943200000000003,7.0,26982.0,0.00023204517489512486
6.0,30.0,3.6661999999999996e-05,81829.0,3.0,5.151620351663609e-05,0.0,0.0,6050.0,0.0004257912093803825,0.00042335699999999997,28.0,66138.0,0.00037262765286027495,0.0,0.0,1819.0,2.8185439111643574e-05,0.000148247,4.0,26982.0,0.00019852590493707491
6.0,31.0,3.6661999999999996e-05,81829.0,3.0,4.5574522109981654e-05,0.00016528900000000002,1.0,6050.0,0.00032159032562822953,0.000317518,21.0,66138.0,0.00035058379171616497,0.0,0.0,1819.0,1.6911263466986144e-05,3.7062e-05,1.0,26982.0,0.00013394034296224496
6.0,32.0,6.1103e-05,81829.0,5.0,5.178591326598899e-05,0.000330579,2.0,6050.0,0.0003251857953769377,0.000272158,18.0,66138.0,0.000319213475029699,0.0,0.0,1819.0,1.0146758080191686e-05,0.0,0.0,26982.0,8.036420577734698e-05
6.0,33.0,7.332399999999999e-05,81829.0,6.0,6.040114795959339e-05,0.00016528900000000002,1.0,6050.0,0.0002612270772261626,0.000257038,17.0,66138.0,0.00029434328501781943,0.0,0.0,1819.0,6.088054848115012e-06,0.0,0.0,26982.0,4.8218523466408185e-05
6.0,34.0,0.0,81829.0,0.0,3.6240688775756033e-05,0.000330579,2.0,6050.0,0.00028896784633569754,0.000272158,18.0,66138.0,0.00028546917101069166,0.0,0.0,1819.0,3.652832908869007e-06,0.0,0.0,26982.0,2.893111407984491e-05
6.0,35.0,0.0,81829.0,0.0,2.174441326545362e-05,0.00016528900000000002,1.0,6050.0,0.00023949630780141853,0.000105839,7.0,66138.0,0.000213617102606415,0.0,0.0,1819.0,2.191699745321404e-06,0.000185309,5.0,26982.0,9.148226844790696e-05
6.0,36.0,6.1103e-05,81829.0,5.0,3.748784795927218e-05,0.0,0.0,6050.0,0.00014369778468085112,0.00022679900000000002,15.0,66138.0,0.00021888986156384902,0.0,0.0,1819.0,1.3150198471928423e-06,0.0,0.0,26982.0,5.4889361068744174e-05
6.0,37.0,1.2220999999999999e-05,81829.0,1.0,2.7381108775563305e-05,0.0,0.0,6050.0,8.621867080851066e-05,0.000151199,10.0,66138.0,0.00019181351693830942,0.000549753,1.0,1819.0,0.00022069021190831574,3.7062e-05,1.0,26982.0,4.775841664124651e-05
6.0,38.0,0.0,81829.0,0.0,1.6428665265337982e-05,0.000330579,2.0,6050.0,0.00018396280248510639,0.000136079,9.0,66138.0,0.00016951971016298566,0.0,0.0,1819.0,0.00013241412714498944,3.7062e-05,1.0,26982.0,4.3479849984747905e-05
6.0,39.0,3.6661999999999996e-05,81829.0,3.0,2.4521999159202787e-05,0.0,0.0,6050.0,0.00011037768149106382,0.000105839,7.0,66138.0,0.0001440474260977914,0.0,0.0,1819.0,7.944847628699367e-05,0.0,0.0,26982.0,2.6087909990848743e-05
6.0,40.0,0.0,81829.0,0.0,1.4713199495521671e-05,0.0,0.0,6050.0,6.62266088946383e-05,4.536e-05,3.0,66138.0,0.00010457245565867484,0.0,0.0,1819.0,4.76690857721962e-05,3.7062e-05,1.0,26982.0,3.0477545994509244e-05
6.0,41.0,0.0,81829.0,0.0,8.827919697313002e-06,0.0,0.0,6050.0,3.9735965336782974e-05,0.0,0.0,66138.0,6.27434733952049e-05,0.0,0.0,1819.0,2.8601451463317718e-05,0.0,0.0,26982.0,1.8286527596705545e-05
6.0,42.0,0.0,81829.0,0.0,5.296751818387801e-06,0.0,0.0,6050.0,2.3841579202069784e-05,0.0,0.0,66138.0,3.764608403712294e-05,0.0,0.0,1819.0,1.716087087799063e-05,0.0,0.0,26982.0,1.0971916558023327e-05
6.0,43.0,0.0,81829.0,0.0,3.1780510910326805e-06,0.0,0.0,6050.0,1.430494752124187e-05,0.0,0.0,66138.0,2.2587650422273765e-05,0.0,0.0,1819.0,1.0296522526794378e-05,0.0,0.0,26982.0,6.583149934813996e-06
6.0,44.0,0.0,81829.0,0.0,1.9068306546196081e-06,0.0,0.0,6050.0,8.582968512745121e-06,0.0,0.0,66138.0,1.3552590253364259e-05,0.0,0.0,1819.0,6.177913516076627e-06,0.0,0.0,26982.0,3.949889960888397e-06
6.0,45.0,0.0,81829.0,0.0,1.1440983927717648e-06,0.0,0.0,6050.0,5.149781107647073e-06,0.0,0.0,66138.0,8.131554152018554e-06,0.0,0.0,1819.0,3.706748109645976e-06,0.0,0.0,26982.0,2.3699339765330382e-06
6.0,46.0,0.0,81829.0,0.0,6.864590356630588e-07,0.0,0.0,6050.0,3.0898686645882433e-06,0.0,0.0,66138.0,4.8789324912111325e-06,0.0,0.0,1819.0,2.2240488657875856e-06,0.0,0.0,26982.0,1.4219603859198228e-06
6.0,47.0,0.0,81829.0,0.0,4.118754213978353e-07,0.0,0.0,6050.0,1.853921198752946e-06,0.0,0.0,66138.0,2.9273594947266792e-06,0.0,0.0,1819.0,1.3344293194725512e-06,0.0,0.0,26982.0,8.531762315518936e-07
6.0,48.0,0.0,81829.0,0.0,2.4712525283870116e-07,0.0,0.0,6050.0,1.1123527192517675e-06,0.0,0.0,66138.0,1.7564156968360075e-06,0.0,0.0,1819.0,8.006575916835307e-07,0.0,0.0,26982.0,5.119057389311362e-07
6.0,49.0,0.0,81829.0,0.0,1.482751517032207e-07,0.0,0.0,6050.0,6.674116315510605e-07,0.0,0.0,66138.0,1.0538494181016044e-06,0.0,0.0,1819.0,4.803945550101184e-07,0.0,0.0,26982.0,3.071434433586817e-07
6.0,50.0,0.0,81829.0,0.0,8.896509102193241e-08,0.0,0.0,6050.0,4.004469789306363e-07,0.0,0.0,66138.0,6.323096508609626e-07,0.0,0.0,1819.0,2.88236733006071e-07,0.0,0.0,26982.0,1.8428606601520902e-07
6.0,51.0,0.0,81829.0,0.0,5.337905461315944e-08,0.0,0.0,6050.0,2.4026818735838177e-07,0.0,0.0,66138.0,3.793857905165776e-07,0.0,0.0,1819.0,1.729420398036426e-07,0.0,0.0,26982.0,1.1057163960912541e-07
6.0,52.0,0.0,81829.0,0.0,3.202743276789566e-08,0.0,0.0,6050.0,1.4416091241502906e-07,0.0,0.0,66138.0,2.2763147430994654e-07,0.0,0.0,1819.0,1.0376522388218556e-07,0.0,0.0,26982.0,6.634298376547525e-08
7.0,1.0,0.0,81488.0,0.0,1.9216459660737397e-08,0.0,0.0,6050.0,8.649654744901743e-08,0.0,0.0,66138.0,1.3657888458596791e-07,0.0,0.0,1819.0,6.225913432931133e-08,0.0,0.0,26982.0,3.980579025928515e-08
7.0,2.0,0.0,81488.0,0.0,1.1529875796442438e-08,0.0,0.0,6012.0,5.1897928469410455e-08,0.0,0.0,66792.0,8.194733075158074e-08,0.0,0.0,1842.0,3.73554805975868e-08,0.0,0.0,27103.0,2.388347415557109e-08
7.0,3.0,1.2272e-05,81488.0,1.0,4.915717925477865e-06,0.0,0.0,6012.0,3.113875708164627e-08,0.0,0.0,66792.0,4.9168398450948445e-08,0.0,0.0,1842.0,2.241328835855208e-08,0.0,0.0,27103.0,1.4330084493342652e-08
7.0,4.0,0.0,81488.0,0.0,2.9494307552867193e-06,0.0,0.0,6012.0,1.868325424898776e-08,2.9944e-05,2.0,66792.0,1.2007101039070569e-05,0.0,0.0,1842.0,1.3447973015131248e-08,0.0,0.0,27103.0,8.598050696005591e-09
7.0,5.0,0.0,81488.0,0.0,1.7696584531720315e-06,0.0,0.0,6012.0,1.1209952549392656e-08,1.4972e-05,1.0,66792.0,1.3193060623442341e-05,0.0,0.0,1842.0,8.068783809078749e-09,0.0,0.0,27103.0,5.1588304176033545e-09
7.0,6.0,0.0,81488.0,0.0,1.061795071903219e-06,0.0,0.0,6012.0,6.725971529635593e-09,1.4972e-05,1.0,66792.0,1.3904636374065403e-05,0.0,0.0,1842.0,4.841270285447249e-09,0.0,0.0,27103.0,3.0952982505620127e-09
7.0,7.0,0.0,81488.0,0.0,6.370770431419313e-07,0.0,0.0,6012.0,4.035582917781356e-09,0.0,0.0,66792.0,8.342781824439242e-06,0.0,0.0,1842.0,2.9047621712683493e-09,0.0,0.0,27103.0,1.8571789503372075e-09
7.0,8.0,0.0,81488.0,0.0,3.822462258851588e-07,0.0,0.0,6012.0,2.421349750668813e-09,1.4972e-05,1.0,66792.0,1.0994469094663545e-05,0.0,0.0,1842.0,1.7428573027610094e-09,0.0,0.0,27103.0,1.1143073702023244e-09
7.0,9.0,0.0,81488.0,0.0,2.2934773553109526e-07,0.0,0.0,6012.0,1.4528098504012879e-09,0.0,0.0,66792.0,6.5966814567981265e-06,0.0,0.0,1842.0,1.0457143816566055e-09,0.0,0.0,27103.0,6.685844221213946e-10
7.0,10.0,0.0,81488.0,0.0,1.3760864131865715e-07,0.0,0.0,6012.0,8.716859102407727e-10,0.0,0.0,66792.0,3.9580088740788756e-06,0.0,0.0,1842.0,6.274286289939633e-10,0.0,0.0,27103.0,4.011506532728367e-10
7.0,11.0,0.0,81488.0,0.0,8.256518479119429e-08,0.0,0.0,6012.0,5.230115461444636e-10,0.0,0.0,66792.0,2.3748053244473252e-06,0.0,0.0,1842.0,3.7645717739637795e-10,0.0,0.0,27103.0,2.40690391963702e-10
7.0,12.0,0.0,81488.0,0.0,4.953911087471657e-08,0.0,0.0,6012.0,3.1380692768667816e-10,0.0,0.0,66792.0,1.424883194668395e-06,0.0,0.0,1842.0,2.2587430643782676e-10,0.0,0.0,27103.0,1.444142351782212e-10
7.0,13.0,0.0,81488.0,0.0,2.9723466524829943e-08,0.0,0.0,6012.0,1.8828415661200689e-10,0.0,0.0,66792.0,8.54929916801037e-07,0.0,0.0,1842.0,1.3552458386269606e-10,0.0,0.0,27103.0,8.664854110693271e-11
7.0,14.0,0.0,81488.0,0.0,1.7834079914897966e-08,0.0,0.0,6012.0,1.1297049396720412e-10,0.0,0.0,66792.0,5.129579500806222e-07,0.0,0.0,1842.0,8.131475031761764e-11,0.0,0.0,27103.0,5.198912466415962e-11
7.0,15.0,0.0,81488.0,0.0,1.070044794893878e-08,0.0,0.0,6012.0,6.778229638032248e-11,0.0,0.0,66792.0,3.077747700483733e-07,0.0,0.0,1842.0,4.878885019057058e-11,0.0,0.0,27103.0,3.119347479849577e-11
7.0,16.0,0.0,81488.0,0.0,6.420268769363268e-09,0.0,0.0,6012.0,4.0669377828193485e-11,0.0,0.0,66792.0,1.8466486202902398e-07,0.0,0.0,1842.0,2.927331011434235e-11,0.0,0.0,27103.0,1.8716084879097462e-11
7.0,17.0,0.0,81488.0,0.0,3.852161261617961e-09,0.0,0.0,6012.0,2.440162669691609e-11,1.4972e-05,1.0,66792.0,6.099598917217415e-06,0.0,0.0,1842.0,1.756398606860541e-11,0.0,0.0,27103.0,1.1229650927458477e-11
7.0,18.0,0.0,81488.0,0.0,2.311296756970776e-09,0.0,0.0,6012.0,1.4640976018149653e-11,0.0,0.0,66792.0,3.659759350330449e-06,0.0,0.0,1842.0,1.0538391641163244e-11,0.0,0.0,27103.0,6.737790556475086e-12
7.0,19.0,0.0,81488.0,0.0,1.3867780541824657e-09,0.0,0.0,6012.0,8.784585610889791e-12,0.0,0.0,66792.0,2.1958556101982694e-06,0.0,0.0,1842.0,6.323034984697947e-12,0.0,0.0,27103.0,4.042674333885051e-12
7.0,20.0,1.2272e-05,81488.0,1.0,4.90963206683251e-06,0.0,0.0,6012.0,5.270751366533874e-12,0.0,0.0,66792.0,1.3175133661189616e-06,0.0,0.0,1842.0,3.793820990818768e-12,0.0,0.0,27103.0,2.425604600331031e-12
7.0,21.0,0.0,81488.0,0.0,2.945779240099506e-06,0.0,0.0,6012.0,3.1624508199203244e-12,1.4972e-05,1.0,66792.0,6.779308019671377e-06,0.0,0.0,1842.0,2.2762925944912607e-12,0.0,0.0,27103.0,1.4553627601986185e-12
7.0,22.0,1.2272e-05,81488.0,1.0,6.676267544059704e-06,0.0,0.0,6012.0,1.8974704919521945e-12,5.9887e-05,4.0,66792.0,2.8022384811802825e-05,0.0,0.0,1842.0,1.3657755566947563e-12,0.0,0.0,27103.0,8.73217656119171e-13
7.0,23.0,8.5902e-05,81488.0,7.0,3.8366560526435825e-05,0.0,0.0,6012.0,1.1384822951713167e-12,0.000134747,9.0,66792.0,7.071223088708171e-05,0.0,0.0,1842.0,8.194653340168538e-13,0.0,0.0,27103.0,5.239305936715026e-13
7.0,24.0,0.000122717,81488.0,10.0,7.210673631586149e-05,0.0,0.0,6012.0,6.830893771027901e-13,0.000194634,13.0,66792.0,0.00012028093853224902,0.0,0.0,1842.0,4.916792004101123e-13,0.0,0.0,27103.0,3.1435835620290154e-13
7.0,25.0,7.363e-05,81488.0,6.0,7.27160417895169e-05,0.0,0.0,6012.0,4.0985362626167403e-13,0.00034435300000000004,23.0,66792.0,0.00020990976311934944,0.0,0.0,1842.0,2.9500752024606736e-13,0.0,0.0,27103.0,1.8861501372174092e-13
7.0,26.0,0.00018407599999999998,81488.0,15.0,0.00011726002507371014,0.0,0.0,6012.0,2.459121757570044e-13,0.000389268,26.0,66792.0,0.00028165305787160967,0.0,0.0,1842.0,1.770045121476404e-13,3.6896e-05,1.0,27103.0,1.4758400113169008e-05
7.0,27.0,0.00049087,81488.0,40.0,0.0002667040150442261,0.0,0.0,6012.0,1.4754730545420264e-13,0.000389268,26.0,66792.0,0.00032469903472296584,0.0,0.0,1842.0,1.0620270728858424e-13,0.000147585,4.0,27103.0,6.78890400679014e-05
7.0,28.0,0.0005031419999999999,81488.0,41.0,0.0003612792090265356,0.00033266800000000005,2.0,6012.0,0.0001330672000885284,0.000658762,44.0,66792.0,0.0004583242208337795,0.0,0.0,1842.0,6.372162437315055e-14,7.3793e-05,2.0,27103.0,7.025062404074085e-05
7.0,29.0,0.000552229,81488.0,45.0,0.0004376591254159214,0.00016633400000000002,1.0,6012.0,0.00014637392005311707,0.001317523,88.0,66792.0,0.0008020037325002677,0.0,0.0,1842.0,3.823297462389033e-14,0.00033206699999999996,9.0,27103.0,0.0001749771744244445
7.0,30.0,0.0007117610000000001,81488.0,58.0,0.000547299875249553,0.000998004,6.0,6012.0,0.0004870259520318703,0.001302551,87.0,66792.0,0.0010022226395001608,0.0,0.0,1842.0,2.2939784774334198e-14,0.00047965199999999995,13.0,27103.0,0.0002968471046546667
7.0,31.0,0.000527685,81488.0,43.0,0.0005394539251497318,0.001996008,12.0,6012.0,0.0010906187712191222,0.001152833,77.0,66792.0,0.0010624667837000965,0.001085776,2.0,1842.0,0.00043431040001376395,0.00033206699999999996,9.0,27103.0,0.00031093506279279996
7.0,32.0,0.000454055,81488.0,37.0,0.0005052943550898391,0.000499002,3.0,6012.0,0.0008539720627314734,0.001063002,71.0,66792.0,0.0010626808702200578,0.000542888,1.0,1842.0,0.0004777414400082584,0.000258274,7.0,27103.0,0.00028987063767567996
7.0,33.0,0.00028225,81488.0,23.0,0.00041607661305390346,0.0006653360000000001,4.0,6012.0,0.000778517637638884,0.000509043,34.0,66792.0,0.0008412257221320346,0.0,0.0,1842.0,0.00028664486400495505,7.3793e-05,2.0,27103.0,0.00020343958260540796
7.0,34.0,0.00020862,81488.0,17.0,0.00033309396783234206,0.00016633400000000002,1.0,6012.0,0.0005336441825833304,0.000254521,17.0,66792.0,0.0006065438332792208,0.000542888,1.0,1842.0,0.00038914211840297306,0.0,0.0,27103.0,0.00012206374956324477
7.0,35.0,0.000159533,81488.0,13.0,0.00026366958069940524,0.000499002,3.0,6012.0,0.0005197873095499983,7.4859e-05,5.0,66792.0,0.00039386989996753244,0.0,0.0,1842.0,0.00023348527104178382,0.000147585,4.0,27103.0,0.00013227224973794686
7.0,36.0,0.000159533,81488.0,13.0,0.00022201494841964315,0.00033266800000000005,2.0,6012.0,0.000444939585729999,0.00010480299999999999,7.0,66792.0,0.00027824313998051943,0.0,0.0,1842.0,0.0001400911626250703,7.3793e-05,2.0,27103.0,0.0001088805498427681
7.0,37.0,2.4543000000000002e-05,81488.0,2.0,0.0001430261690517859,0.00016633400000000002,1.0,6012.0,0.0003334973514379994,2.9944e-05,2.0,66792.0,0.00017892348398831166,0.0,0.0,1842.0,8.405469757504217e-05,7.3793e-05,2.0,27103.0,9.484552990566086e-05
7.0,38.0,1.2272e-05,81488.0,1.0,9.072450143107154e-05,0.0,0.0,6012.0,0.00020009841086279963,0.0,0.0,66792.0,0.00010735409039298699,0.0,0.0,1842.0,5.04328185450253e-05,0.0,0.0,27103.0,5.6907317943396514e-05
7.0,39.0,0.0,81488.0,0.0,5.4434700858642925e-05,0.0,0.0,6012.0,0.00012005904651767977,0.0,0.0,66792.0,6.441245423579219e-05,0.000542888,1.0,1842.0,0.0002474148911270152,0.0,0.0,27103.0,3.4144390766037906e-05
7.0,40.0,0.0,81488.0,0.0,3.266082051518575e-05,0.0,0.0,6012.0,7.203542791060786e-05,0.0,0.0,66792.0,3.8647472541475314e-05,0.000542888,1.0,1842.0,0.00036560413467620915,0.0,0.0,27103.0,2.048663445962274e-05
7.0,41.0,0.0,81488.0,0.0,1.959649230911145e-05,0.0,0.0,6012.0,4.322125674636472e-05,0.0,0.0,66792.0,2.318848352488519e-05,0.0,0.0,1842.0,0.0002193624808057255,0.0,0.0,27103.0,1.2291980675773645e-05
7.0,42.0,0.0,81488.0,0.0,1.1757895385466869e-05,0.0,0.0,6012.0,2.5932754047818833e-05,0.0,0.0,66792.0,1.3913090114931112e-05,0.0,0.0,1842.0,0.00013161748848343528,0.0,0.0,27103.0,7.375188405464186e-06
7.0,43.0,0.0,81488.0,0.0,7.054737231280121e-06,0.0,0.0,6012.0,1.5559652428691298e-05,0.0,0.0,66792.0,8.347854068958668e-06,0.0,0.0,1842.0,7.897049309006117e-05,0.0,0.0,27103.0,4.425113043278511e-06
7.0,44.0,0.0,81488.0,0.0,4.232842338768072e-06,0.0,0.0,6012.0,9.335791457214778e-06,0.0,0.0,66792.0,5.008712441375201e-06,0.0,0.0,1842.0,4.73822958540367e-05,0.0,0.0,27103.0,2.655067825967107e-06
7.0,45.0,0.0,81488.0,0.0,2.539705403260843e-06,0.0,0.0,6012.0,5.601474874328867e-06,0.0,0.0,66792.0,3.0052274648251203e-06,0.0,0.0,1842.0,2.8429377512422017e-05,0.0,0.0,27103.0,1.5930406955802641e-06
7.0,46.0,0.0,81488.0,0.0,1.5238232419565059e-06,0.0,0.0,6012.0,3.3608849245973203e-06,0.0,0.0,66792.0,1.8031364788950721e-06,0.0,0.0,1842.0,1.705762650745321e-05,0.0,0.0,27103.0,9.558244173481585e-07
7.0,47.0,0.0,81488.0,0.0,9.142939451739035e-07,0.0,0.0,6012.0,2.016530954758392e-06,0.0,0.0,66792.0,1.0818818873370433e-06,0.0,0.0,1842.0,1.0234575904471925e-05,0.0,0.0,27103.0,5.734946504088951e-07
7.0,48.0,0.0,81488.0,0.0,5.485763671043421e-07,0.0,0.0,6012.0,1.2099185728550352e-06,0.0,0.0,66792.0,6.49129132402226e-07,0.0,0.0,1842.0,6.140745542683155e-06,0.0,0.0,27103.0,3.44096790245337e-07
7.0,49.0,0.0,81488.0,0.0,3.291458202626053e-07,0.0,0.0,6012.0,7.25951143713021e-07,0.0,0.0,66792.0,3.8947747944133554e-07,0.0,0.0,1842.0,3.684447325609893e-06,0.0,0.0,27103.0,2.0645807414720221e-07
7.0,50.0,0.0,81488.0,0.0,1.9748749215756317e-07,0.0,0.0,6012.0,4.355706862278126e-07,0.0,0.0,66792.0,2.336864876648013e-07,0.0,0.0,1842.0,2.2106683953659357e-06,0.0,0.0,27103.0,1.2387484448832133e-07
7.0,51.0,0.0,81488.0,0.0,1.184924952945379e-07,0.0,0.0,6012.0,2.613424117366876e-07,0.0,0.0,66792.0,1.402118925988808e-07,0.0,0.0,1842.0,1.3264010372195613e-06,0.0,0.0,27103.0,7.43249066929928e-08
7.0,52.0,0.0,81488.0,0.0,7.109549717672274e-08,0.0,0.0,6012.0,1.5680544704201253e-07,0.0,0.0,66792.0,8.412713555932848e-08,0.0,0.0,1842.0,7.958406223317368e-07,0.0,0.0,27103.0,4.4594944015795674e-08
8.0,1.0,0.0,81654.0,0.0,4.265729830603364e-08,0.0,0.0,6012.0,9.408326822520752e-08,0.0,0.0,66792.0,5.047628133559708e-08,0.0,0.0,1842.0,4.775043733990421e-07,0.0,0.0,27103.0,2.6756966409477404e-08
8.0,2.0,0.0,81654.0,0.0,2.5594378983620182e-08,0.0,0.0,6085.0,5.644996093512451e-08,0.0,0.0,67773.0,3.028576880135825e-08,0.0,0.0,1851.0,2.865026240394252e-07,0.0,0.0,27141.0,1.6054179845686443e-08
8.0,3.0,0.0,81654.0,0.0,1.535662739017211e-08,0.0,0.0,6085.0,3.386997656107471e-08,0.0,0.0,67773.0,1.8171461280814946e-08,0.0,0.0,1851.0,1.7190157442365514e-07,0.0,0.0,27141.0,9.632507907411865e-09
8.0,4.0,0.0,81654.0,0.0,9.213976434103265e-09,0.0,0.0,6085.0,2.0321985936644824e-08,0.0,0.0,67773.0,1.0902876768488967e-08,0.0,0.0,1851.0,1.0314094465419308e-07,0.0,0.0,27141.0,5.779504744447119e-09
8.0,5.0,0.0,81654.0,0.0,5.528385860461959e-09,0.0,0.0,6085.0,1.2193191561986894e-08,0.0,0.0,67773.0,6.54172606109338e-09,0.0,0.0,1851.0,6.188456679251584e-08,0.0,0.0,27141.0,3.467702846668271e-09
8.0,6.0,0.0,81654.0,0.0,3.3170315162771754e-09,0.0,0.0,6085.0,7.315914937192136e-09,0.0,0.0,67773.0,3.925035636656028e-09,0.0,0.0,1851.0,3.7130740075509506e-08,0.0,0.0,27141.0,2.0806217080009627e-09
8.0,7.0,0.0,81654.0,0.0,1.990218909766305e-09,0.0,0.0,6085.0,4.389548962315281e-09,2.951e-05,2.0,67773.0,1.1806355021381994e-05,0.0,0.0,1851.0,2.2278444045305703e-08,0.0,0.0,27141.0,1.2483730248005775e-09
8.0,8.0,0.0,81654.0,0.0,1.1941313458597829e-09,0.0,0.0,6085.0,2.6337293773891685e-09,0.0,0.0,67773.0,7.083813012829196e-06,0.0,0.0,1851.0,1.3367066427183421e-08,0.0,0.0,27141.0,7.490238148803465e-10
8.0,9.0,0.0,81654.0,0.0,7.164788075158697e-10,0.0,0.0,6085.0,1.580237626433501e-09,0.0,0.0,67773.0,4.250287807697517e-06,0.0,0.0,1851.0,8.020239856310053e-09,0.0,0.0,27141.0,4.4941428892820785e-10
8.0,10.0,0.0,81654.0,0.0,4.2988728450952176e-10,0.0,0.0,6085.0,9.481425758601005e-10,0.0,0.0,67773.0,2.5501726846185104e-06,0.0,0.0,1851.0,4.812143913786031e-09,0.0,0.0,27141.0,2.696485733569247e-10
8.0,11.0,0.0,81654.0,0.0,2.5793237070571304e-10,0.0,0.0,6085.0,5.688855455160603e-10,0.0,0.0,67773.0,1.5301036107711061e-06,0.0,0.0,1851.0,2.8872863482716185e-09,0.0,0.0,27141.0,1.617891440141548e-10
8.0,12.0,0.0,81654.0,0.0,1.5475942242342782e-10,0.0,0.0,6085.0,3.413313273096362e-10,0.0,0.0,67773.0,9.180621664626636e-07,0.0,0.0,1851.0,1.732371808962971e-09,0.0,0.0,27141.0,9.707348640849289e-11
8.0,13.0,1.2247e-05,81654.0,1.0,4.898892855653454e-06,0.0,0.0,6085.0,2.0479879638578172e-10,2.951e-05,2.0,67773.0,1.2354837299877599e-05,0.0,0.0,1851.0,1.0394230853777826e-09,0.0,0.0,27141.0,5.824409184509573e-11
8.0,14.0,0.0,81654.0,0.0,2.9393357133920727e-06,0.0,0.0,6085.0,1.2287927783146904e-10,0.0,0.0,67773.0,7.412902379926559e-06,0.0,0.0,1851.0,6.236538512266696e-10,0.0,0.0,27141.0,3.494645510705744e-11
8.0,15.0,6.123399999999999e-05,81654.0,5.0,2.625720142803524e-05,0.0,0.0,6085.0,7.372756669888141e-11,1.4755e-05,1.0,67773.0,1.0349741427955935e-05,0.0,0.0,1851.0,3.741923107360017e-10,0.0,0.0,27141.0,2.096787306423446e-11
8.0,16.0,0.000110221,81654.0,9.0,5.984272085682115e-05,0.0,0.0,6085.0,4.4236540019328846e-11,0.0,0.0,67773.0,6.209844856773561e-06,0.0,0.0,1851.0,2.2451538644160102e-10,0.0,0.0,27141.0,1.2580723838540677e-11
8.0,17.0,0.00015920799999999998,81654.0,13.0,9.958883251409268e-05,0.0,0.0,6085.0,2.6541924011597307e-11,0.000118041,8.0,67773.0,5.094230691406414e-05,0.0,0.0,1851.0,1.347092318649606e-10,0.0,0.0,27141.0,7.548434303124407e-12
8.0,18.0,0.000477625,81654.0,39.0,0.0002508032995084556,0.000493016,3.0,6085.0,0.0001972064159251544,0.000221327,15.0,67773.0,0.00011909618414843848,0.0,0.0,1851.0,8.082553911897636e-11,7.368899999999999e-05,2.0,27141.0,2.947560452906058e-05
8.0,19.0,0.000440885,81654.0,36.0,0.0003268359797050734,0.000657354,4.0,6085.0,0.00038126544955509263,0.000560695,38.0,67773.0,0.00029573571048906313,0.0016207460000000002,3.0,1851.0,0.0006482984484953235,0.0008474260000000001,23.0,27141.0,0.0003566557627174364
8.0,20.0,0.000857276,81654.0,70.0,0.000539011987823044,0.000657354,4.0,6085.0,0.0004917008697330555,0.000767267,52.0,67773.0,0.0004843482262934379,0.0016207460000000002,3.0,1851.0,0.0010372774690971941,0.0008842710000000001,24.0,27141.0,0.0005677018576304619
8.0,21.0,0.0008817689999999999,81654.0,72.0,0.0006761147926938264,0.000493016,3.0,6085.0,0.0004922269218398333,0.0009443289999999999,64.0,67773.0,0.0006683405357760627,0.0,0.0,1851.0,0.0006223664814583164,0.000700048,19.0,27141.0,0.000620640314578277
8.0,22.0,0.000783795,81654.0,64.0,0.0007191868756162959,0.000657354,4.0,6085.0,0.0005582777531039,0.001962433,133.0,67773.0,0.0011859775214656378,0.0,0.0,1851.0,0.00037341988887498983,0.0008842710000000001,24.0,27141.0,0.0007260925887469662
8.0,23.0,0.000477625,81654.0,39.0,0.0006225621253697775,0.000657354,4.0,6085.0,0.00059790825186234,0.001873903,127.0,67773.0,0.0014611477128793826,0.001080497,2.0,1851.0,0.0006562507333249939,0.000147379,4.0,27141.0,0.0004946071532481798
8.0,24.0,0.000183702,81654.0,15.0,0.0004470180752218665,0.000328677,2.0,6085.0,0.000490215751117404,0.001844392,125.0,67773.0,0.0016144454277276297,0.0,0.0,1851.0,0.00039375043999499633,0.00033160199999999996,9.0,27141.0,0.0004294050919489078
8.0,25.0,0.000391898,81654.0,32.0,0.0004249700451331199,0.00115037,7.0,6085.0,0.0007542774506704424,0.0014460039999999999,98.0,67773.0,0.0015470688566365776,0.0,0.0,1851.0,0.0002362502639969978,0.000257912,7.0,27141.0,0.00036080785516934467
8.0,26.0,0.00012246799999999998,81654.0,10.0,0.0003039692270798719,0.000986031,6.0,6085.0,0.0008469788704022654,0.0009443289999999999,64.0,67773.0,0.0013059729139819466,0.0032414909999999996,6.0,1851.0,0.0014383465583981984,0.00033160199999999996,9.0,27141.0,0.00034912551310160676
8.0,27.0,0.000195949,81654.0,16.0,0.00026076113624792313,0.000493016,3.0,6085.0,0.0007053937222413593,0.000782022,53.0,67773.0,0.001096392548389168,0.0,0.0,1851.0,0.0008630079350389191,0.000221068,6.0,27141.0,0.00029790250786096407
8.0,28.0,0.00012246799999999998,81654.0,10.0,0.00020544388174875388,0.00016433900000000003,1.0,6085.0,0.0004889718333448155,0.00054594,37.0,67773.0,0.0008762115290335008,0.0,0.0,1851.0,0.0005178047610233514,0.000184223,5.0,27141.0,0.00025243070471657843
8.0,29.0,0.000110221,81654.0,9.0,0.00016735472904925232,0.000328677,2.0,6085.0,0.0004248539000068893,0.000501675,34.0,67773.0,0.0007263969174201005,0.0,0.0,1851.0,0.00031068285661401085,7.368899999999999e-05,2.0,27141.0,0.00018093402282994708
8.0,30.0,0.00015920799999999998,81654.0,13.0,0.0001640960374295514,0.000328677,2.0,6085.0,0.0003863831400041335,0.00054594,37.0,67773.0,0.0006542141504520603,0.0,0.0,1851.0,0.00018640971396840651,0.000184223,5.0,27141.0,0.00018224961369796825
8.0,31.0,9.7974e-05,81654.0,8.0,0.00013764722245773083,0.00016433900000000003,1.0,6085.0,0.0002975654840024801,0.000383634,26.0,67773.0,0.0005459820902712362,0.0,0.0,1851.0,0.0001118458283810439,0.000221068,6.0,27141.0,0.00019777696821878096
8.0,32.0,0.000134715,81654.0,11.0,0.00013647433347463848,0.0,0.0,6085.0,0.00017853929040148806,0.000295103,20.0,67773.0,0.00044563045416274173,0.0,0.0,1851.0,6.710749702862634e-05,7.368899999999999e-05,2.0,27141.0,0.00014814178093126856
8.0,33.0,4.8987e-05,81654.0,4.0,0.00010147940008478309,0.00016433900000000003,1.0,6085.0,0.00017285917424089285,0.000221327,15.0,67773.0,0.00035590907249764505,0.000540249,1.0,1851.0,0.00025636409821717585,0.0,0.0,27141.0,8.888506855876114e-05
8.0,34.0,0.00012246799999999998,81654.0,10.0,0.00010987484005086985,0.0,0.0,6085.0,0.00010371550454453571,0.000118041,8.0,67773.0,0.00026076184349858704,0.0,0.0,1851.0,0.0001538184589303055,0.0,0.0,27141.0,5.333104113525668e-05
8.0,35.0,3.674e-05,81654.0,3.0,8.062090403052191e-05,0.0,0.0,6085.0,6.222930272672142e-05,2.951e-05,2.0,67773.0,0.0001682611060991522,0.000540249,1.0,1851.0,0.0003083906753581833,0.0,0.0,27141.0,3.199862468115401e-05
8.0,36.0,4.8987e-05,81654.0,4.0,6.796734241831314e-05,0.0,0.0,6085.0,3.7337581636032854e-05,2.951e-05,2.0,67773.0,0.00011276066365949132,0.0,0.0,1851.0,0.00018503440521490998,0.0,0.0,27141.0,1.9199174808692404e-05
8.0,37.0,2.4494e-05,81654.0,2.0,5.057800545098788e-05,0.00016433900000000003,1.0,6085.0,8.813814898161971e-05,0.0,0.0,67773.0,6.765639819569479e-05,0.0,0.0,1851.0,0.00011102064312894599,3.6845e-05,1.0,27141.0,2.6257504885215442e-05
8.0,38.0,2.4494e-05,81654.0,2.0,4.014440327059273e-05,0.0,0.0,6085.0,5.2882889388971825e-05,5.9021e-05,4.0,67773.0,6.420223891741688e-05,0.0,0.0,1851.0,6.66123858773676e-05,0.0,0.0,27141.0,1.5754502931129263e-05
8.0,39.0,3.674e-05,81654.0,3.0,3.878264196235564e-05,0.0,0.0,6085.0,3.1729733633383095e-05,0.0,0.0,67773.0,3.852134335045012e-05,0.0,0.0,1851.0,3.996743152642055e-05,0.0,0.0,27141.0,9.452701758677558e-06
8.0,40.0,0.0,81654.0,0.0,2.3269585177413382e-05,0.0,0.0,6085.0,1.9037840180029855e-05,0.0,0.0,67773.0,2.311280601027007e-05,0.0,0.0,1851.0,2.398045891585233e-05,0.0,0.0,27141.0,5.6716210552065345e-06
8.0,41.0,0.0,81654.0,0.0,1.3961751106448028e-05,0.0,0.0,6085.0,1.1422704108017913e-05,0.0,0.0,67773.0,1.3867683606162042e-05,0.0,0.0,1851.0,1.4388275349511399e-05,0.0,0.0,27141.0,3.4029726331239205e-06
8.0,42.0,0.0,81654.0,0.0,8.377050663868816e-06,0.0,0.0,6085.0,6.853622464810748e-06,0.0,0.0,67773.0,8.320610163697225e-06,0.0,0.0,1851.0,8.63296520970684e-06,0.0,0.0,27141.0,2.0417835798743522e-06
8.0,43.0,0.0,81654.0,0.0,5.0262303983212895e-06,0.0,0.0,6085.0,4.112173478886449e-06,0.0,0.0,67773.0,4.992366098218335e-06,0.0,0.0,1851.0,5.179779125824103e-06,0.0,0.0,27141.0,1.2250701479246114e-06
8.0,44.0,0.0,81654.0,0.0,3.0157382389927736e-06,0.0,0.0,6085.0,2.467304087331869e-06,0.0,0.0,67773.0,2.9954196589310007e-06,0.0,0.0,1851.0,3.107867475494462e-06,0.0,0.0,27141.0,7.350420887547668e-07
8.0,45.0,0.0,81654.0,0.0,1.8094429433956641e-06,0.0,0.0,6085.0,1.4803824523991214e-06,0.0,0.0,67773.0,1.7972517953586004e-06,0.0,0.0,1851.0,1.864720485296677e-06,0.0,0.0,27141.0,4.4102525325286005e-07
8.0,46.0,0.0,81654.0,0.0,1.0856657660373984e-06,0.0,0.0,6085.0,8.882294714394728e-07,0.0,0.0,67773.0,1.0783510772151601e-06,0.0,0.0,1851.0,1.1188322911780062e-06,0.0,0.0,27141.0,2.6461515195171604e-07
8.0,47.0,0.0,81654.0,0.0,6.51399459622439e-07,0.0,0.0,6085.0,5.329376828636836e-07,0.0,0.0,67773.0,6.470106463290961e-07,0.0,0.0,1851.0,6.712993747068037e-07,0.0,0.0,27141.0,1.587690911710296e-07
8.0,48.0,0.0,81654.0,0.0,3.908396757734634e-07,0.0,0.0,6085.0,3.197626097182102e-07,0.0,0.0,67773.0,3.882063877974577e-07,0.0,0.0,1851.0,4.027796248240822e-07,0.0,0.0,27141.0,9.526145470261776e-08
8.0,49.0,0.0,81654.0,0.0,2.3450380546407802e-07,0.0,0.0,6085.0,1.918575658309261e-07,0.0,0.0,67773.0,2.3292383267847458e-07,0.0,0.0,1851.0,2.416677748944493e-07,0.0,0.0,27141.0,5.715687282157065e-08
8.0,50.0,0.0,81654.0,0.0,1.4070228327844681e-07,0.0,0.0,6085.0,1.1511453949855566e-07,0.0,0.0,67773.0,1.3975429960708473e-07,0.0,0.0,1851.0,1.450006649366696e-07,0.0,0.0,27141.0,3.429412369294239e-08
8.0,51.0,0.0,81654.0,0.0,8.442136996706809e-08,0.0,0.0,6085.0,6.90687236991334e-08,0.0,0.0,67773.0,8.385257976425084e-08,0.0,0.0,1851.0,8.700039896200175e-08,0.0,0.0,27141.0,2.0576474215765435e-08
8.0,52.0,0.0,81654.0,0.0,5.065282198024085e-08,0.0,0.0,6085.0,4.1441234219480036e-08,0.0,0.0,67773.0,5.03115478585505e-08,0.0,0.0,1851.0,5.220023937720105e-08,0.0,0.0,27141.0,1.234588452945926e-08
9.0,1.0,0.0,81820.0,0.0,3.039169318814451e-08,0.0,0.0,6085.0,2.4864740531688022e-08,0.0,0.0,67773.0,3.01869287151303e-08,0.0,0.0,1851.0,3.132014362632063e-08,0.0,0.0,27141.0,7.407530717675555e-09
9.0,2.0,0.0,81820.0,0.0,1.8235015912886704e-08,0.0,0.0,6159.0,1.4918844319012814e-08,0.0,0.0,68768.0,1.811215722907818e-08,0.0,0.0,1860.0,1.8792086175792376e-08,0.0,0.0,27181.0,4.444518430605333e-09
9.0,3.0,0.0,81820.0,0.0,1.0941009547732022e-08,0.0,0.0,6159.0,8.951306591407688e-09,0.0,0.0,68768.0,1.0867294337446907e-08,0.0,0.0,1860.0,1.1275251705475425e-08,0.0,0.0,27181.0,2.6667110583631998e-09
9.0,4.0,0.0,81820.0,0.0,6.564605728639213e-09,0.0,0.0,6159.0,5.370783954844613e-09,0.0,0.0,68768.0,6.520376602468144e-09,0.0,0.0,1860.0,6.765151023285255e-09,0.0,0.0,27181.0,1.6000266350179197e-09
9.0,5.0,0.0,81820.0,0.0,3.9387634371835275e-09,0.0,0.0,6159.0,3.2224703729067674e-09,0.0,0.0,68768.0,3.912225961480886e-09,0.0,0.0,1860.0,4.059090613971153e-09,0.0,0.0,27181.0,9.600159810107519e-10
9.0,6.0,2.4444000000000002e-05,81820.0,2.0,9.779963258062311e-06,0.0,0.0,6159.0,1.9334822237440604e-09,0.0,0.0,68768.0,2.3473355768885316e-09,0.0,0.0,1860.0,2.4354543683826916e-09,0.0,0.0,27181.0,5.760095886064511e-10
9.0,7.0,4.8888000000000004e-05,81820.0,4.0,2.542317795483739e-05,0.0,0.0,6159.0,1.160089334246436e-09,1.4542e-05,1.0,68768.0,5.818208401346134e-06,0.0,0.0,1860.0,1.461272621029615e-09,0.0,0.0,27181.0,3.4560575316387066e-10
9.0,8.0,0.0,81820.0,0.0,1.5253906772902432e-05,0.0,0.0,6159.0,6.960536005478617e-10,0.0,0.0,68768.0,3.4909250408076803e-06,0.0,0.0,1860.0,8.767635726177689e-10,0.0,0.0,27181.0,2.073634518983224e-10
9.0,9.0,0.0,81820.0,0.0,9.15234406374146e-06,0.0,0.0,6159.0,4.17632160328717e-10,0.0,0.0,68768.0,2.094555024484608e-06,0.0,0.0,1860.0,5.260581435706613e-10,3.679e-05,1.0,27181.0,1.4716124418071138e-05
9.0,10.0,0.0,81820.0,0.0,5.491406438244876e-06,0.0,0.0,6159.0,2.505792961972302e-10,1.4542e-05,1.0,68768.0,7.073533014690765e-06,0.0,0.0,1860.0,3.156348861423968e-10,0.0,0.0,27181.0,8.829674650842683e-06
9.0,11.0,0.0,81820.0,0.0,3.2948438629469255e-06,0.0,0.0,6159.0,1.5034757771833811e-10,0.0,0.0,68768.0,4.244119808814459e-06,0.0,0.0,1860.0,1.8938093168543807e-10,0.0,0.0,27181.0,5.297804790505609e-06
9.0,12.0,0.0,81820.0,0.0,1.976906317768155e-06,0.0,0.0,6159.0,9.020854663100287e-11,0.0,0.0,68768.0,2.5464718852886753e-06,0.0,0.0,1860.0,1.1362855901126284e-10,0.0,0.0,27181.0,3.1786828743033654e-06
9.0,13.0,0.0,81820.0,0.0,1.186143790660893e-06,0.0,0.0,6159.0,5.412512797860172e-11,1.4542e-05,1.0,68768.0,7.344683131173206e-06,0.0,0.0,1860.0,6.81771354067577e-11,0.0,0.0,27181.0,1.907209724582019e-06
9.0,14.0,8.5553e-05,81820.0,7.0,3.493288627439654e-05,0.0,0.0,6159.0,3.247507678716103e-11,0.0,0.0,68768.0,4.406809878703923e-06,0.0,0.0,1860.0,4.090628124405462e-11,3.679e-05,1.0,27181.0,1.586032583474921e-05
9.0,15.0,0.00021999400000000002,81820.0,18.0,0.00010895733176463795,0.0,0.0,6159.0,1.9485046072296615e-11,4.3625e-05,3.0,68768.0,2.0094085927222353e-05,0.0,0.0,1860.0,2.4543768746432773e-11,0.0,0.0,27181.0,9.516195500849526e-06
9.0,16.0,0.000244438,81820.0,20.0,0.00016314959905878274,0.0,0.0,6159.0,1.169102764337797e-11,5.8166000000000005e-05,4.0,68768.0,3.5322851556333414e-05,0.0,0.0,1860.0,1.4726261247859663e-11,3.679e-05,1.0,27181.0,2.0425717300509715e-05
9.0,17.0,0.000366657,81820.0,30.0,0.0002445525594352697,0.0,0.0,6159.0,7.0146165860267815e-12,5.8166000000000005e-05,4.0,68768.0,4.4460110933800053e-05,0.0,0.0,1860.0,8.835756748715797e-12,0.0,0.0,27181.0,1.2255430380305828e-05
9.0,18.0,0.00019555,81820.0,16.0,0.00022495153566116184,0.000487101,3.0,6159.0,0.00019484040420876994,8.724899999999999e-05,6.0,68768.0,6.157566656028003e-05,0.000537622,1.0,1860.0,0.00021504880530145404,7.3581e-05,2.0,27181.0,3.6785658228183494e-05
9.0,19.0,0.000207772,81820.0,17.0,0.0002180797213966971,0.000487101,3.0,6159.0,0.000311744642525262,0.00046533,32.0,68768.0,0.00022307739993616802,0.000537622,1.0,1860.0,0.0003440780831808724,0.000147162,4.0,27181.0,8.093619493691009e-05
9.0,20.0,0.0005010980000000001,81820.0,41.0,0.0003312870328380183,0.0,0.0,6159.0,0.0001870467855151572,0.0004944130000000001,34.0,68768.0,0.0003316116399617008,0.0,0.0,1860.0,0.00020644684990852344,0.000257533,7.0,27181.0,0.00015157491696214607
9.0,21.0,0.000549986,81820.0,45.0,0.000418766619702811,0.000162367,1.0,6159.0,0.00017717487130909431,0.0008579519999999999,59.0,68768.0,0.0005421477839770204,0.000537622,1.0,1860.0,0.00033891690994511403,0.000110371,3.0,27181.0,0.00013509335017728764
9.0,22.0,0.000867755,81820.0,71.0,0.0005983619718216867,0.000324734,2.0,6159.0,0.0002361985227854566,0.000887035,61.0,68768.0,0.0006801026703862123,0.000537622,1.0,1860.0,0.0004183989459670684,0.000367905,10.0,27181.0,0.0002282180101063726
9.0,23.0,0.000794424,81820.0,65.0,0.0006767867830930121,0.000487101,3.0,6159.0,0.000336559513671274,0.00093066,64.0,68768.0,0.0007803256022317274,0.000537622,1.0,1860.0,0.00046608816758024105,0.000662229,18.0,27181.0,0.00040182240606382355
9.0,24.0,0.000562207,81820.0,46.0,0.0006309548698558073,0.000162367,1.0,6159.0,0.0002668825082027644,0.0014250729999999998,98.0,68768.0,0.0010382245613390364,0.0,0.0,1860.0,0.0002796529005481446,0.000588648,16.0,27181.0,0.0004765526436382941
