year,flu week,FA rate,FA pop,FA count,FA weighted rate,WI rate,WI count,WI pop,WI weighted rate,PR rate,PR count,PR pop,PR weighted rate,CS rate,CS count,CS pop,CS weighted rate
,,,,,0.0,,,,,,,,,,,,
1.0,1.0,0.0,2889.0,0.0,0.0,,,,0.0,,,,0.0,,,,0.0
1.0,2.0,0.0,2889.0,0.0,0.0,0.0,0.0,1008.0,0.0,0.001150086,2.0,1739.0,0.001150086,1.2271e-05,1.0,81491.0,1.2271e-05
1.0,3.0,0.0,2889.0,0.0,0.0,0.0,0.0,1008.0,0.0,0.0,0.0,1739.0,0.0006900516,2.4543000000000002e-05,2.0,81491.0,1.71798e-05
1.0,4.0,0.0,2889.0,0.0,0.0,0.0,0.0,1008.0,0.0,0.0,0.0,1739.0,0.00041403096,2.4543000000000002e-05,2.0,81491.0,2.012508e-05
1.0,5.0,0.0,2889.0,0.0,0.0,0.0,0.0,1008.0,0.0,0.0,0.0,1739.0,0.00024841857599999995,0.00015952700000000002,13.0,81491.0,7.588584800000001e-05
1.0,6.0,0.0,2889.0,0.0,0.0,0.0,0.0,1008.0,0.0,0.0,0.0,1739.0,0.00014905114559999997,0.00011044200000000001,9.0,81491.0,8.97083088e-05
1.0,7.0,0.0,2889.0,0.0,0.0,0.0,0.0,1008.0,0.0,0.001150086,2.0,1739.0,0.00054946508736,0.0,0.0,81491.0,5.382498528e-05
1.0,8.0,0.013845621,2889.0,40.0,0.005538248400000001,0.0,0.0,1008.0,0.0,0.000575043,1.0,1739.0,0.000559696252416,0.000220883,18.0,81491.0,0.00012064819116800001
1.0,9.0,0.0013845620000000002,2889.0,4.0,0.003876773840000001,0.000992063,1.0,1008.0,0.0003968252,0.0051753879999999995,9.0,1739.0,0.0024059729514496,8.5899e-05,7.0,81491.0,0.00010674851470080001
1.0,10.0,0.009691935,2889.0,28.0,0.006202838304000001,0.000992063,1.0,1008.0,0.00063492032,0.012650949,22.0,1739.0,0.00650396337086976,2.4543000000000002e-05,2.0,81491.0,7.386630882048001e-05
1.0,11.0,0.003115265,2889.0,9.0,0.0049678089824000005,0.0,0.0,1008.0,0.000380952192,0.002875216,5.0,1739.0,0.005052464422521856,1.2271e-05,1.0,81491.0,4.922818529228801e-05
1.0,12.0,0.0,2889.0,0.0,0.00298068538944,0.00297619,3.0,1008.0,0.0014190473152,0.004025302,7.0,1739.0,0.004641599453513113,1.2271e-05,1.0,81491.0,3.44453111753728e-05
1.0,13.0,0.0,2889.0,0.0,0.001788411233664,0.0,0.0,1008.0,0.00085142838912,0.002875216,5.0,1739.0,0.003935046072107868,0.0,0.0,81491.0,2.066718670522368e-05
1.0,14.0,0.0,2889.0,0.0,0.0010730467401984,0.0,0.0,1008.0,0.000510857033472,0.0,0.0,1739.0,0.0023610276432647205,1.2271e-05,1.0,81491.0,1.730871202313421e-05
1.0,15.0,0.0,2889.0,0.0,0.00064382804411904,0.0,0.0,1008.0,0.0003065142200832,0.0,0.0,1739.0,0.0014166165859588323,0.0,0.0,81491.0,1.0385227213880526e-05
1.0,16.0,0.0,2889.0,0.0,0.00038629682647142396,0.000992063,1.0,1008.0,0.00058073373204992,0.0,0.0,1739.0,0.0008499699515752994,2.4543000000000002e-05,2.0,81491.0,1.6048336328328316e-05
1.0,17.0,0.0,2889.0,0.0,0.00023177809588285437,0.0,0.0,1008.0,0.000348440239229952,0.0,0.0,1739.0,0.0005099819709451796,0.0,0.0,81491.0,9.62900179699699e-06
1.0,18.0,0.0,2889.0,0.0,0.0001390668575297126,0.0,0.0,1008.0,0.00020906414353797118,0.0,0.0,1739.0,0.00030598918256710775,0.0,0.0,81491.0,5.777401078198194e-06
1.0,19.0,0.0,2889.0,0.0,8.344011451782755e-05,0.0,0.0,1008.0,0.0001254384861227827,0.0,0.0,1739.0,0.00018359350954026465,2.4543000000000002e-05,2.0,81491.0,1.3283640646918919e-05
1.0,20.0,0.0,2889.0,0.0,5.006406871069653e-05,0.0,0.0,1008.0,7.526309167366962e-05,0.0,0.0,1739.0,0.00011015610572415879,0.0,0.0,81491.0,7.97018438815135e-06
1.0,21.0,0.0,2889.0,0.0,3.0038441226417916e-05,0.0,0.0,1008.0,4.515785500420177e-05,0.001150086,2.0,1739.0,0.0005261280634344953,0.0,0.0,81491.0,4.78211063289081e-06
1.0,22.0,0.0,2889.0,0.0,1.802306473585075e-05,0.0,0.0,1008.0,2.7094713002521064e-05,0.0,0.0,1739.0,0.0003156768380606972,0.0,0.0,81491.0,2.869266379734486e-06
1.0,23.0,0.0,2889.0,0.0,1.081383884151045e-05,0.0,0.0,1008.0,1.6256827801512638e-05,0.0,0.0,1739.0,0.00018940610283641832,0.0,0.0,81491.0,1.7215598278406914e-06
1.0,24.0,0.000346141,2889.0,1.0,0.0001449447033049063,0.0,0.0,1008.0,9.754096680907583e-06,0.0,0.0,1739.0,0.00011364366170185098,0.0,0.0,81491.0,1.032935896704415e-06
1.0,25.0,0.0,2889.0,0.0,8.696682198294378e-05,0.0,0.0,1008.0,5.8524580085445494e-06,0.0,0.0,1739.0,6.818619702111058e-05,0.0,0.0,81491.0,6.197615380226489e-07
1.0,26.0,0.0,2889.0,0.0,5.2180093189766266e-05,0.0,0.0,1008.0,3.5114748051267294e-06,0.0,0.0,1739.0,4.091171821266635e-05,0.0,0.0,81491.0,3.7185692281358933e-07
1.0,27.0,0.0,2889.0,0.0,3.130805591385976e-05,0.0,0.0,1008.0,2.1068848830760377e-06,0.0,0.0,1739.0,2.454703092759981e-05,0.0,0.0,81491.0,2.231141536881536e-07
1.0,28.0,0.0,2889.0,0.0,1.8784833548315852e-05,0.0,0.0,1008.0,1.2641309298456226e-06,0.0,0.0,1739.0,1.4728218556559886e-05,0.0,0.0,81491.0,1.3386849221289215e-07
1.0,29.0,0.0,2889.0,0.0,1.127090012898951e-05,0.0,0.0,1008.0,7.584785579073735e-07,0.0,0.0,1739.0,8.836931133935931e-06,0.0,0.0,81491.0,8.03210953277353e-08
1.0,30.0,0.0,2889.0,0.0,6.762540077393706e-06,0.0,0.0,1008.0,4.550871347444241e-07,0.0,0.0,1739.0,5.302158680361558e-06,0.0,0.0,81491.0,4.8192657196641174e-08
1.0,31.0,0.0,2889.0,0.0,4.0575240464362235e-06,0.0,0.0,1008.0,2.730522808466544e-07,0.0,0.0,1739.0,3.181295208216935e-06,0.0,0.0,81491.0,2.8915594317984704e-08
1.0,32.0,0.0,2889.0,0.0,2.434514427861734e-06,0.0,0.0,1008.0,1.6383136850799265e-07,0.0,0.0,1739.0,1.9087771249301606e-06,0.0,0.0,81491.0,1.7349356590790823e-08
1.0,33.0,0.0,2889.0,0.0,1.4607086567170404e-06,0.0,0.0,1008.0,9.829882110479559e-08,0.0,0.0,1739.0,1.1452662749580962e-06,0.0,0.0,81491.0,1.0409613954474493e-08
1.0,34.0,0.0,2889.0,0.0,8.764251940302242e-07,0.0,0.0,1008.0,5.897929266287735e-08,0.0,0.0,1739.0,6.871597649748577e-07,0.0,0.0,81491.0,6.245768372684696e-09
1.0,35.0,0.0,2889.0,0.0,5.258551164181345e-07,0.0,0.0,1008.0,3.538757559772641e-08,0.0,0.0,1739.0,4.1229585898491463e-07,0.0,0.0,81491.0,3.747461023610818e-09
1.0,36.0,0.0,2889.0,0.0,3.1551306985088066e-07,0.0,0.0,1008.0,2.1232545358635844e-08,0.000575043,1.0,1739.0,0.00023026457751539097,0.0,0.0,81491.0,2.2484766141664906e-09
1.0,37.0,0.0,2889.0,0.0,1.8930784191052839e-07,0.0,0.0,1008.0,1.2739527215181506e-08,0.0,0.0,1739.0,0.00013815874650923457,0.0,0.0,81491.0,1.3490859684998943e-09
1.0,38.0,0.0,2889.0,0.0,1.1358470514631702e-07,0.0,0.0,1008.0,7.643716329108904e-09,0.000575043,1.0,1739.0,0.00031291244790554077,0.0,0.0,81491.0,8.094515810999365e-10
1.0,39.0,0.0,2889.0,0.0,6.81508230877902e-08,0.0,0.0,1008.0,4.586229797465342e-09,0.0,0.0,1739.0,0.00018774746874332445,0.0,0.0,81491.0,4.856709486599619e-10
1.0,40.0,0.0,2889.0,0.0,4.089049385267412e-08,0.0,0.0,1008.0,2.7517378784792048e-09,0.000575043,1.0,1739.0,0.00034266568124599465,0.0,0.0,81491.0,2.914025691959771e-10
1.0,41.0,0.0,2889.0,0.0,2.453429631160447e-08,0.0,0.0,1008.0,1.6510427270875228e-09,0.0,0.0,1739.0,0.00020559940874759677,0.0,0.0,81491.0,1.7484154151758626e-10
1.0,42.0,0.0,2889.0,0.0,1.4720577786962682e-08,0.0,0.0,1008.0,9.906256362525136e-10,0.0,0.0,1739.0,0.00012335964524855806,0.0,0.0,81491.0,1.0490492491055175e-10
1.0,43.0,0.0,2889.0,0.0,8.832346672177609e-09,0.0,0.0,1008.0,5.943753817515082e-10,0.0,0.0,1739.0,7.401578714913483e-05,0.0,0.0,81491.0,6.294295494633105e-11
1.0,44.0,0.0,2889.0,0.0,5.299408003306565e-09,0.0,0.0,1008.0,3.566252290509049e-10,0.0,0.0,1739.0,4.4409472289480895e-05,0.0,0.0,81491.0,3.7765772967798626e-11
1.0,45.0,0.0,2889.0,0.0,3.1796448019839392e-09,0.0,0.0,1008.0,2.1397513743054293e-10,0.0,0.0,1739.0,2.6645683373688536e-05,0.0,0.0,81491.0,2.2659463780679174e-11
1.0,46.0,0.0,2889.0,0.0,1.9077868811903636e-09,0.0,0.0,1008.0,1.2838508245832576e-10,0.0,0.0,1739.0,1.598741002421312e-05,0.0,0.0,81491.0,1.3595678268407504e-11
1.0,47.0,0.0,2889.0,0.0,1.1446721287142182e-09,0.0,0.0,1008.0,7.703104947499545e-11,0.0,0.0,1739.0,9.592446014527873e-06,0.0,0.0,81491.0,8.157406961044503e-12
1.0,48.0,0.0,2889.0,0.0,6.868032772285309e-10,0.0,0.0,1008.0,4.621862968499727e-11,0.0,0.0,1739.0,5.755467608716723e-06,0.0,0.0,81491.0,4.894444176626701e-12
1.0,49.0,0.0,2889.0,0.0,4.1208196633711854e-10,0.0,0.0,1008.0,2.773117781099836e-11,0.0,0.0,1739.0,3.453280565230034e-06,0.0,0.0,81491.0,2.9366665059760207e-12
1.0,50.0,0.0,2889.0,0.0,2.472491798022711e-10,0.0,0.0,1008.0,1.6638706686599015e-11,0.0,0.0,1739.0,2.0719683391380205e-06,0.0,0.0,81491.0,1.7619999035856124e-12
1.0,51.0,0.0,2889.0,0.0,1.4834950788136266e-10,0.0,0.0,1008.0,9.983224011959409e-12,0.0,0.0,1739.0,1.2431810034828122e-06,0.0,0.0,81491.0,1.0571999421513674e-12
1.0,52.0,0.0,2889.0,0.0,8.90097047288176e-11,0.0,0.0,1008.0,5.989934407175645e-12,0.0,0.0,1739.0,7.459086020896873e-07,0.0,0.0,81491.0,6.343199652908204e-13
1.0,53.0,0.0,2889.0,0.0,5.340582283729056e-11,0.0,0.0,1008.0,3.5939606443053867e-12,0.0,0.0,1739.0,4.475451612538124e-07,0.0,0.0,81491.0,3.8059197917449225e-13
2.0,1.0,0.0,2930.0,0.0,3.2043493702374335e-11,0.0,0.0,1008.0,2.156376386583232e-12,0.0,0.0,1739.0,2.685270967522874e-07,0.0,0.0,81491.0,2.2835518750469535e-13
2.0,2.0,0.0,2930.0,0.0,1.92260962214246e-11,0.0,0.0,981.0,1.2938258319499392e-12,0.0,0.0,1738.0,1.6111625805137245e-07,0.0,0.0,81674.0,1.370131125028172e-13
2.0,3.0,0.0,2930.0,0.0,1.153565773285476e-11,0.0,0.0,981.0,7.762954991699635e-13,0.0,0.0,1738.0,9.666975483082346e-08,0.0,0.0,81674.0,8.220786750169031e-14
2.0,4.0,0.0,2930.0,0.0,6.921394639712856e-12,0.0,0.0,981.0,4.657772995019781e-13,0.0,0.0,1738.0,5.8001852898494075e-08,0.0,0.0,81674.0,4.932472050101419e-14
2.0,5.0,0.0,2930.0,0.0,4.1528367838277136e-12,0.0,0.0,981.0,2.7946637970118685e-13,0.0,0.0,1738.0,3.4801111739096446e-08,0.0,0.0,81674.0,2.959483230060851e-14
2.0,6.0,0.0,2930.0,0.0,2.491702070296628e-12,0.0,0.0,981.0,1.6767982782071212e-13,0.0,0.0,1738.0,2.0880667043457866e-08,0.0,0.0,81674.0,1.7756899380365105e-14
2.0,7.0,0.0,2930.0,0.0,1.4950212421779767e-12,0.0,0.0,981.0,1.0060789669242727e-13,0.0,0.0,1738.0,1.252840022607472e-08,0.0,0.0,81674.0,1.0654139628219063e-14
2.0,8.0,0.0,2930.0,0.0,8.97012745306786e-13,0.0,0.0,981.0,6.036473801545636e-14,0.0,0.0,1738.0,7.517040135644832e-09,0.0,0.0,81674.0,6.392483776931438e-15
2.0,9.0,0.0,2930.0,0.0,5.382076471840716e-13,0.0,0.0,981.0,3.6218842809273813e-14,0.0,0.0,1738.0,4.510224081386899e-09,0.0,0.0,81674.0,3.835490266158862e-15
2.0,10.0,0.0,2930.0,0.0,3.229245883104429e-13,0.0,0.0,981.0,2.1731305685564288e-14,0.0,0.0,1738.0,2.7061344488321395e-09,0.0,0.0,81674.0,2.301294159695317e-15
2.0,11.0,0.0,2930.0,0.0,1.9375475298626575e-13,0.0,0.0,981.0,1.3038783411338573e-14,0.0,0.0,1738.0,1.6236806692992837e-09,0.0,0.0,81674.0,1.3807764958171902e-15
2.0,12.0,0.0,2930.0,0.0,1.1625285179175945e-13,0.0,0.0,981.0,7.823270046803143e-15,0.0,0.0,1738.0,9.742084015795702e-10,0.0,0.0,81674.0,8.284658974903141e-16
2.0,13.0,0.0,2930.0,0.0,6.975171107505567e-14,0.0,0.0,981.0,4.693962028081885e-15,0.0,0.0,1738.0,5.845250409477422e-10,0.0,0.0,81674.0,4.9707953849418845e-16
2.0,14.0,0.0,2930.0,0.0,4.18510266450334e-14,0.0,0.0,981.0,2.8163772168491313e-15,0.0,0.0,1738.0,3.507150245686453e-10,0.0,0.0,81674.0,2.982477230965131e-16
2.0,15.0,0.0,2930.0,0.0,2.5110615987020038e-14,0.0,0.0,981.0,1.6898263301094787e-15,0.0,0.0,1738.0,2.1042901474118715e-10,0.0,0.0,81674.0,1.7894863385790784e-16
2.0,16.0,0.0,2930.0,0.0,1.506636959221202e-14,0.0,0.0,981.0,1.0138957980656872e-15,0.0,0.0,1738.0,1.2625740884471228e-10,0.0,0.0,81674.0,1.073691803147447e-16
2.0,17.0,0.0,2930.0,0.0,9.039821755327212e-15,0.0,0.0,981.0,6.083374788394123e-16,0.0,0.0,1738.0,7.575444530682737e-11,0.0,0.0,81674.0,6.442150818884682e-17
2.0,18.0,0.0,2930.0,0.0,5.4238930531963264e-15,0.0,0.0,981.0,3.6500248730364735e-16,0.0,0.0,1738.0,4.545266718409642e-11,1.2244000000000002e-05,1.0,81674.0,4.897600000038654e-06
2.0,19.0,0.00034129699999999995,2930.0,1.0,0.00013651880000325434,0.0,0.0,981.0,2.190014923821884e-16,0.0,0.0,1738.0,2.7271600310457853e-11,0.0,0.0,81674.0,2.938560000023192e-06
2.0,20.0,0.00034129699999999995,2930.0,1.0,0.00021843008000195258,0.0,0.0,981.0,1.3140089542931303e-16,0.0,0.0,1738.0,1.636296018627471e-11,0.000122438,10.0,81674.0,5.073833600001391e-05
2.0,21.0,0.0,2930.0,0.0,0.00013105804800117154,0.0,0.0,981.0,7.884053725758782e-17,0.0,0.0,1738.0,9.817776111764825e-12,2.4488000000000003e-05,2.0,81674.0,4.023820160000835e-05
2.0,22.0,0.0,2930.0,0.0,7.863482880070292e-05,0.0,0.0,981.0,4.730432235455269e-17,0.0,0.0,1738.0,5.890665667058895e-12,0.000110194,9.0,81674.0,6.822052096000501e-05
2.0,23.0,0.0,2930.0,0.0,4.718089728042175e-05,0.0,0.0,981.0,2.838259341273161e-17,0.0,0.0,1738.0,3.5343994002353365e-12,0.00018365700000000002,15.0,81674.0,0.00011439511257600301
2.0,24.0,0.00034129699999999995,2930.0,1.0,0.00016482733836825305,0.0,0.0,981.0,1.7029556047638966e-17,0.0,0.0,1738.0,2.1206396401412018e-12,0.000477508,39.0,81674.0,0.00025964026754560183
2.0,25.0,0.0,2930.0,0.0,9.889640302095183e-05,0.0030581040000000003,3.0,981.0,0.0012232416000000103,0.0,0.0,1738.0,1.272383784084721e-12,0.00018365700000000002,15.0,81674.0,0.0002292469605273611
2.0,26.0,0.00034129699999999995,2930.0,1.0,0.00019585664181257108,0.0,0.0,981.0,0.0007339449600000062,0.0,0.0,1738.0,7.634302704508325e-13,0.000244876,20.0,81674.0,0.00023549857631641666
2.0,27.0,0.00034129699999999995,2930.0,1.0,0.0002540327850875427,0.0,0.0,981.0,0.00044036697600000367,0.0,0.0,1738.0,4.580581622704995e-13,0.000220388,18.0,81674.0,0.00022945434578984996
2.0,28.0,0.00034129699999999995,2930.0,1.0,0.00028893847105252563,0.0,0.0,981.0,0.0002642201856000022,0.0,0.0,1738.0,2.748348973622997e-13,0.00039180199999999996,32.0,81674.0,0.00029439340747390997
2.0,29.0,0.0,2930.0,0.0,0.00017336308263151537,0.0,0.0,981.0,0.0001585321113600013,0.0,0.0,1738.0,1.6490093841737982e-13,0.00039180199999999996,32.0,81674.0,0.000333356844484346
2.0,30.0,0.0,2930.0,0.0,0.00010401784957890922,0.0,0.0,981.0,9.511926681600077e-05,0.0,0.0,1738.0,9.894056305042789e-14,0.000318339,26.0,81674.0,0.0003273497066906076
2.0,31.0,0.0,2930.0,0.0,6.241070974734552e-05,0.0,0.0,981.0,5.7071560089600454e-05,0.0,0.0,1738.0,5.936433783025674e-14,0.000232632,19.0,81674.0,0.0002894626240143646
2.0,32.0,0.0,2930.0,0.0,3.744642584840731e-05,0.0,0.0,981.0,3.424293605376027e-05,0.0,0.0,1738.0,3.561860269815404e-14,9.795e-05,8.0,81674.0,0.00021285757440861876
2.0,33.0,0.0,2930.0,0.0,2.2467855509044388e-05,0.0,0.0,981.0,2.0545761632256162e-05,0.0,0.0,1738.0,2.1371161618892424e-14,9.795e-05,8.0,81674.0,0.00016689454464517125
2.0,34.0,0.0,2930.0,0.0,1.3480713305426632e-05,0.0,0.0,981.0,1.2327456979353696e-05,0.0,0.0,1738.0,1.2822696971335454e-14,6.1219e-05,5.0,81674.0,0.00012462432678710274
2.0,35.0,0.00034129699999999995,2930.0,1.0,0.00014460722798325596,0.0,0.0,981.0,7.3964741876122175e-06,0.0,0.0,1738.0,7.693618182801272e-15,0.0,0.0,81674.0,7.477459607226164e-05
2.0,36.0,0.0,2930.0,0.0,8.676433678995358e-05,0.0,0.0,981.0,4.43788451256733e-06,0.0,0.0,1738.0,4.616170909680763e-15,0.0,0.0,81674.0,4.4864757643356984e-05
2.0,37.0,0.0,2930.0,0.0,5.205860207397214e-05,0.0,0.0,981.0,2.6627307075403977e-06,0.0,0.0,1738.0,2.7697025458084577e-15,1.2244000000000002e-05,1.0,81674.0,3.181645458601419e-05
2.0,38.0,0.0,2930.0,0.0,3.1235161244383285e-05,0.0,0.0,981.0,1.5976384245242386e-06,0.0,0.0,1738.0,1.6618215274850745e-15,0.0,0.0,81674.0,1.9089872751608514e-05
2.0,39.0,0.0,2930.0,0.0,1.874109674662997e-05,0.0,0.0,981.0,9.585830547145432e-07,0.0,0.0,1738.0,9.970929164910446e-16,0.0,0.0,81674.0,1.1453923650965108e-05
2.0,40.0,0.0,2930.0,0.0,1.1244658047977982e-05,0.0,0.0,981.0,5.751498328287258e-07,0.0,0.0,1738.0,5.982557498946268e-16,0.0,0.0,81674.0,6.8723541905790644e-06
2.0,41.0,0.0,2930.0,0.0,6.746794828786789e-06,0.0,0.0,981.0,3.450898996972355e-07,0.0,0.0,1738.0,3.5895344993677607e-16,0.0,0.0,81674.0,4.123412514347438e-06
2.0,42.0,0.0,2930.0,0.0,4.0480768972720735e-06,0.0,0.0,981.0,2.070539398183413e-07,0.0,0.0,1738.0,2.1537206996206564e-16,0.0,0.0,81674.0,2.4740475086084626e-06
2.0,43.0,0.0,2930.0,0.0,2.428846138363244e-06,0.0,0.0,981.0,1.2423236389100477e-07,0.0,0.0,1738.0,1.2922324197723937e-16,0.0,0.0,81674.0,1.4844285051650775e-06
2.0,44.0,0.0,2930.0,0.0,1.4573076830179463e-06,0.0,0.0,981.0,7.453941833460287e-08,0.0,0.0,1738.0,7.753394518634362e-17,0.0,0.0,81674.0,8.906571030990465e-07
2.0,45.0,0.0,2930.0,0.0,8.743846098107678e-07,0.0,0.0,981.0,4.4723651000761716e-08,0.0,0.0,1738.0,4.652036711180617e-17,0.0,0.0,81674.0,5.343942618594279e-07
2.0,46.0,0.0,2930.0,0.0,5.246307658864607e-07,0.0,0.0,981.0,2.683419060045703e-08,0.0,0.0,1738.0,2.79122202670837e-17,0.0,0.0,81674.0,3.206365571156567e-07
2.0,47.0,0.0,2930.0,0.0,3.147784595318764e-07,0.0,0.0,981.0,1.6100514360274218e-08,0.0,0.0,1738.0,1.674733216025022e-17,0.0,0.0,81674.0,1.92381934269394e-07
2.0,48.0,0.0,2930.0,0.0,1.888670757191258e-07,0.0,0.0,981.0,9.660308616164531e-09,0.0,0.0,1738.0,1.0048399296150132e-17,0.0,0.0,81674.0,1.1542916056163638e-07
2.0,49.0,0.0,2930.0,0.0,1.1332024543147549e-07,0.0,0.0,981.0,5.796185169698719e-09,0.0,0.0,1738.0,6.029039577690079e-18,0.0,0.0,81674.0,6.925749633698182e-08
2.0,50.0,0.0,2930.0,0.0,6.799214725888529e-08,0.0,0.0,981.0,3.477711101819231e-09,0.0,0.0,1738.0,3.617423746614047e-18,0.0,0.0,81674.0,4.155449780218909e-08
2.0,51.0,0.0,2930.0,0.0,4.0795288355331177e-08,0.0,0.0,981.0,2.0866266610915387e-09,0.0,0.0,1738.0,2.1704542479684283e-18,0.0,0.0,81674.0,2.4932698681313455e-08
2.0,52.0,0.0,2930.0,0.0,2.4477173013198706e-08,0.0,0.0,981.0,1.2519759966549232e-09,0.0,0.0,1738.0,1.302272548781057e-18,0.0,0.0,81674.0,1.4959619208788073e-08
3.0,1.0,0.0,3026.0,0.0,1.4686303807919223e-08,0.0,0.0,981.0,7.511855979929539e-10,0.0,0.0,1738.0,7.813635292686342e-19,0.0,0.0,81674.0,8.975771525272843e-09
3.0,2.0,0.0,3026.0,0.0,8.811782284751534e-09,0.0,0.0,1034.0,4.507113587957723e-10,0.0,0.0,1753.0,4.688181175611805e-19,0.0,0.0,81596.0,5.385462915163706e-09
3.0,3.0,0.0,3026.0,0.0,5.287069370850921e-09,0.0,0.0,1034.0,2.7042681527746336e-10,0.0,0.0,1753.0,2.8129087053670827e-19,0.0,0.0,81596.0,3.231277749098223e-09
3.0,4.0,0.0,3026.0,0.0,3.1722416225105523e-09,0.0,0.0,1034.0,1.62256089166478e-10,0.0,0.0,1753.0,1.6877452232202497e-19,0.0,0.0,81596.0,1.938766649458934e-09
3.0,5.0,0.0,3026.0,0.0,1.903344973506331e-09,0.0,0.0,1034.0,9.73536534998868e-11,0.0,0.0,1753.0,1.0126471339321498e-19,0.0,0.0,81596.0,1.1632599896753603e-09
3.0,6.0,0.0,3026.0,0.0,1.1420069841037986e-09,0.0,0.0,1034.0,5.841219209993208e-11,0.0,0.0,1753.0,6.075882803592898e-20,0.0,0.0,81596.0,6.979559938052162e-10
3.0,7.0,0.0,3026.0,0.0,6.852041904622791e-10,0.0,0.0,1034.0,3.504731525995925e-11,0.0,0.0,1753.0,3.645529682155739e-20,0.0,0.0,81596.0,4.187735962831297e-10
3.0,8.0,0.0,3026.0,0.0,4.111225142773675e-10,0.0,0.0,1034.0,2.102838915597555e-11,0.0,0.0,1753.0,2.1873178092934432e-20,0.0,0.0,81596.0,2.512641577698778e-10
3.0,9.0,0.0,3026.0,0.0,2.466735085664205e-10,0.0,0.0,1034.0,1.261703349358533e-11,0.0,0.0,1753.0,1.3123906855760659e-20,0.0,0.0,81596.0,1.5075849466192668e-10
3.0,10.0,0.0,3026.0,0.0,1.4800410513985227e-10,0.0,0.0,1034.0,7.570220096151197e-12,0.0,0.0,1753.0,7.874344113456395e-21,0.0,0.0,81596.0,9.0455096797156e-11
3.0,11.0,0.0,3026.0,0.0,8.880246308391136e-11,0.0,0.0,1034.0,4.542132057690718e-12,0.0,0.0,1753.0,4.724606468073837e-21,0.0,0.0,81596.0,5.42730580782936e-11
3.0,12.0,0.0,3026.0,0.0,5.3281477850346816e-11,0.0,0.0,1034.0,2.7252792346144308e-12,0.0,0.0,1753.0,2.834763880844302e-21,0.0,0.0,81596.0,3.256383484697616e-11
3.0,13.0,0.0,3026.0,0.0,3.196888671020809e-11,0.0,0.0,1034.0,1.6351675407686585e-12,0.0,0.0,1753.0,1.7008583285065812e-21,0.0,0.0,81596.0,1.9538300908185695e-11
3.0,14.0,0.0,3026.0,0.0,1.9181332026124854e-11,0.0,0.0,1034.0,9.81100524461195e-13,0.0,0.0,1753.0,1.0205149971039487e-21,0.0,0.0,81596.0,1.1722980544911417e-11
3.0,15.0,0.0,3026.0,0.0,1.1508799215674912e-11,0.0,0.0,1034.0,5.88660314676717e-13,0.0,0.0,1753.0,6.123089982623693e-22,0.0,0.0,81596.0,7.0337883269468494e-12
3.0,16.0,0.0,3026.0,0.0,6.905279529404947e-12,0.0,0.0,1034.0,3.531961888060302e-13,0.0,0.0,1753.0,3.6738539895742156e-22,0.0,0.0,81596.0,4.2202729961681095e-12
3.0,17.0,0.0,3026.0,0.0,4.143167717642968e-12,0.0,0.0,1034.0,2.119177132836181e-13,0.0,0.0,1753.0,2.2043123937445295e-22,0.0,0.0,81596.0,2.5321637977008658e-12
3.0,18.0,0.0,3026.0,0.0,2.4859006305857807e-12,0.0,0.0,1034.0,1.2715062797017087e-13,0.0,0.0,1753.0,1.3225874362467176e-22,0.0,0.0,81596.0,1.5192982786205195e-12
3.0,19.0,0.0,3026.0,0.0,1.4915403783514684e-12,0.0,0.0,1034.0,7.629037678210252e-14,0.0,0.0,1753.0,7.935524617480306e-23,0.0,0.0,81596.0,9.115789671723116e-13
3.0,20.0,0.0,3026.0,0.0,8.94924227010881e-13,0.0,0.0,1034.0,4.577422606926151e-14,0.0,0.0,1753.0,4.761314770488183e-23,0.0,0.0,81596.0,5.469473803033869e-13
3.0,21.0,0.0,3026.0,0.0,5.369545362065286e-13,0.0,0.0,1034.0,2.7464535641556903e-14,0.0,0.0,1753.0,2.8567888622929096e-23,1.2256e-05,1.0,81596.0,4.902400328168428e-06
3.0,22.0,0.0,3026.0,0.0,3.2217272172391714e-13,0.0,0.0,1034.0,1.647872138493414e-14,0.0,0.0,1753.0,1.7140733173757457e-23,0.0,0.0,81596.0,2.9414401969010563e-06
3.0,23.0,0.0,3026.0,0.0,1.9330363303435028e-13,0.0,0.0,1034.0,9.887232830960485e-15,0.0,0.0,1753.0,1.0284439904254474e-23,0.0,0.0,81596.0,1.7648641181406336e-06
3.0,24.0,0.0,3026.0,0.0,1.1598217982061017e-13,0.0,0.0,1034.0,5.93233969857629e-15,0.0,0.0,1753.0,6.1706639425526835e-24,0.0,0.0,81596.0,1.0589184708843801e-06
3.0,25.0,0.0,3026.0,0.0,6.95893078923661e-14,0.0,0.0,1034.0,3.559403819145774e-15,0.0,0.0,1753.0,3.70239836553161e-24,2.4511e-05,2.0,81596.0,1.0439751082530629e-05
3.0,26.0,0.0,3026.0,0.0,4.175358473541966e-14,0.0,0.0,1034.0,2.1356422914874644e-15,0.0,0.0,1753.0,2.221439019318966e-24,0.0,0.0,81596.0,6.263850649518377e-06
3.0,27.0,0.0,3026.0,0.0,2.5052150841251795e-14,0.0,0.0,1034.0,1.2813853748924786e-15,0.0,0.0,1753.0,1.3328634115913797e-24,0.0,0.0,81596.0,3.758310389711026e-06
3.0,28.0,0.000991408,3026.0,3.0,0.0003965632000150313,0.0,0.0,1034.0,7.688312249354871e-16,0.0,0.0,1753.0,7.997180469548278e-25,1.2256e-05,1.0,81596.0,7.157386233826615e-06
3.0,29.0,0.0,3026.0,0.0,0.00023793792000901875,0.0,0.0,1034.0,4.612987349612922e-16,0.0,0.0,1753.0,4.798308281728967e-25,1.2256e-05,1.0,81596.0,9.196831740295969e-06
3.0,30.0,0.0,3026.0,0.0,0.00014276275200541126,0.0,0.0,1034.0,2.7677924097677534e-16,0.0,0.0,1753.0,2.87898496903738e-25,2.4511e-05,2.0,81596.0,1.532249904417758e-05
3.0,31.0,0.0,3026.0,0.0,8.565765120324675e-05,0.0,0.0,1034.0,1.6606754458606519e-16,0.0,0.0,1753.0,1.727390981422428e-25,8.5789e-05,7.0,81596.0,4.350909942650655e-05
3.0,32.0,0.0,3026.0,0.0,5.1394590721948045e-05,0.0,0.0,1034.0,9.964052675163911e-17,0.006274956999999999,11.0,1753.0,0.0025099828,4.9022e-05,4.0,81596.0,4.571425965590393e-05
3.0,33.0,0.0,3026.0,0.0,3.0836754433168824e-05,0.0,0.0,1034.0,5.978431605098347e-17,0.0,0.0,1753.0,0.0015059896799999998,6.1278e-05,5.0,81596.0,5.1939755793542367e-05
3.0,34.0,0.0,3026.0,0.0,1.8502052659901294e-05,0.0,0.0,1034.0,3.587058963059008e-17,0.0,0.0,1753.0,0.0009035938079999999,6.1278e-05,5.0,81596.0,5.567505347612542e-05
3.0,35.0,0.0,3026.0,0.0,1.1101231595940777e-05,0.0,0.0,1034.0,2.1522353778354047e-17,0.0,0.0,1753.0,0.0005421562847999999,6.1278e-05,5.0,81596.0,5.7916232085675255e-05
3.0,36.0,0.0,3026.0,0.0,6.6607389575644655e-06,0.0,0.0,1034.0,1.2913412267012428e-17,0.0,0.0,1753.0,0.0003252937708799999,4.9022e-05,4.0,81596.0,5.435853925140515e-05
3.0,37.0,0.0,3026.0,0.0,3.9964433745386795e-06,0.0,0.0,1034.0,7.748047360207456e-18,0.0,0.0,1753.0,0.00019517626252799994,0.0,0.0,81596.0,3.261512355084309e-05
3.0,38.0,0.0,3026.0,0.0,2.3978660247232077e-06,0.0,0.0,1034.0,4.648828416124474e-18,0.0,0.0,1753.0,0.00011710575751679996,0.0,0.0,81596.0,1.9569074130505854e-05
3.0,39.0,0.0,3026.0,0.0,1.4387196148339246e-06,0.0,0.0,1034.0,2.7892970496746842e-18,0.0,0.0,1753.0,7.026345451007998e-05,0.0,0.0,81596.0,1.1741444478303511e-05
3.0,40.0,0.0,3026.0,0.0,8.632317689003547e-07,0.0,0.0,1034.0,1.6735782298048104e-18,0.0,0.0,1753.0,4.215807270604799e-05,0.0,0.0,81596.0,7.0448666869821065e-06
3.0,41.0,0.0,3026.0,0.0,5.179390613402128e-07,0.0,0.0,1034.0,1.0041469378828863e-18,0.0,0.0,1753.0,2.529484362362879e-05,0.0,0.0,81596.0,4.226920012189264e-06
3.0,42.0,0.0,3026.0,0.0,3.1076343680412764e-07,0.0,0.0,1034.0,6.024881627297317e-19,0.0,0.0,1753.0,1.5176906174177274e-05,0.0,0.0,81596.0,2.536152007313558e-06
3.0,43.0,0.0,3026.0,0.0,1.8645806208247658e-07,0.0,0.0,1034.0,3.61492897637839e-19,0.0,0.0,1753.0,9.106143704506364e-06,0.0,0.0,81596.0,1.5216912043881349e-06
3.0,44.0,0.0,3026.0,0.0,1.1187483724948594e-07,0.0,0.0,1034.0,2.168957385827034e-19,0.0,0.0,1753.0,5.463686222703818e-06,0.0,0.0,81596.0,9.130147226328809e-07
3.0,45.0,0.0,3026.0,0.0,6.712490234969156e-08,0.0,0.0,1034.0,1.3013744314962202e-19,0.0,0.0,1753.0,3.278211733622291e-06,0.0,0.0,81596.0,5.478088335797285e-07
3.0,46.0,0.0,3026.0,0.0,4.0274941409814934e-08,0.0,0.0,1034.0,7.80824658897732e-20,0.0,0.0,1753.0,1.9669270401733745e-06,0.0,0.0,81596.0,3.286853001478371e-07
3.0,47.0,0.0,3026.0,0.0,2.416496484588896e-08,0.0,0.0,1034.0,4.684947953386392e-20,0.0,0.0,1753.0,1.1801562241040247e-06,0.0,0.0,81596.0,1.9721118008870227e-07
3.0,48.0,0.0,3026.0,0.0,1.4498978907533375e-08,0.0,0.0,1034.0,2.810968772031835e-20,0.0,0.0,1753.0,7.080937344624148e-07,0.0,0.0,81596.0,1.1832670805322135e-07
3.0,49.0,0.0,3026.0,0.0,8.699387344520025e-09,0.0,0.0,1034.0,1.686581263219101e-20,0.0,0.0,1753.0,4.248562406774489e-07,0.0,0.0,81596.0,7.099602483193282e-08
3.0,50.0,0.0,3026.0,0.0,5.219632406712015e-09,0.0,0.0,1034.0,1.0119487579314605e-20,0.0,0.0,1753.0,2.5491374440646933e-07,0.0,0.0,81596.0,4.259761489915969e-08
3.0,51.0,0.0,3026.0,0.0,3.1317794440272087e-09,0.0,0.0,1034.0,6.071692547588763e-21,0.0,0.0,1753.0,1.529482466438816e-07,0.0,0.0,81596.0,2.5558568939495814e-08
3.0,52.0,0.0,3026.0,0.0,1.879067666416325e-09,0.0,0.0,1034.0,3.643015528553257e-21,0.0,0.0,1753.0,9.176894798632896e-08,0.0,0.0,81596.0,1.5335141363697488e-08
4.0,1.0,0.0,3046.0,0.0,1.1274405998497951e-09,0.0,0.0,1034.0,2.185809317131954e-21,0.0,0.0,1753.0,5.506136879179737e-08,0.0,0.0,81596.0,9.201084818218492e-09
4.0,2.0,0.0,3046.0,0.0,6.764643599098771e-10,0.0,0.0,1101.0,1.3114855902791725e-21,0.0,0.0,1753.0,3.303682127507842e-08,0.0,0.0,82119.0,5.520650890931095e-09
4.0,3.0,0.0,3046.0,0.0,4.0587861594592625e-10,0.0,0.0,1101.0,7.868913541675034e-22,0.0,0.0,1753.0,1.9822092765047053e-08,0.0,0.0,82119.0,3.312390534558657e-09
4.0,4.0,0.0,3046.0,0.0,2.4352716956755576e-10,0.0,0.0,1101.0,4.72134812500502e-22,0.0,0.0,1753.0,1.1893255659028232e-08,0.0,0.0,82119.0,1.9874343207351942e-09
4.0,5.0,0.0,3046.0,0.0,1.4611630174053346e-10,0.0,0.0,1101.0,2.8328088750030123e-22,0.0,0.0,1753.0,7.135953395416939e-09,0.0,0.0,82119.0,1.1924605924411165e-09
4.0,6.0,0.0,3046.0,0.0,8.766978104432007e-11,0.0,0.0,1101.0,1.6996853250018073e-22,0.0,0.0,1753.0,4.281572037250163e-09,0.0,0.0,82119.0,7.154763554646698e-10
4.0,7.0,0.0,3046.0,0.0,5.260186862659204e-11,0.0,0.0,1101.0,1.0198111950010843e-22,0.0,0.0,1753.0,2.5689432223500978e-09,0.0,0.0,82119.0,4.292858132788019e-10
4.0,8.0,0.0,3046.0,0.0,3.156112117595522e-11,0.0,0.0,1101.0,6.118867170006505e-23,0.0,0.0,1753.0,1.5413659334100586e-09,0.0,0.0,82119.0,2.5757148796728113e-10
4.0,9.0,0.0,3046.0,0.0,1.8936672705573132e-11,0.0,0.0,1101.0,3.671320302003903e-23,0.0,0.0,1753.0,9.248195600460351e-10,0.0,0.0,82119.0,1.5454289278036868e-10
4.0,10.0,0.0,3046.0,0.0,1.1362003623343879e-11,0.0,0.0,1101.0,2.202792181202342e-23,0.0,0.0,1753.0,5.548917360276211e-10,0.0,0.0,82119.0,9.272573566822121e-11
4.0,11.0,0.0,3046.0,0.0,6.817202174006327e-12,0.0,0.0,1101.0,1.3216753087214051e-23,0.0,0.0,1753.0,3.3293504161657264e-10,0.0,0.0,82119.0,5.5635441400932724e-11
4.0,12.0,0.0,3046.0,0.0,4.090321304403796e-12,0.0,0.0,1101.0,7.93005185232843e-24,0.0,0.0,1753.0,1.9976102496994357e-10,0.0,0.0,82119.0,3.338126484055963e-11
4.0,13.0,0.000328299,3046.0,1.0,0.00013131960245419278,0.0,0.0,1101.0,4.758031111397058e-24,0.0,0.0,1753.0,1.1985661498196615e-10,0.0,0.0,82119.0,2.002875890433578e-11
4.0,14.0,0.0013131979999999998,3046.0,4.0,0.0006040709614725157,0.0,0.0,1101.0,2.8548186668382345e-24,0.0,0.0,1753.0,7.191396898917969e-11,1.2177e-05,1.0,82119.0,4.870812017255343e-06
4.0,15.0,0.0,3046.0,0.0,0.0003624425768835094,0.0,0.0,1101.0,1.7128912001029407e-24,0.0,0.0,1753.0,4.314838139350781e-11,6.0886999999999995e-05,5.0,82119.0,2.7277287210353204e-05
4.0,16.0,0.006237689,3046.0,19.0,0.002712541146130106,0.000908265,1.0,1101.0,0.00036330600000000003,0.0,0.0,1753.0,2.5889028836104688e-11,0.00012177399999999999,10.0,82119.0,6.507597232621192e-05
4.0,17.0,0.010177282,3046.0,31.0,0.0056984374876780635,0.0,0.0,1101.0,0.0002179836,0.0,0.0,1753.0,1.5533417301662813e-11,0.00020701700000000001,17.0,82119.0,0.00012185238339572715
4.0,18.0,0.0,3046.0,0.0,0.003419062492606838,0.0,0.0,1101.0,0.00013079016,0.0,0.0,1753.0,9.320050380997687e-12,0.000292259,24.0,82119.0,0.00019001503003743627
4.0,19.0,0.008207485,3046.0,25.0,0.005334431495564103,0.0,0.0,1101.0,7.847409599999999e-05,0.010838562,19.0,1753.0,0.004335424805592031,0.000584518,48.0,82119.0,0.00034781621802246177
4.0,20.0,0.000328299,3046.0,1.0,0.0033319784973384623,0.0,0.0,1101.0,4.708445759999999e-05,0.000570451,1.0,1753.0,0.002829435283355218,0.000657582,54.0,82119.0,0.0004717225308134771
4.0,21.0,0.0,3046.0,0.0,0.0019991870984030773,0.0,0.0,1101.0,2.8250674559999993e-05,0.0,0.0,1753.0,0.0016976611700131308,0.000304436,25.0,82119.0,0.00040480791848808624
4.0,22.0,0.0,3046.0,0.0,0.0011995122590418464,0.0,0.0,1101.0,1.6950404735999996e-05,0.005134056,9.0,1753.0,0.003072219102007878,0.000328791,27.0,82119.0,0.0003744011510928517
4.0,23.0,0.0,3046.0,0.0,0.0007197073554251078,0.003633061,4.0,1101.0,0.0014633946428416,0.005134056,9.0,1753.0,0.0038969538612047263,0.000998551,82.0,82119.0,0.0006240610906557111
4.0,24.0,0.0,3046.0,0.0,0.0004318244132550647,0.000908265,1.0,1101.0,0.00124134278570496,0.009697661,17.0,1753.0,0.006217236716722836,0.000876776,72.0,82119.0,0.0007251470543934267
4.0,25.0,0.0,3046.0,0.0,0.0002590946479530388,0.00181653,2.0,1101.0,0.001471417671422976,0.002852253,5.0,1753.0,0.004871243230033701,0.00071847,59.0,82119.0,0.000722476232636056
4.0,26.0,0.0,3046.0,0.0,0.00015545678877182327,0.0,0.0,1101.0,0.0008828506028537856,0.0022818029999999998,4.0,1753.0,0.0038354671380202206,0.00048709800000000004,40.0,82119.0,0.0006283249395816336
4.0,27.0,0.0,3046.0,0.0,9.327407326309396e-05,0.000908265,1.0,1101.0,0.0008930163617122714,0.0,0.0,1753.0,0.0023012802828121324,0.001643956,135.0,82119.0,0.0010345773637489802
4.0,28.0,0.0,3046.0,0.0,5.596444395785637e-05,0.0,0.0,1101.0,0.0005358098170273628,0.0,0.0,1753.0,0.0013807681696872793,0.000560163,46.0,82119.0,0.0008448116182493881
4.0,29.0,0.0,3046.0,0.0,3.357866637471382e-05,0.0,0.0,1101.0,0.00032148589021641766,0.0,0.0,1753.0,0.0008284609018123676,0.0015587139999999999,128.0,82119.0,0.0011303725709496328
4.0,30.0,0.0,3046.0,0.0,2.0147199824828293e-05,0.000908265,1.0,1101.0,0.0005561975341298506,0.0,0.0,1753.0,0.0004970765410874205,0.001631778,134.0,82119.0,0.0013309347425697797
4.0,31.0,0.0,3046.0,0.0,1.2088319894896976e-05,0.000908265,1.0,1101.0,0.0006970245204779104,0.0,0.0,1753.0,0.00029824592465245225,0.000998551,82.0,82119.0,0.001197981245541868
4.0,32.0,0.000328299,3046.0,1.0,0.0001385725919369382,0.0,0.0,1101.0,0.0004182147122867462,0.0,0.0,1753.0,0.00017894755479147136,0.001266455,104.0,82119.0,0.001225370747325121
4.0,33.0,0.0,3046.0,0.0,8.31435551621629e-05,0.0,0.0,1101.0,0.0002509288273720477,0.0,0.0,1753.0,0.00010736853287488282,0.001169035,96.0,82119.0,0.0012028364483950725
4.0,34.0,0.0,3046.0,0.0,4.988613309729774e-05,0.0,0.0,1101.0,0.0001505572964232286,0.0,0.0,1753.0,6.442111972492969e-05,0.000633227,52.0,82119.0,0.0009749926690370435
4.0,35.0,0.0,3046.0,0.0,2.993167985837864e-05,0.0,0.0,1101.0,9.033437785393716e-05,0.0,0.0,1753.0,3.865267183495781e-05,0.001071616,88.0,82119.0,0.0010136420014222262
4.0,36.0,0.0,3046.0,0.0,1.7959007915027183e-05,0.0,0.0,1101.0,5.42006267123623e-05,0.0,0.0,1753.0,2.3191603100974687e-05,0.000913309,75.0,82119.0,0.0009735088008533358
4.0,37.0,0.0,3046.0,0.0,1.077540474901631e-05,0.0,0.0,1101.0,3.252037602741738e-05,0.0,0.0,1753.0,1.3914961860584812e-05,0.000730647,60.0,82119.0,0.0008763640805120015
4.0,38.0,0.0,3046.0,0.0,6.4652428494097855e-06,0.0,0.0,1101.0,1.9512225616450427e-05,0.0,0.0,1753.0,8.348977116350886e-06,0.000365323,30.0,82119.0,0.0006719476483072009
4.0,39.0,0.0,3046.0,0.0,3.8791457096458715e-06,0.0,0.0,1101.0,1.1707335369870256e-05,0.0,0.0,1753.0,5.009386269810532e-06,0.00024354900000000002,20.0,82119.0,0.0005005881889843205
4.0,40.0,0.0,3046.0,0.0,2.3274874257875227e-06,0.0,0.0,1101.0,7.024401221922154e-06,0.0,0.0,1753.0,3.0056317618863187e-06,0.0,0.0,82119.0,0.0003003529133905923
4.0,41.0,0.0,3046.0,0.0,1.3964924554725137e-06,0.0,0.0,1101.0,4.214640733153292e-06,0.0,0.0,1753.0,1.8033790571317912e-06,0.0,0.0,82119.0,0.00018021174803435538
4.0,42.0,0.0,3046.0,0.0,8.378954732835082e-07,0.0,0.0,1101.0,2.5287844398919755e-06,0.0,0.0,1753.0,1.0820274342790747e-06,0.0,0.0,82119.0,0.00010812704882061322
4.0,43.0,0.0,3046.0,0.0,5.027372839701049e-07,0.0,0.0,1101.0,1.5172706639351852e-06,0.0,0.0,1753.0,6.492164605674448e-07,0.0,0.0,82119.0,6.487622929236792e-05
4.0,44.0,0.0,3046.0,0.0,3.0164237038206296e-07,0.0,0.0,1101.0,9.103623983611111e-07,0.0,0.0,1753.0,3.8952987634046685e-07,0.0,0.0,82119.0,3.8925737575420754e-05
4.0,45.0,0.0,3046.0,0.0,1.8098542222923777e-07,0.0,0.0,1101.0,5.462174390166666e-07,0.0,0.0,1753.0,2.337179258042801e-07,0.0,0.0,82119.0,2.335544254525245e-05
4.0,46.0,0.0,3046.0,0.0,1.0859125333754266e-07,0.0,0.0,1101.0,3.2773046340999997e-07,0.0,0.0,1753.0,1.4023075548256806e-07,0.0,0.0,82119.0,1.4013265527151469e-05
4.0,47.0,0.0,3046.0,0.0,6.515475200252559e-08,0.0,0.0,1101.0,1.9663827804599997e-07,0.0,0.0,1753.0,8.413845328954083e-08,0.0,0.0,82119.0,8.40795931629088e-06
4.0,48.0,0.0,3046.0,0.0,3.909285120151535e-08,0.0,0.0,1101.0,1.1798296682759997e-07,0.0,0.0,1753.0,5.04830719737245e-08,0.0,0.0,82119.0,5.0447755897745284e-06
4.0,49.0,0.0,3046.0,0.0,2.345571072090921e-08,0.0,0.0,1101.0,7.078978009655998e-08,0.0,0.0,1753.0,3.02898431842347e-08,0.0,0.0,82119.0,3.026865353864717e-06
4.0,50.0,0.0,3046.0,0.0,1.4073426432545525e-08,0.0,0.0,1101.0,4.2473868057935986e-08,0.0,0.0,1753.0,1.8173905910540818e-08,0.0,0.0,82119.0,1.81611921231883e-06
4.0,51.0,0.0,3046.0,0.0,8.444055859527316e-09,0.0,0.0,1101.0,2.5484320834761592e-08,0.0,0.0,1753.0,1.090434354632449e-08,0.0,0.0,82119.0,1.089671527391298e-06
4.0,52.0,0.0,3046.0,0.0,5.066433515716389e-09,0.0,0.0,1101.0,1.5290592500856954e-08,0.0,0.0,1753.0,6.542606127794693e-09,0.0,0.0,82119.0,6.538029164347787e-07
5.0,1.0,0.0,3110.0,0.0,3.0398601094298333e-09,0.0,0.0,1101.0,9.174355500514173e-09,0.0,0.0,1753.0,3.925563676676816e-09,0.0,0.0,82119.0,3.9228174986086723e-07
5.0,2.0,0.0,3110.0,0.0,1.8239160656579e-09,0.0,0.0,1085.0,5.504613300308504e-09,0.0,0.0,1777.0,2.3553382060060895e-09,0.0,0.0,81991.0,2.3536904991652031e-07
5.0,3.0,0.0,3110.0,0.0,1.0943496393947398e-09,0.0,0.0,1085.0,3.302767980185102e-09,0.0,0.0,1777.0,1.4132029236036537e-09,0.0,0.0,81991.0,1.4122142994991218e-07
5.0,4.0,0.0,3110.0,0.0,6.566097836368439e-10,0.0,0.0,1085.0,1.981660788111061e-09,0.0,0.0,1777.0,8.479217541621921e-10,0.0,0.0,81991.0,8.473285796994731e-08
5.0,5.0,0.0,3110.0,0.0,3.9396587018210634e-10,0.0,0.0,1085.0,1.1889964728666365e-09,0.0,0.0,1777.0,5.087530524973153e-10,0.0,0.0,81991.0,5.083971478196838e-08
5.0,6.0,0.0,3110.0,0.0,2.3637952210926377e-10,0.0,0.0,1085.0,7.133978837199819e-10,0.0,0.0,1777.0,3.052518314983892e-10,0.0,0.0,81991.0,3.050382886918103e-08
5.0,7.0,0.0,3110.0,0.0,1.4182771326555825e-10,0.0,0.0,1085.0,4.280387302319891e-10,0.0,0.0,1777.0,1.831510988990335e-10,0.0,0.0,81991.0,1.8302297321508616e-08
5.0,8.0,0.0,3110.0,0.0,8.509662795933495e-11,0.0,0.0,1085.0,2.568232381391934e-10,0.0,0.0,1777.0,1.098906593394201e-10,0.0,0.0,81991.0,1.098137839290517e-08
5.0,9.0,0.0,3110.0,0.0,5.105797677560097e-11,0.0,0.0,1085.0,1.5409394288351605e-10,0.0,0.0,1777.0,6.593439560365206e-11,0.0,0.0,81991.0,6.588827035743102e-09
5.0,10.0,0.0,3110.0,0.0,3.063478606536058e-11,0.0,0.0,1085.0,9.245636573010963e-11,0.0,0.0,1777.0,3.956063736219123e-11,0.0,0.0,81991.0,3.953296221445861e-09
5.0,11.0,0.0,3110.0,0.0,1.8380871639216346e-11,0.0,0.0,1085.0,5.547381943806578e-11,0.0,0.0,1777.0,2.3736382417314738e-11,0.0,0.0,81991.0,2.3719777328675166e-09
5.0,12.0,0.0,3110.0,0.0,1.1028522983529808e-11,0.0,0.0,1085.0,3.3284291662839466e-11,0.0,0.0,1777.0,1.4241829450388841e-11,0.0,0.0,81991.0,1.42318663972051e-09
5.0,13.0,0.0,3110.0,0.0,6.617113790117885e-12,0.0,0.0,1085.0,1.9970574997703678e-11,0.0,0.0,1777.0,8.545097670233304e-12,0.0,0.0,81991.0,8.53911983832306e-10
5.0,14.0,0.0,3110.0,0.0,3.9702682740707305e-12,0.0,0.0,1085.0,1.1982344998622206e-11,0.0,0.0,1777.0,5.127058602139983e-12,0.0,0.0,81991.0,5.123471902993835e-10
5.0,15.0,0.0,3110.0,0.0,2.3821609644424384e-12,0.0,0.0,1085.0,7.1894069991733235e-12,0.0,0.0,1777.0,3.0762351612839894e-12,0.000109768,9.0,81991.0,4.3907507408314175e-05
5.0,16.0,0.00096463,3110.0,3.0,0.0003858520014292966,0.0,0.0,1085.0,4.313644199503994e-12,0.0,0.0,1777.0,1.8457410967703937e-12,0.000146358,12.0,81991.0,8.48877044449885e-05
5.0,17.0,0.00192926,3110.0,6.0,0.001003215200857578,0.0,0.0,1085.0,2.588186519702396e-12,0.0,0.0,1777.0,1.1074446580622362e-12,0.00041468,34.0,81991.0,0.0002168046226669931
5.0,18.0,0.000321543,3110.0,1.0,0.0007305463205145468,0.0,0.0,1085.0,1.5529119118214376e-12,0.0,0.0,1777.0,6.644667948373417e-13,0.00040248300000000003,33.0,81991.0,0.00029107597360019587
5.0,19.0,0.0,3110.0,0.0,0.00043832779230872803,0.0,0.0,1085.0,9.317471470928625e-13,0.0,0.0,1777.0,3.98680076902405e-13,0.000634216,52.0,81991.0,0.00042833198416011755
5.0,20.0,0.000643087,3110.0,2.0,0.0005202314753852368,0.0,0.0,1085.0,5.590482882557175e-13,0.0,0.0,1777.0,2.39208046141443e-13,0.0005244480000000001,43.0,81991.0,0.00046677839049607053
5.0,21.0,0.000321543,3110.0,1.0,0.00044075608523114207,0.0,0.0,1085.0,3.354289729534305e-13,0.0,0.0,1777.0,1.435248276848658e-13,0.00025612599999999997,21.0,81991.0,0.0003825174342976423
5.0,22.0,0.000321543,3110.0,1.0,0.0003930708511386852,0.0,0.0,1085.0,2.0125738377205828e-13,0.0,0.0,1777.0,8.611489661091947e-14,0.000353697,29.0,81991.0,0.00037098926057858536
5.0,23.0,0.0,3110.0,0.0,0.00023584251068321113,0.0009216589999999999,1.0,1085.0,0.0003686636001207544,0.0,0.0,1777.0,5.166893796655168e-14,0.000280519,23.0,81991.0,0.0003348011563471512
5.0,24.0,0.000321543,3110.0,1.0,0.0002701227064099267,0.0,0.0,1085.0,0.0002211981600724526,0.0,0.0,1777.0,3.100136277993101e-14,0.000109768,9.0,81991.0,0.0002447878938082907
5.0,25.0,0.0,3110.0,0.0,0.000162073623845956,0.0,0.0,1085.0,0.00013271889604347156,0.0,0.0,1777.0,1.8600817667958605e-14,7.3179e-05,6.0,81991.0,0.00017614433628497444
5.0,26.0,0.0,3110.0,0.0,9.72441743075736e-05,0.0,0.0,1085.0,7.963133762608293e-05,0.0,0.0,1777.0,1.1160490600775163e-14,6.0982e-05,5.0,81991.0,0.00013007940177098466
5.0,27.0,0.0,3110.0,0.0,5.834650458454416e-05,0.0,0.0,1085.0,4.777880257564976e-05,0.0,0.0,1777.0,6.696294360465097e-15,7.3179e-05,6.0,81991.0,0.0001073192410625908
5.0,28.0,0.0,3110.0,0.0,3.500790275072649e-05,0.0,0.0,1085.0,2.8667281545389855e-05,0.0,0.0,1777.0,4.0177766162790585e-15,3.6589e-05,3.0,81991.0,7.902714463755447e-05
5.0,29.0,0.0,3110.0,0.0,2.1004741650435897e-05,0.0,0.0,1085.0,1.720036892723391e-05,0.0,0.0,1777.0,2.410665969767435e-15,7.3179e-05,6.0,81991.0,7.668788678253268e-05
5.0,30.0,0.0,3110.0,0.0,1.2602844990261537e-05,0.0,0.0,1085.0,1.0320221356340346e-05,0.0,0.0,1777.0,1.4463995818604609e-15,4.8786000000000004e-05,4.0,81991.0,6.552713206951961e-05
5.0,31.0,0.0,3110.0,0.0,7.561706994156922e-06,0.0,0.0,1085.0,6.192132813804208e-06,0.0,0.0,1777.0,8.678397491162765e-16,2.4393000000000002e-05,2.0,81991.0,4.907347924171177e-05
5.0,32.0,0.0,3110.0,0.0,4.537024196494153e-06,0.0009216589999999999,1.0,1085.0,0.0003723788796882825,0.0,0.0,1777.0,5.207038494697658e-16,3.6589e-05,3.0,81991.0,4.407968754502706e-05
5.0,33.0,0.0,3110.0,0.0,2.7222145178964916e-06,0.0,0.0,1085.0,0.00022342732781296948,0.0,0.0,1777.0,3.124223096818595e-16,0.0,0.0,81991.0,2.6447812527016233e-05
5.0,34.0,0.0,3110.0,0.0,1.633328710737895e-06,0.0,0.0,1085.0,0.00013405639668778168,0.0,0.0,1777.0,1.8745338580911567e-16,2.4393000000000002e-05,2.0,81991.0,2.562588751620974e-05
5.0,35.0,0.0,3110.0,0.0,9.79997226442737e-07,0.0,0.0,1085.0,8.0433838012669e-05,0.0,0.0,1777.0,1.124720314854694e-16,0.0,0.0,81991.0,1.5375532509725843e-05
5.0,36.0,0.0,3110.0,0.0,5.879983358656422e-07,0.0,0.0,1085.0,4.8260302807601403e-05,0.0,0.0,1777.0,6.748321889128164e-17,0.0,0.0,81991.0,9.225319505835506e-06
5.0,37.0,0.0,3110.0,0.0,3.527990015193853e-07,0.0,0.0,1085.0,2.895618168456084e-05,0.0,0.0,1777.0,4.0489931334768983e-17,0.0,0.0,81991.0,5.535191703501304e-06
5.0,38.0,0.0,3110.0,0.0,2.116794009116312e-07,0.0,0.0,1085.0,1.7373709010736502e-05,0.0,0.0,1777.0,2.429395880086139e-17,1.2196e-05,1.0,81991.0,8.199515022100783e-06
5.0,39.0,0.0,3110.0,0.0,1.270076405469787e-07,0.0,0.0,1085.0,1.0424225406441901e-05,0.0,0.0,1777.0,1.4576375280516834e-17,2.4393000000000002e-05,2.0,81991.0,1.4676909013260472e-05
5.0,40.0,0.0,3110.0,0.0,7.620458432818723e-08,0.0,0.0,1085.0,6.254535243865141e-06,0.0,0.0,1777.0,8.7458251683101e-18,2.4393000000000002e-05,2.0,81991.0,1.8563345407956284e-05
5.0,41.0,0.0,3110.0,0.0,4.5722750596912335e-08,0.0,0.0,1085.0,3.7527211463190844e-06,0.0,0.0,1777.0,5.24749510098606e-18,0.0,0.0,81991.0,1.113800724477377e-05
5.0,42.0,0.0,3110.0,0.0,2.74336503581474e-08,0.0,0.0,1085.0,2.2516326877914505e-06,0.0,0.0,1777.0,3.1484970605916355e-18,0.0,0.0,81991.0,6.682804346864262e-06
5.0,43.0,0.0,3110.0,0.0,1.646019021488844e-08,0.0,0.0,1085.0,1.3509796126748703e-06,0.0,0.0,1777.0,1.889098236354981e-18,0.0,0.0,81991.0,4.009682608118557e-06
5.0,44.0,0.0,3110.0,0.0,9.876114128933064e-09,0.0,0.0,1085.0,8.105877676049221e-07,0.0,0.0,1777.0,1.1334589418129887e-18,0.0,0.0,81991.0,2.4058095648711343e-06
5.0,45.0,0.0,3110.0,0.0,5.925668477359838e-09,0.0,0.0,1085.0,4.863526605629533e-07,0.0,0.0,1777.0,6.800753650877932e-19,0.0,0.0,81991.0,1.4434857389226806e-06
5.0,46.0,0.0,3110.0,0.0,3.5554010864159025e-09,0.0,0.0,1085.0,2.9181159633777195e-07,0.0,0.0,1777.0,4.0804521905267587e-19,0.0,0.0,81991.0,8.660914433536083e-07
5.0,47.0,0.0,3110.0,0.0,2.1332406518495413e-09,0.0,0.0,1085.0,1.7508695780266315e-07,0.0,0.0,1777.0,2.4482713143160553e-19,0.0,0.0,81991.0,5.19654866012165e-07
5.0,48.0,0.0,3110.0,0.0,1.2799443911097248e-09,0.0,0.0,1085.0,1.0505217468159789e-07,0.0,0.0,1777.0,1.4689627885896332e-19,0.0,0.0,81991.0,3.1179291960729903e-07
5.0,49.0,0.0,3110.0,0.0,7.679666346658348e-10,0.0,0.0,1085.0,6.303130480895873e-08,0.0,0.0,1777.0,8.813776731537799e-20,0.0,0.0,81991.0,1.8707575176437942e-07
5.0,50.0,0.0,3110.0,0.0,4.6077998079950087e-10,0.0,0.0,1085.0,3.7818782885375236e-08,0.0,0.0,1777.0,5.288266038922679e-20,0.0,0.0,81991.0,1.1224545105862764e-07
5.0,51.0,0.0,3110.0,0.0,2.764679884797005e-10,0.0,0.0,1085.0,2.269126973122514e-08,0.0,0.0,1777.0,3.172959623353607e-20,0.0,0.0,81991.0,6.734727063517659e-08
5.0,52.0,0.0,3110.0,0.0,1.658807930878203e-10,0.0,0.0,1085.0,1.3614761838735085e-08,0.0,0.0,1777.0,1.9037757740121642e-20,0.0,0.0,81991.0,4.0408362381105954e-08
6.0,1.0,0.0,3170.0,0.0,9.952847585269218e-11,0.0,0.0,1085.0,8.16885710324105e-09,0.0,0.0,1777.0,1.1422654644072985e-20,0.0,0.0,81991.0,2.424501742866357e-08
6.0,2.0,0.0,3170.0,0.0,5.97170855116153e-11,0.0,0.0,1072.0,4.90131426194463e-09,0.0,0.0,1767.0,6.853592786443792e-21,0.0,0.0,81829.0,1.4547010457198141e-08
6.0,3.0,0.0,3170.0,0.0,3.583025130696918e-11,0.0,0.0,1072.0,2.9407885571667777e-09,0.0,0.0,1767.0,4.112155671866275e-21,0.0,0.0,81829.0,8.728206274318884e-09
6.0,4.0,0.0,3170.0,0.0,2.1498150784181507e-11,0.0,0.0,1072.0,1.7644731343000665e-09,0.0,0.0,1767.0,2.467293403119765e-21,0.0,0.0,81829.0,5.23692376459133e-09
6.0,5.0,0.0,3170.0,0.0,1.2898890470508904e-11,0.0,0.0,1072.0,1.0586838805800398e-09,0.0,0.0,1767.0,1.480376041871859e-21,0.0,0.0,81829.0,3.1421542587547978e-09
6.0,6.0,0.0,3170.0,0.0,7.739334282305342e-12,0.0,0.0,1072.0,6.352103283480238e-10,0.0,0.0,1767.0,8.882256251231152e-22,0.0,0.0,81829.0,1.8852925552528787e-09
6.0,7.0,0.0,3170.0,0.0,4.643600569383205e-12,0.0,0.0,1072.0,3.811261970088143e-10,0.0,0.0,1767.0,5.3293537507386915e-22,1.2220999999999999e-05,1.0,81829.0,4.889531175533151e-06
6.0,8.0,0.0,3170.0,0.0,2.786160341629923e-12,0.0,0.0,1072.0,2.2867571820528855e-10,0.0,0.0,1767.0,3.1976122504432147e-22,3.6661999999999996e-05,3.0,81829.0,1.759851870531989e-05
6.0,9.0,0.0,3170.0,0.0,1.6716962049779538e-12,0.0,0.0,1072.0,1.3720543092317313e-10,0.0,0.0,1767.0,1.9185673502659288e-22,1.2220999999999999e-05,1.0,81829.0,1.5447511223191932e-05
6.0,10.0,0.0,3170.0,0.0,1.0030177229867722e-12,0.0,0.0,1072.0,8.232325855390388e-11,0.0,0.0,1767.0,1.1511404101595573e-22,7.332399999999999e-05,6.0,81829.0,3.8598106733915155e-05
6.0,11.0,0.0,3170.0,0.0,6.018106337920633e-13,0.0,0.0,1072.0,4.9393955132342325e-11,0.0,0.0,1767.0,6.906842460957344e-23,6.1103e-05,5.0,81829.0,4.760006404034909e-05
6.0,12.0,0.0,3170.0,0.0,3.61086380275238e-13,0.0,0.0,1072.0,2.963637307940539e-11,0.0,0.0,1767.0,4.144105476574406e-23,0.0,0.0,81829.0,2.8560038424209453e-05
6.0,13.0,0.0,3170.0,0.0,2.1665182816514278e-13,0.0,0.0,1072.0,1.7781823847643233e-11,0.0,0.0,1767.0,2.4864632859446435e-23,2.4441e-05,2.0,81829.0,2.6912423054525672e-05
6.0,14.0,0.000315457,3170.0,1.0,0.0001261828001299911,0.0,0.0,1072.0,1.066909430858594e-11,0.0,0.0,1767.0,1.491877971566786e-23,2.4441e-05,2.0,81829.0,2.5923853832715403e-05
6.0,15.0,0.0,3170.0,0.0,7.570968007799465e-05,0.0,0.0,1072.0,6.401456585151564e-12,0.000565931,1.0,1767.0,0.0002263724,3.6661999999999996e-05,3.0,81829.0,3.021911229962924e-05
6.0,16.0,0.0,3170.0,0.0,4.542580804679679e-05,0.0,0.0,1072.0,3.840873951090938e-12,0.000565931,1.0,1767.0,0.00036219583999999995,0.000134427,11.0,81829.0,7.190226737977754e-05
6.0,17.0,0.000315457,3170.0,1.0,0.00015343828482807808,0.0,0.0,1072.0,2.304524370654563e-12,0.0,0.0,1767.0,0.00021731750399999996,0.00040328,33.0,81829.0,0.00020445336042786654
6.0,18.0,0.000946372,3170.0,3.0,0.0004706117708968469,0.0,0.0,1072.0,1.3827146223927377e-12,0.0,0.0,1767.0,0.00013039050239999997,0.0007332360000000001,60.0,81829.0,0.00041596641625672
6.0,19.0,0.000630915,3170.0,2.0,0.0005347330625381082,0.000932836,1.0,1072.0,0.00037313440082962883,0.00565931,10.0,1767.0,0.00234195830144,0.000574369,47.0,81829.0,0.000479327449754032
6.0,20.0,0.0015772870000000001,3170.0,5.0,0.000951754637522865,0.002798507,3.0,1072.0,0.0013432834404977774,0.000565931,1.0,1767.0,0.001631547380864,0.000415501,34.0,81829.0,0.0004537968698524192
6.0,21.0,0.004100945999999999,3170.0,13.0,0.002211431182513719,0.0,0.0,1072.0,0.0008059700642986664,0.0,0.0,1767.0,0.0009789284285184,0.000476604,39.0,81829.0,0.0004629197219114515
6.0,22.0,0.000630915,3170.0,2.0,0.0015792247095082312,0.000932836,1.0,1072.0,0.0008567164385791999,0.0,0.0,1767.0,0.00058735705711104,0.00036661800000000003,30.0,81829.0,0.00042439903314687094
6.0,23.0,0.0,3170.0,0.0,0.0009475348257049387,0.0,0.0,1072.0,0.0005140298631475199,0.0,0.0,1767.0,0.000352414234266624,0.00023219200000000002,19.0,81829.0,0.00034751621988812255
6.0,24.0,0.0,3170.0,0.0,0.0005685208954229632,0.0,0.0,1072.0,0.0003084179178885119,0.0,0.0,1767.0,0.0002114485405599744,0.000293295,24.0,81829.0,0.0003258277319328735
6.0,25.0,0.0,3170.0,0.0,0.0003411125372537779,0.0,0.0,1072.0,0.00018505075073310713,0.0,0.0,1767.0,0.00012686912433598464,0.00020775,17.0,81829.0,0.00027859663915972416
6.0,26.0,0.000315457,3170.0,1.0,0.0003308503223522667,0.0,0.0,1072.0,0.00011103045043986428,0.000565931,1.0,1767.0,0.0003024938746015908,9.7765e-05,8.0,81829.0,0.0002062639834958345
6.0,27.0,0.000315457,3170.0,1.0,0.00032469299341136,0.0,0.0,1072.0,6.661827026391856e-05,0.0,0.0,1767.0,0.00018149632476095447,7.332399999999999e-05,6.0,81829.0,0.0001530879900975007
6.0,28.0,0.000315457,3170.0,1.0,0.00032099859604681604,0.001865672,2.0,1072.0,0.0007862397621583512,0.0,0.0,1767.0,0.00010889779485657268,0.0,0.0,81829.0,9.185279405850042e-05
6.0,29.0,0.000630915,3170.0,2.0,0.00044496515762808964,0.000932836,1.0,1072.0,0.0008448782572950107,0.000565931,1.0,1767.0,0.0002917110769139436,9.7765e-05,8.0,81829.0,9.421767643510024e-05
6.0,30.0,0.0,3170.0,0.0,0.00026697909457685376,0.0,0.0,1072.0,0.0005069269543770063,0.0,0.0,1767.0,0.00017502664614836615,1.2220999999999999e-05,1.0,81829.0,6.141900586106015e-05
6.0,31.0,0.000315457,3170.0,1.0,0.00028637025674611226,0.0,0.0,1072.0,0.0003041561726262038,0.0,0.0,1767.0,0.00010501598768901969,3.6661999999999996e-05,3.0,81829.0,5.151620351663609e-05
6.0,32.0,0.000630915,3170.0,2.0,0.00042418815404766735,0.0,0.0,1072.0,0.00018249370357572228,0.0,0.0,1767.0,6.300959261341181e-05,3.6661999999999996e-05,3.0,81829.0,4.5574522109981654e-05
6.0,33.0,0.0,3170.0,0.0,0.0002545128924286004,0.0,0.0,1072.0,0.00010949622214543337,0.0,0.0,1767.0,3.780575556804709e-05,6.1103e-05,5.0,81829.0,5.178591326598899e-05
6.0,34.0,0.0,3170.0,0.0,0.00015270773545716023,0.0,0.0,1072.0,6.569773328726002e-05,0.0,0.0,1767.0,2.2683453340828252e-05,7.332399999999999e-05,6.0,81829.0,6.040114795959339e-05
6.0,35.0,0.0,3170.0,0.0,9.162464127429613e-05,0.0,0.0,1072.0,3.941863997235601e-05,0.0,0.0,1767.0,1.3610072004496951e-05,0.0,0.0,81829.0,3.6240688775756033e-05
6.0,36.0,0.0,3170.0,0.0,5.4974784764577675e-05,0.0,0.0,1072.0,2.3651183983413605e-05,0.0,0.0,1767.0,8.16604320269817e-06,0.0,0.0,81829.0,2.174441326545362e-05
6.0,37.0,0.0,3170.0,0.0,3.29848708587466e-05,0.0,0.0,1072.0,1.4190710390048162e-05,0.0,0.0,1767.0,4.8996259216189015e-06,6.1103e-05,5.0,81829.0,3.748784795927218e-05
6.0,38.0,0.0,3170.0,0.0,1.979092251524796e-05,0.0,0.0,1072.0,8.514426234028897e-06,0.0,0.0,1767.0,2.939775552971341e-06,1.2220999999999999e-05,1.0,81829.0,2.7381108775563305e-05
6.0,39.0,0.0,3170.0,0.0,1.1874553509148777e-05,0.0,0.0,1072.0,5.108655740417338e-06,0.0,0.0,1767.0,1.7638653317828044e-06,0.0,0.0,81829.0,1.6428665265337982e-05
6.0,40.0,0.0,3170.0,0.0,7.124732105489265e-06,0.0,0.0,1072.0,3.0651934442504027e-06,0.0,0.0,1767.0,1.0583191990696826e-06,3.6661999999999996e-05,3.0,81829.0,2.4521999159202787e-05
6.0,41.0,0.0,3170.0,0.0,4.274839263293559e-06,0.0,0.0,1072.0,1.8391160665502414e-06,0.0,0.0,1767.0,6.349915194418095e-07,0.0,0.0,81829.0,1.4713199495521671e-05
6.0,42.0,0.0,3170.0,0.0,2.564903557976135e-06,0.0,0.0,1072.0,1.1034696399301449e-06,0.0,0.0,1767.0,3.809949116650857e-07,0.0,0.0,81829.0,8.827919697313002e-06
6.0,43.0,0.0,3170.0,0.0,1.538942134785681e-06,0.0,0.0,1072.0,6.620817839580869e-07,0.0,0.0,1767.0,2.2859694699905141e-07,0.0,0.0,81829.0,5.296751818387801e-06
6.0,44.0,0.0,3170.0,0.0,9.233652808714086e-07,0.0,0.0,1072.0,3.972490703748521e-07,0.0,0.0,1767.0,1.3715816819943085e-07,0.0,0.0,81829.0,3.1780510910326805e-06
6.0,45.0,0.0,3170.0,0.0,5.540191685228451e-07,0.0,0.0,1072.0,2.3834944222491126e-07,0.0,0.0,1767.0,8.229490091965851e-08,0.0,0.0,81829.0,1.9068306546196081e-06
6.0,46.0,0.0,3170.0,0.0,3.3241150111370707e-07,0.0,0.0,1072.0,1.4300966533494675e-07,0.0,0.0,1767.0,4.937694055179511e-08,0.0,0.0,81829.0,1.1440983927717648e-06
6.0,47.0,0.0,3170.0,0.0,1.9944690066822425e-07,0.0,0.0,1072.0,8.580579920096805e-08,0.0,0.0,1767.0,2.9626164331077064e-08,0.0,0.0,81829.0,6.864590356630588e-07
6.0,48.0,0.0,3170.0,0.0,1.1966814040093454e-07,0.0,0.0,1072.0,5.148347952058083e-08,0.0,0.0,1767.0,1.777569859864624e-08,0.0,0.0,81829.0,4.118754213978353e-07
6.0,49.0,0.0,3170.0,0.0,7.180088424056072e-08,0.0,0.0,1072.0,3.0890087712348493e-08,0.0,0.0,1767.0,1.0665419159187744e-08,0.0,0.0,81829.0,2.4712525283870116e-07
6.0,50.0,0.0,3170.0,0.0,4.308053054433643e-08,0.0,0.0,1072.0,1.8534052627409095e-08,0.0,0.0,1767.0,6.399251495512646e-09,0.0,0.0,81829.0,1.482751517032207e-07
6.0,51.0,0.0,3170.0,0.0,2.5848318326601855e-08,0.0,0.0,1072.0,1.1120431576445456e-08,0.0,0.0,1767.0,3.839550897307587e-09,0.0,0.0,81829.0,8.896509102193241e-08
6.0,52.0,0.0,3170.0,0.0,1.5508990995961113e-08,0.0,0.0,1072.0,6.672258945867273e-09,0.0,0.0,1767.0,2.3037305383845524e-09,0.0,0.0,81829.0,5.337905461315944e-08
7.0,1.0,0.0,3091.0,0.0,9.305394597576667e-09,0.0,0.0,1072.0,4.003355367520364e-09,0.0,0.0,1767.0,1.3822383230307314e-09,0.0,0.0,81829.0,3.202743276789566e-08
7.0,2.0,0.0,3091.0,0.0,5.5832367585459996e-09,0.0,0.0,1047.0,2.4020132205122183e-09,0.0,0.0,1752.0,8.293429938184388e-10,0.0,0.0,81488.0,1.9216459660737397e-08
7.0,3.0,0.0,3091.0,0.0,3.3499420551275995e-09,0.0,0.0,1047.0,1.4412079323073309e-09,0.0,0.0,1752.0,4.976057962910633e-10,0.0,0.0,81488.0,1.1529875796442438e-08
7.0,4.0,0.0,3091.0,0.0,2.0099652330765596e-09,0.0,0.0,1047.0,8.647247593843985e-10,0.0,0.0,1752.0,2.9856347777463796e-10,1.2272e-05,1.0,81488.0,4.915717925477865e-06
7.0,5.0,0.0,3091.0,0.0,1.2059791398459356e-09,0.0,0.0,1047.0,5.188348556306391e-10,0.0,0.0,1752.0,1.7913808666478276e-10,0.0,0.0,81488.0,2.9494307552867193e-06
7.0,6.0,0.0,3091.0,0.0,7.235874839075613e-10,0.0,0.0,1047.0,3.1130091337838344e-10,0.0,0.0,1752.0,1.0748285199886965e-10,0.0,0.0,81488.0,1.7696584531720315e-06
7.0,7.0,0.0,3091.0,0.0,4.341524903445368e-10,0.0,0.0,1047.0,1.8678054802703005e-10,0.0,0.0,1752.0,6.448971119932179e-11,0.0,0.0,81488.0,1.061795071903219e-06
7.0,8.0,0.0,3091.0,0.0,2.6049149420672204e-10,0.0,0.0,1047.0,1.1206832881621802e-10,0.0,0.0,1752.0,3.869382671959307e-11,0.0,0.0,81488.0,6.370770431419313e-07
7.0,9.0,0.0,3091.0,0.0,1.5629489652403323e-10,0.0,0.0,1047.0,6.724099728973081e-11,0.0,0.0,1752.0,2.321629603175584e-11,0.0,0.0,81488.0,3.822462258851588e-07
7.0,10.0,0.0,3091.0,0.0,9.377693791441993e-11,0.0,0.0,1047.0,4.0344598373838486e-11,0.0,0.0,1752.0,1.3929777619053504e-11,0.0,0.0,81488.0,2.2934773553109526e-07
7.0,11.0,0.0,3091.0,0.0,5.626616274865196e-11,0.0,0.0,1047.0,2.420675902430309e-11,0.0,0.0,1752.0,8.357866571432103e-12,0.0,0.0,81488.0,1.3760864131865715e-07
7.0,12.0,0.0,3091.0,0.0,3.375969764919117e-11,0.0,0.0,1047.0,1.4524055414581854e-11,0.0,0.0,1752.0,5.0147199428592614e-12,0.0,0.0,81488.0,8.256518479119429e-08
7.0,13.0,0.0,3091.0,0.0,2.0255818589514703e-11,0.0,0.0,1047.0,8.714433248749112e-12,0.0,0.0,1752.0,3.008831965715557e-12,0.0,0.0,81488.0,4.953911087471657e-08
7.0,14.0,0.0,3091.0,0.0,1.2153491153708821e-11,0.0,0.0,1047.0,5.228659949249467e-12,0.0,0.0,1752.0,1.805299179429334e-12,0.0,0.0,81488.0,2.9723466524829943e-08
7.0,15.0,0.0,3091.0,0.0,7.292094692225293e-12,0.0,0.0,1047.0,3.1371959695496804e-12,0.0,0.0,1752.0,1.0831795076576004e-12,0.0,0.0,81488.0,1.7834079914897966e-08
7.0,16.0,0.0,3091.0,0.0,4.3752568153351755e-12,0.0,0.0,1047.0,1.882317581729808e-12,0.0,0.0,1752.0,6.499077045945603e-13,0.0,0.0,81488.0,1.070044794893878e-08
7.0,17.0,0.0,3091.0,0.0,2.6251540892011053e-12,0.0,0.0,1047.0,1.1293905490378848e-12,0.0,0.0,1752.0,3.8994462275673616e-13,0.0,0.0,81488.0,6.420268769363268e-09
7.0,18.0,0.0,3091.0,0.0,1.5750924535206632e-12,0.0,0.0,1047.0,6.776343294227309e-13,0.0,0.0,1752.0,2.339667736540417e-13,0.0,0.0,81488.0,3.852161261617961e-09
7.0,19.0,0.0,3091.0,0.0,9.45055472112398e-13,0.0,0.0,1047.0,4.065805976536385e-13,0.0,0.0,1752.0,1.4038006419242503e-13,0.0,0.0,81488.0,2.311296756970776e-09
7.0,20.0,0.0,3091.0,0.0,5.670332832674387e-13,0.0,0.0,1047.0,2.439483585921831e-13,0.0,0.0,1752.0,8.422803851545502e-14,0.0,0.0,81488.0,1.3867780541824657e-09
7.0,21.0,0.0,3091.0,0.0,3.4021996996046323e-13,0.0,0.0,1047.0,1.4636901515530987e-13,0.0,0.0,1752.0,5.053682310927301e-14,1.2272e-05,1.0,81488.0,4.90963206683251e-06
7.0,22.0,0.0,3091.0,0.0,2.0413198197627792e-13,0.0,0.0,1047.0,8.782140909318592e-14,0.0,0.0,1752.0,3.0322093865563807e-14,0.0,0.0,81488.0,2.945779240099506e-06
7.0,23.0,0.0,3091.0,0.0,1.2247918918576676e-13,0.0,0.0,1047.0,5.269284545591155e-14,0.0,0.0,1752.0,1.8193256319338285e-14,1.2272e-05,1.0,81488.0,6.676267544059704e-06
7.0,24.0,0.0,3091.0,0.0,7.348751351146005e-14,0.0,0.0,1047.0,3.161570727354693e-14,0.0,0.0,1752.0,1.091595379160297e-14,8.5902e-05,7.0,81488.0,3.8366560526435825e-05
7.0,25.0,0.0,3091.0,0.0,4.4092508106876025e-14,0.0,0.0,1047.0,1.8969424364128156e-14,0.0,0.0,1752.0,6.549572274961782e-15,0.000122717,10.0,81488.0,7.210673631586149e-05
7.0,26.0,0.0,3091.0,0.0,2.6455504864125613e-14,0.0,0.0,1047.0,1.1381654618476894e-14,0.0,0.0,1752.0,3.9297433649770694e-15,7.363e-05,6.0,81488.0,7.27160417895169e-05
7.0,27.0,0.0,3091.0,0.0,1.5873302918475367e-14,0.0,0.0,1047.0,6.828992771086136e-15,0.001141553,2.0,1752.0,0.0004566212000023579,0.00018407599999999998,15.0,81488.0,0.00011726002507371014
7.0,28.0,0.00064704,3091.0,2.0,0.00025881600000952394,0.0,0.0,1047.0,4.097395662651682e-15,0.0,0.0,1752.0,0.0002739727200014147,0.00049087,40.0,81488.0,0.0002667040150442261
7.0,29.0,0.00064704,3091.0,2.0,0.00041410560000571434,0.0,0.0,1047.0,2.4584373975910088e-15,0.0005707759999999999,1.0,1752.0,0.00039269403200084877,0.0005031419999999999,41.0,81488.0,0.0003612792090265356
7.0,30.0,0.00032352,3091.0,1.0,0.00037787136000342854,0.0,0.0,1047.0,1.4750624385546052e-15,0.0,0.0,1752.0,0.00023561641920050925,0.000552229,45.0,81488.0,0.0004376591254159214
7.0,31.0,0.00064704,3091.0,2.0,0.0004855388160020571,0.0,0.0,1047.0,8.85037463132763e-16,0.0,0.0,1752.0,0.00014136985152030554,0.0007117610000000001,58.0,81488.0,0.000547299875249553
7.0,32.0,0.0,3091.0,0.0,0.00029132328960123423,0.0,0.0,1047.0,5.310224778796578e-16,0.0,0.0,1752.0,8.482191091218332e-05,0.000527685,43.0,81488.0,0.0005394539251497318
7.0,33.0,0.0,3091.0,0.0,0.00017479397376074054,0.0,0.0,1047.0,3.186134867277947e-16,0.0017123289999999998,3.0,1752.0,0.0007358247465473099,0.000454055,37.0,81488.0,0.0005052943550898391
7.0,34.0,0.0,3091.0,0.0,0.00010487638425644432,0.00095511,1.0,1047.0,0.00038204400000019115,0.0,0.0,1752.0,0.00044149484792838594,0.00028225,23.0,81488.0,0.00041607661305390346
7.0,35.0,0.0,3091.0,0.0,6.292583055386659e-05,0.0,0.0,1047.0,0.00022922640000011467,0.0,0.0,1752.0,0.0002648969087570316,0.00020862,17.0,81488.0,0.00033309396783234206
7.0,36.0,0.0,3091.0,0.0,3.7755498332319956e-05,0.0,0.0,1047.0,0.0001375358400000688,0.0,0.0,1752.0,0.00015893814525421893,0.000159533,13.0,81488.0,0.00026366958069940524
7.0,37.0,0.0,3091.0,0.0,2.2653298999391972e-05,0.0,0.0,1047.0,8.252150400004126e-05,0.0,0.0,1752.0,9.536288715253135e-05,0.000159533,13.0,81488.0,0.00022201494841964315
7.0,38.0,0.0,3091.0,0.0,1.3591979399635183e-05,0.0,0.0,1047.0,4.951290240002476e-05,0.0,0.0,1752.0,5.721773229151881e-05,2.4543000000000002e-05,2.0,81488.0,0.0001430261690517859
7.0,39.0,0.0,3091.0,0.0,8.15518763978111e-06,0.0,0.0,1047.0,2.970774144001485e-05,0.0,0.0,1752.0,3.433063937491128e-05,1.2272e-05,1.0,81488.0,9.072450143107154e-05
7.0,40.0,0.0,3091.0,0.0,4.8931125838686655e-06,0.0,0.0,1047.0,1.782464486400891e-05,0.0,0.0,1752.0,2.059838362494677e-05,0.0,0.0,81488.0,5.4434700858642925e-05
7.0,41.0,0.0,3091.0,0.0,2.935867550321199e-06,0.0,0.0,1047.0,1.0694786918405346e-05,0.0,0.0,1752.0,1.235903017496806e-05,0.0,0.0,81488.0,3.266082051518575e-05
7.0,42.0,0.0,3091.0,0.0,1.7615205301927194e-06,0.0,0.0,1047.0,6.416872151043207e-06,0.0,0.0,1752.0,7.415418104980836e-06,0.0,0.0,81488.0,1.959649230911145e-05
7.0,43.0,0.0,3091.0,0.0,1.0569123181156316e-06,0.0,0.0,1047.0,3.850123290625924e-06,0.0,0.0,1752.0,4.449250862988502e-06,0.0,0.0,81488.0,1.1757895385466869e-05
7.0,44.0,0.0,3091.0,0.0,6.34147390869379e-07,0.0,0.0,1047.0,2.310073974375554e-06,0.0,0.0,1752.0,2.669550517793101e-06,0.0,0.0,81488.0,7.054737231280121e-06
7.0,45.0,0.0,3091.0,0.0,3.8048843452162737e-07,0.0,0.0,1047.0,1.3860443846253325e-06,0.0,0.0,1752.0,1.6017303106758604e-06,0.0,0.0,81488.0,4.232842338768072e-06
7.0,46.0,0.0,3091.0,0.0,2.282930607129764e-07,0.0,0.0,1047.0,8.316266307751994e-07,0.0,0.0,1752.0,9.610381864055162e-07,0.0,0.0,81488.0,2.539705403260843e-06
7.0,47.0,0.0,3091.0,0.0,1.3697583642778585e-07,0.0,0.0,1047.0,4.989759784651197e-07,0.0,0.0,1752.0,5.766229118433097e-07,0.0,0.0,81488.0,1.5238232419565059e-06
7.0,48.0,0.0,3091.0,0.0,8.21855018566715e-08,0.0,0.0,1047.0,2.993855870790718e-07,0.0,0.0,1752.0,3.459737471059858e-07,0.0,0.0,81488.0,9.142939451739035e-07
7.0,49.0,0.0,3091.0,0.0,4.93113011140029e-08,0.0,0.0,1047.0,1.7963135224744308e-07,0.0,0.0,1752.0,2.0758424826359148e-07,0.0,0.0,81488.0,5.485763671043421e-07
7.0,50.0,0.0,3091.0,0.0,2.958678066840174e-08,0.0,0.0,1047.0,1.0777881134846584e-07,0.0,0.0,1752.0,1.2455054895815487e-07,0.0,0.0,81488.0,3.291458202626053e-07
7.0,51.0,0.0,3091.0,0.0,1.7752068401041044e-08,0.0,0.0,1047.0,6.46672868090795e-08,0.0,0.0,1752.0,7.473032937489292e-08,0.0,0.0,81488.0,1.9748749215756317e-07
7.0,52.0,0.0,3091.0,0.0,1.0651241040624626e-08,0.0,0.0,1047.0,3.88003720854477e-08,0.0,0.0,1752.0,4.483819762493575e-08,0.0,0.0,81488.0,1.184924952945379e-07
8.0,1.0,0.0,3009.0,0.0,6.3907446243747756e-09,0.0,0.0,1047.0,2.328022325126862e-08,0.0,0.0,1752.0,2.6902918574961448e-08,0.0,0.0,81488.0,7.109549717672274e-08
8.0,2.0,0.0,3009.0,0.0,3.834446774624865e-09,0.0,0.0,1020.0,1.3968133950761172e-08,0.0,0.0,1752.0,1.614175114497687e-08,0.0,0.0,81654.0,4.265729830603364e-08
8.0,3.0,0.0,3009.0,0.0,2.300668064774919e-09,0.0,0.0,1020.0,8.380880370456702e-09,0.0,0.0,1752.0,9.685050686986121e-09,0.0,0.0,81654.0,2.5594378983620182e-08
8.0,4.0,0.0,3009.0,0.0,1.3804008388649512e-09,0.0,0.0,1020.0,5.028528222274021e-09,0.0,0.0,1752.0,5.8110304121916724e-09,0.0,0.0,81654.0,1.535662739017211e-08
8.0,5.0,0.0,3009.0,0.0,8.282405033189707e-10,0.0,0.0,1020.0,3.0171169333644126e-09,0.0,0.0,1752.0,3.486618247315003e-09,0.0,0.0,81654.0,9.213976434103265e-09
8.0,6.0,0.0,3009.0,0.0,4.969443019913824e-10,0.0,0.0,1020.0,1.8102701600186474e-09,0.0,0.0,1752.0,2.0919709483890017e-09,0.0,0.0,81654.0,5.528385860461959e-09
8.0,7.0,0.0,3009.0,0.0,2.9816658119482944e-10,0.0,0.0,1020.0,1.0861620960111884e-09,0.0,0.0,1752.0,1.255182569033401e-09,0.0,0.0,81654.0,3.3170315162771754e-09
8.0,8.0,0.0,3009.0,0.0,1.7889994871689766e-10,0.0,0.0,1020.0,6.51697257606713e-10,0.0,0.0,1752.0,7.531095414200406e-10,0.0,0.0,81654.0,1.990218909766305e-09
8.0,9.0,0.0,3009.0,0.0,1.0733996923013859e-10,0.0,0.0,1020.0,3.9101835456402776e-10,0.0,0.0,1752.0,4.5186572485202436e-10,0.0,0.0,81654.0,1.1941313458597829e-09
8.0,10.0,0.0,3009.0,0.0,6.440398153808316e-11,0.0,0.0,1020.0,2.3461101273841666e-10,0.0,0.0,1752.0,2.7111943491121463e-10,0.0,0.0,81654.0,7.164788075158697e-10
8.0,11.0,0.0,3009.0,0.0,3.864238892284989e-11,0.0,0.0,1020.0,1.4076660764304998e-10,0.0,0.0,1752.0,1.6267166094672878e-10,0.0,0.0,81654.0,4.2988728450952176e-10
8.0,12.0,0.0,3009.0,0.0,2.3185433353709933e-11,0.0,0.0,1020.0,8.445996458582999e-11,0.0,0.0,1752.0,9.760299656803727e-11,0.0,0.0,81654.0,2.5793237070571304e-10
8.0,13.0,0.0,3009.0,0.0,1.391126001222596e-11,0.0,0.0,1020.0,5.067597875149799e-11,0.0,0.0,1752.0,5.856179794082236e-11,0.0,0.0,81654.0,1.5475942242342782e-10
8.0,14.0,0.0,3009.0,0.0,8.346756007335575e-12,0.0,0.0,1020.0,3.0405587250898795e-11,0.0,0.0,1752.0,3.513707876449341e-11,1.2247e-05,1.0,81654.0,4.898892855653454e-06
8.0,15.0,0.0,3009.0,0.0,5.008053604401345e-12,0.0,0.0,1020.0,1.8243352350539278e-11,0.0,0.0,1752.0,2.1082247258696046e-11,0.0,0.0,81654.0,2.9393357133920727e-06
8.0,16.0,0.0,3009.0,0.0,3.0048321626408068e-12,0.0,0.0,1020.0,1.0946011410323566e-11,0.0,0.0,1752.0,1.2649348355217627e-11,6.123399999999999e-05,5.0,81654.0,2.625720142803524e-05
8.0,17.0,0.00033233599999999997,3009.0,1.0,0.0001329344018028993,0.0,0.0,1020.0,6.567606846194139e-12,0.0,0.0,1752.0,7.589609013130576e-12,0.000110221,9.0,81654.0,5.984272085682115e-05
8.0,18.0,0.0,3009.0,0.0,7.976064108173958e-05,0.0,0.0,1020.0,3.9405641077164835e-12,0.0,0.0,1752.0,4.553765407878346e-12,0.00015920799999999998,13.0,81654.0,9.958883251409268e-05
8.0,19.0,0.00033233599999999997,3009.0,1.0,0.00018079078464904375,0.0,0.0,1020.0,2.36433846462989e-12,0.0,0.0,1752.0,2.7322592447270074e-12,0.000477625,39.0,81654.0,0.0002508032995084556
8.0,20.0,0.0,3009.0,0.0,0.00010847447078942625,0.0,0.0,1020.0,1.4186030787779338e-12,0.0,0.0,1752.0,1.6393555468362044e-12,0.000440885,36.0,81654.0,0.0003268359797050734
8.0,21.0,0.0,3009.0,0.0,6.508468247365574e-05,0.0,0.0,1020.0,8.511618472667602e-13,0.0,0.0,1752.0,9.836133281017227e-13,0.000857276,70.0,81654.0,0.000539011987823044
8.0,22.0,0.0009970089999999999,3009.0,3.0,0.0004378544094841934,0.0,0.0,1020.0,5.106971083600561e-13,0.0,0.0,1752.0,5.901679968610336e-13,0.0008817689999999999,72.0,81654.0,0.0006761147926938264
8.0,23.0,0.00033233599999999997,3009.0,1.0,0.00039564704569051604,0.001960784,2.0,1020.0,0.0007843136003064184,0.0005707759999999999,1.0,1752.0,0.0002283104003541008,0.000783795,64.0,81654.0,0.0007191868756162959
8.0,24.0,0.0,3009.0,0.0,0.0002373882274143096,0.0,0.0,1020.0,0.000470588160183851,0.001141553,2.0,1752.0,0.0005936074402124605,0.000477625,39.0,81654.0,0.0006225621253697775
8.0,25.0,0.0006646730000000001,3009.0,2.0,0.00040830213644858576,0.0029411759999999998,3.0,1020.0,0.0014588232961103105,0.0005707759999999999,1.0,1752.0,0.0005844748641274763,0.000183702,15.0,81654.0,0.0004470180752218665
8.0,26.0,0.00033233599999999997,3009.0,1.0,0.00037791568186915146,0.001960784,2.0,1020.0,0.0016596075776661864,0.001141553,2.0,1752.0,0.0008073061184764858,0.000391898,32.0,81654.0,0.0004249700451331199
8.0,27.0,0.0,3009.0,0.0,0.00022674940912149086,0.0,0.0,1020.0,0.0009957645465997118,0.0005707759999999999,1.0,1752.0,0.0007126940710858914,0.00012246799999999998,10.0,81654.0,0.0003039692270798719
8.0,28.0,0.0006646730000000001,3009.0,2.0,0.0004019188454728945,0.000980392,1.0,1020.0,0.000989615527959827,0.002853881,5.0,1752.0,0.0015691688426515348,0.000195949,16.0,81654.0,0.00026076113624792313
8.0,29.0,0.0006646730000000001,3009.0,2.0,0.0005070205072837367,0.0,0.0,1020.0,0.0005937693167758962,0.001141553,2.0,1752.0,0.0013981225055909208,0.00012246799999999998,10.0,81654.0,0.00020544388174875388
8.0,30.0,0.0,3009.0,0.0,0.000304212304370242,0.000980392,1.0,1020.0,0.0007484183900655377,0.0,0.0,1752.0,0.0008388735033545524,0.000110221,9.0,81654.0,0.00016735472904925232
8.0,31.0,0.0,3009.0,0.0,0.00018252738262214519,0.0,0.0,1020.0,0.00044905103403932264,0.0,0.0,1752.0,0.0005033241020127315,0.00015920799999999998,13.0,81654.0,0.0001640960374295514
8.0,32.0,0.0006646730000000001,3009.0,2.0,0.00037538562957328716,0.0,0.0,1020.0,0.00026943062042359355,0.0005707759999999999,1.0,1752.0,0.0005303048612076388,9.7974e-05,8.0,81654.0,0.00013764722245773083
8.0,33.0,0.0,3009.0,0.0,0.00022523137774397228,0.0,0.0,1020.0,0.00016165837225415612,0.0,0.0,1752.0,0.0003181829167245833,0.000134715,11.0,81654.0,0.00013647433347463848
8.0,34.0,0.00033233599999999997,3009.0,1.0,0.0002680732266463834,0.0,0.0,1020.0,9.699502335249367e-05,0.0,0.0,1752.0,0.00019090975003474998,4.8987e-05,4.0,81654.0,0.00010147940008478309
8.0,35.0,0.0,3009.0,0.0,0.00016084393598783003,0.0,0.0,1020.0,5.81970140114962e-05,0.0,0.0,1752.0,0.00011454585002084998,0.00012246799999999998,10.0,81654.0,0.00010987484005086985
8.0,36.0,0.0,3009.0,0.0,9.650636159269802e-05,0.001960784,2.0,1020.0,0.0008192318084068979,0.0,0.0,1752.0,6.872751001250999e-05,3.674e-05,3.0,81654.0,8.062090403052191e-05
8.0,37.0,0.0,3009.0,0.0,5.790381695561881e-05,0.0,0.0,1020.0,0.0004915390850441387,0.0,0.0,1752.0,4.123650600750599e-05,4.8987e-05,4.0,81654.0,6.796734241831314e-05
8.0,38.0,0.0,3009.0,0.0,3.474229017337128e-05,0.0,0.0,1020.0,0.0002949234510264832,0.0,0.0,1752.0,2.4741903604503595e-05,2.4494e-05,2.0,81654.0,5.057800545098788e-05
8.0,39.0,0.0,3009.0,0.0,2.084537410402277e-05,0.0,0.0,1020.0,0.0001769540706158899,0.0,0.0,1752.0,1.4845142162702157e-05,2.4494e-05,2.0,81654.0,4.014440327059273e-05
8.0,40.0,0.0,3009.0,0.0,1.2507224462413662e-05,0.0,0.0,1020.0,0.00010617244236953393,0.0,0.0,1752.0,8.907085297621295e-06,3.674e-05,3.0,81654.0,3.878264196235564e-05
8.0,41.0,0.0,3009.0,0.0,7.504334677448196e-06,0.0,0.0,1020.0,6.370346542172035e-05,0.0,0.0,1752.0,5.344251178572777e-06,0.0,0.0,81654.0,2.3269585177413382e-05
8.0,42.0,0.0,3009.0,0.0,4.502600806468918e-06,0.0,0.0,1020.0,3.822207925303221e-05,0.0,0.0,1752.0,3.206550707143666e-06,0.0,0.0,81654.0,1.3961751106448028e-05
8.0,43.0,0.0,3009.0,0.0,2.7015604838813505e-06,0.0,0.0,1020.0,2.2933247551819327e-05,0.0,0.0,1752.0,1.9239304242861995e-06,0.0,0.0,81654.0,8.377050663868816e-06
8.0,44.0,0.0,3009.0,0.0,1.6209362903288103e-06,0.0,0.0,1020.0,1.3759948531091596e-05,0.0,0.0,1752.0,1.1543582545717196e-06,0.0,0.0,81654.0,5.0262303983212895e-06
8.0,45.0,0.0,3009.0,0.0,9.72561774197286e-07,0.0,0.0,1020.0,8.255969118654957e-06,0.0,0.0,1752.0,6.926149527430318e-07,0.0,0.0,81654.0,3.0157382389927736e-06
8.0,46.0,0.0,3009.0,0.0,5.835370645183717e-07,0.0,0.0,1020.0,4.953581471192974e-06,0.0,0.0,1752.0,4.1556897164581903e-07,0.0,0.0,81654.0,1.8094429433956641e-06
8.0,47.0,0.0,3009.0,0.0,3.50122238711023e-07,0.0,0.0,1020.0,2.9721488827157843e-06,0.0,0.0,1752.0,2.493413829874914e-07,0.0,0.0,81654.0,1.0856657660373984e-06
8.0,48.0,0.0,3009.0,0.0,2.100733432266138e-07,0.0,0.0,1020.0,1.7832893296294705e-06,0.0,0.0,1752.0,1.4960482979249484e-07,0.0,0.0,81654.0,6.51399459622439e-07
8.0,49.0,0.0,3009.0,0.0,1.2604400593596826e-07,0.0,0.0,1020.0,1.0699735977776823e-06,0.0,0.0,1752.0,8.97628978754969e-08,0.0,0.0,81654.0,3.908396757734634e-07
8.0,50.0,0.0,3009.0,0.0,7.562640356158095e-08,0.0,0.0,1020.0,6.419841586666094e-07,0.0,0.0,1752.0,5.3857738725298134e-08,0.0,0.0,81654.0,2.3450380546407802e-07
8.0,51.0,0.0,3009.0,0.0,4.537584213694857e-08,0.0,0.0,1020.0,3.8519049519996565e-07,0.0,0.0,1752.0,3.231464323517888e-08,0.0,0.0,81654.0,1.4070228327844681e-07
8.0,52.0,0.0,3009.0,0.0,2.722550528216914e-08,0.0,0.0,1020.0,2.311142971199794e-07,0.0,0.0,1752.0,1.9388785941107328e-08,0.0,0.0,81654.0,8.442136996706809e-08
9.0,1.0,0.0,2929.0,0.0,1.6335303169301482e-08,0.0,0.0,1020.0,1.3866857827198764e-07,0.0,0.0,1752.0,1.1633271564664397e-08,0.0,0.0,81654.0,5.065282198024085e-08
9.0,2.0,0.0,2929.0,0.0,9.801181901580889e-09,0.0,0.0,994.0,8.320114696319258e-08,0.0,0.0,1752.0,6.979962938798638e-09,0.0,0.0,81820.0,3.039169318814451e-08
9.0,3.0,0.0,2929.0,0.0,5.880709140948533e-09,0.0,0.0,994.0,4.9920688177915546e-08,0.0,0.0,1752.0,4.187977763279182e-09,0.0,0.0,81820.0,1.8235015912886704e-08
9.0,4.0,0.0,2929.0,0.0,3.5284254845691196e-09,0.0,0.0,994.0,2.995241290674933e-08,0.0,0.0,1752.0,2.5127866579675093e-09,0.0,0.0,81820.0,1.0941009547732022e-08
9.0,5.0,0.0,2929.0,0.0,2.1170552907414715e-09,0.0,0.0,994.0,1.7971447744049596e-08,0.0,0.0,1752.0,1.5076719947805055e-09,0.0,0.0,81820.0,6.564605728639213e-09
9.0,6.0,0.0,2929.0,0.0,1.2702331744448829e-09,0.0,0.0,994.0,1.0782868646429758e-08,0.0,0.0,1752.0,9.046031968683032e-10,0.0,0.0,81820.0,3.9387634371835275e-09
9.0,7.0,0.0,2929.0,0.0,7.621399046669297e-10,0.0,0.0,994.0,6.4697211878578545e-09,0.0,0.0,1752.0,5.42761918120982e-10,2.4444000000000002e-05,2.0,81820.0,9.779963258062311e-06
9.0,8.0,0.0,2929.0,0.0,4.572839428001578e-10,0.0,0.0,994.0,3.881832712714712e-09,0.0,0.0,1752.0,3.2565715087258917e-10,4.8888000000000004e-05,4.0,81820.0,2.542317795483739e-05
9.0,9.0,0.0,2929.0,0.0,2.743703656800947e-10,0.0,0.0,994.0,2.329099627628827e-09,0.0,0.0,1752.0,1.953942905235535e-10,0.0,0.0,81820.0,1.5253906772902432e-05
9.0,10.0,0.0,2929.0,0.0,1.6462221940805682e-10,0.0,0.0,994.0,1.3974597765772963e-09,0.0,0.0,1752.0,1.172365743141321e-10,0.0,0.0,81820.0,9.15234406374146e-06
9.0,11.0,0.0,2929.0,0.0,9.877333164483409e-11,0.0,0.0,994.0,8.384758659463777e-10,0.0005707759999999999,1.0,1752.0,0.00022831047034194458,0.0,0.0,81820.0,5.491406438244876e-06
9.0,12.0,0.0,2929.0,0.0,5.926399898690046e-11,0.0,0.0,994.0,5.030855195678266e-10,0.0,0.0,1752.0,0.00013698628220516675,0.0,0.0,81820.0,3.2948438629469255e-06
9.0,13.0,0.0,2929.0,0.0,3.555839939214027e-11,0.0,0.0,994.0,3.0185131174069597e-10,0.0,0.0,1752.0,8.219176932310004e-05,0.0,0.0,81820.0,1.976906317768155e-06
9.0,14.0,0.0,2929.0,0.0,2.133503963528416e-11,0.0,0.0,994.0,1.8111078704441759e-10,0.0,0.0,1752.0,4.931506159386002e-05,0.0,0.0,81820.0,1.186143790660893e-06
9.0,15.0,0.0,2929.0,0.0,1.2801023781170497e-11,0.0,0.0,994.0,1.0866647222665054e-10,0.0,0.0,1752.0,2.9589036956316013e-05,8.5553e-05,7.0,81820.0,3.493288627439654e-05
9.0,16.0,0.0010241789999999998,2929.0,3.0,0.00040967160768061423,0.0,0.0,994.0,6.519988333599032e-11,0.0,0.0,1752.0,1.7753422173789608e-05,0.00021999400000000002,18.0,81820.0,0.00010895733176463795
9.0,17.0,0.001365572,2929.0,4.0,0.0007920317646083685,0.007044406,7.0,994.0,0.00281776243911993,0.0,0.0,1752.0,1.0652053304273765e-05,0.000244438,20.0,81820.0,0.00016314959905878274
9.0,18.0,0.0010241789999999998,2929.0,3.0,0.000884890658765021,0.004025375,4.0,994.0,0.003300807463471958,0.0,0.0,1752.0,6.391231982564259e-06,0.000366657,30.0,81820.0,0.0002445525594352697
9.0,19.0,0.001365572,2929.0,4.0,0.0010771631952590124,0.007044406,7.0,994.0,0.004798246878083175,0.0,0.0,1752.0,3.834739189538555e-06,0.00019555,16.0,81820.0,0.00022495153566116184
9.0,20.0,0.000682786,2929.0,2.0,0.0009194123171554074,0.0050317190000000005,5.0,994.0,0.004891635726849905,0.0,0.0,1752.0,2.300843513723133e-06,0.000207772,17.0,81820.0,0.0002180797213966971
9.0,21.0,0.001365572,2929.0,4.0,0.0010978761902932445,0.001006344,1.0,994.0,0.003337519036109943,0.0,0.0,1752.0,1.3805061082338799e-06,0.0005010980000000001,41.0,81820.0,0.0003312870328380183
9.0,22.0,0.001365572,2929.0,4.0,0.0012049545141759467,0.001006344,1.0,994.0,0.0024050490216659657,0.0,0.0,1752.0,8.283036649403279e-07,0.000549986,45.0,81820.0,0.000418766619702811
9.0,23.0,0.0020483579999999997,2929.0,6.0,0.001542315908505568,0.002012687,2.0,994.0,0.0022481042129995797,0.0,0.0,1752.0,4.969821989641967e-07,0.000867755,71.0,81820.0,0.0005983619718216867
9.0,24.0,0.0020483579999999997,2929.0,6.0,0.0017447327451033407,0.010063437,10.0,994.0,0.005374237327799748,0.0,0.0,1752.0,2.98189319378518e-07,0.000794424,65.0,81820.0,0.0006767867830930121
