,year,month,MMWR.week,week.start.date,BEAVERHEAD,BIG HORN,Blaine,Broadwater,Carbon,Carter,Cascade,CMHD,Chouteau,Custer,Daniels,Dawson,DeerLodge,Fallon,Flathead,Gallatin,Garfield,Glacier,Granite,Hill,Jefferson,Lake,LewisAndClark,Liberty,Lincoln,Madison,Mccone,Meagher,Mineral,Missoula,Park,Philips,Pondera,PowderRiver,Powell,Prairie,Ravalli,Richland,Roosevelt,Rosebud,Sanders,Sheridan,SilverBow,StillWater,SweetGrass,Teton,Toole,Treasure,Valley,Wibeaux,YellowStone,MT.Total.count
1,2009,8,35,8/30/2009,0,0,0,0,0,0,1,1,0,0,1,0,0,0,0,8,0,3,0,26,0,10,46,0,0,0,0,0,0,0,0,0,2,2,0,10,1,0,4,3,0,0,15,0,0,0,0,0,0,0,3,136
2,2009,9,36,9/6/2009,6,0,0,0,0,0,2,0,0,6,0,0,10,0,4,9,0,6,0,26,0,13,51,0,0,0,0,0,0,19,0,0,0,0,0,0,0,0,4,8,0,0,28,0,0,0,0,0,0,0,0,192
3,2009,9,37,9/13/2009,2,0,0,0,0,0,2,0,0,0,1,0,1,0,8,30,0,9,0,25,0,9,101,0,0,0,0,0,0,116,1,0,0,0,1,0,1,0,3,1,0,0,29,0,0,0,0,0,0,0,1,341
4,2009,9,38,9/20/2009,6,0,0,0,0,0,13,14,0,0,0,0,3,0,11,45,0,2,0,25,0,8,50,2,0,2,0,0,0,22,0,1,0,0,0,0,8,0,11,3,1,1,25,0,0,0,0,0,0,0,0,253
5,2009,9,39,9/27/2009,37,0,0,0,0,0,9,6,0,0,0,0,60,0,44,63,0,2,0,32,0,22,140,3,0,0,4,1,0,13,1,0,0,0,0,0,16,0,10,2,0,0,0,0,0,4,0,0,0,0,0,469
6,2009,10,40,10/4/2009,58,0,0,0,0,0,0,14,0,23,0,0,712,0,81,403,1,0,1,63,0,48,177,3,10,40,0,4,0,0,4,0,0,2,0,0,0,1,5,4,12,0,1,0,27,3,1,0,0,0,4,1702
7,2009,10,41,10/11/2009,74,0,1,0,0,0,18,34,0,23,2,5,158,0,128,422,0,0,2,104,0,56,846,0,23,48,6,8,1,0,51,0,17,1,0,3,42,34,8,29,36,6,17,0,43,10,20,0,4,0,26,2306
8,2009,10,42,10/18/2009,17,200,2,0,0,0,7,26,7,74,6,20,71,40,183,114,1,0,3,65,0,50,565,0,40,100,5,0,0,20,75,0,19,9,0,2,0,35,25,38,18,4,29,0,27,0,30,0,7,1,39,1974
9,2009,10,43,10/25/2009,5,0,0,0,0,0,2,60,5,49,0,37,48,4,113,72,1,1,1,44,0,28,207,1,0,48,2,1,0,5,193,0,0,22,0,0,0,61,67,32,18,0,6,0,27,0,30,0,9,1,14,1214
10,2009,11,44,11/1/2009,2,0,0,0,0,0,1,32,3,38,3,0,35,28,67,11,1,0,0,29,0,12,0,0,18,4,6,0,0,0,144,0,0,5,0,0,0,35,127,22,6,0,4,0,19,0,10,0,19,0,4,685
11,2009,11,45,11/8/2009,1,0,0,0,0,0,1,14,13,29,4,15,0,9,16,1,0,0,0,23,0,10,207,0,10,0,20,0,0,0,12,0,0,7,0,0,0,2,130,3,12,4,3,0,17,0,0,0,29,3,2,597
12,2009,11,46,11/15/2009,3,0,0,0,0,0,0,2,2,13,0,0,15,0,8,0,0,0,0,33,0,10,44,0,9,0,11,0,0,0,9,0,0,5,0,0,0,8,41,3,7,0,1,0,16,0,0,0,8,0,39,287
13,2009,11,47,11/22/2009,3,0,0,0,0,0,1,0,2,0,0,0,11,0,2,0,0,0,0,14,0,3,5,0,4,0,4,0,0,0,7,0,0,0,0,0,0,0,14,7,7,0,2,0,4,0,0,0,6,0,14,110
14,2009,11,48,11/29/2009,0,0,0,0,0,0,0,0,0,0,0,0,11,0,7,0,0,0,0,44,0,9,52,0,6,0,1,0,0,0,3,0,0,0,0,0,0,0,19,5,3,0,1,0,5,0,0,0,4,0,4,174
15,2009,12,49,12/6/2009,0,0,0,0,0,0,2,1,4,0,0,1,0,0,1,0,0,0,0,30,0,0,29,0,1,0,0,0,0,0,0,0,0,0,0,0,0,0,7,1,1,0,0,0,8,0,0,0,0,1,10,97
16,2009,12,50,12/13/2009,2,0,0,0,0,0,0,0,4,0,0,0,0,0,0,0,0,0,0,46,0,1,12,0,0,0,0,0,0,0,0,0,0,0,0,0,0,0,4,0,2,0,0,0,11,0,0,0,0,0,4,86
17,2009,12,51,12/20/2009,0,0,0,0,0,0,0,2,0,0,0,0,0,0,3,0,0,0,0,23,0,4,14,0,1,0,0,0,0,0,0,0,0,0,0,0,0,0,4,3,1,1,0,0,13,0,1,0,0,0,4,74
18,2009,12,52,12/27/2009,0,0,0,0,0,0,2,4,0,0,0,0,0,0,0,0,0,0,0,25,0,8,7,0,1,0,0,0,0,0,0,0,0,0,0,0,0,0,1,6,0,0,0,0,11,0,0,0,0,0,1,66
19,2010,1,1,1/3/2010,0,0,0,0,0,0,0,2,1,3,0,0,0,0,2,0,0,0,0,43,0,0,16,0,0,0,0,0,0,0,0,0,0,0,0,0,0,0,3,1,0,0,0,0,7,0,0,0,0,0,0,78
20,2010,1,2,1/10/2010,0,0,0,0,0,0,0,0,0,4,0,1,0,0,1,0,0,0,0,45,0,5,13,0,1,0,0,0,0,0,0,0,0,2,0,0,0,0,1,3,0,0,0,0,9,0,0,0,0,0,0,85
21,2010,1,3,1/17/2010,0,0,0,0,0,0,0,1,0,3,0,2,0,0,0,0,0,0,0,48,0,4,29,0,0,0,1,0,0,0,0,0,0,0,0,0,0,0,3,1,1,0,0,0,8,0,0,0,0,0,0,101
22,2010,1,4,1/24/2010,0,0,0,0,0,0,0,0,0,3,0,0,0,0,0,0,0,0,0,48,0,6,14,0,0,0,0,0,0,0,0,0,0,0,0,0,0,0,2,2,1,0,0,0,10,0,0,0,0,0,1,87
23,2010,1,5,1/31/2010,1,0,0,0,0,0,0,2,0,6,0,1,13,0,0,0,0,0,0,41,0,8,24,0,0,0,0,0,0,0,0,0,0,0,0,0,0,0,0,1,3,0,0,0,7,0,0,0,0,0,0,107
24,2010,2,6,2/7/2010,0,0,0,0,0,0,0,3,0,4,0,0,4,1,1,0,0,0,0,60,0,9,17,0,0,0,0,0,0,0,0,0,0,0,0,0,0,0,7,0,0,0,0,0,10,0,0,0,0,0,2,118
25,2010,2,7,2/14/2010,0,0,0,0,0,0,0,3,0,7,0,0,4,0,0,0,0,0,0,34,0,7,18,0,0,0,0,0,0,0,0,0,0,0,0,0,0,0,3,1,0,0,0,0,6,0,0,0,0,0,0,83
26,2010,2,8,2/21/2010,0,0,0,0,0,0,0,0,0,4,0,0,0,0,0,0,0,0,0,37,0,3,0,0,0,0,0,0,0,0,0,0,0,0,0,0,2,0,2,1,1,0,0,0,5,0,0,0,0,0,0,55
27,2010,2,9,2/28/2010,0,0,0,0,0,0,0,0,0,1,0,0,4,0,0,0,0,0,0,26,0,8,0,0,0,0,0,0,0,0,0,0,0,0,0,0,0,0,0,1,0,0,0,0,7,0,0,0,0,0,0,47
28,2010,3,10,3/7/2010,0,0,0,0,0,0,0,0,0,0,0,0,0,0,2,0,0,0,0,47,0,4,32,0,0,0,0,0,0,0,0,0,0,0,0,0,0,0,1,0,0,0,0,0,7,0,0,0,0,0,1,94
29,2010,3,11,3/14/2010,0,0,0,0,0,0,0,1,1,1,0,0,0,0,3,0,0,0,0,52,0,7,35,0,0,0,0,1,0,0,0,0,0,0,0,0,0,0,1,101,0,0,0,0,0,0,0,0,0,0,1,204
30,2010,3,12,3/21/2010,0,0,0,0,0,0,0,13,0,4,0,0,0,0,0,0,0,0,0,48,0,0,23,0,0,0,0,0,0,0,0,0,0,0,0,0,0,0,1,0,0,0,0,0,0,0,0,0,0,0,0,89
31,2010,3,13,3/28/2010,0,0,0,0,0,0,0,1,0,0,0,0,5,0,0,0,0,0,0,34,0,0,6,0,0,1,0,0,0,0,0,0,0,0,0,0,0,0,1,2,4,0,0,0,0,0,0,0,0,0,0,54
32,2010,4,14,4/4/2010,0,0,0,0,0,0,0,0,0,1,0,0,1,0,1,4,0,0,0,18,0,4,14,0,0,0,0,0,0,1,0,0,0,0,0,0,0,0,1,5,0,0,0,0,0,0,0,0,0,0,0,50
33,2010,4,15,4/11/2010,0,0,0,0,0,0,0,0,0,1,0,0,1,0,0,0,0,0,0,21,0,7,21,0,0,0,0,1,0,0,0,0,0,0,0,0,0,0,1,0,0,0,0,0,0,0,0,0,0,0,0,53
34,2010,4,16,4/18/2010,0,0,0,0,0,0,0,2,0,2,0,0,0,0,1,0,0,0,0,25,0,0,9,0,0,0,0,0,0,0,0,0,0,0,0,0,0,0,0,0,0,0,0,0,0,0,0,0,0,0,0,39
35,2010,4,17,4/25/2010,0,0,0,0,0,0,0,0,0,0,0,0,0,0,0,0,0,0,0,0,0,0,6,0,0,0,0,0,0,0,0,0,0,1,0,0,0,0,0,0,0,0,0,0,0,0,0,0,0,0,0,7
36,2010,5,18,5/2/2010,0,0,0,0,0,0,0,0,0,1,0,0,0,0,0,0,0,0,0,0,0,0,9,0,0,0,0,0,0,0,0,0,0,0,0,0,0,0,1,0,0,0,0,0,0,0,0,0,0,0,0,11
37,2010,5,19,5/9/2010,0,0,0,0,0,0,0,0,0,0,0,0,0,0,0,0,0,0,0,0,0,0,6,0,0,0,0,0,0,0,0,0,0,1,0,0,0,0,0,0,0,0,0,0,0,0,0,0,0,0,0,7
38,2010,5,20,5/16/2010,0,0,0,0,0,0,0,0,0,0,0,0,0,0,0,0,0,0,0,0,0,0,6,0,0,0,0,0,0,0,0,0,0,0,0,0,0,0,0,0,0,0,0,0,0,0,0,0,0,0,0,6
39,2010,5,21,5/23/2010,0,0,0,0,0,0,0,0,0,0,0,0,0,0,0,0,0,0,0,0,0,0,6,0,0,0,0,0,0,0,0,0,0,1,0,0,0,0,0,0,0,0,0,0,0,0,0,0,0,0,0,7
58,2010,10,40,10/3/2010,0,0,0,0,0,0,0,0,0,0,0,0,0,0,0,0,0,0,0,0,0,0,0,0,0,0,0,0,0,0,0,0,0,0,0,0,0,0,0,0,0,0,0,0,0,0,0,0,0,0,0,0
59,2010,10,41,10/10/2010,0,0,0,0,0,0,0,0,0,0,0,0,0,0,0,0,0,0,0,0,0,0,0,0,0,0,0,0,0,0,0,0,0,0,0,0,0,0,0,0,0,0,0,0,0,0,0,0,0,0,0,0
60,2010,10,42,10/17/2010,0,0,0,0,0,0,0,0,0,0,0,0,0,0,0,0,0,0,0,0,0,0,0,0,0,0,0,0,0,0,0,0,0,0,0,0,0,0,0,0,0,0,0,0,0,0,0,0,0,0,0,0
61,2010,10,43,10/24/2010,0,0,0,0,0,0,0,0,0,0,0,0,0,0,0,1,0,0,0,0,0,0,0,0,0,0,0,0,0,0,0,0,0,0,0,0,0,0,0,0,0,0,0,0,0,0,0,0,0,0,0,1
62,2010,10,44,10/31/2010,0,0,0,0,0,0,0,0,0,0,0,0,0,0,0,0,0,0,0,0,0,0,0,0,0,0,0,0,0,0,0,0,0,0,0,0,0,0,0,0,0,0,0,0,0,0,0,0,0,0,0,0
63,2010,11,45,11/7/2010,0,0,0,0,0,0,0,0,0,0,0,0,0,0,0,1,0,0,0,0,0,0,0,0,0,0,0,0,0,0,0,0,0,0,0,0,0,0,0,0,0,0,0,0,0,0,0,0,0,0,0,1
64,2010,11,46,11/14/2010,0,0,0,0,0,0,0,0,0,0,0,0,0,0,0,1,0,0,0,0,0,0,0,0,0,0,0,0,0,0,0,0,0,0,0,0,0,0,0,0,0,0,0,0,0,0,0,0,0,0,0,1
65,2010,11,47,11/21/2010,0,0,0,0,0,0,0,1,0,0,0,0,0,0,0,0,0,0,0,0,0,0,0,0,0,0,0,0,0,0,0,0,0,0,0,0,0,0,0,0,0,0,0,0,0,0,0,0,0,0,0,1
66,2010,11,48,11/28/2010,0,0,0,0,0,0,0,4,0,0,0,0,0,0,0,1,0,0,0,0,0,0,0,0,0,0,0,0,0,1,0,0,0,0,0,0,0,0,0,0,0,0,0,0,0,0,0,0,0,0,1,7
67,2010,12,49,12/5/2010,0,0,0,0,0,0,0,5,0,0,0,0,0,0,0,2,0,0,0,0,0,0,0,0,0,0,0,0,0,0,0,0,0,0,0,0,0,0,0,0,0,0,0,0,0,0,0,0,0,0,1,8
68,2010,12,50,12/12/2010,0,0,0,0,0,0,0,3,0,0,0,0,0,0,0,3,0,0,0,0,0,0,1,0,0,0,0,0,0,1,6,0,0,0,0,0,0,0,0,0,0,0,2,0,0,0,0,0,0,0,2,18
69,2010,12,51,12/19/2010,0,0,0,0,0,0,0,1,0,0,0,0,0,0,6,3,0,0,0,0,0,1,21,0,0,0,0,0,0,1,4,0,0,0,0,0,0,0,0,0,0,0,0,0,0,0,0,0,0,0,3,40
70,2010,12,52,12/26/2010,0,0,1,0,3,1,1,3,0,0,0,0,0,0,44,55,0,0,0,0,0,0,17,0,0,0,0,0,0,1,7,0,0,0,0,0,0,0,0,0,0,0,0,0,0,0,0,0,0,0,2,135
71,2011,1,1,1/2/2011,0,0,0,0,0,0,0,3,0,0,0,0,0,0,28,48,0,0,0,0,0,1,38,0,0,0,0,0,0,3,7,0,5,0,0,0,0,0,0,0,0,0,0,0,0,0,0,0,0,0,0,133
72,2011,1,2,1/9/2011,0,1,0,0,0,0,10,7,0,0,0,0,0,1,27,1,0,0,0,0,0,0,30,0,0,0,0,0,0,1,4,0,0,0,0,0,3,0,0,0,0,0,0,0,0,0,0,0,0,0,1,86
73,2011,1,3,1/16/2011,0,0,0,0,0,0,2,3,0,0,0,0,1,1,6,40,0,0,0,0,0,0,19,0,0,0,0,0,0,3,0,1,1,0,0,0,2,0,2,0,0,0,0,0,0,0,0,0,0,0,4,85
74,2011,1,4,1/23/2011,0,0,0,0,0,0,9,11,1,0,0,1,0,0,2,35,0,0,0,0,0,0,28,0,0,0,0,0,0,2,0,1,5,0,0,0,3,0,1,4,3,0,1,0,0,0,0,0,4,0,3,114
75,2011,1,5,1/30/2011,0,0,0,0,0,0,15,11,0,0,0,12,0,0,60,26,0,0,0,2,0,0,31,0,1,1,0,0,0,2,7,1,1,0,0,0,5,0,9,4,0,2,0,0,0,0,4,0,2,0,2,198
76,2011,2,6,2/6/2011,3,0,1,0,0,0,39,18,1,0,0,0,1,0,57,28,0,0,0,3,0,0,42,0,11,0,0,0,0,2,10,0,0,0,0,0,4,0,15,24,0,1,0,0,0,0,2,0,1,0,2,265
77,2011,2,7,2/13/2011,5,0,0,0,0,0,15,15,0,11,0,0,0,1,117,33,0,1,0,0,0,0,57,0,28,0,0,0,0,0,13,0,8,0,0,0,11,0,19,32,0,0,0,0,0,0,0,0,2,3,2,373
78,2011,2,8,2/20/2011,1,3,4,0,0,0,20,15,1,5,0,0,0,0,85,39,0,5,0,2,7,0,125,1,32,1,0,0,0,2,7,0,6,0,0,0,8,0,15,23,0,3,0,0,0,5,1,0,0,0,5,421
79,2011,2,9,2/27/2011,10,0,0,0,3,0,18,2,1,10,0,0,0,1,83,33,0,6,0,0,9,0,1,0,26,0,0,0,0,3,6,0,15,0,0,0,0,2,12,18,0,1,0,0,0,0,10,0,8,0,1,279
80,2011,3,10,3/6/2011,32,0,0,0,0,0,32,45,3,6,1,0,0,1,82,26,0,4,0,0,11,0,139,0,21,0,0,1,0,0,14,0,0,0,0,1,6,2,14,21,0,0,0,0,0,0,32,0,24,0,0,518
81,2011,3,11,3/13/2011,4,0,0,0,0,0,32,17,4,3,3,0,0,1,116,16,0,0,0,0,16,0,131,0,24,0,0,0,0,4,12,0,0,0,0,0,0,0,19,30,0,0,0,0,0,0,0,0,18,0,2,452
82,2011,3,12,3/20/2011,1,0,0,1,1,0,26,11,8,15,1,0,0,0,115,13,0,0,0,0,20,0,69,0,30,0,0,0,0,0,10,0,0,0,0,0,0,0,17,21,0,0,0,0,0,2,1,0,4,0,2,368
83,2011,3,13,3/27/2011,0,0,0,0,1,0,19,0,4,28,2,0,0,0,80,7,0,0,0,0,0,0,79,0,20,0,0,0,0,0,11,0,0,0,0,0,0,0,7,21,0,0,0,0,6,0,2,0,6,0,1,294
84,2011,4,14,4/3/2011,0,0,0,0,0,0,8,7,1,0,0,0,0,0,52,4,0,0,0,0,0,0,0,0,12,0,1,0,0,0,7,0,0,0,0,0,0,0,5,2,0,0,0,0,2,0,1,0,1,0,2,105
85,2011,4,15,4/10/2011,0,0,0,0,0,0,8,3,0,28,0,0,0,0,55,1,0,0,0,0,0,24,71,0,2,0,4,0,0,0,1,0,0,0,0,0,0,0,4,5,0,0,0,0,2,0,0,0,0,0,0,208
86,2011,4,16,4/17/2011,0,0,0,0,0,0,5,1,0,0,0,0,0,0,6,0,0,0,0,0,0,0,0,0,0,0,0,0,0,0,2,0,0,0,0,0,0,0,2,2,0,0,0,0,4,0,0,0,0,0,0,22
87,2011,4,17,4/24/2011,0,4,0,0,0,0,0,0,0,0,0,0,0,0,0,0,0,0,0,0,0,0,0,0,0,0,0,0,0,0,0,0,0,0,0,0,0,0,1,0,0,0,0,0,0,0,0,0,0,0,0,5
88,2011,5,18,5/1/2011,0,0,0,0,0,0,0,2,0,0,0,0,0,1,2,0,0,0,0,0,0,0,0,0,0,0,0,0,0,0,0,0,0,0,0,0,0,0,0,1,0,0,0,0,0,0,0,0,0,0,0,6
89,2011,5,19,5/8/2011,0,2,0,0,0,0,1,2,0,0,0,0,0,0,3,0,0,0,0,0,0,0,0,0,0,0,0,0,0,0,0,0,0,0,0,0,0,0,0,0,0,0,0,0,0,0,0,0,0,0,0,8
90,2011,5,20,5/15/2011,0,0,0,0,0,0,0,0,0,0,0,0,0,0,3,0,0,0,0,0,0,0,2,0,0,0,0,0,0,0,0,0,0,0,0,0,0,0,0,0,0,0,0,0,0,0,0,0,0,0,0,5
91,2011,5,21,5/22/2011,0,0,0,0,0,0,0,0,0,0,0,0,0,0,3,0,0,0,0,0,0,0,0,0,0,0,0,0,0,0,0,0,0,0,0,0,0,0,0,0,0,0,0,0,0,0,0,0,0,0,0,3
92,2011,5,22,5/29/2011,0,0,0,0,0,0,0,2,0,0,0,0,0,0,0,0,0,0,0,0,0,0,0,0,0,0,0,0,0,0,0,0,0,0,0,0,0,0,0,0,0,0,0,0,0,0,0,0,0,0,0,2
110,2011,10,40,10/2/2011,0,0,0,0,0,0,0,0,0,0,0,0,0,0,0,0,0,0,0,0,0,0,0,0,0,0,0,0,0,0,0,0,0,0,0,0,0,0,0,0,0,0,0,0,0,0,0,0,0,0,0,0
111,2011,10,41,10/9/2011,0,0,0,0,0,0,0,0,0,0,0,0,0,0,0,0,0,0,0,0,0,0,0,0,0,0,0,0,0,0,0,0,0,0,0,0,0,0,0,0,0,0,0,0,0,0,0,0,0,0,0,0
112,2011,10,42,10/16/2011,0,0,0,0,0,0,0,0,0,0,0,0,0,0,0,0,0,0,0,0,0,0,0,0,0,0,0,0,0,0,0,0,0,0,0,0,0,0,0,0,0,0,0,0,0,0,0,0,0,0,0,0
113,2011,10,43,10/23/2011,0,0,0,0,0,0,0,0,0,0,0,0,0,0,0,0,0,0,0,0,0,0,0,0,0,0,0,0,0,0,0,0,0,0,0,0,0,0,0,0,0,0,0,0,0,0,0,0,0,0,0,0
114,2011,10,44,10/30/2011,0,0,0,0,0,0,0,0,0,0,0,0,0,0,0,0,0,0,0,0,0,0,0,0,0,0,0,0,0,0,0,0,0,0,0,0,0,0,0,0,0,0,0,0,0,0,0,0,0,0,0,0
115,2011,11,45,11/6/2011,0,0,0,0,0,0,0,0,0,0,0,0,0,0,0,0,0,0,0,0,0,0,0,0,0,0,0,0,0,0,0,0,0,0,0,0,0,0,0,0,0,0,0,0,0,0,0,0,0,0,0,0
116,2011,11,46,11/13/2011,0,0,0,0,0,0,0,0,0,0,0,0,0,0,0,0,0,0,0,0,0,0,0,0,0,0,0,0,0,0,0,0,0,0,0,0,0,0,0,0,0,0,0,0,0,0,0,0,0,0,0,0
117,2011,11,47,11/20/2011,0,0,0,0,0,0,0,0,0,0,0,0,0,0,0,0,0,0,0,0,0,0,0,0,0,0,0,0,0,0,0,0,0,0,0,0,0,0,0,0,0,0,0,0,0,0,0,0,0,0,0,0
118,2011,11,48,11/27/2011,0,0,0,0,0,0,0,0,0,0,0,0,0,0,0,2,0,0,0,0,0,0,0,0,0,0,0,0,0,0,0,0,0,0,0,0,0,0,0,0,0,0,0,0,0,0,0,0,0,0,0,2
119,2011,12,49,12/4/2011,0,0,0,0,0,0,0,0,0,0,0,0,0,0,0,0,0,0,0,0,0,1,0,0,0,0,0,0,0,0,0,0,0,0,0,0,0,0,0,0,0,0,0,0,0,0,0,0,0,0,0,1
120,2011,12,50,12/11/2011,0,0,0,0,0,0,0,0,0,0,0,0,0,0,0,0,0,0,0,0,0,0,0,0,0,0,0,0,0,0,0,0,0,0,0,0,0,0,0,0,0,0,0,0,0,0,0,0,0,0,0,0
121,2011,12,51,12/18/2011,0,0,0,0,0,0,0,0,0,0,0,0,0,0,0,0,0,0,0,0,0,0,0,0,0,0,0,0,0,0,0,0,0,0,0,0,0,0,0,0,0,0,0,0,0,0,0,0,0,0,0,0
122,2011,12,52,12/25/2011,0,0,0,0,0,0,0,0,0,0,0,0,0,0,0,0,0,0,0,0,0,0,0,0,0,0,0,0,0,0,0,0,0,0,0,0,0,0,0,0,0,0,0,0,0,0,0,0,0,0,0,0
123,2012,1,1,1/1/2012,0,0,0,0,0,0,0,0,0,0,0,0,0,0,0,0,0,0,0,0,0,0,0,0,0,0,0,0,0,0,0,0,0,0,0,0,0,0,0,0,0,0,0,0,0,0,0,0,0,0,0,0
124,2012,1,2,1/8/2012,0,0,0,0,0,0,0,2,0,0,0,0,0,0,0,0,0,0,0,0,1,0,1,0,0,0,0,0,0,0,0,0,0,0,0,0,0,0,1,0,0,0,0,0,0,0,0,0,0,0,0,5
125,2012,1,3,1/15/2012,0,0,0,0,0,0,1,2,0,0,0,0,0,0,0,1,0,0,0,0,0,0,21,0,0,0,0,0,0,0,0,0,0,0,0,0,0,0,9,0,0,0,0,0,0,0,0,0,0,0,0,34
126,2012,1,4,1/22/2012,0,0,0,0,0,0,0,2,0,0,0,0,0,0,0,2,0,0,0,0,0,0,19,0,0,0,0,0,0,0,0,0,0,0,0,0,0,0,5,0,0,0,1,0,0,0,0,0,0,0,0,29
127,2012,1,5,1/29/2012,1,1,0,0,0,0,0,0,0,0,0,0,0,0,3,1,0,0,0,0,0,0,14,0,0,0,0,0,0,1,0,0,2,0,0,0,1,0,6,0,1,0,0,0,0,0,4,0,0,0,0,35
128,2012,2,6,2/5/2012,1,0,0,0,0,0,0,3,0,0,0,0,0,0,62,1,0,0,0,0,0,0,10,0,0,0,0,0,0,0,0,0,1,0,0,0,0,0,1,4,0,0,0,0,0,0,2,0,0,0,1,86
129,2012,2,7,2/12/2012,2,0,0,0,0,0,2,0,0,1,0,0,0,0,79,1,0,0,0,0,0,0,7,0,1,0,0,0,0,0,0,1,0,0,0,0,1,0,8,4,0,0,0,0,0,0,0,0,0,0,2,109
130,2012,2,8,2/19/2012,3,0,0,0,0,0,0,1,0,1,0,0,0,0,17,5,0,0,0,1,0,0,2,0,1,0,0,0,0,2,0,0,2,0,0,0,2,0,4,13,0,0,0,0,0,0,2,0,0,0,0,56
131,2012,2,9,2/26/2012,1,0,0,0,0,0,0,9,0,1,0,0,0,0,93,5,0,2,0,0,0,0,5,0,1,0,0,0,2,0,0,0,1,0,0,0,2,1,4,7,0,0,0,0,0,0,3,0,0,0,0,137
132,2012,3,10,3/4/2012,0,0,0,0,0,0,1,4,0,2,0,0,1,0,98,2,0,1,0,0,0,0,9,0,7,0,0,0,0,0,3,0,1,0,0,0,0,2,2,0,0,0,0,0,0,0,5,0,2,0,2,142
133,2012,3,11,3/11/2012,0,2,0,0,0,0,1,3,0,5,0,0,0,3,96,2,0,3,0,0,0,0,7,0,6,0,0,0,4,17,7,0,2,0,0,0,0,0,0,0,0,0,0,0,0,0,4,0,0,0,2,164
134,2012,3,12,3/18/2012,0,1,0,0,0,0,2,0,0,19,0,0,4,0,94,7,0,1,0,0,0,0,15,0,14,0,0,0,16,26,5,0,0,0,0,0,7,0,7,0,0,3,0,0,0,0,3,0,0,0,1,225
135,2012,3,13,3/25/2012,7,1,0,0,0,0,7,4,0,26,0,0,4,0,71,7,0,3,0,0,0,0,22,0,7,0,0,0,12,24,20,0,0,0,0,0,0,0,0,0,0,5,0,0,0,0,3,0,0,0,0,223
136,2012,4,14,4/1/2012,9,0,0,0,0,0,4,4,0,48,0,0,0,0,84,7,0,0,0,0,0,0,0,0,4,0,0,0,0,0,5,0,0,11,0,0,4,1,2,0,0,0,0,0,0,0,0,0,0,0,0,183
137,2012,4,15,4/8/2012,1,0,0,0,0,0,5,4,0,50,0,0,0,0,76,12,0,0,0,0,0,0,11,0,2,0,0,0,11,0,2,0,2,0,0,0,0,1,8,0,0,0,0,0,0,1,0,0,0,0,3,189
138,2012,4,16,4/15/2012,3,0,0,0,0,0,5,2,5,56,0,0,0,0,52,6,0,0,0,0,0,0,2,0,1,0,8,0,10,0,8,0,3,0,0,0,0,13,12,0,0,0,0,0,0,0,2,0,1,0,3,192
139,2012,4,17,4/22/2012,1,0,0,0,0,0,5,0,1,56,0,0,0,0,32,0,0,0,0,0,0,0,0,0,1,0,7,0,7,0,0,0,0,0,0,0,0,1,7,0,0,0,0,0,0,0,0,0,0,0,1,119
140,2012,4,18,4/29/2012,1,0,0,0,0,0,4,0,0,60,0,0,0,0,7,0,0,0,0,89,0,0,2,0,0,0,0,0,6,0,0,0,0,0,0,0,0,0,7,0,0,0,0,0,0,0,0,0,1,0,0,177
141,2012,5,19,5/6/2012,1,0,0,0,0,0,0,0,0,60,0,0,0,0,8,0,0,0,0,0,0,0,0,0,0,0,0,0,4,0,0,0,0,0,0,0,0,0,3,0,0,0,0,0,0,0,0,0,0,0,1,77
142,2012,5,20,5/13/2012,1,0,0,0,0,0,0,0,0,60,0,0,0,0,16,0,0,0,0,0,0,0,1,0,0,0,0,0,10,0,0,0,0,0,0,0,0,0,0,0,0,0,0,0,0,0,0,0,0,0,1,89
143,2012,5,21,5/20/2012,2,0,0,0,0,0,0,4,0,60,0,0,0,0,20,0,0,3,0,0,0,0,5,0,1,0,0,0,2,0,0,0,0,0,0,0,1,0,1,0,0,0,0,0,0,0,0,0,0,0,0,99
144,2012,5,22,5/27/2012,0,0,0,0,0,0,0,4,0,0,0,0,0,0,12,0,0,0,0,0,0,0,0,0,3,0,0,0,0,0,0,0,0,0,0,0,0,0,0,0,0,0,0,0,0,0,0,0,0,0,0,19
162,2012,9,40,9/30/2012,0,0,0,0,0,0,0,1,0,1,0,0,0,0,0,0,0,0,0,0,0,0,0,0,0,0,0,0,0,0,1,0,0,0,0,0,0,0,0,0,0,0,0,0,0,0,0,0,0,0,0,3
163,2012,10,41,10/7/2012,0,0,4,0,0,0,0,0,0,1,0,0,0,0,0,1,0,0,0,0,0,0,0,0,0,0,0,0,0,0,0,0,0,0,0,0,0,0,0,0,0,0,2,0,0,0,0,0,0,0,0,8
164,2012,10,42,10/14/2012,0,0,2,0,0,0,0,1,0,8,0,0,1,0,0,0,0,0,0,1,0,0,0,0,0,0,0,0,0,0,2,4,0,0,0,0,0,0,0,0,0,0,0,0,0,0,0,0,0,0,0,19
165,2012,10,43,10/21/2012,1,0,0,0,0,0,0,6,0,0,0,0,6,0,0,1,0,0,0,0,0,0,10,0,0,0,0,0,0,0,2,0,0,0,0,0,0,0,0,0,0,0,0,0,0,0,0,0,0,0,0,26
166,2012,10,44,10/28/2012,2,1,0,0,0,0,0,2,0,0,0,0,3,0,0,0,0,0,0,0,0,0,0,0,0,0,0,0,2,2,6,0,0,0,0,0,0,0,0,0,0,0,0,0,0,0,0,0,0,0,0,18
167,2012,11,45,11/4/2012,0,0,0,0,0,0,0,1,0,0,0,0,4,0,0,0,0,0,0,0,0,0,37,0,0,0,0,0,0,0,4,2,0,0,0,0,0,0,0,0,0,0,0,1,0,0,0,0,0,0,0,49
168,2012,11,46,11/11/2012,0,1,0,0,0,0,0,1,0,0,0,0,0,0,0,0,0,0,0,0,0,0,16,0,0,0,0,0,0,1,4,0,0,0,0,0,0,0,0,0,0,0,0,0,0,0,0,0,0,0,0,23
169,2012,11,47,11/18/2012,0,0,0,0,0,0,0,0,0,1,0,1,2,0,0,1,0,0,0,0,0,0,6,0,0,0,1,0,0,0,6,0,0,0,0,0,1,0,0,0,0,0,0,0,0,0,0,0,0,0,0,19
170,2012,11,48,11/25/2012,0,5,0,0,0,0,1,3,0,0,0,0,12,1,0,0,0,0,0,0,0,0,30,0,0,0,0,0,0,1,8,0,0,0,0,0,0,0,0,0,0,0,16,0,0,0,0,0,0,0,0,77
171,2012,12,49,12/2/2012,0,1,0,0,5,0,5,2,0,2,0,0,1,4,0,2,0,0,0,0,0,0,4,0,0,0,0,0,0,1,0,1,0,0,0,0,0,2,0,0,0,0,20,0,0,0,0,0,0,0,0,50
172,2012,12,50,12/9/2012,3,5,0,0,8,0,10,0,0,1,2,6,8,0,0,3,0,1,0,1,0,4,0,1,3,0,1,0,1,2,2,0,0,0,0,0,0,9,4,1,0,2,32,2,0,0,0,0,0,1,0,113
173,2012,12,51,12/16/2012,3,3,0,0,0,0,17,2,1,7,6,24,15,19,0,15,0,1,1,8,0,8,4,3,1,0,2,0,1,3,9,1,3,0,0,0,4,11,14,1,0,2,19,4,0,0,0,0,0,0,0,212
174,2012,12,52,12/23/2012,13,2,0,0,0,0,24,8,3,21,1,25,46,31,97,17,0,1,1,3,0,15,10,15,4,4,5,2,0,18,19,10,7,0,1,0,10,2,14,4,0,0,67,3,3,10,2,0,5,0,0,523
175,2012,12,1,12/30/2012,8,0,0,0,51,0,48,19,1,26,3,9,13,0,59,108,0,7,0,0,2,7,39,6,7,3,1,1,0,28,13,3,4,19,1,0,0,0,14,0,0,0,12,4,1,4,0,0,5,0,490,1016
176,2013,1,2,1/6/2013,3,3,4,2,12,0,54,42,4,19,3,11,21,25,92,90,0,6,5,14,7,18,64,3,38,2,3,10,0,52,28,13,2,1,0,0,8,0,13,5,21,0,160,2,0,4,17,0,6,0,77,964
177,2013,1,3,1/13/2013,4,7,2,2,2,0,25,52,0,19,8,12,32,1,78,94,0,5,5,16,5,12,61,3,44,4,1,3,1,58,18,0,1,0,2,0,11,2,4,11,0,6,0,0,5,1,35,0,4,0,69,725
178,2013,1,4,1/20/2013,3,2,2,5,7,0,27,58,0,9,1,12,33,0,109,118,0,5,17,12,8,0,87,4,39,3,0,1,1,50,10,7,6,9,3,0,22,4,3,5,11,3,56,3,1,5,2,0,4,0,30,797
179,2013,1,5,1/27/2013,7,0,7,0,4,0,82,48,3,6,0,12,29,0,115,149,0,14,4,39,1,57,152,4,0,6,0,0,1,48,5,10,9,9,23,0,64,0,1,5,4,0,88,1,8,1,0,0,3,4,13,1036
180,2013,2,6,2/3/2013,1,0,16,2,1,0,72,28,3,2,0,43,13,0,94,3,0,7,0,1,2,30,197,1,0,2,0,0,4,54,7,20,2,17,22,0,72,0,1,13,6,2,30,0,5,4,0,0,6,1,44,828
181,2013,2,7,2/10/2013,1,0,2,0,0,0,59,30,3,1,1,25,11,0,60,38,0,11,0,3,1,44,61,4,40,2,0,1,2,62,2,6,8,5,26,0,9,0,1,5,0,20,22,7,3,0,12,0,6,2,16,612
182,2013,2,8,2/17/2013,0,0,1,0,0,0,40,52,3,17,2,41,11,0,49,27,0,10,1,2,1,63,71,5,38,0,0,1,9,27,1,3,4,4,14,0,12,1,2,3,0,24,24,5,6,0,16,2,5,0,17,614
183,2013,2,9,2/24/2013,1,1,8,0,0,0,135,23,11,10,0,24,18,0,33,26,0,3,0,4,2,43,37,2,9,0,0,0,7,22,5,12,2,0,12,0,5,3,2,1,0,15,15,0,3,2,28,0,3,1,12,540
184,2013,3,10,3/3/2013,1,0,1,0,0,0,46,11,7,2,7,13,16,0,33,30,0,9,0,2,0,56,51,1,5,0,0,0,20,17,0,0,0,0,0,0,2,0,0,4,1,2,7,0,2,1,11,0,2,0,8,368
185,2013,3,11,3/10/2013,2,0,0,0,1,0,128,0,9,10,0,15,16,0,56,2,0,9,0,0,0,14,33,1,33,0,0,0,6,24,0,3,4,0,0,0,2,0,0,3,0,1,6,0,0,1,10,0,2,0,4,395
186,2013,3,12,3/17/2013,1,0,0,0,0,0,134,0,5,0,1,6,17,0,37,8,0,8,0,0,0,0,49,0,8,0,0,0,16,14,3,3,0,0,4,0,0,0,0,4,0,0,7,0,1,0,1,0,0,1,2,330
187,2013,3,13,3/24/2013,1,1,0,0,0,0,82,3,6,1,1,1,13,0,26,0,0,5,0,3,0,36,25,1,0,0,0,0,7,14,1,0,0,0,1,0,2,0,0,1,0,1,5,1,2,2,0,0,0,1,5,248
188,2013,3,14,3/31/2013,0,2,0,0,0,0,104,0,0,1,2,0,13,0,10,1,0,6,0,1,0,36,36,0,0,0,0,0,14,12,0,0,3,0,2,0,2,1,0,1,0,0,3,0,0,0,3,0,0,0,6,259
189,2013,4,15,4/7/2013,0,0,0,0,0,0,96,0,0,1,0,0,4,1,4,12,0,0,0,0,0,36,12,0,0,0,0,0,9,4,0,0,0,0,1,0,0,0,0,0,0,0,0,1,0,1,6,0,0,0,2,190
190,2013,4,16,4/14/2013,1,0,1,0,0,0,52,0,0,0,0,0,6,0,3,0,0,0,0,0,0,0,17,0,0,0,0,0,7,2,0,0,0,0,0,0,0,0,0,0,0,0,0,1,0,0,0,0,0,0,3,93
191,2013,4,17,4/21/2013,0,0,0,0,1,0,88,3,0,0,0,0,2,0,1,3,0,0,0,0,0,0,9,0,0,0,0,0,15,0,0,0,0,0,0,0,0,0,0,0,0,0,0,0,0,0,0,0,0,0,3,125
192,2013,4,18,4/28/2013,0,0,0,0,1,0,75,0,3,2,0,0,0,0,1,0,0,0,0,0,0,0,3,0,1,0,0,0,11,0,0,1,0,0,1,0,0,0,0,0,0,0,0,0,0,0,0,0,0,0,2,101
193,2013,5,19,5/5/2013,0,0,0,0,0,0,60,2,0,0,0,0,0,0,0,0,0,0,0,32,0,0,6,0,0,0,0,0,12,0,0,0,0,0,0,0,0,0,0,0,0,0,0,0,0,0,0,0,0,0,2,114
194,2013,5,20,5/12/2013,0,0,0,0,0,0,30,0,0,0,0,0,1,0,0,0,0,0,0,0,0,0,4,0,0,0,0,0,7,0,0,0,0,0,0,0,0,0,0,0,0,0,0,0,0,0,0,0,0,0,2,44
195,2013,5,21,5/19/2013,0,0,0,0,0,0,20,0,0,0,0,0,0,0,0,0,0,0,0,0,0,0,5,0,0,0,0,0,10,0,0,0,0,0,0,0,0,0,0,0,0,0,0,0,0,0,0,0,0,0,1,36
196,2013,5,22,5/26/2013,0,0,0,0,0,0,0,0,0,0,0,0,0,0,0,0,0,0,0,0,0,0,0,0,0,0,0,0,0,0,0,0,0,0,0,0,0,0,0,0,0,0,0,0,0,0,0,0,0,0,0,0
315,2015,9,36,9/6/2015,1,0,0,0,0,0,0,0,0,0,0,0,0,0,0,0,0,0,0,0,0,0,0,0,0,0,0,0,0,0,0,0,0,0,0,0,0,0,0,0,0,0,0,0,0,0,0,0,0,0,0,1
316,2015,9,37,9/13/2015,2,0,0,1,0,0,1,0,0,0,0,0,0,0,0,2,0,0,0,0,0,0,2,0,0,1,0,0,0,6,0,0,0,0,0,0,1,0,0,0,0,0,0,0,0,0,0,0,0,0,0,16
317,2015,9,38,9/20/2015,0,0,0,0,0,0,0,0,0,0,0,0,0,0,0,3,0,0,0,0,0,0,1,0,0,0,0,0,0,5,0,0,0,0,0,0,0,0,0,0,0,0,0,0,0,0,0,0,0,0,1,10
323,2015,11,44,11/1/2015,0,0,0,0,0,0,0,0,0,0,0,0,0,0,0,1,0,0,0,0,0,0,0,0,0,0,0,0,0,0,0,0,0,0,0,0,0,0,0,0,0,0,0,0,0,0,0,0,0,0,0,1
327,2015,11,48,11/29/2015,0,0,0,0,0,0,0,0,0,0,0,0,0,0,1,0,0,0,0,0,0,0,0,0,0,0,0,0,0,0,0,0,0,0,0,0,0,0,0,0,0,0,0,0,0,0,0,0,0,0,1,2
343,2016,3,12,3/20/2016,14,20,0,0,9,0,58,9,3,4,0,5,3,1,102,46,0,5,0,17,2,27,77,1,6,4,0,2,0,65,19,0,4,0,0,0,26,0,2,7,2,1,12,4,1,12,0,1,0,0,52,623
344,2016,3,13,3/27/2016,13,22,3,0,5,0,43,7,13,12,0,5,4,2,95,102,0,5,0,8,1,26,71,1,14,4,0,1,1,55,12,1,1,0,6,0,15,1,3,11,5,1,2,1,3,3,4,0,0,0,45,627
350,2016,5,19,5/8/2016,0,8,0,0,0,0,2,0,0,0,0,3,0,0,1,6,0,1,0,3,0,0,0,0,1,0,0,0,0,4,1,0,1,0,0,0,3,0,0,3,0,0,0,0,0,0,0,0,0,0,6,43
352,2016,5,21,5/22/2016,0,3,0,0,1,0,0,0,0,0,0,0,0,0,3,2,0,3,0,0,0,0,0,0,0,0,0,1,0,3,0,0,0,0,0,0,0,0,0,0,0,0,1,0,0,0,0,0,0,0,3,20
378,2016,11,47,11/20/2016,0,0,0,0,0,0,1,0,0,0,0,0,0,0,0,0,0,0,0,0,0,1,0,0,0,0,0,0,0,4,2,0,0,0,0,0,0,0,0,0,0,0,0,0,0,0,0,0,0,0,7,15
384,2017,1,1,1/1/2017,9,20,17,2,1,1,36,24,2,2,0,6,1,1,48,90,0,1,1,17,6,15,52,1,4,6,0,3,1,46,5,7,0,0,5,0,0,0,5,2,0,1,10,0,1,4,1,0,1,0,33,488
388,2017,1,5,1/29/2017,14,34,2,4,7,0,39,9,6,9,4,5,14,1,149,60,0,7,1,13,5,23,125,0,3,7,2,0,7,46,9,27,0,2,6,1,19,2,29,4,8,2,26,6,12,2,0,0,16,0,107,874
393,2017,3,10,3/5/2017,10,12,2,2,2,0,10,2,0,2,0,1,5,2,48,49,0,1,0,1,2,5,34,1,5,3,0,0,1,33,4,1,0,2,1,0,37,0,7,3,0,2,13,1,0,2,0,0,1,0,54,361
394,2017,3,11,3/12/2017,11,9,0,2,2,0,9,5,0,8,0,3,4,2,44,35,0,8,0,7,1,3,37,0,3,0,0,0,1,23,4,8,1,0,1,1,14,1,2,4,0,3,20,0,2,2,0,0,0,1,47,328
395,2017,3,12,3/19/2017,13,15,0,3,6,0,13,6,1,5,0,0,1,0,24,33,0,3,0,7,1,0,26,0,19,0,0,0,0,20,1,10,0,0,2,0,11,1,1,4,2,0,10,4,0,1,0,0,0,0,37,280
424,2017,10,41,10/8/2017,0,0,0,0,0,0,4,0,0,0,0,0,0,0,1,0,0,0,0,0,0,0,0,0,0,0,0,0,0,2,0,0,0,0,0,0,2,0,0,0,0,0,0,0,0,0,0,0,0,0,4,13
425,2017,10,42,10/15/2017,0,0,0,0,0,0,0,1,0,0,0,0,0,0,0,0,0,0,0,1,0,0,0,1,1,0,0,0,0,2,0,0,0,0,0,0,0,0,0,0,0,0,0,0,0,0,0,0,0,0,1,7
426,2017,10,43,10/22/2017,0,0,0,1,0,0,0,0,0,0,0,0,0,0,0,0,0,0,0,0,1,0,1,0,1,0,0,0,0,0,0,0,0,0,0,0,0,0,0,0,0,0,0,0,0,0,0,0,0,0,2,6
427,2017,10,44,10/29/2017,0,0,0,0,0,0,0,0,0,1,0,0,0,0,1,1,0,0,0,0,1,2,0,0,0,0,0,0,0,1,1,0,0,1,0,0,1,0,0,0,0,0,0,0,0,0,0,0,0,0,2,12
431,2017,11,48,11/26/2017,0,2,0,0,0,0,7,0,0,0,0,1,2,0,15,1,0,0,0,0,0,3,3,0,1,0,0,0,1,0,0,0,1,0,0,0,0,1,0,0,0,0,0,0,0,0,0,1,0,0,4,43
432,2017,12,49,12/3/2017,3,12,0,0,0,0,18,1,0,0,0,5,0,0,5,9,0,1,0,1,0,5,4,0,2,1,0,0,0,0,0,0,0,0,0,0,4,1,2,2,1,1,0,3,0,0,0,0,0,0,9,90
433,2017,12,50,12/10/2017,7,14,0,0,0,0,20,0,0,0,0,5,2,3,18,15,0,2,0,1,0,4,4,0,4,0,0,0,0,6,2,0,0,0,0,0,3,16,7,3,1,0,0,0,0,0,0,0,1,7,23,168
434,2017,12,51,12/17/2017,6,24,0,0,5,0,30,2,3,1,1,0,0,4,30,26,0,12,0,5,0,6,6,2,6,2,2,1,0,14,4,4,2,0,0,0,8,2,3,7,2,5,6,0,2,3,0,0,2,4,44,286
435,2017,12,52,12/24/2017,2,34,0,0,4,1,16,4,0,2,2,0,4,3,75,29,0,4,0,9,2,8,32,3,5,5,0,1,3,18,3,0,7,0,2,0,12,3,4,8,0,2,11,6,4,3,0,0,3,7,63,404
436,2017,12,1,12/31/2017,1,11,1,0,5,0,17,7,2,0,0,3,2,4,94,51,0,1,0,9,5,17,34,1,3,3,0,0,6,36,6,3,7,0,1,0,18,6,5,4,5,10,11,2,1,0,4,0,3,5,60,464
438,2018,1,3,1/14/2018,4,8,0,9,2,1,45,10,5,4,2,5,10,4,67,65,1,4,0,33,15,8,61,5,5,1,3,1,1,28,4,7,4,0,2,6,29,24,15,13,4,11,52,0,0,2,2,0,1,1,50,634
439,2018,1,4,1/21/2018,13,3,3,3,7,1,71,18,11,6,0,0,9,4,63,75,0,7,2,31,19,29,64,1,5,1,2,1,0,31,4,15,6,0,0,5,21,29,28,11,7,6,77,3,0,3,0,1,1,2,75,774
