year,flu week,GL rate,GL pop,GL count,GL weighted rate,FL rate,FL count,FL pop,FL weighted rate,PO rate,PO count,PO pop,PO weighted rate,TO rate,TO count,TO pop,TO weighted rate
,,,,,0.0,,,,,,,,,,,,
1.0,1.0,0.00022361400000000002,13416.0,3.0,0.00022361400000000002,,,,0.0,,,,0.0,,,,0.0
1.0,2.0,0.00044722699999999997,13416.0,6.0,0.0003130592,0.0,0.0,90853.0,0.0,0.000324781,2.0,6158.0,0.000324781,0.0,0.0,5343.0,0.0
1.0,3.0,0.000670841,13416.0,9.0,0.00045617192,4.4027e-05,4.0,90853.0,1.76108e-05,0.0,0.0,6158.0,0.0001948686,0.0,0.0,5343.0,0.0
1.0,4.0,0.000149076,13416.0,2.0,0.000333333552,8.8054e-05,8.0,90853.0,4.578808e-05,0.0,0.0,6158.0,0.00011692115999999998,0.0,0.0,5343.0,0.0
1.0,5.0,0.000149076,13416.0,2.0,0.0002596305312,0.000121075,11.0,90853.0,7.5902848e-05,0.0,0.0,6158.0,7.015269599999999e-05,0.0,0.0,5343.0,0.0
1.0,6.0,0.0,13416.0,0.0,0.00015577831872,0.000484299,44.0,90853.0,0.0002392613088,0.0,0.0,6158.0,4.209161759999999e-05,0.0,0.0,5343.0,0.0
1.0,7.0,0.0,13416.0,0.0,9.3466991232e-05,0.00089155,81.0,90853.0,0.00050017678528,0.0,0.0,6158.0,2.5254970559999993e-05,0.00018716099999999998,1.0,5343.0,7.48644e-05
1.0,8.0,0.0,13416.0,0.0,5.608019473919999e-05,0.0014088689999999999,128.0,90853.0,0.0008636536711679999,0.0027606370000000002,17.0,6158.0,0.001119407782336,0.003743215,20.0,5343.0,0.00154220464
1.0,9.0,7.4538e-05,13416.0,1.0,6.346331684351999e-05,0.0020142429999999998,183.0,90853.0,0.0013238894027007998,0.003085417,19.0,6158.0,0.0019058114694016001,0.0056148230000000006,30.0,5343.0,0.0031712519840000003
1.0,10.0,0.0,13416.0,0.0,3.8077990106111994e-05,0.001243767,113.0,90853.0,0.00129184044162048,0.0,0.0,6158.0,0.00114348688164096,0.0056148230000000006,30.0,5343.0,0.004148680390400001
1.0,11.0,0.0,13416.0,0.0,2.2846794063667197e-05,0.000737455,67.0,90853.0,0.001070086264972288,0.0,0.0,6158.0,0.0006860921289845761,0.0018716079999999999,10.0,5343.0,0.0032378514342400002
1.0,12.0,0.0,13416.0,0.0,1.3708076438200318e-05,0.000176109,16.0,90853.0,0.0007124953589833728,0.0,0.0,6158.0,0.00041165527739074566,0.0,0.0,5343.0,0.001942710860544
1.0,13.0,0.0,13416.0,0.0,8.22484586292019e-06,8.8054e-05,8.0,90853.0,0.00046271881539002366,0.0,0.0,6158.0,0.00024699316643444737,0.0,0.0,5343.0,0.0011656265163264
1.0,14.0,0.0,13416.0,0.0,4.934907517752114e-06,2.2014e-05,2.0,90853.0,0.0002864368892340142,0.0,0.0,6158.0,0.00014819589986066843,0.0,0.0,5343.0,0.0006993759097958399
1.0,15.0,0.0,13416.0,0.0,2.960944510651268e-06,7.7048e-05,7.0,90853.0,0.00020268133354040853,0.0,0.0,6158.0,8.891753991640106e-05,0.0,0.0,5343.0,0.0004196255458775039
1.0,16.0,0.0,13416.0,0.0,1.7765667063907609e-06,1.1007e-05,1.0,90853.0,0.00012601160012424512,0.0,0.0,6158.0,5.3350523949840636e-05,0.0,0.0,5343.0,0.0002517753275265023
1.0,17.0,0.0,13416.0,0.0,1.0659400238344565e-06,0.0,0.0,90853.0,7.560696007454706e-05,0.0,0.0,6158.0,3.201031436990438e-05,0.0,0.0,5343.0,0.00015106519651590138
1.0,18.0,0.0,13416.0,0.0,6.395640143006738e-07,3.302e-05,3.0,90853.0,5.8572176044728235e-05,0.0,0.0,6158.0,1.920618862194263e-05,0.00018716099999999998,1.0,5343.0,0.00016550351790954083
1.0,19.0,0.0,13416.0,0.0,3.837384085804043e-07,0.0,0.0,90853.0,3.514330562683694e-05,0.0,0.0,6158.0,1.1523713173165576e-05,0.0,0.0,5343.0,9.93021107457245e-05
1.0,20.0,0.0,13416.0,0.0,2.3024304514824258e-07,2.2014e-05,2.0,90853.0,2.989158337610216e-05,0.0,0.0,6158.0,6.914227903899346e-06,0.0,0.0,5343.0,5.95812664474347e-05
1.0,21.0,0.0,13416.0,0.0,1.3814582708894553e-07,1.1007e-05,1.0,90853.0,2.2337750025661298e-05,0.0,0.0,6158.0,4.1485367423396075e-06,0.0,0.0,5343.0,3.5748759868460814e-05
1.0,22.0,0.0,13416.0,0.0,8.288749625336732e-08,0.0,0.0,90853.0,1.3402650015396778e-05,0.0,0.0,6158.0,2.4891220454037644e-06,0.0,0.0,5343.0,2.1449255921076487e-05
1.0,23.0,0.0,13416.0,0.0,4.973249775202039e-08,0.0,0.0,90853.0,8.041590009238067e-06,0.0,0.0,6158.0,1.4934732272422586e-06,0.0,0.0,5343.0,1.2869553552645892e-05
1.0,24.0,0.0,13416.0,0.0,2.983949865121223e-08,0.0,0.0,90853.0,4.82495400554284e-06,0.0,0.0,6158.0,8.960839363453551e-07,0.0,0.0,5343.0,7.721732131587534e-06
1.0,25.0,0.0,13416.0,0.0,1.7903699190727338e-08,1.1007e-05,1.0,90853.0,7.297772403325704e-06,0.0,0.0,6158.0,5.376503618072131e-07,0.0,0.0,5343.0,4.633039278952521e-06
1.0,26.0,0.0,13416.0,0.0,1.0742219514436403e-08,0.0,0.0,90853.0,4.378663441995422e-06,0.0,0.0,6158.0,3.225902170843278e-07,0.0,0.0,5343.0,2.779823567371512e-06
1.0,27.0,0.0,13416.0,0.0,6.4453317086618415e-09,0.0,0.0,90853.0,2.6271980651972533e-06,0.0,0.0,6158.0,1.935541302505967e-07,0.0,0.0,5343.0,1.6678941404229073e-06
1.0,28.0,0.0,13416.0,0.0,3.867199025197105e-09,0.0,0.0,90853.0,1.576318839118352e-06,0.0,0.0,6158.0,1.1613247815035801e-07,0.0,0.0,5343.0,1.0007364842537444e-06
1.0,29.0,0.0,13416.0,0.0,2.320319415118263e-09,2.2014e-05,2.0,90853.0,9.751391303471012e-06,0.0,0.0,6158.0,6.967948689021481e-08,0.0,0.0,5343.0,6.004418905522467e-07
1.0,30.0,0.0,13416.0,0.0,1.3921916490709577e-09,3.302e-05,3.0,90853.0,1.9058834782082607e-05,0.0,0.0,6158.0,4.1807692134128885e-08,0.0,0.0,5343.0,3.6026513433134797e-07
1.0,31.0,0.0,13416.0,0.0,8.353149894425747e-10,0.0,0.0,90853.0,1.1435300869249565e-05,0.0,0.0,6158.0,2.508461528047733e-08,0.0,0.0,5343.0,2.1615908059880877e-07
1.0,32.0,0.0,13416.0,0.0,5.011889936655447e-10,0.0,0.0,90853.0,6.861180521549738e-06,0.0,0.0,6158.0,1.5050769168286398e-08,0.0,0.0,5343.0,1.2969544835928526e-07
1.0,33.0,0.0,13416.0,0.0,3.0071339619932686e-10,1.1007e-05,1.0,90853.0,8.519508312929843e-06,0.0,0.0,6158.0,9.030461500971838e-09,0.0,0.0,5343.0,7.781726901557115e-08
1.0,34.0,0.0,13416.0,0.0,1.8042803771959612e-10,0.0,0.0,90853.0,5.111704987757906e-06,0.0,0.0,6158.0,5.418276900583103e-09,0.0,0.0,5343.0,4.669036140934269e-08
1.0,35.0,0.0,13416.0,0.0,1.0825682263175766e-10,1.1007e-05,1.0,90853.0,7.469822992654744e-06,0.0,0.0,6158.0,3.2509661403498616e-09,0.0,0.0,5343.0,2.8014216845605612e-08
1.0,36.0,0.0,13416.0,0.0,6.49540935790546e-11,0.0,0.0,90853.0,4.481893795592847e-06,0.0,0.0,6158.0,1.950579684209917e-09,0.0,0.0,5343.0,1.6808530107363366e-08
1.0,37.0,0.0,13416.0,0.0,3.897245614743276e-11,0.0,0.0,90853.0,2.689136277355708e-06,0.0,0.0,6158.0,1.1703478105259501e-09,0.0,0.0,5343.0,1.0085118064418019e-08
1.0,38.0,0.0,13416.0,0.0,2.3383473688459657e-11,0.0,0.0,90853.0,1.6134817664134247e-06,0.0,0.0,6158.0,7.022086863155701e-10,0.0,0.0,5343.0,6.051070838650811e-09
1.0,39.0,0.0,13416.0,0.0,1.4030084213075794e-11,0.0,0.0,90853.0,9.680890598480548e-07,0.0,0.0,6158.0,4.2132521178934205e-10,0.0,0.0,5343.0,3.6306425031904862e-09
1.0,40.0,0.0,13416.0,0.0,8.418050527845475e-12,0.0,0.0,90853.0,5.808534359088329e-07,0.0,0.0,6158.0,2.527951270736052e-10,0.0,0.0,5343.0,2.1783855019142917e-09
1.0,41.0,0.0,13416.0,0.0,5.050830316707285e-12,0.0,0.0,90853.0,3.485120615452997e-07,0.0,0.0,6158.0,1.5167707624416312e-10,0.0,0.0,5343.0,1.307031301148575e-09
1.0,42.0,0.0,13416.0,0.0,3.030498190024371e-12,0.0,0.0,90853.0,2.0910723692717982e-07,0.0,0.0,6158.0,9.100624574649787e-11,0.0,0.0,5343.0,7.84218780689145e-10
1.0,43.0,0.0,13416.0,0.0,1.8182989140146224e-12,0.0,0.0,90853.0,1.2546434215630787e-07,0.0,0.0,6158.0,5.4603747447898716e-11,0.0,0.0,5343.0,4.70531268413487e-10
1.0,44.0,0.0,13416.0,0.0,1.0909793484087734e-12,0.0,0.0,90853.0,7.527860529378473e-08,0.0,0.0,6158.0,3.276224846873923e-11,0.0,0.0,5343.0,2.823187610480922e-10
1.0,45.0,0.0,13416.0,0.0,6.54587609045264e-13,0.0,0.0,90853.0,4.516716317627084e-08,0.0,0.0,6158.0,1.965734908124354e-11,0.0,0.0,5343.0,1.6939125662885532e-10
1.0,46.0,0.0,13416.0,0.0,3.9275256542715836e-13,0.0,0.0,90853.0,2.7100297905762503e-08,0.0,0.0,6158.0,1.1794409448746123e-11,0.0,0.0,5343.0,1.016347539773132e-10
1.0,47.0,0.0,13416.0,0.0,2.35651539256295e-13,0.0,0.0,90853.0,1.6260178743457502e-08,0.0,0.0,6158.0,7.076645669247673e-12,0.0,0.0,5343.0,6.098085238638791e-11
1.0,48.0,0.0,13416.0,0.0,1.41390923553777e-13,0.0,0.0,90853.0,9.7561072460745e-09,0.0,0.0,6158.0,4.2459874015486036e-12,0.0,0.0,5343.0,3.658851143183275e-11
1.0,49.0,0.0,13416.0,0.0,8.48345541322662e-14,0.0,0.0,90853.0,5.8536643476447e-09,0.0,0.0,6158.0,2.547592440929162e-12,0.0,0.0,5343.0,2.1953106859099647e-11
1.0,50.0,0.0,13416.0,0.0,5.090073247935972e-14,0.0,0.0,90853.0,3.51219860858682e-09,0.0,0.0,6158.0,1.5285554645574972e-12,0.0,0.0,5343.0,1.3171864115459787e-11
1.0,51.0,0.0,13416.0,0.0,3.054043948761583e-14,0.0,0.0,90853.0,2.107319165152092e-09,0.0,0.0,6158.0,9.171332787344983e-13,0.0,0.0,5343.0,7.903118469275872e-12
1.0,52.0,0.0,13416.0,0.0,1.83242636925695e-14,0.0,0.0,90853.0,1.2643914990912551e-09,0.0,0.0,6158.0,5.502799672406989e-13,0.0,0.0,5343.0,4.741871081565524e-12
1.0,53.0,0.0,13416.0,0.0,1.09945582155417e-14,0.0,0.0,90853.0,7.58634899454753e-10,0.0,0.0,6158.0,3.301679803444194e-13,0.0,0.0,5343.0,2.845122648939314e-12
2.0,1.0,0.0,13568.0,0.0,6.596734929325019e-15,0.0,0.0,90853.0,4.551809396728518e-10,0.0,0.0,6158.0,1.981007882066516e-13,0.0,0.0,5343.0,1.7070735893635882e-12
2.0,2.0,0.0,13568.0,0.0,3.958040957595011e-15,0.0,0.0,91236.0,2.7310856380371105e-10,0.0,0.0,6189.0,1.1886047292399096e-13,0.0,0.0,5151.0,1.0242441536181529e-12
2.0,3.0,0.0,13568.0,0.0,2.3748245745570066e-15,0.0,0.0,91236.0,1.6386513828222663e-10,0.0,0.0,6189.0,7.131628375439457e-14,0.0,0.0,5151.0,6.145464921708918e-13
2.0,4.0,0.0,13568.0,0.0,1.4248947447342039e-15,0.0,0.0,91236.0,9.831908296933597e-11,0.0,0.0,6189.0,4.278977025263674e-14,0.0,0.0,5151.0,3.6872789530253504e-13
2.0,5.0,0.0,13568.0,0.0,8.549368468405223e-16,0.0,0.0,91236.0,5.899144978160158e-11,0.0,0.0,6189.0,2.5673862151582045e-14,0.0,0.0,5151.0,2.21236737181521e-13
2.0,6.0,0.0,13568.0,0.0,5.129621081043134e-16,0.0,0.0,91236.0,3.539486986896094e-11,0.0,0.0,6189.0,1.5404317290949227e-14,0.0,0.0,5151.0,1.327420423089126e-13
2.0,7.0,0.0,13568.0,0.0,3.07777264862588e-16,0.0,0.0,91236.0,2.1236921921376566e-11,0.0,0.0,6189.0,9.242590374569536e-15,0.0,0.0,5151.0,7.964522538534756e-14
2.0,8.0,0.0,13568.0,0.0,1.8466635891755281e-16,0.0,0.0,91236.0,1.274215315282594e-11,0.0,0.0,6189.0,5.545554224741722e-15,0.0,0.0,5151.0,4.778713523120853e-14
2.0,9.0,0.0,13568.0,0.0,1.1079981535053168e-16,0.0,0.0,91236.0,7.645291891695564e-12,0.0,0.0,6189.0,3.327332534845033e-15,0.0,0.0,5151.0,2.867228113872512e-14
2.0,10.0,0.0,13568.0,0.0,6.6479889210319e-17,0.0,0.0,91236.0,4.587175135017338e-12,0.0,0.0,6189.0,1.9963995209070196e-15,0.0,0.0,5151.0,1.7203368683235072e-14
2.0,11.0,0.0,13568.0,0.0,3.98879335261914e-17,0.0,0.0,91236.0,2.7523050810104026e-12,0.0,0.0,6189.0,1.1978397125442117e-15,0.0,0.0,5151.0,1.0322021209941043e-14
2.0,12.0,0.0,13568.0,0.0,2.393276011571484e-17,0.0,0.0,91236.0,1.6513830486062414e-12,0.0,0.0,6189.0,7.1870382752652705e-16,0.0,0.0,5151.0,6.193212725964626e-15
2.0,13.0,0.0,13568.0,0.0,1.43596560694289e-17,0.0,0.0,91236.0,9.908298291637447e-13,0.0,0.0,6189.0,4.312222965159162e-16,0.0,0.0,5151.0,3.7159276355787755e-15
2.0,14.0,0.0,13568.0,0.0,8.61579364165734e-18,0.0,0.0,91236.0,5.944978974982468e-13,0.0,0.0,6189.0,2.587333779095497e-16,0.0,0.0,5151.0,2.2295565813472653e-15
2.0,15.0,0.0,13568.0,0.0,5.1694761849944045e-18,0.0,0.0,91236.0,3.566987384989481e-13,0.0,0.0,6189.0,1.552400267457298e-16,0.0,0.0,5151.0,1.3377339488083592e-15
2.0,16.0,0.0,13568.0,0.0,3.1016857109966425e-18,0.0,0.0,91236.0,2.1401924309936883e-13,0.0,0.0,6189.0,9.314401604743789e-17,0.0,0.0,5151.0,8.026403692850154e-16
2.0,17.0,0.0,13568.0,0.0,1.8610114265979855e-18,6.5764e-05,6.0,91236.0,2.6305600128411548e-05,0.0,0.0,6189.0,5.588640962846273e-17,0.0,0.0,5151.0,4.815842215710093e-16
2.0,18.0,0.0,13568.0,0.0,1.1166068559587913e-18,0.00048226599999999997,44.0,91236.0,0.00020868976007704692,0.0,0.0,6189.0,3.353184577707764e-17,0.0,0.0,5151.0,2.8895053294260554e-16
2.0,19.0,0.0,13568.0,0.0,6.699641135752747e-19,0.00030689599999999997,28.0,91236.0,0.0002479722560462281,0.000807885,5.0,6189.0,0.00032315400000002014,0.0,0.0,5151.0,1.7337031976556332e-16
2.0,20.0,0.0,13568.0,0.0,4.019784681451648e-19,0.000295936,27.0,91236.0,0.0002671577536277369,0.0,0.0,6189.0,0.00019389240000001207,0.0,0.0,5151.0,1.0402219185933799e-16
2.0,21.0,0.0,13568.0,0.0,2.4118708088709885e-19,6.5764e-05,6.0,91236.0,0.00018660025217664213,0.00016157700000000002,1.0,6189.0,0.00018096624000000724,0.0,0.0,5151.0,6.241331511560279e-17
2.0,22.0,0.0,13568.0,0.0,1.4471224853225931e-19,2.1921e-05,2.0,91236.0,0.00012072855130598527,0.000807885,5.0,6189.0,0.00043173374400000435,0.0,0.0,5151.0,3.7447989069361674e-17
2.0,23.0,0.0,13568.0,0.0,8.682734911935559e-20,0.000657635,60.0,91236.0,0.00033549113078359114,0.00016157700000000002,1.0,6189.0,0.00032367104640000264,0.0007765480000000001,4.0,5151.0,0.0003106192000000225
2.0,24.0,7.3703e-05,13568.0,1.0,2.948120000000005e-05,0.000624753,57.0,91236.0,0.00045119587847015474,0.0,0.0,6189.0,0.00019420262784000157,0.00038827400000000003,2.0,5151.0,0.00034168112000001354
2.0,25.0,0.000368514,13568.0,5.0,0.00016509432000000004,0.0012823889999999999,117.0,91236.0,0.0007836731270820928,0.0012926160000000001,8.0,6189.0,0.000633567976704001,0.0,0.0,5151.0,0.00020500867200000812
2.0,26.0,0.00044221699999999996,13568.0,6.0,0.000275943392,0.00093165,85.0,91236.0,0.0008428638762492557,0.0009694619999999999,6.0,6189.0,0.0007679255860224006,0.00019413700000000002,1.0,5151.0,0.0002006600032000049
2.0,27.0,0.00029481099999999997,13568.0,4.0,0.0002834904352,0.000909729,83.0,91236.0,0.0008696099257495533,0.002423655,15.0,6189.0,0.0014302173516134403,0.0019413710000000001,10.0,5151.0,0.000896944401920003
2.0,28.0,0.0,13568.0,0.0,0.00017009426112,0.000898768,82.0,91236.0,0.000881273155449732,0.0,0.0,6189.0,0.0008581304109680642,0.006212385999999999,32.0,5151.0,0.0030231210411520017
2.0,29.0,0.0,13568.0,0.0,0.000102056556672,0.001271428,116.0,91236.0,0.0010373350932698392,0.0,0.0,6189.0,0.0005148782465808385,0.0,0.0,5151.0,0.001813872624691201
2.0,30.0,0.0,13568.0,0.0,6.123393400319999e-05,0.001260467,115.0,91236.0,0.0011265878559619034,0.0,0.0,6189.0,0.0003089269479485031,0.00019413700000000002,1.0,5151.0,0.0011659783748147205
2.0,31.0,0.0,13568.0,0.0,3.6740360401919995e-05,0.0008768469999999999,80.0,91236.0,0.001026691513577142,0.0,0.0,6189.0,0.00018535616876910188,0.00038827400000000003,2.0,5151.0,0.0008548966248888324
2.0,32.0,0.0,13568.0,0.0,2.2044216241151996e-05,0.00056995,52.0,91236.0,0.0008439949081462851,0.0,0.0,6189.0,0.00011121370126146113,0.00019413700000000002,1.0,5151.0,0.0005905927749332994
2.0,33.0,0.0,13568.0,0.0,1.3226529744691198e-05,0.000602832,55.0,91236.0,0.000747529744887771,0.0,0.0,6189.0,6.672822075687668e-05,0.0,0.0,5151.0,0.00035435566495997965
2.0,34.0,0.0,13568.0,0.0,7.935917846814719e-06,6.5764e-05,6.0,91236.0,0.00047482344693266257,0.0,0.0,6189.0,4.0036932454126005e-05,0.0,0.0,5151.0,0.00021261339897598778
2.0,35.0,0.0,13568.0,0.0,4.7615507080888315e-06,0.0,0.0,91236.0,0.00028489406815959754,0.0,0.0,6189.0,2.40221594724756e-05,0.0,0.0,5151.0,0.00012756803938559266
2.0,36.0,0.0,13568.0,0.0,2.856930424853299e-06,2.1921e-05,2.0,91236.0,0.00017970484089575853,0.0,0.0,6189.0,1.441329568348536e-05,0.0,0.0,5151.0,7.654082363135559e-05
2.0,37.0,0.0,13568.0,0.0,1.7141582549119792e-06,3.2882e-05,3.0,91236.0,0.00012097570453745511,0.0,0.0,6189.0,8.647977410091216e-06,0.0,0.0,5151.0,4.592449417881335e-05
2.0,38.0,0.0,13568.0,0.0,1.0284949529471875e-06,3.2882e-05,3.0,91236.0,8.573822272247306e-05,0.0,0.0,6189.0,5.18878644605473e-06,0.0,0.0,5151.0,2.755469650728801e-05
2.0,39.0,0.0,13568.0,0.0,6.170969717683125e-07,3.2882e-05,3.0,91236.0,6.459573363348382e-05,0.0,0.0,6189.0,3.113271867632838e-06,0.0,0.0,5151.0,1.6532817904372804e-05
2.0,40.0,0.0,13568.0,0.0,3.702581830609875e-07,0.0,0.0,91236.0,3.8757440180090296e-05,0.0,0.0,6189.0,1.8679631205797026e-06,0.0,0.0,5151.0,9.919690742623682e-06
2.0,41.0,0.0,13568.0,0.0,2.2215490983659248e-07,0.0,0.0,91236.0,2.3254464108054178e-05,0.0,0.0,6189.0,1.1207778723478215e-06,0.0,0.0,5151.0,5.951814445574209e-06
2.0,42.0,0.0,13568.0,0.0,1.3329294590195548e-07,0.0,0.0,91236.0,1.3952678464832506e-05,0.0,0.0,6189.0,6.724667234086929e-07,0.0,0.0,5151.0,3.5710886673445252e-06
2.0,43.0,0.0,13568.0,0.0,7.997576754117328e-08,0.0,0.0,91236.0,8.371607078899503e-06,0.0,0.0,6189.0,4.034800340452157e-07,0.0,0.0,5151.0,2.142653200406715e-06
2.0,44.0,0.0,13568.0,0.0,4.7985460524703966e-08,0.0,0.0,91236.0,5.022964247339702e-06,0.0,0.0,6189.0,2.420880204271294e-07,0.0,0.0,5151.0,1.285591920244029e-06
2.0,45.0,0.0,13568.0,0.0,2.879127631482238e-08,0.0,0.0,91236.0,3.0137785484038212e-06,0.0,0.0,6189.0,1.4525281225627764e-07,0.0,0.0,5151.0,7.713551521464175e-07
2.0,46.0,0.0,13568.0,0.0,1.7274765788893425e-08,0.0,0.0,91236.0,1.8082671290422926e-06,0.0,0.0,6189.0,8.715168735376658e-08,0.0,0.0,5151.0,4.628130912878505e-07
2.0,47.0,0.0,13568.0,0.0,1.0364859473336055e-08,0.0,0.0,91236.0,1.0849602774253755e-06,0.0,0.0,6189.0,5.229101241225995e-08,0.0,0.0,5151.0,2.776878547727103e-07
2.0,48.0,0.0,13568.0,0.0,6.218915684001633e-09,0.0,0.0,91236.0,6.509761664552253e-07,0.0,0.0,6189.0,3.137460744735597e-08,0.0,0.0,5151.0,1.6661271286362616e-07
2.0,49.0,0.0,13568.0,0.0,3.731349410400979e-09,0.0,0.0,91236.0,3.905856998731352e-07,0.0,0.0,6189.0,1.882476446841358e-08,0.0,0.0,5151.0,9.99676277181757e-08
2.0,50.0,0.0,13568.0,0.0,2.2388096462405873e-09,0.0,0.0,91236.0,2.343514199238811e-07,0.0,0.0,6189.0,1.1294858681048148e-08,0.0,0.0,5151.0,5.998057663090542e-08
2.0,51.0,0.0,13568.0,0.0,1.3432857877443524e-09,0.0,0.0,91236.0,1.4061085195432865e-07,0.0,0.0,6189.0,6.776915208628889e-09,0.0,0.0,5151.0,3.598834597854325e-08
2.0,52.0,0.0,13568.0,0.0,8.059714726466114e-10,0.0,0.0,91236.0,8.43665111725972e-08,0.0,0.0,6189.0,4.066149125177333e-09,0.0,0.0,5151.0,2.159300758712595e-08
3.0,1.0,0.0,13667.0,0.0,4.835828835879668e-10,0.0,0.0,91236.0,5.0619906703558314e-08,0.0,0.0,6189.0,2.4396894751064e-09,0.0,0.0,5151.0,1.2955804552275569e-08
3.0,2.0,0.0,13667.0,0.0,2.901497301527801e-10,0.0,0.0,91576.0,3.037194402213499e-08,0.0,0.0,6153.0,1.4638136850638398e-09,0.0,0.0,5216.0,7.773482731365342e-09
3.0,3.0,0.0,13667.0,0.0,1.7408983809166807e-10,0.0,0.0,91576.0,1.822316641328099e-08,0.0,0.0,6153.0,8.782882110383038e-10,0.0,0.0,5216.0,4.664089638819205e-09
3.0,4.0,0.0,13667.0,0.0,1.0445390285500083e-10,0.0,0.0,91576.0,1.0933899847968594e-08,0.0,0.0,6153.0,5.269729266229823e-10,0.0,0.0,5216.0,2.7984537832915228e-09
3.0,5.0,0.0,13667.0,0.0,6.26723417130005e-11,0.0,0.0,91576.0,6.560339908781156e-09,0.0,0.0,6153.0,3.161837559737894e-10,0.0,0.0,5216.0,1.6790722699749135e-09
3.0,6.0,0.0,13667.0,0.0,3.760340502780029e-11,0.0,0.0,91576.0,3.936203945268693e-09,0.0,0.0,6153.0,1.8971025358427364e-10,0.0,0.0,5216.0,1.0074433619849482e-09
3.0,7.0,0.0,13667.0,0.0,2.2562043016680175e-11,0.0,0.0,91576.0,2.361722367161216e-09,0.0,0.0,6153.0,1.1382615215056418e-10,0.0,0.0,5216.0,6.044660171909689e-10
3.0,8.0,0.0,13667.0,0.0,1.3537225810008104e-11,0.0,0.0,91576.0,1.4170334202967295e-09,0.0,0.0,6153.0,6.829569129033851e-11,0.0,0.0,5216.0,3.6267961031458134e-10
3.0,9.0,0.0,13667.0,0.0,8.122335486004863e-12,0.0,0.0,91576.0,8.502200521780377e-10,0.0,0.0,6153.0,4.0977414774203103e-11,0.0,0.0,5216.0,2.176077661887488e-10
3.0,10.0,0.0,13667.0,0.0,4.873401291602918e-12,0.0,0.0,91576.0,5.101320313068226e-10,0.0,0.0,6153.0,2.4586448864521863e-11,0.0,0.0,5216.0,1.3056465971324927e-10
3.0,11.0,0.0,13667.0,0.0,2.9240407749617507e-12,0.0,0.0,91576.0,3.0607921878409354e-10,0.0,0.0,6153.0,1.4751869318713117e-11,0.0,0.0,5216.0,7.833879582794956e-11
3.0,12.0,0.0,13667.0,0.0,1.7544244649770504e-12,0.0,0.0,91576.0,1.8364753127045612e-10,0.0,0.0,6153.0,8.85112159122787e-12,0.0,0.0,5216.0,4.700327749676974e-11
3.0,13.0,0.0,13667.0,0.0,1.0526546789862303e-12,0.0,0.0,91576.0,1.1018851876227367e-10,0.0,0.0,6153.0,5.310672954736721e-12,0.0,0.0,5216.0,2.8201966498061843e-11
3.0,14.0,0.0,13667.0,0.0,6.315928073917381e-13,0.0,0.0,91576.0,6.61131112573642e-11,0.0,0.0,6153.0,3.1864037728420324e-12,0.0,0.0,5216.0,1.6921179898837104e-11
3.0,15.0,0.0,13667.0,0.0,3.7895568443504286e-13,0.0,0.0,91576.0,3.966786675441852e-11,0.0,0.0,6153.0,1.9118422637052193e-12,0.0,0.0,5216.0,1.0152707939302262e-11
3.0,16.0,0.0,13667.0,0.0,2.273734106610257e-13,0.0,0.0,91576.0,2.3800720052651112e-11,0.0,0.0,6153.0,1.1471053582231316e-12,0.0,0.0,5216.0,6.091624763581357e-12
3.0,17.0,0.0,13667.0,0.0,1.364240463966154e-13,0.0,0.0,91576.0,1.4280432031590666e-11,0.0,0.0,6153.0,6.88263214933879e-13,0.0,0.0,5216.0,3.654974858148814e-12
3.0,18.0,0.0,13667.0,0.0,8.185442783796924e-14,0.0,0.0,91576.0,8.568259218954399e-12,0.0,0.0,6153.0,4.1295792896032737e-13,0.0,0.0,5216.0,2.1929849148892884e-12
3.0,19.0,0.0,13667.0,0.0,4.9112656702781545e-14,0.0,0.0,91576.0,5.140955531372639e-12,0.0,0.0,6153.0,2.477747573761964e-13,0.0,0.0,5216.0,1.315790948933573e-12
3.0,20.0,0.0,13667.0,0.0,2.946759402166893e-14,0.0,0.0,91576.0,3.0845733188235833e-12,0.0,0.0,6153.0,1.4866485442571783e-13,0.0,0.0,5216.0,7.894745693601438e-13
3.0,21.0,0.0,13667.0,0.0,1.7680556413001356e-14,0.0,0.0,91576.0,1.85074399129415e-12,0.0,0.0,6153.0,8.91989126554307e-14,0.0,0.0,5216.0,4.736847416160862e-13
3.0,22.0,0.0,13667.0,0.0,1.0608333847800814e-14,0.0,0.0,91576.0,1.1104463947764899e-12,0.0,0.0,6153.0,5.351934759325841e-14,0.0,0.0,5216.0,2.8421084496965175e-13
3.0,23.0,0.0,13667.0,0.0,6.365000308680488e-15,3.276e-05,3.0,91576.0,1.3104000666267838e-05,0.000325045,2.0,6153.0,0.0001300180000321116,0.000766871,4.0,5216.0,0.00030674840017052657
3.0,24.0,0.0,13667.0,0.0,3.819000185208292e-15,0.0006770330000000001,62.0,91576.0,0.0002786756003997607,0.00016252200000000001,1.0,6153.0,0.00014301960001926697,0.00038343599999999997,2.0,5216.0,0.0003374234401023159
3.0,25.0,0.0,13667.0,0.0,2.2914001111249753e-15,0.0008626710000000001,79.0,91576.0,0.0005122737602398565,0.0,0.0,6153.0,8.581176001156018e-05,0.0,0.0,5216.0,0.00020245406406138954
3.0,26.0,0.00014633799999999998,13667.0,2.0,5.853520000137484e-05,0.000185638,17.0,91576.0,0.0003816194561439139,0.000325045,2.0,6153.0,0.0001815050560069361,0.00038343599999999997,2.0,5216.0,0.0002748468384368337
3.0,27.0,7.316899999999999e-05,13667.0,1.0,6.43887200008249e-05,0.00101555,93.0,91576.0,0.0006351916736863484,0.00016252200000000001,1.0,6153.0,0.00017391183360416167,0.000575153,3.0,5216.0,0.00039496930306210027
3.0,28.0,0.000219507,13667.0,3.0,0.00012643603200049493,0.0010701489999999998,98.0,91576.0,0.000809174604211809,0.00016252200000000001,1.0,6153.0,0.000169355900162497,0.0009585889999999999,5.0,5216.0,0.0006204171818372602
3.0,29.0,7.316899999999999e-05,13667.0,1.0,0.00010512921920029694,0.00104831,96.0,91576.0,0.0009048287625270854,0.000325045,2.0,6153.0,0.00023163154009749818,0.000766871,4.0,5216.0,0.0006789987091023561
3.0,30.0,0.000219507,13667.0,3.0,0.00015088033152017816,0.00102647,94.0,91576.0,0.0009534852575162513,0.0,0.0,6153.0,0.0001389789240584989,0.000575153,3.0,5216.0,0.0006374604254614137
3.0,31.0,0.0,13667.0,0.0,9.052819891210689e-05,0.000775312,71.0,91576.0,0.0008822159545097507,0.0,0.0,6153.0,8.338735443509935e-05,0.000575153,3.0,5216.0,0.0006125374552768481
3.0,32.0,0.0,13667.0,0.0,5.4316919347264135e-05,0.0009172710000000001,84.0,91576.0,0.0008962379727058506,0.0,0.0,6153.0,5.0032412661059605e-05,0.0,0.0,5216.0,0.0003675224731661089
3.0,33.0,0.0,13667.0,0.0,3.259015160835848e-05,0.0008299119999999999,76.0,91576.0,0.0008697075836235103,0.000325045,2.0,6153.0,0.00016003744759663575,0.0,0.0,5216.0,0.00022051348389966533
3.0,34.0,0.0,13667.0,0.0,1.9554090965015088e-05,0.000567834,52.0,91576.0,0.0007489581501741061,0.00048756699999999995,3.0,6153.0,0.00029104926855798145,0.00038343599999999997,2.0,5216.0,0.00028568249033979914
3.0,35.0,0.0,13667.0,0.0,1.1732454579009052e-05,0.00034943699999999997,32.0,91576.0,0.0005891496901044637,0.0,0.0,6153.0,0.00017462956113478887,0.0,0.0,5216.0,0.00017140949420387948
3.0,36.0,0.0,13667.0,0.0,7.039472747405431e-06,7.643899999999999e-05,7.0,91576.0,0.0003840654140626782,0.0,0.0,6153.0,0.00010477773668087332,0.0,0.0,5216.0,0.00010284569652232768
3.0,37.0,0.0,13667.0,0.0,4.223683648443258e-06,8.7359e-05,8.0,91576.0,0.0002653828484376069,0.0,0.0,6153.0,6.286664200852398e-05,0.0,0.0,5216.0,6.170741791339661e-05
3.0,38.0,0.000219507,13667.0,3.0,9.033701018906595e-05,0.000174718,16.0,91576.0,0.00022911690906256412,0.0,0.0,6153.0,3.771998520511439e-05,0.0,0.0,5216.0,3.7024450748037965e-05
3.0,39.0,0.0,13667.0,0.0,5.420220611343957e-05,0.000218398,20.0,91576.0,0.00022482934543753848,0.0,0.0,6153.0,2.2631991123068634e-05,0.0,0.0,5216.0,2.221467044882278e-05
3.0,40.0,0.0,13667.0,0.0,3.252132366806374e-05,0.000131039,12.0,91576.0,0.00018731320726252308,0.0,0.0,6153.0,1.357919467384118e-05,0.0,0.0,5216.0,1.3328802269293667e-05
3.0,41.0,0.0,13667.0,0.0,1.9512794200838245e-05,0.0,0.0,91576.0,0.00011238792435751384,0.0,0.0,6153.0,8.147516804304707e-06,0.0,0.0,5216.0,7.9972813615762e-06
3.0,42.0,0.0,13667.0,0.0,1.1707676520502946e-05,0.0,0.0,91576.0,6.74327546145083e-05,0.0,0.0,6153.0,4.8885100825828245e-06,0.0,0.0,5216.0,4.79836881694572e-06
3.0,43.0,0.0,13667.0,0.0,7.024605912301767e-06,0.0,0.0,91576.0,4.045965276870498e-05,0.0,0.0,6153.0,2.9331060495496945e-06,0.0,0.0,5216.0,2.879021290167432e-06
3.0,44.0,0.0,13667.0,0.0,4.2147635473810605e-06,0.0,0.0,91576.0,2.427579166122299e-05,0.0,0.0,6153.0,1.7598636297298167e-06,0.0,0.0,5216.0,1.727412774100459e-06
3.0,45.0,0.0,13667.0,0.0,2.528858128428636e-06,0.0,0.0,91576.0,1.4565474996733793e-05,0.0,0.0,6153.0,1.05591817783789e-06,0.0,0.0,5216.0,1.0364476644602754e-06
3.0,46.0,0.0,13667.0,0.0,1.5173148770571816e-06,0.0,0.0,91576.0,8.739284998040276e-06,0.0,0.0,6153.0,6.33550906702734e-07,0.0,0.0,5216.0,6.218685986761653e-07
3.0,47.0,0.0,13667.0,0.0,9.10388926234309e-07,0.0,0.0,91576.0,5.243570998824166e-06,0.0,0.0,6153.0,3.801305440216404e-07,0.0,0.0,5216.0,3.7312115920569916e-07
3.0,48.0,0.0,13667.0,0.0,5.462333557405854e-07,0.0,0.0,91576.0,3.1461425992944993e-06,0.0,0.0,6153.0,2.2807832641298423e-07,0.0,0.0,5216.0,2.238726955234195e-07
3.0,49.0,0.0,13667.0,0.0,3.2774001344435125e-07,0.0,0.0,91576.0,1.8876855595766994e-06,0.0,0.0,6153.0,1.3684699584779053e-07,0.0,0.0,5216.0,1.343236173140517e-07
3.0,50.0,0.0,13667.0,0.0,1.9664400806661075e-07,0.0,0.0,91576.0,1.1326113357460195e-06,0.0,0.0,6153.0,8.210819750867432e-08,0.0,0.0,5216.0,8.059417038843101e-08
3.0,51.0,0.0,13667.0,0.0,1.1798640483996645e-07,0.0,0.0,91576.0,6.795668014476117e-07,0.0,0.0,6153.0,4.926491850520459e-08,0.0,0.0,5216.0,4.835650223305861e-08
3.0,52.0,0.0,13667.0,0.0,7.079184290397987e-08,0.0,0.0,91576.0,4.07740080868567e-07,0.0,0.0,6153.0,2.9558951103122752e-08,0.0,0.0,5216.0,2.9013901339835163e-08
4.0,1.0,0.0,13770.0,0.0,4.247510574238792e-08,0.0,0.0,91576.0,2.446440485211402e-07,0.0,0.0,6153.0,1.773537066187365e-08,0.0,0.0,5216.0,1.74083408039011e-08
4.0,2.0,0.0,13770.0,0.0,2.5485063445432753e-08,0.0,0.0,92835.0,1.4678642911268412e-07,0.0,0.0,6204.0,1.064122239712419e-08,0.0,0.0,5118.0,1.0445004482340658e-08
4.0,3.0,0.0,13770.0,0.0,1.529103806725965e-08,0.0,0.0,92835.0,8.807185746761047e-08,0.0,0.0,6204.0,6.384733438274514e-09,0.0,0.0,5118.0,6.2670026894043946e-09
4.0,4.0,0.0,13770.0,0.0,9.17462284035579e-09,0.0,0.0,92835.0,5.284311448056628e-08,0.0,0.0,6204.0,3.830840062964708e-09,0.0,0.0,5118.0,3.760201613642637e-09
4.0,5.0,0.0,13770.0,0.0,5.504773704213474e-09,0.0,0.0,92835.0,3.1705868688339767e-08,0.0,0.0,6204.0,2.2985040377788245e-09,0.0,0.0,5118.0,2.256120968185582e-09
4.0,6.0,0.0,13770.0,0.0,3.302864222528084e-09,0.0,0.0,92835.0,1.902352121300386e-08,0.0,0.0,6204.0,1.3791024226672947e-09,0.0,0.0,5118.0,1.3536725809113492e-09
4.0,7.0,0.0,13770.0,0.0,1.9817185335168505e-09,0.0,0.0,92835.0,1.1414112727802316e-08,0.0,0.0,6204.0,8.274614536003768e-10,0.0,0.0,5118.0,8.122035485468095e-10
4.0,8.0,0.0,13770.0,0.0,1.1890311201101104e-09,0.0,0.0,92835.0,6.848467636681389e-09,0.0,0.0,6204.0,4.964768721602261e-10,0.0,0.0,5118.0,4.873221291280857e-10
4.0,9.0,0.0,13770.0,0.0,7.134186720660662e-10,0.0,0.0,92835.0,4.109080582008833e-09,0.0,0.0,6204.0,2.9788612329613563e-10,0.0,0.0,5118.0,2.923932774768514e-10
4.0,10.0,0.0,13770.0,0.0,4.280512032396397e-10,0.0,0.0,92835.0,2.4654483492052998e-09,0.0,0.0,6204.0,1.7873167397768138e-10,0.0,0.0,5118.0,1.7543596648611083e-10
4.0,11.0,0.0,13770.0,0.0,2.568307219437838e-10,0.0,0.0,92835.0,1.4792690095231797e-09,0.0,0.0,6204.0,1.0723900438660883e-10,0.0,0.0,5118.0,1.052615798916665e-10
4.0,12.0,0.0,13770.0,0.0,1.5409843316627027e-10,0.0,0.0,92835.0,8.875614057139078e-10,0.0,0.0,6204.0,6.43434026319653e-11,0.0,0.0,5118.0,6.315694793499989e-11
4.0,13.0,0.0,13770.0,0.0,9.245905989976216e-11,0.0,0.0,92835.0,5.325368434283446e-10,0.0,0.0,6204.0,3.860604157917918e-11,0.0,0.0,5118.0,3.7894168760999934e-11
4.0,14.0,0.0,13770.0,0.0,5.5475435939857295e-11,0.0,0.0,92835.0,3.1952210605700677e-10,0.0,0.0,6204.0,2.3163624947507506e-11,0.0,0.0,5118.0,2.273650125659996e-11
4.0,15.0,7.2622e-05,13770.0,1.0,2.9048833285261563e-05,0.0,0.0,92835.0,1.9171326363420406e-10,0.0,0.0,6204.0,1.3898174968504502e-11,0.0,0.0,5118.0,1.3641900753959975e-11
4.0,16.0,7.2622e-05,13770.0,1.0,4.6478099971156934e-05,0.0,0.0,92835.0,1.1502795818052244e-10,0.0,0.0,6204.0,8.3389049811027e-12,0.0,0.0,5118.0,8.185140452375985e-12
4.0,17.0,7.2622e-05,13770.0,1.0,5.6935659982694156e-05,0.0,0.0,92835.0,6.901677490831346e-11,0.000483559,3.0,6204.0,0.000193423605003343,0.0,0.0,5118.0,4.911084271425591e-12
4.0,18.0,0.000508351,13770.0,7.0,0.0002375017959896165,0.001044865,97.0,92835.0,0.000417946041410065,0.001128304,7.0,6204.0,0.0005673757630020057,0.00039077800000000005,2.0,5118.0,0.0001563112029466506
4.0,19.0,0.00043573,13770.0,6.0,0.0003167930775937699,0.000635536,59.0,92835.0,0.000504982024846039,0.000644745,4.0,6204.0,0.0005983234578012034,0.0,0.0,5118.0,9.378672176799036e-05
4.0,20.0,0.000363108,13770.0,5.0,0.00033531904655626193,0.000991006,92.0,92835.0,0.0006993916149076235,0.000322373,2.0,6204.0,0.000487943274680722,0.00332161,17.0,5118.0,0.0013849160330607943
4.0,21.0,0.000363108,13770.0,5.0,0.00034643462793375714,0.0008402000000000001,78.0,92835.0,0.0007557149689445741,0.000161186,1.0,6204.0,0.0003572403648084332,0.006838609,35.0,5118.0,0.0035663932198364764
4.0,22.0,0.001016703,13770.0,14.0,0.0006145419767602543,0.0011741260000000002,109.0,92835.0,0.0009230793813667445,0.000967118,6.0,6204.0,0.0006011914188850599,0.00039077800000000005,2.0,5118.0,0.002296147131901886
4.0,23.0,0.000508351,13770.0,7.0,0.0005720655860561526,0.001238757,115.0,92835.0,0.0010493504288200469,0.001450677,9.0,6204.0,0.0009409856513310361,0.0,0.0,5118.0,0.0013776882791411314
4.0,24.0,0.0007988380000000001,13770.0,11.0,0.0006627745516336915,0.001012549,94.0,92835.0,0.0010346298572920282,0.000322373,2.0,6204.0,0.0006935405907986216,0.0,0.0,5118.0,0.0008266129674846789
4.0,25.0,0.000726216,13770.0,10.0,0.0006881511309802149,0.0006463080000000001,60.0,92835.0,0.000879301114375217,0.001289491,8.0,6204.0,0.000931920754479173,0.002344666,12.0,5118.0,0.0014338341804908073
4.0,26.0,0.000217865,13770.0,3.0,0.0005000366785881289,0.000527818,49.0,92835.0,0.0007387078686251302,0.000644745,4.0,6204.0,0.0008170504526875037,0.0031262209999999998,16.0,5118.0,0.0021107889082944845
4.0,27.0,0.000653595,13770.0,9.0,0.0005614600071528773,0.000355469,33.0,92835.0,0.0005854123211750781,0.000322373,2.0,6204.0,0.0006191794716125023,0.005470887,28.0,5118.0,0.0034548281449766904
4.0,28.0,0.000653595,13770.0,9.0,0.0005983140042917264,0.000355469,33.0,92835.0,0.0004934349927050468,0.0,0.0,6204.0,0.0003715076829675014,0.0021492770000000002,11.0,5118.0,0.0029326076869860144
4.0,29.0,0.000580973,13770.0,8.0,0.0005913776025750358,0.000603221,56.0,92835.0,0.0005373493956230282,0.000644745,4.0,6204.0,0.00048080260978050084,0.001953888,10.0,5118.0,0.0025411198121916088
4.0,30.0,0.000363108,13770.0,5.0,0.0005000697615450215,0.00039855699999999996,37.0,92835.0,0.00048183243737381687,0.0,0.0,6204.0,0.0002884815658683005,0.00019538900000000002,1.0,5118.0,0.0016028274873149653
4.0,31.0,0.00043573,13770.0,6.0,0.0004743338569270129,0.000280067,26.0,92835.0,0.0004011262624242901,0.0,0.0,6204.0,0.0001730889395209803,0.0,0.0,5118.0,0.0009616964923889791
4.0,32.0,0.0,13770.0,0.0,0.00028460031415620775,0.00010771799999999999,10.0,92835.0,0.0002837629574545741,0.000483559,3.0,6204.0,0.0002972769637125882,0.0005861659999999999,3.0,5118.0,0.0008114842954333875
4.0,33.0,0.0,13770.0,0.0,0.00017076018849372464,4.3086999999999996e-05,4.0,92835.0,0.00018749257447274445,0.0,0.0,6204.0,0.00017836617822755292,0.001172333,6.0,5118.0,0.0009558237772600326
4.0,34.0,0.0,13770.0,0.0,0.00010245611309623478,3.2315e-05,3.0,92835.0,0.00012542154468364667,0.0,0.0,6204.0,0.00010701970693653175,0.0,0.0,5118.0,0.0005734942663560195
4.0,35.0,0.0,13770.0,0.0,6.147366785774087e-05,1.0772000000000001e-05,1.0,92835.0,7.956172681018801e-05,0.0,0.0,6204.0,6.421182416191905e-05,0.0,0.0,5118.0,0.0003440965598136117
4.0,36.0,0.0,13770.0,0.0,3.688420071464452e-05,1.0772000000000001e-05,1.0,92835.0,5.2045836086112806e-05,0.0,0.0,6204.0,3.852709449715143e-05,0.0,0.0,5118.0,0.00020645793588816702
4.0,37.0,0.0,13770.0,0.0,2.213052042878671e-05,0.0,0.0,92835.0,3.122750165166768e-05,0.0,0.0,6204.0,2.3116256698290855e-05,0.0,0.0,5118.0,0.00012387476153290022
4.0,38.0,0.0,13770.0,0.0,1.3278312257272027e-05,0.0,0.0,92835.0,1.8736500991000606e-05,0.0,0.0,6204.0,1.3869754018974512e-05,0.0,0.0,5118.0,7.432485691974012e-05
4.0,39.0,0.0,13770.0,0.0,7.966987354363216e-06,0.0,0.0,92835.0,1.1241900594600363e-05,0.0,0.0,6204.0,8.321852411384706e-06,0.0,0.0,5118.0,4.459491415184407e-05
4.0,40.0,0.0,13770.0,0.0,4.78019241261793e-06,0.0,0.0,92835.0,6.7451403567602174e-06,0.0,0.0,6204.0,4.993111446830824e-06,0.0,0.0,5118.0,2.6756948491106443e-05
4.0,41.0,0.0,13770.0,0.0,2.868115447570758e-06,0.0,0.0,92835.0,4.047084214056131e-06,0.0,0.0,6204.0,2.9958668680984943e-06,0.0,0.0,5118.0,1.6054169094663865e-05
4.0,42.0,0.0,13770.0,0.0,1.7208692685424545e-06,0.0,0.0,92835.0,2.428250528433678e-06,0.0,0.0,6204.0,1.7975201208590965e-06,0.0,0.0,5118.0,9.632501456798318e-06
4.0,43.0,0.0,13770.0,0.0,1.0325215611254727e-06,0.0,0.0,92835.0,1.4569503170602067e-06,0.0,0.0,6204.0,1.0785120725154578e-06,0.0,0.0,5118.0,5.779500874078991e-06
4.0,44.0,0.0,13770.0,0.0,6.195129366752837e-07,0.0,0.0,92835.0,8.74170190236124e-07,0.0,0.0,6204.0,6.471072435092747e-07,0.0,0.0,5118.0,3.4677005244473944e-06
4.0,45.0,0.0,13770.0,0.0,3.717077620051702e-07,0.0,0.0,92835.0,5.245021141416744e-07,0.0,0.0,6204.0,3.882643461055648e-07,0.0,0.0,5118.0,2.0806203146684367e-06
4.0,46.0,0.0,13770.0,0.0,2.2302465720310212e-07,0.0,0.0,92835.0,3.1470126848500463e-07,0.0,0.0,6204.0,2.329586076633389e-07,0.0,0.0,5118.0,1.248372188801062e-06
4.0,47.0,0.0,13770.0,0.0,1.3381479432186127e-07,0.0,0.0,92835.0,1.8882076109100279e-07,0.0,0.0,6204.0,1.3977516459800333e-07,0.0,0.0,5118.0,7.490233132806372e-07
4.0,48.0,0.0,13770.0,0.0,8.028887659311677e-08,0.0,0.0,92835.0,1.1329245665460167e-07,0.0,0.0,6204.0,8.3865098758802e-08,0.0,0.0,5118.0,4.494139879683823e-07
4.0,49.0,0.0,13770.0,0.0,4.817332595587006e-08,0.0,0.0,92835.0,6.7975473992761e-08,0.0,0.0,6204.0,5.0319059255281196e-08,0.0,0.0,5118.0,2.6964839278102936e-07
4.0,50.0,0.0,13770.0,0.0,2.8903995573522035e-08,0.0,0.0,92835.0,4.07852843956566e-08,0.0,0.0,6204.0,3.0191435553168715e-08,0.0,0.0,5118.0,1.6178903566861762e-07
4.0,51.0,0.0,13770.0,0.0,1.734239734411322e-08,0.0,0.0,92835.0,2.447117063739396e-08,0.0,0.0,6204.0,1.8114861331901227e-08,0.0,0.0,5118.0,9.707342140117057e-08
4.0,52.0,0.0,13770.0,0.0,1.0405438406467932e-08,0.0,0.0,92835.0,1.4682702382436376e-08,0.0,0.0,6204.0,1.0868916799140736e-08,0.0,0.0,5118.0,5.824405284070234e-08
5.0,1.0,0.0,13686.0,0.0,6.243263043880759e-09,0.0,0.0,92835.0,8.809621429461825e-09,0.0,0.0,6204.0,6.521350079484441e-09,0.0,0.0,5118.0,3.49464317044214e-08
5.0,2.0,0.0,13686.0,0.0,3.745957826328455e-09,0.0,0.0,94468.0,5.285772857677095e-09,0.0,0.0,6128.0,3.912810047690665e-09,0.0,0.0,5113.0,2.0967859022652838e-08
5.0,3.0,0.0,13686.0,0.0,2.2475746957970727e-09,0.0,0.0,94468.0,3.171463714606257e-09,0.0,0.0,6128.0,2.3476860286143985e-09,0.0,0.0,5113.0,1.2580715413591703e-08
5.0,4.0,0.0,13686.0,0.0,1.3485448174782437e-09,0.0,0.0,94468.0,1.902878228763754e-09,0.0,0.0,6128.0,1.408611617168639e-09,0.0,0.0,5113.0,7.548429248155021e-09
5.0,5.0,0.0,13686.0,0.0,8.091268904869462e-10,0.0,0.0,94468.0,1.1417269372582523e-09,0.0,0.0,6128.0,8.451669703011834e-10,0.0,0.0,5113.0,4.529057548893013e-09
5.0,6.0,0.0,13686.0,0.0,4.854761342921677e-10,0.0,0.0,94468.0,6.850361623549514e-10,0.0,0.0,6128.0,5.0710018218071e-10,0.0,0.0,5113.0,2.7174345293358078e-09
5.0,7.0,0.0,13686.0,0.0,2.912856805753006e-10,0.0,0.0,94468.0,4.110216974129708e-10,0.0,0.0,6128.0,3.04260109308426e-10,0.0,0.0,5113.0,1.6304607176014846e-09
5.0,8.0,0.0,13686.0,0.0,1.7477140834518037e-10,0.0,0.0,94468.0,2.4661301844778245e-10,0.0,0.0,6128.0,1.825560655850556e-10,0.0,0.0,5113.0,9.782764305608908e-10
5.0,9.0,0.0,13686.0,0.0,1.0486284500710822e-10,0.0,0.0,94468.0,1.4796781106866947e-10,0.0,0.0,6128.0,1.0953363935103336e-10,0.0,0.0,5113.0,5.869658583365345e-10
5.0,10.0,0.0,13686.0,0.0,6.291770700426493e-11,0.0,0.0,94468.0,8.878068664120168e-11,0.0,0.0,6128.0,6.572018361062001e-11,0.0,0.0,5113.0,3.521795150019207e-10
5.0,11.0,0.0,13686.0,0.0,3.775062420255896e-11,2.1170999999999998e-05,2.0,94468.0,8.468453268411985e-06,0.0,0.0,6128.0,3.943211016637201e-11,0.0,0.0,5113.0,2.113077090011524e-10
5.0,12.0,0.0,13686.0,0.0,2.2650374521535373e-11,0.0,0.0,94468.0,5.0810719610471905e-06,0.0,0.0,6128.0,2.3659266099823205e-11,0.0,0.0,5113.0,1.2678462540069143e-10
5.0,13.0,0.0,13686.0,0.0,1.3590224712921222e-11,0.0,0.0,94468.0,3.048643176628314e-06,0.0,0.0,6128.0,1.4195559659893923e-11,0.0,0.0,5113.0,7.607077524041485e-11
5.0,14.0,0.0,13686.0,0.0,8.154134827752733e-12,0.0,0.0,94468.0,1.8291859059769883e-06,0.0,0.0,6128.0,8.517335795936353e-12,0.0,0.0,5113.0,4.564246514424891e-11
5.0,15.0,0.0,13686.0,0.0,4.8924808966516394e-12,1.0585999999999998e-05,1.0,94468.0,5.331911543586192e-06,0.0,0.0,6128.0,5.110401477561811e-12,0.0,0.0,5113.0,2.7385479086549345e-11
5.0,16.0,7.3067e-05,13686.0,1.0,2.922680293548854e-05,2.1170999999999998e-05,2.0,94468.0,1.1667546926151715e-05,0.0,0.0,6128.0,3.066240886537087e-12,0.0,0.0,5113.0,1.6431287451929606e-11
5.0,17.0,0.000146135,13686.0,2.0,7.599008176129313e-05,0.00011644200000000001,11.0,94468.0,5.3577328155691035e-05,0.0,0.0,6128.0,1.839744531922252e-12,0.0,0.0,5113.0,9.858772471157762e-12
5.0,18.0,0.0,13686.0,0.0,4.559404905677587e-05,0.000232883,22.0,94468.0,0.00012529959689341463,0.0004895559999999999,3.0,6128.0,0.0001958224011038467,0.0,0.0,5113.0,5.915263482694657e-12
5.0,19.0,0.000584539,13686.0,8.0,0.00026117202943406554,0.00028581099999999996,27.0,94468.0,0.00018950415813604875,0.001795039,11.0,6128.0,0.0008355090406623081,0.0,0.0,5113.0,3.549158089616794e-12
5.0,20.0,0.00043840400000000004,13686.0,6.0,0.0003320648176604393,0.00022229700000000002,21.0,94468.0,0.00020262129488162926,0.000326371,2.0,6128.0,0.0006318538243973848,0.00058674,3.0,5113.0,0.00023469600212949485
5.0,21.0,0.00043840400000000004,13686.0,6.0,0.0003746004905962636,0.000306982,29.0,94468.0,0.00024436557692897754,0.0004895559999999999,3.0,6128.0,0.0005749346946384308,0.0,0.0,5113.0,0.0001408176012776969
5.0,22.0,0.00021920200000000002,13686.0,3.0,0.00031244109435775815,0.00020112599999999998,19.0,94468.0,0.00022706974615738652,0.000326371,2.0,6128.0,0.00047550921678305845,0.00019558,1.0,5113.0,0.00016272256076661816
5.0,23.0,0.000146135,13686.0,2.0,0.00024591865661465487,0.000211712,20.0,94468.0,0.00022092664769443192,0.000326371,2.0,6128.0,0.00041585393006983505,0.00039116,2.0,5113.0,0.0002540975364599709
5.0,24.0,0.000146135,13686.0,2.0,0.00020600519396879295,0.000137613,13.0,94468.0,0.00018760118861665915,0.0,0.0,6128.0,0.000249512358041901,0.00019558,1.0,5113.0,0.00023069052187598256
5.0,25.0,0.0,13686.0,0.0,0.00012360311638127575,9.527e-05,9.0,94468.0,0.00015066871316999549,0.0,0.0,6128.0,0.00014970741482514058,0.00019558,1.0,5113.0,0.00021664631312558956
5.0,26.0,0.00021920200000000002,13686.0,3.0,0.00016184266982876547,0.000137613,13.0,94468.0,0.00014544642790199729,0.0,0.0,6128.0,8.982444889508435e-05,0.0,0.0,5113.0,0.00012998778787535372
5.0,27.0,0.000292269,13686.0,4.0,0.00021401320189725929,3.1757e-05,3.0,94468.0,9.997065674119838e-05,0.0,0.0,6128.0,5.389466933705061e-05,0.0,0.0,5113.0,7.799267272521223e-05
5.0,28.0,7.3067e-05,13686.0,1.0,0.00015763472113835558,3.1757e-05,3.0,94468.0,7.268519404471903e-05,0.0,0.0,6128.0,3.2336801602230364e-05,0.0,0.0,5113.0,4.679560363512734e-05
5.0,29.0,0.000146135,13686.0,2.0,0.00015303483268301333,1.0585999999999998e-05,1.0,94468.0,4.784551642683141e-05,0.0,0.0,6128.0,1.9402080961338218e-05,0.0,0.0,5113.0,2.8077362181076402e-05
5.0,30.0,0.0,13686.0,0.0,9.182089960980799e-05,2.1170999999999998e-05,2.0,94468.0,3.7175709856098844e-05,0.0,0.0,6128.0,1.1641248576802931e-05,0.0,0.0,5113.0,1.684641730864584e-05
5.0,31.0,0.000146135,13686.0,2.0,0.00011354653976588481,0.0,0.0,94468.0,2.2305425913659305e-05,0.0,0.0,6128.0,6.984749146081759e-06,0.0,0.0,5113.0,1.0107850385187504e-05
5.0,32.0,7.3067e-05,13686.0,1.0,9.735472385953087e-05,1.0585999999999998e-05,1.0,94468.0,1.7617655548195582e-05,0.0,0.0,6128.0,4.190849487649055e-06,0.0,0.0,5113.0,6.064710231112502e-06
5.0,33.0,0.0,13686.0,0.0,5.841283431571852e-05,5.2928e-05,5.0,94468.0,3.174179332891735e-05,0.0,0.0,6128.0,2.514509692589433e-06,0.0,0.0,5113.0,3.6388261386675013e-06
5.0,34.0,0.0,13686.0,0.0,3.504770058943111e-05,0.0,0.0,94468.0,1.904507599735041e-05,0.0,0.0,6128.0,1.5087058155536598e-06,0.0,0.0,5113.0,2.1832956832005008e-06
5.0,35.0,0.0,13686.0,0.0,2.1028620353658667e-05,1.0585999999999998e-05,1.0,94468.0,1.5661445598410246e-05,0.0,0.0,6128.0,9.052234893321958e-07,0.0,0.0,5113.0,1.3099774099203005e-06
5.0,36.0,0.0,13686.0,0.0,1.26171722121952e-05,3.1757e-05,3.0,94468.0,2.209966735904615e-05,0.0,0.0,6128.0,5.431340935993175e-07,0.0,0.0,5113.0,7.859864459521803e-07
5.0,37.0,0.0,13686.0,0.0,7.570303327317119e-06,0.0,0.0,94468.0,1.325980041542769e-05,0.0,0.0,6128.0,3.2588045615959045e-07,0.0,0.0,5113.0,4.7159186757130816e-07
5.0,38.0,0.0,13686.0,0.0,4.542181996390271e-06,0.0,0.0,94468.0,7.955880249256614e-06,0.0,0.0,6128.0,1.9552827369575425e-07,0.0,0.0,5113.0,2.829551205427849e-07
5.0,39.0,0.0,13686.0,0.0,2.7253091978341625e-06,2.1170999999999998e-05,2.0,94468.0,1.324192814955397e-05,0.0,0.0,6128.0,1.1731696421745254e-07,0.0,0.0,5113.0,1.6977307232567092e-07
5.0,40.0,0.0,13686.0,0.0,1.6351855187004975e-06,1.0585999999999998e-05,1.0,94468.0,1.217955688973238e-05,0.0,0.0,6128.0,7.039017853047152e-08,0.0,0.0,5113.0,1.0186384339540255e-07
5.0,41.0,0.0,13686.0,0.0,9.811113112202985e-07,0.0,0.0,94468.0,7.307734133839428e-06,0.0,0.0,6128.0,4.223410711828291e-08,0.0,0.0,5113.0,6.111830603724153e-08
5.0,42.0,0.0,13686.0,0.0,5.886667867321791e-07,0.0,0.0,94468.0,4.384640480303657e-06,0.0,0.0,6128.0,2.5340464270969744e-08,0.0,0.0,5113.0,3.6670983622344914e-08
5.0,43.0,0.0,13686.0,0.0,3.532000720393074e-07,0.0,0.0,94468.0,2.630784288182194e-06,0.0,0.0,6128.0,1.5204278562581844e-08,0.0,0.0,5113.0,2.2002590173406948e-08
5.0,44.0,0.0,13686.0,0.0,2.1192004322358444e-07,0.0,0.0,94468.0,1.5784705729093163e-06,0.0,0.0,6128.0,9.122567137549106e-09,0.0,0.0,5113.0,1.3201554104044169e-08
5.0,45.0,0.0,13686.0,0.0,1.2715202593415067e-07,0.0,0.0,94468.0,9.470823437455898e-07,0.0,0.0,6128.0,5.473540282529463e-09,0.0,0.0,5113.0,7.9209324624265e-09
5.0,46.0,0.0,13686.0,0.0,7.62912155604904e-08,0.0,0.0,94468.0,5.682494062473538e-07,0.0,0.0,6128.0,3.284124169517678e-09,0.0,0.0,5113.0,4.7525594774559e-09
5.0,47.0,0.0,13686.0,0.0,4.5774729336294236e-08,0.0,0.0,94468.0,3.409496437484123e-07,0.0,0.0,6128.0,1.9704745017106065e-09,0.0,0.0,5113.0,2.85153568647354e-09
5.0,48.0,0.0,13686.0,0.0,2.7464837601776542e-08,0.0,0.0,94468.0,2.0456978624904736e-07,0.0,0.0,6128.0,1.1822847010263639e-09,0.0,0.0,5113.0,1.7109214118841239e-09
5.0,49.0,0.0,13686.0,0.0,1.6478902561065926e-08,0.0,0.0,94468.0,1.227418717494284e-07,0.0,0.0,6128.0,7.093708206158183e-10,0.0,0.0,5113.0,1.0265528471304743e-09
5.0,50.0,0.0,13686.0,0.0,9.887341536639556e-09,0.0,0.0,94468.0,7.364512304965703e-08,0.0,0.0,6128.0,4.2562249236949097e-10,0.0,0.0,5113.0,6.159317082782846e-10
5.0,51.0,0.0,13686.0,0.0,5.932404921983733e-09,0.0,0.0,94468.0,4.4187073829794216e-08,0.0,0.0,6128.0,2.553734954216946e-10,0.0,0.0,5113.0,3.6955902496697074e-10
5.0,52.0,0.0,13686.0,0.0,3.55944295319024e-09,0.0,0.0,94468.0,2.6512244297876528e-08,0.0,0.0,6128.0,1.5322409725301673e-10,0.0,0.0,5113.0,2.2173541498018243e-10
6.0,1.0,0.0,13622.0,0.0,2.135665771914144e-09,0.0,0.0,94468.0,1.5907346578725917e-08,0.0,0.0,6128.0,9.193445835181004e-11,0.0,0.0,5113.0,1.3304124898810946e-10
6.0,2.0,0.0,13622.0,0.0,1.2813994631484862e-09,0.0,0.0,95738.0,9.54440794723555e-09,0.0,0.0,6084.0,5.516067501108602e-11,0.0,0.0,5076.0,7.982474939286568e-11
6.0,3.0,0.0,13622.0,0.0,7.688396778890917e-10,0.0,0.0,95738.0,5.72664476834133e-09,0.0,0.0,6084.0,3.309640500665161e-11,0.0,0.0,5076.0,4.789484963571941e-11
6.0,4.0,0.0,13622.0,0.0,4.61303806733455e-10,0.0,0.0,95738.0,3.435986861004798e-09,0.0,0.0,6084.0,1.9857843003990967e-11,0.0,0.0,5076.0,2.8736909781431642e-11
6.0,5.0,0.0,13622.0,0.0,2.7678228404007297e-10,0.0,0.0,95738.0,2.061592116602879e-09,0.0,0.0,6084.0,1.191470580239458e-11,0.0,0.0,5076.0,1.7242145868858984e-11
6.0,6.0,0.0,13622.0,0.0,1.660693704240438e-10,0.0,0.0,95738.0,1.2369552699617272e-09,0.0,0.0,6084.0,7.148823481436747e-12,0.0,0.0,5076.0,1.034528752131539e-11
6.0,7.0,0.0,13622.0,0.0,9.964162225442627e-11,0.0,0.0,95738.0,7.421731619770364e-10,0.0,0.0,6084.0,4.289294088862048e-12,0.0,0.0,5076.0,6.207172512789234e-12
6.0,8.0,7.3411e-05,13622.0,1.0,2.9364459784973355e-05,0.0,0.0,95738.0,4.453038971862218e-10,0.0,0.0,6084.0,2.5735764533172285e-12,0.0,0.0,5076.0,3.72430350767354e-12
6.0,9.0,0.0,13622.0,0.0,1.7618675870984013e-05,1.0445e-05,1.0,95738.0,4.178267182338313e-06,0.0,0.0,6084.0,1.5441458719903371e-12,0.0,0.0,5076.0,2.234582104604124e-12
6.0,10.0,0.0,13622.0,0.0,1.0571205522590407e-05,0.0,0.0,95738.0,2.5069603094029876e-06,0.0,0.0,6084.0,9.264875231942023e-13,0.0,0.0,5076.0,1.3407492627624744e-12
6.0,11.0,0.0,13622.0,0.0,6.342723313554245e-06,0.0,0.0,95738.0,1.5041761856417925e-06,0.0,0.0,6084.0,5.558925139165214e-13,0.0,0.0,5076.0,8.044495576574847e-13
6.0,12.0,0.0,13622.0,0.0,3.8056339881325468e-06,0.0,0.0,95738.0,9.025057113850755e-07,0.0,0.0,6084.0,3.335355083499128e-13,0.0,0.0,5076.0,4.826697345944908e-13
6.0,13.0,0.0,13622.0,0.0,2.283380392879528e-06,2.089e-05,2.0,95738.0,8.897503426831046e-06,0.0,0.0,6084.0,2.0012130500994767e-13,0.0,0.0,5076.0,2.896018407566945e-13
6.0,14.0,0.0,13622.0,0.0,1.3700282357277168e-06,1.0445e-05,1.0,95738.0,9.516502056098628e-06,0.002794214,17.0,6084.0,0.001117685600120073,0.0,0.0,5076.0,1.7376110445401668e-13
6.0,15.0,0.000440464,13622.0,6.0,0.00017700761694143665,4.1781000000000005e-05,4.0,95738.0,2.2422301233659178e-05,0.000164366,1.0,6084.0,0.0007363577600720438,0.0,0.0,5076.0,1.0425666267241e-13
6.0,16.0,0.0011745710000000001,13622.0,16.0,0.000576032970164862,2.089e-05,2.0,95738.0,2.180938074019551e-05,0.000164366,1.0,6084.0,0.0005075610560432263,0.000394011,2.0,5076.0,0.000157604400062554
6.0,17.0,0.000220232,13622.0,3.0,0.00043371258209891724,0.000167123,16.0,95738.0,7.993482844411731e-05,0.0013149239999999999,8.0,6084.0,0.0008305062336259356,0.000394011,2.0,5076.0,0.0002521670400375324
6.0,18.0,0.000660696,13622.0,9.0,0.0005245059492593504,0.000522259,50.0,95738.0,0.0002568644970664704,0.002465483,15.0,6084.0,0.0014844969401755614,0.000788022,4.0,5076.0,0.0004665090240225195
6.0,19.0,0.0018352660000000001,13622.0,25.0,0.0010488099695556102,0.000553594,53.0,95738.0,0.0003755562982398822,0.0013149239999999999,8.0,6084.0,0.0014166677641053367,0.000788022,4.0,5076.0,0.0005951142144135118
6.0,20.0,0.000146821,13622.0,2.0,0.0006880143817333661,0.0006789360000000001,65.0,95738.0,0.0004969081789439293,0.00032873099999999997,2.0,6084.0,0.000981493058463202,0.00019700599999999998,1.0,5076.0,0.0004358709286481071
6.0,21.0,0.001468213,13622.0,20.0,0.0010000938290400197,0.001023627,98.0,95738.0,0.0007075957073663576,0.00032873099999999997,2.0,6084.0,0.0007203882350779211,0.000591017,3.0,5076.0,0.0004979293571888642
6.0,22.0,0.000220232,13622.0,3.0,0.0006881490974240119,0.000919175,88.0,95738.0,0.0007922274244198146,0.00032873099999999997,2.0,6084.0,0.0005637253410467526,0.0,0.0,5076.0,0.00029875761431331856
6.0,23.0,7.3411e-05,13622.0,1.0,0.00044225385845440715,0.0006893810000000001,66.0,95738.0,0.0007510888546518888,0.000164366,1.0,6084.0,0.0004039816046280516,0.0,0.0,5076.0,0.00017925456858799112
6.0,24.0,7.3411e-05,13622.0,1.0,0.0002947167150726443,0.0005118130000000001,49.0,95738.0,0.0006553785127911333,0.000493097,3.0,6084.0,0.00043962776277683095,0.00019700599999999998,1.0,5076.0,0.00018635514115279467
6.0,25.0,0.0,13622.0,0.0,0.00017683002904358657,0.000490923,47.0,95738.0,0.00058959630767468,0.001643655,10.0,6084.0,0.0009212386576660987,0.0,0.0,5076.0,0.00011181308469167679
6.0,26.0,0.0,13622.0,0.0,0.00010609801742615194,0.000407362,39.0,95738.0,0.0005167025846048079,0.00147929,9.0,6084.0,0.0011444591945996593,0.0,0.0,5076.0,6.708785081500607e-05
6.0,27.0,0.0,13622.0,0.0,6.365881045569116e-05,0.0003238,31.0,95738.0,0.00043954155076288473,0.000986193,6.0,6084.0,0.0010811527167597956,0.0,0.0,5076.0,4.025271048900364e-05
6.0,28.0,0.0,13622.0,0.0,3.819528627341469e-05,0.00030291,29.0,95738.0,0.00038488893045773083,0.00032873099999999997,2.0,6084.0,0.0007801840300558773,0.0,0.0,5076.0,2.4151626293402186e-05
6.0,29.0,0.0,13622.0,0.0,2.2917171764048813e-05,0.000313355,30.0,95738.0,0.0003562753582746385,0.0,0.0,6084.0,0.0004681104180335264,0.0,0.0,5076.0,1.449097577604131e-05
6.0,30.0,0.0,13622.0,0.0,1.3750303058429287e-05,0.000167123,16.0,95738.0,0.0002806144149647831,0.0,0.0,6084.0,0.0002808662508201158,0.0,0.0,5076.0,8.694585465624786e-06
6.0,31.0,0.0,13622.0,0.0,8.250181835057572e-06,0.00011489700000000001,11.0,95738.0,0.00021432744897886987,0.0,0.0,6084.0,0.00016851975049206948,0.0,0.0,5076.0,5.216751279374871e-06
6.0,32.0,0.0,13622.0,0.0,4.950109101034543e-06,8.356100000000001e-05,8.0,95738.0,0.00016202086938732192,0.000164366,1.0,6084.0,0.0001668582502952417,0.0,0.0,5076.0,3.1300507676249224e-06
6.0,33.0,0.0,13622.0,0.0,2.970065460620726e-06,7.311600000000001e-05,7.0,95738.0,0.00012645892163239315,0.0,0.0,6084.0,0.00010011495017714502,0.0,0.0,5076.0,1.8780304605749533e-06
6.0,34.0,0.0,13622.0,0.0,1.7820392763724355e-06,7.311600000000001e-05,7.0,95738.0,0.0001051217529794359,0.0,0.0,6084.0,6.006897010628701e-05,0.0,0.0,5076.0,1.126818276344972e-06
6.0,35.0,0.0,13622.0,0.0,1.0692235658234612e-06,7.311600000000001e-05,7.0,95738.0,9.231945178766153e-05,0.0,0.0,6084.0,3.6041382063772204e-05,0.0,0.0,5076.0,6.760909658069831e-07
6.0,36.0,0.0,13622.0,0.0,6.415341394940767e-07,2.089e-05,2.0,95738.0,6.374767107259692e-05,0.0,0.0,6084.0,2.162482923826332e-05,0.0,0.0,5076.0,4.056545794841899e-07
6.0,37.0,0.0,13622.0,0.0,3.8492048369644604e-07,2.089e-05,2.0,95738.0,4.660460264355815e-05,0.0,0.0,6084.0,1.2974897542957992e-05,0.0,0.0,5076.0,2.4339274769051393e-07
6.0,38.0,0.0,13622.0,0.0,2.309522902178676e-07,2.089e-05,2.0,95738.0,3.631876158613489e-05,0.0,0.0,6084.0,7.784938525774795e-06,0.0,0.0,5076.0,1.4603564861430836e-07
6.0,39.0,0.0,13622.0,0.0,1.3857137413072057e-07,0.0,0.0,95738.0,2.1791256951680933e-05,0.0,0.0,6084.0,4.670963115464877e-06,0.0,0.0,5076.0,8.762138916858502e-08
6.0,40.0,0.0,13622.0,0.0,8.314282447843233e-08,3.1336e-05,3.0,95738.0,2.560915417100856e-05,0.0,0.0,6084.0,2.802577869278926e-06,0.0,0.0,5076.0,5.257283350115101e-08
6.0,41.0,0.0,13622.0,0.0,4.98856946870594e-08,0.0,0.0,95738.0,1.5365492502605135e-05,0.0,0.0,6084.0,1.6815467215673555e-06,0.0,0.0,5076.0,3.15437001006906e-08
6.0,42.0,0.0,13622.0,0.0,2.993141681223564e-08,0.0,0.0,95738.0,9.21929550156308e-06,0.0,0.0,6084.0,1.0089280329404133e-06,0.0,0.0,5076.0,1.892622006041436e-08
6.0,43.0,0.0,13622.0,0.0,1.7958850087341383e-08,0.0,0.0,95738.0,5.5315773009378475e-06,0.0,0.0,6084.0,6.05356819764248e-07,0.0,0.0,5076.0,1.1355732036248616e-08
6.0,44.0,0.0,13622.0,0.0,1.077531005240483e-08,0.0,0.0,95738.0,3.3189463805627083e-06,0.0,0.0,6084.0,3.632140918585488e-07,0.0,0.0,5076.0,6.81343922174917e-09
6.0,45.0,0.0,13622.0,0.0,6.465186031442898e-09,0.0,0.0,95738.0,1.991367828337625e-06,0.0,0.0,6084.0,2.1792845511512925e-07,0.0,0.0,5076.0,4.088063533049501e-09
6.0,46.0,0.0,13622.0,0.0,3.8791116188657385e-09,0.0,0.0,95738.0,1.194820697002575e-06,0.0,0.0,6084.0,1.3075707306907753e-07,0.0,0.0,5076.0,2.4528381198297008e-09
6.0,47.0,0.0,13622.0,0.0,2.3274669713194432e-09,0.0,0.0,95738.0,7.168924182015449e-07,0.0,0.0,6084.0,7.845424384144652e-08,0.0,0.0,5076.0,1.4717028718978205e-09
6.0,48.0,0.0,13622.0,0.0,1.3964801827916658e-09,0.0,0.0,95738.0,4.301354509209269e-07,0.0,0.0,6084.0,4.707254630486791e-08,0.0,0.0,5076.0,8.830217231386923e-10
6.0,49.0,0.0,13622.0,0.0,8.378881096749994e-10,0.0,0.0,95738.0,2.580812705525561e-07,0.0,0.0,6084.0,2.8243527782920745e-08,0.0,0.0,5076.0,5.298130338832153e-10
6.0,50.0,0.0,13622.0,0.0,5.027328658049997e-10,0.0,0.0,95738.0,1.5484876233153367e-07,0.0,0.0,6084.0,1.6946116669752448e-08,0.0,0.0,5076.0,3.178878203299292e-10
6.0,51.0,0.0,13622.0,0.0,3.016397194829998e-10,0.0,0.0,95738.0,9.290925739892019e-08,0.0,0.0,6084.0,1.0167670001851468e-08,0.0,0.0,5076.0,1.907326921979575e-10
6.0,52.0,0.0,13622.0,0.0,1.8098383168979987e-10,0.0,0.0,95738.0,5.574555443935211e-08,0.0,0.0,6084.0,6.1006020011108804e-09,0.0,0.0,5076.0,1.144396153187745e-10
7.0,1.0,0.0,13669.0,0.0,1.0859029901387992e-10,0.0,0.0,95738.0,3.3447332663611266e-08,0.0,0.0,6084.0,3.660361200666528e-09,0.0,0.0,5076.0,6.866376919126469e-11
7.0,2.0,0.0,13669.0,0.0,6.515417940832794e-11,0.0,0.0,97693.0,2.006839959816676e-08,0.0,0.0,6028.0,2.1962167203999166e-09,0.0,0.0,4961.0,4.1198261514758814e-11
7.0,3.0,0.0,13669.0,0.0,3.909250764499676e-11,0.0,0.0,97693.0,1.2041039758900055e-08,0.0,0.0,6028.0,1.31773003223995e-09,0.0,0.0,4961.0,2.4718956908855287e-11
7.0,4.0,0.0,13669.0,0.0,2.3455504586998057e-11,0.0,0.0,97693.0,7.2246238553400326e-09,0.0,0.0,6028.0,7.906380193439699e-10,0.0,0.0,4961.0,1.483137414531317e-11
7.0,5.0,0.0,13669.0,0.0,1.4073302752198833e-11,0.0,0.0,97693.0,4.334774313204019e-09,0.0,0.0,6028.0,4.743828116063819e-10,0.0,0.0,4961.0,8.898824487187903e-12
7.0,6.0,0.0,13669.0,0.0,8.4439816513193e-12,0.0,0.0,97693.0,2.6008645879224114e-09,0.0,0.0,6028.0,2.8462968696382916e-10,0.0,0.0,4961.0,5.339294692312741e-12
7.0,7.0,0.0,13669.0,0.0,5.0663889907915795e-12,0.0,0.0,97693.0,1.5605187527534468e-09,0.0,0.0,6028.0,1.707778121782975e-10,0.0,0.0,4961.0,3.2035768153876444e-12
7.0,8.0,0.0,13669.0,0.0,3.0398333944749476e-12,0.0,0.0,97693.0,9.363112516520681e-10,0.0,0.0,6028.0,1.0246668730697849e-10,0.0,0.0,4961.0,1.9221460892325867e-12
7.0,9.0,0.0,13669.0,0.0,1.8239000366849686e-12,0.0,0.0,97693.0,5.617867509912408e-10,0.0,0.0,6028.0,6.14800123841871e-11,0.0,0.0,4961.0,1.153287653539552e-12
7.0,10.0,0.0,13669.0,0.0,1.094340022010981e-12,0.0,0.0,97693.0,3.3707205059474445e-10,0.0,0.0,6028.0,3.688800743051226e-11,0.0,0.0,4961.0,6.919725921237311e-13
7.0,11.0,0.0,13669.0,0.0,6.566040132065886e-13,0.0,0.0,97693.0,2.0224323035684665e-10,0.0,0.0,6028.0,2.2132804458307353e-11,0.0,0.0,4961.0,4.1518355527423867e-13
7.0,12.0,0.0,13669.0,0.0,3.9396240792395314e-13,0.0,0.0,97693.0,1.21345938214108e-10,0.0,0.0,6028.0,1.3279682674984411e-11,0.0,0.0,4961.0,2.491101331645432e-13
7.0,13.0,0.0,13669.0,0.0,2.363774447543719e-13,1.0236e-05,1.0,97693.0,4.0944728075629284e-06,0.0,0.0,6028.0,7.967809604990647e-12,0.0,0.0,4961.0,1.4946607989872593e-13
7.0,14.0,0.0,13669.0,0.0,1.4182646685262314e-13,0.0,0.0,97693.0,2.456683684537757e-06,0.0,0.0,6028.0,4.780685762994388e-12,0.0,0.0,4961.0,8.967964793923555e-14
7.0,15.0,0.0,13669.0,0.0,8.509588011157388e-14,1.0236e-05,1.0,97693.0,5.568410210722654e-06,0.0,0.0,6028.0,2.8684114577966328e-12,0.0,0.0,4961.0,5.380778876354133e-14
7.0,16.0,0.0,13669.0,0.0,5.105752806694433e-14,1.0236e-05,1.0,97693.0,7.435446126433593e-06,0.0,0.0,6028.0,1.7210468746779796e-12,0.0,0.0,4961.0,3.22846732581248e-14
7.0,17.0,0.0,13669.0,0.0,3.0634516840166594e-14,0.0,0.0,97693.0,4.461267675860156e-06,0.0,0.0,6028.0,1.0326281248067876e-12,0.0,0.0,4961.0,1.937080395487488e-14
7.0,18.0,0.0,13669.0,0.0,1.8380710104099954e-14,1.0236e-05,1.0,97693.0,6.7711606055160936e-06,0.0,0.0,6028.0,6.195768748840725e-13,0.0,0.0,4961.0,1.1622482372924927e-14
7.0,19.0,0.0,13669.0,0.0,1.1028426062459972e-14,1.0236e-05,1.0,97693.0,8.157096363309656e-06,0.0,0.0,6028.0,3.717461249304435e-13,0.0,0.0,4961.0,6.973489423754956e-15
7.0,20.0,0.0,13669.0,0.0,6.617055637475983e-15,0.0,0.0,97693.0,4.8942578179857935e-06,0.0,0.0,6028.0,2.230476749582661e-13,0.0,0.0,4961.0,4.184093654252974e-15
7.0,21.0,0.0,13669.0,0.0,3.9702333824855895e-15,0.0,0.0,97693.0,2.936554690791476e-06,0.0,0.0,6028.0,1.3382860497495965e-13,0.0,0.0,4961.0,2.510456192551784e-15
7.0,22.0,7.3158e-05,13669.0,1.0,2.9263200002382146e-05,0.0,0.0,97693.0,1.7619328144748857e-06,0.0,0.0,6028.0,8.029716298497579e-14,0.0,0.0,4961.0,1.5062737155310705e-15
7.0,23.0,0.0,13669.0,0.0,1.7557920001429288e-05,0.0,0.0,97693.0,1.0571596886849313e-06,0.0,0.0,6028.0,4.817829779098547e-14,0.0,0.0,4961.0,9.037642293186422e-16
7.0,24.0,0.0,13669.0,0.0,1.0534752000857573e-05,2.0472e-05,2.0,97693.0,8.823095813210959e-06,0.000165893,1.0,6028.0,6.635720002890699e-05,0.0,0.0,4961.0,5.422585375911853e-16
7.0,25.0,7.3158e-05,13669.0,1.0,3.558405120051455e-05,0.000327557,32.0,97693.0,0.00013631665748792658,0.00066357,4.0,6028.0,0.00030524232001734417,0.0,0.0,4961.0,3.253551225547112e-16
7.0,26.0,0.0,13669.0,0.0,2.1350430720308728e-05,0.000501571,49.0,97693.0,0.000282418394492756,0.000165893,1.0,6028.0,0.0002495025920104065,0.0,0.0,4961.0,1.9521307353282673e-16
7.0,27.0,7.3158e-05,13669.0,1.0,4.207345843218524e-05,0.00046062699999999997,45.0,97693.0,0.0003537018366956536,0.000497678,3.0,6028.0,0.0003487727552062439,0.00020157200000000001,1.0,4961.0,8.062880000011715e-05
7.0,28.0,7.3158e-05,13669.0,1.0,5.450727505931115e-05,0.00053228,52.0,97693.0,0.00042513310201739216,0.000331785,2.0,6028.0,0.0003419776531237463,0.00020157200000000001,1.0,4961.0,0.0001290060800000703
7.0,29.0,0.000292633,13669.0,4.0,0.0001497575650355867,0.000573224,56.0,97693.0,0.0004843694612104353,0.000331785,2.0,6028.0,0.0003379005918742478,0.000403145,2.0,4961.0,0.00023866164800004217
7.0,30.0,0.00036579099999999997,13669.0,5.0,0.000236170939021352,0.000696058,68.0,97693.0,0.0005690448767262611,0.000497678,3.0,6028.0,0.00040181155512454867,0.00020157200000000001,1.0,4961.0,0.0002238257888000253
7.0,31.0,0.00036579099999999997,13669.0,5.0,0.0002880189634128112,0.001044087,102.0,97693.0,0.0007590617260357567,0.00066357,4.0,6028.0,0.0005065149330747293,0.0,0.0,4961.0,0.00013429547328001518
7.0,32.0,0.00036579099999999997,13669.0,5.0,0.0003191277780476867,0.000972434,95.0,97693.0,0.000844410635621454,0.000165893,1.0,6028.0,0.0003702661598448375,0.000806289,4.0,4961.0,0.0004030928839680091
7.0,33.0,0.000512108,13669.0,7.0,0.00039631986682861205,0.000245668,24.0,97693.0,0.0006049135813728724,0.000165893,1.0,6028.0,0.00028851689590690254,0.000403145,2.0,4961.0,0.00040311373038080545
7.0,34.0,7.3158e-05,13669.0,1.0,0.0002670551200971672,0.000327557,32.0,97693.0,0.0004939709488237234,0.000331785,2.0,6028.0,0.00030582413754414155,0.0,0.0,4961.0,0.00024186823822848325
7.0,35.0,0.000219475,13669.0,3.0,0.00024802307205830035,0.000163778,16.0,97693.0,0.000361893769294234,0.0,0.0,6028.0,0.00018349448252648492,0.0,0.0,4961.0,0.00014512094293708995
7.0,36.0,7.3158e-05,13669.0,1.0,0.00017807704323498022,8.1889e-05,8.0,97693.0,0.0002498918615765404,0.000165893,1.0,6028.0,0.00017645388951589093,0.0,0.0,4961.0,8.707256576225396e-05
7.0,37.0,7.3158e-05,13669.0,1.0,0.00013610942594098814,3.0708000000000005e-05,3.0,97693.0,0.00016221831694592423,0.000165893,1.0,6028.0,0.00017222953370953455,0.0,0.0,4961.0,5.224353945735238e-05
7.0,38.0,0.000219475,13669.0,3.0,0.0001694556555645929,1.0236e-05,1.0,97693.0,0.00010142539016755454,0.000165893,1.0,6028.0,0.00016969492022572073,0.0,0.0,4961.0,3.1346123674411425e-05
7.0,39.0,0.000219475,13669.0,3.0,0.00018946339333875573,3.0708000000000005e-05,3.0,97693.0,7.313843410053272e-05,0.0,0.0,6028.0,0.00010181695213543243,0.0,0.0,4961.0,1.8807674204646855e-05
7.0,40.0,0.0,13669.0,0.0,0.00011367803600325343,3.0708000000000005e-05,3.0,97693.0,5.616626046031964e-05,0.0,0.0,6028.0,6.109017128125945e-05,0.0,0.0,4961.0,1.1284604522788113e-05
7.0,41.0,0.0,13669.0,0.0,6.820682160195206e-05,0.0,0.0,97693.0,3.369975627619178e-05,0.0,0.0,6028.0,3.665410276875567e-05,0.0,0.0,4961.0,6.770762713672868e-06
7.0,42.0,0.0,13669.0,0.0,4.0924092961171235e-05,0.0,0.0,97693.0,2.0219853765715068e-05,0.0,0.0,6028.0,2.19924616612534e-05,0.0,0.0,4961.0,4.06245762820372e-06
7.0,43.0,0.0,13669.0,0.0,2.455445577670274e-05,0.0,0.0,97693.0,1.213191225942904e-05,0.0,0.0,6028.0,1.319547699675204e-05,0.0,0.0,4961.0,2.437474576922232e-06
7.0,44.0,0.0,13669.0,0.0,1.4732673466021644e-05,0.0,0.0,97693.0,7.279147355657424e-06,0.0,0.0,6028.0,7.917286198051224e-06,0.0,0.0,4961.0,1.4624847461533393e-06
7.0,45.0,0.0,13669.0,0.0,8.839604079612986e-06,0.0,0.0,97693.0,4.367488413394454e-06,0.0,0.0,6028.0,4.750371718830734e-06,0.0,0.0,4961.0,8.774908476920036e-07
7.0,46.0,0.0,13669.0,0.0,5.303762447767791e-06,0.0,0.0,97693.0,2.6204930480366726e-06,0.0,0.0,6028.0,2.8502230312984403e-06,0.0,0.0,4961.0,5.264945086152021e-07
7.0,47.0,0.0,13669.0,0.0,3.1822574686606746e-06,0.0,0.0,97693.0,1.5722958288220036e-06,0.0,0.0,6028.0,1.710133818779064e-06,0.0,0.0,4961.0,3.158967051691212e-07
7.0,48.0,0.0,13669.0,0.0,1.9093544811964047e-06,0.0,0.0,97693.0,9.433774972932021e-07,0.0,0.0,6028.0,1.0260802912674384e-06,0.0,0.0,4961.0,1.8953802310147274e-07
7.0,49.0,0.0,13669.0,0.0,1.1456126887178428e-06,0.0,0.0,97693.0,5.660264983759212e-07,0.0,0.0,6028.0,6.15648174760463e-07,0.0,0.0,4961.0,1.1372281386088363e-07
7.0,50.0,0.0,13669.0,0.0,6.873676132307056e-07,0.0,0.0,97693.0,3.3961589902555273e-07,0.0,0.0,6028.0,3.6938890485627783e-07,0.0,0.0,4961.0,6.823368831653017e-08
7.0,51.0,0.0,13669.0,0.0,4.124205679384234e-07,0.0,0.0,97693.0,2.0376953941533162e-07,0.0,0.0,6028.0,2.2163334291376668e-07,0.0,0.0,4961.0,4.0940212989918104e-08
7.0,52.0,0.0,13669.0,0.0,2.47452340763054e-07,0.0,0.0,97693.0,1.2226172364919897e-07,0.0,0.0,6028.0,1.3298000574826e-07,0.0,0.0,4961.0,2.4564127793950863e-08
8.0,1.0,0.0,13640.0,0.0,1.484714044578324e-07,0.0,0.0,97693.0,7.335703418951938e-08,0.0,0.0,6028.0,7.9788003448956e-08,0.0,0.0,4961.0,1.4738476676370518e-08
8.0,2.0,0.0,13640.0,0.0,8.908284267469944e-08,0.0,0.0,100000.0,4.401422051371162e-08,0.0,0.0,5960.0,4.78728020693736e-08,0.0,0.0,4886.0,8.84308600582231e-09
8.0,3.0,0.0,13640.0,0.0,5.344970560481966e-08,0.0,0.0,100000.0,2.6408532308226973e-08,0.0,0.0,5960.0,2.8723681241624156e-08,0.0,0.0,4886.0,5.305851603493386e-09
8.0,4.0,0.0,13640.0,0.0,3.206982336289179e-08,0.0,0.0,100000.0,1.5845119384936183e-08,0.0,0.0,5960.0,1.7234208744974494e-08,0.0,0.0,4886.0,3.1835109620960315e-09
8.0,5.0,0.0,13640.0,0.0,1.9241894017735074e-08,0.0,0.0,100000.0,9.50707163096171e-09,0.0,0.0,5960.0,1.0340525246984697e-08,0.0,0.0,4886.0,1.910106577257619e-09
8.0,6.0,0.0,13640.0,0.0,1.1545136410641044e-08,0.0,0.0,100000.0,5.704242978577025e-09,0.0,0.0,5960.0,6.204315148190818e-09,0.0,0.0,4886.0,1.1460639463545713e-09
8.0,7.0,0.0,13640.0,0.0,6.927081846384626e-09,0.0,0.0,100000.0,3.422545787146215e-09,0.0,0.0,5960.0,3.7225890889144904e-09,0.0,0.0,4886.0,6.876383678127428e-10
8.0,8.0,0.0,13640.0,0.0,4.156249107830776e-09,0.0,0.0,100000.0,2.053527472287729e-09,0.0,0.0,5960.0,2.233553453348694e-09,0.0,0.0,4886.0,4.1258302068764563e-10
8.0,9.0,0.0,13640.0,0.0,2.4937494646984654e-09,0.0,0.0,100000.0,1.2321164833726374e-09,0.0,0.0,5960.0,1.3401320720092165e-09,0.0,0.0,4886.0,2.4754981241258736e-10
8.0,10.0,0.0,13640.0,0.0,1.4962496788190792e-09,0.0,0.0,100000.0,7.392698900235824e-10,0.0,0.0,5960.0,8.040792432055298e-10,0.0,0.0,4886.0,1.485298874475524e-10
8.0,11.0,0.0,13640.0,0.0,8.977498072914474e-10,2e-05,2.0,100000.0,8.000443561934015e-06,0.0,0.0,5960.0,4.824475459233179e-10,0.0,0.0,4886.0,8.911793246853144e-11
8.0,12.0,0.0,13640.0,0.0,5.386498843748685e-10,0.0,0.0,100000.0,4.800266137160409e-06,0.0,0.0,5960.0,2.894685275539907e-10,0.0,0.0,4886.0,5.3470759481118865e-11
8.0,13.0,0.0,13640.0,0.0,3.231899306249211e-10,0.0,0.0,100000.0,2.8801596822962456e-06,0.0,0.0,5960.0,1.7368111653239442e-10,0.0,0.0,4886.0,3.2082455688671315e-11
8.0,14.0,0.0,13640.0,0.0,1.9391395837495265e-10,0.0,0.0,100000.0,1.7280958093777472e-06,0.0,0.0,5960.0,1.0420866991943664e-10,0.0,0.0,4886.0,1.924947341320279e-11
8.0,15.0,0.0,13640.0,0.0,1.1634837502497159e-10,0.0,0.0,100000.0,1.0368574856266483e-06,0.0,0.0,5960.0,6.252520195166198e-11,0.0,0.0,4886.0,1.1549684047921673e-11
8.0,16.0,7.3314e-05,13640.0,1.0,2.9325669809025015e-05,0.0,0.0,100000.0,6.22114491375989e-07,0.0,0.0,5960.0,3.7515121170997185e-11,0.0,0.0,4886.0,6.9298104287530034e-12
8.0,17.0,0.0,13640.0,0.0,1.759540188541501e-05,2e-05,2.0,100000.0,8.373268694825595e-06,0.0,0.0,5960.0,2.250907270259831e-11,0.0,0.0,4886.0,4.1578862572518016e-12
8.0,18.0,0.000366569,13640.0,5.0,0.00015718484113124903,9e-05,9.0,100000.0,4.1023961216895355e-05,0.00033557,2.0,5960.0,0.0001342280135054436,0.0,0.0,4886.0,2.4947317543510807e-12
8.0,19.0,7.3314e-05,13640.0,1.0,0.00012363650467874941,0.0004,40.0,100000.0,0.00018461437673013723,0.0013422820000000002,8.0,5960.0,0.0006174496081032663,0.0,0.0,4886.0,1.4968390526106484e-12
8.0,20.0,0.000366569,13640.0,5.0,0.00022080950280724965,0.00047999999999999996,48.0,100000.0,0.00030276862603808235,0.0,0.0,5960.0,0.00037046976486195974,0.000204666,1.0,4886.0,8.186640089810344e-05
8.0,21.0,0.000879765,13640.0,12.0,0.0004843917016843498,0.00047999999999999996,48.0,100000.0,0.00037366117562284945,0.0,0.0,5960.0,0.00022228185891717584,0.000409333,2.0,4886.0,0.00021285304053886208
8.0,22.0,0.0006598239999999999,13640.0,9.0,0.0005545646210106099,0.00091,91.0,100000.0,0.0005881967053737097,0.00033557,2.0,5960.0,0.0002675971153503055,0.000204666,1.0,4886.0,0.00020957822432331722
8.0,23.0,0.0005131959999999999,13640.0,7.0,0.000538017172606366,0.00134,134.0,100000.0,0.0008889180232242258,0.0,0.0,5960.0,0.0001605582692101833,0.0,0.0,4886.0,0.00012574693459399032
8.0,24.0,7.3314e-05,13640.0,1.0,0.0003521359035638196,0.00149,149.0,100000.0,0.0011293508139345355,0.0,0.0,5960.0,9.633496152610997e-05,0.0,0.0,4886.0,7.544816075639419e-05
8.0,25.0,0.000733138,13640.0,10.0,0.0005045367421382918,0.0012,120.0,100000.0,0.0011576104883607211,0.0,0.0,5960.0,5.780097691566598e-05,0.0,0.0,4886.0,4.526889645383651e-05
8.0,26.0,0.000366569,13640.0,5.0,0.0004493496452829751,0.001,100.0,100000.0,0.0010945662930164327,0.0005033559999999999,3.0,5960.0,0.0002360229861493996,0.0,0.0,4886.0,2.7161337872301907e-05
8.0,27.0,0.00058651,13640.0,8.0,0.0005042137871697851,0.00072,72.0,100000.0,0.0009447397758098595,0.000167785,1.0,5960.0,0.00020872779168963976,0.000204666,1.0,4886.0,9.816320272338115e-05
8.0,28.0,7.3314e-05,13640.0,1.0,0.00033185387230187104,0.0005099999999999999,51.0,100000.0,0.0007708438654859157,0.000167785,1.0,5960.0,0.00019235067501378384,0.000204666,1.0,4886.0,0.0001407643216340287
8.0,29.0,0.00058651,13640.0,8.0,0.00043371632338112267,0.00047999999999999996,48.0,100000.0,0.0006545063192915494,0.0,0.0,5960.0,0.0001154104050082703,0.0,0.0,4886.0,8.445859298041721e-05
8.0,30.0,0.00021994099999999997,13640.0,3.0,0.0003482061940286736,0.00044,44.0,100000.0,0.0005687037915749297,0.000167785,1.0,5960.0,0.00013636024300496216,0.0,0.0,4886.0,5.067515578825032e-05
8.0,31.0,0.0,13640.0,0.0,0.00020892371641720414,0.00023999999999999998,24.0,100000.0,0.0004372222749449578,0.0,0.0,5960.0,8.18161458029773e-05,0.0,0.0,4886.0,3.040509347295019e-05
8.0,32.0,7.3314e-05,13640.0,1.0,0.00015467982985032248,0.00028,28.0,100000.0,0.0003743333649669747,0.000167785,1.0,5960.0,0.00011620368748178637,0.0,0.0,4886.0,1.8243056083770113e-05
8.0,33.0,0.0,13640.0,0.0,9.280789791019349e-05,9e-05,9.0,100000.0,0.0002606000189801848,0.001174497,7.0,5960.0,0.0005395210124890719,0.0,0.0,4886.0,1.0945833650262067e-05
8.0,34.0,0.0,13640.0,0.0,5.568473874611609e-05,4e-05,4.0,100000.0,0.0001723600113881109,0.000167785,1.0,5960.0,0.0003908266074934431,0.0,0.0,4886.0,6.56750019015724e-06
8.0,35.0,0.0,13640.0,0.0,3.3410843247669655e-05,0.00011,11.0,100000.0,0.00014741600683286653,0.000167785,1.0,5960.0,0.00030160996449606585,0.0,0.0,4886.0,3.940500114094344e-06
8.0,36.0,0.0,13640.0,0.0,2.0046505948601792e-05,5e-05,5.0,100000.0,0.00010844960409971992,0.0,0.0,5960.0,0.0001809659786976395,0.0,0.0,4886.0,2.3643000684566064e-06
8.0,37.0,0.0,13640.0,0.0,1.2027903569161075e-05,1e-05,1.0,100000.0,6.906976245983195e-05,0.0,0.0,5960.0,0.0001085795872185837,0.0,0.0,4886.0,1.4185800410739637e-06
8.0,38.0,0.0,13640.0,0.0,7.216742141496645e-06,1e-05,1.0,100000.0,4.544185747589917e-05,0.0,0.0,5960.0,6.514775233115022e-05,0.0,0.0,4886.0,8.511480246443782e-07
8.0,39.0,0.0,13640.0,0.0,4.330045284897987e-06,2.9999999999999997e-05,3.0,100000.0,3.92651144855395e-05,0.0,0.0,5960.0,3.908865139869013e-05,0.0,0.0,4886.0,5.106888147866269e-07
8.0,40.0,0.0,13640.0,0.0,2.598027170938792e-06,0.0,0.0,100000.0,2.35590686913237e-05,0.0,0.0,5960.0,2.3453190839214078e-05,0.0,0.0,4886.0,3.0641328887197613e-07
8.0,41.0,0.0,13640.0,0.0,1.5588163025632753e-06,0.0,0.0,100000.0,1.4135441214794219e-05,0.0,0.0,5960.0,1.4071914503528446e-05,0.0,0.0,4886.0,1.8384797332318566e-07
8.0,42.0,0.0,13640.0,0.0,9.352897815379651e-07,0.0,0.0,100000.0,8.481264728876531e-06,0.0,0.0,5960.0,8.443148702117067e-06,0.0,0.0,4886.0,1.1030878399391139e-07
8.0,43.0,0.0,13640.0,0.0,5.611738689227791e-07,0.0,0.0,100000.0,5.088758837325919e-06,0.0,0.0,5960.0,5.06588922127024e-06,0.0,0.0,4886.0,6.618527039634683e-08
8.0,44.0,0.0,13640.0,0.0,3.3670432135366743e-07,0.0,0.0,100000.0,3.053255302395551e-06,0.0,0.0,5960.0,3.0395335327621437e-06,0.0,0.0,4886.0,3.9711162237808096e-08
8.0,45.0,0.0,13640.0,0.0,2.0202259281220045e-07,0.0,0.0,100000.0,1.8319531814373306e-06,0.0,0.0,5960.0,1.8237201196572862e-06,0.0,0.0,4886.0,2.3826697342684856e-08
8.0,46.0,0.0,13640.0,0.0,1.2121355568732027e-07,0.0,0.0,100000.0,1.0991719088623983e-06,0.0,0.0,5960.0,1.0942320717943717e-06,0.0,0.0,4886.0,1.4296018405610912e-08
8.0,47.0,0.0,13640.0,0.0,7.272813341239216e-08,0.0,0.0,100000.0,6.595031453174389e-07,0.0,0.0,5960.0,6.56539243076623e-07,0.0,0.0,4886.0,8.577611043366548e-09
8.0,48.0,0.0,13640.0,0.0,4.363688004743529e-08,0.0,0.0,100000.0,3.9570188719046334e-07,0.0,0.0,5960.0,3.9392354584597375e-07,0.0,0.0,4886.0,5.146566626019929e-09
8.0,49.0,0.0,13640.0,0.0,2.6182128028461174e-08,0.0,0.0,100000.0,2.37421132314278e-07,0.0,0.0,5960.0,2.3635412750758424e-07,0.0,0.0,4886.0,3.0879399756119573e-09
8.0,50.0,0.0,13640.0,0.0,1.5709276817076704e-08,0.0,0.0,100000.0,1.424526793885668e-07,0.0,0.0,5960.0,1.4181247650455053e-07,0.0,0.0,4886.0,1.8527639853671743e-09
8.0,51.0,0.0,13640.0,0.0,9.425566090246022e-09,0.0,0.0,100000.0,8.547160763314007e-08,0.0,0.0,5960.0,8.508748590273031e-08,0.0,0.0,4886.0,1.1116583912203045e-09
8.0,52.0,0.0,13640.0,0.0,5.655339654147613e-09,0.0,0.0,100000.0,5.128296457988404e-08,0.0,0.0,5960.0,5.105249154163818e-08,0.0,0.0,4886.0,6.669950347321827e-10
9.0,1.0,0.0,13611.0,0.0,3.393203792488568e-09,0.0,0.0,100000.0,3.076977874793042e-08,0.0,0.0,5960.0,3.063149492498291e-08,0.0,0.0,4886.0,4.001970208393096e-10
9.0,2.0,0.0,13611.0,0.0,2.0359222754931407e-09,0.0,0.0,102361.0,1.846186724875825e-08,0.0,0.0,5893.0,1.8378896954989747e-08,0.0,0.0,4812.0,2.4011821250358577e-10
9.0,3.0,0.0,13611.0,0.0,1.2215533652958843e-09,0.0,0.0,102361.0,1.107712034925495e-08,0.0,0.0,5893.0,1.1027338172993847e-08,0.0,0.0,4812.0,1.4407092750215147e-10
9.0,4.0,0.0,13611.0,0.0,7.329320191775306e-10,0.0,0.0,102361.0,6.64627220955297e-09,0.0,0.0,5893.0,6.616402903796308e-09,0.0,0.0,4812.0,8.644255650129088e-11
9.0,5.0,0.0,13611.0,0.0,4.3975921150651834e-10,0.0,0.0,102361.0,3.987763325731782e-09,0.0,0.0,5893.0,3.969841742277784e-09,0.0,0.0,4812.0,5.1865533900774527e-11
9.0,6.0,0.0,13611.0,0.0,2.63855526903911e-10,0.0,0.0,102361.0,2.3926579954390693e-09,0.0,0.0,5893.0,2.3819050453666704e-09,0.0,0.0,4812.0,3.1119320340464716e-11
9.0,7.0,0.0,13611.0,0.0,1.5831331614234659e-10,0.0,0.0,102361.0,1.4355947972634416e-09,0.0,0.0,5893.0,1.4291430272200022e-09,0.0,0.0,4812.0,1.8671592204278828e-11
9.0,8.0,0.0,13611.0,0.0,9.498798968540795e-11,9.768999999999999e-06,1.0,102361.0,3.908461356878358e-06,0.0,0.0,5893.0,8.574858163320013e-10,0.0,0.0,4812.0,1.1202955322567296e-11
9.0,9.0,0.0,13611.0,0.0,5.699279381124477e-11,0.0,0.0,102361.0,2.3450768141270145e-06,0.0,0.0,5893.0,5.144914897992007e-10,0.0,0.0,4812.0,6.721773193540377e-12
9.0,10.0,0.0,13611.0,0.0,3.419567628674686e-11,0.0,0.0,102361.0,1.4070460884762086e-06,0.0,0.0,5893.0,3.086948938795204e-10,0.0,0.0,4812.0,4.033063916124226e-12
9.0,11.0,0.0,13611.0,0.0,2.0517405772048115e-11,9.768999999999999e-06,1.0,102361.0,4.751827653085725e-06,0.0,0.0,5893.0,1.8521693632771223e-10,0.0,0.0,4812.0,2.4198383496745357e-12
9.0,12.0,0.0,13611.0,0.0,1.2310443463228868e-11,2.9308e-05,3.0,102361.0,1.4574296591851437e-05,0.0,0.0,5893.0,1.1113016179662733e-10,0.0,0.0,4812.0,1.4519030098047215e-12
9.0,13.0,0.0,13611.0,0.0,7.38626607793732e-12,0.0,0.0,102361.0,8.744577955110861e-06,0.0,0.0,5893.0,6.667809707797639e-11,0.0,0.0,4812.0,8.711418058828329e-13
9.0,14.0,0.0,13611.0,0.0,4.431759646762392e-12,9.768999999999999e-06,1.0,102361.0,9.154346773066517e-06,0.0,0.0,5893.0,4.0006858246785835e-11,0.0,0.0,4812.0,5.226850835296997e-13
9.0,15.0,7.347e-05,13611.0,1.0,2.938800265905579e-05,0.00014654,15.0,102361.0,6.410860806383991e-05,0.00016969999999999998,1.0,5893.0,6.788002400411495e-05,0.0,0.0,4812.0,3.1361105011781984e-13
9.0,16.0,0.00014693899999999998,13611.0,2.0,7.640840159543347e-05,4.8846999999999995e-05,5.0,102361.0,5.8003964838303945e-05,0.0,0.0,5893.0,4.0728014402468964e-05,0.0,0.0,4812.0,1.881666300706919e-13
9.0,17.0,0.0008816360000000001,13611.0,12.0,0.00039849944095726015,0.000175847,18.0,102361.0,0.00010514117890298237,0.0,0.0,5893.0,2.4436808641481376e-05,0.0,0.0,4812.0,1.1289997804241513e-13
9.0,18.0,0.00029387900000000004,13611.0,4.0,0.00035665126457435606,0.000293079,30.0,102361.0,0.00018031630734178944,0.000339399,2.0,5893.0,0.00015042168518488884,0.0,0.0,4812.0,6.773998682544907e-14
9.0,19.0,7.347e-05,13611.0,1.0,0.00024337875874461365,0.000732698,75.0,102361.0,0.0004012689844050737,0.001187897,7.0,5893.0,0.0005654118111109333,0.0,0.0,4812.0,4.064399209526944e-14
9.0,20.0,0.00044081800000000005,13611.0,6.0,0.0003223544552467682,0.0009183139999999999,94.0,102361.0,0.0006080869906430442,0.001187897,7.0,5893.0,0.0008144058866665601,0.000831232,4.0,4812.0,0.00033249280002438646
9.0,21.0,0.00029387900000000004,13611.0,4.0,0.0003109642731480609,0.000869468,89.0,102361.0,0.0007126393943858266,0.001187897,7.0,5893.0,0.0009638023319999362,0.00103904,5.0,4812.0,0.0006151116800146318
9.0,22.0,0.000514288,13611.0,7.0,0.00039229376388883656,0.000654543,67.0,102361.0,0.000689400836631496,0.000678798,4.0,5893.0,0.0008498005991999617,0.000415616,2.0,4812.0,0.000535313408008779
9.0,23.0,0.00029387900000000004,13611.0,4.0,0.00035292785833330195,0.000615466,63.0,102361.0,0.0006598269019788976,0.001018197,6.0,5893.0,0.000917159159519977,0.0,0.0,4812.0,0.00032118804480526744
9.0,24.0,7.347e-05,13611.0,1.0,0.00024114471499998117,0.001211393,124.0,102361.0,0.0008804533411873386,0.001357597,8.0,5893.0,0.0010933342957119862,0.0,0.0,4812.0,0.00019271282688316046
