year,flu week,HI rate,HI pop,HI count,HI weighted rate,LI rate,LI count,LI pop,LI weighted rate,CMHD rate,CMHD count,CMHD pop,CMHD weighted rate,BL rate,BL count,BL pop,BL weighted rate
,,,,,0.0,,,,,,,,,,,,
1.0,1.0,0.001610406,16145.0,26.0,0.001610406,,,,0.0,,,,0.0,,,,0.0
1.0,2.0,0.001610406,16145.0,26.0,0.001610406,0.0,0.0,2347.0,0.0,3.6304000000000003e-05,1.0,27545.0,3.6304000000000003e-05,0.0,0.0,6503.0,0.0
1.0,3.0,0.0015484670000000002,16145.0,25.0,0.0015856304000000001,0.0,0.0,2347.0,0.0,0.0,0.0,27545.0,2.17824e-05,0.0,0.0,6503.0,0.0
1.0,4.0,0.0015484670000000002,16145.0,25.0,0.0015707650400000003,0.0,0.0,2347.0,0.0,0.0,0.0,27545.0,1.306944e-05,0.0,0.0,6503.0,0.0
1.0,5.0,0.0019820379999999998,16145.0,32.0,0.0017352742240000002,0.000852152,2.0,2347.0,0.0003408608,0.0005082590000000001,14.0,27545.0,0.00021114526400000004,0.0,0.0,6503.0,0.0
1.0,6.0,0.003902137,16145.0,63.0,0.0026020193344,0.001278228,3.0,2347.0,0.00071580768,0.000217825,6.0,27545.0,0.00021381715840000003,0.0,0.0,6503.0,0.0
1.0,7.0,0.0064416230000000005,16145.0,104.0,0.004137860800640001,0.001278228,3.0,2347.0,0.0009407758080000001,0.0005082590000000001,14.0,27545.0,0.00033159389504000005,0.0,0.0,6503.0,0.0
1.0,8.0,0.0040260140000000005,16145.0,65.0,0.004093122080384001,0.0,0.0,2347.0,0.0005644654848000001,0.0012343439999999998,34.0,27545.0,0.0006926939370239999,0.000153775,1.0,6503.0,6.151000000000001e-05
1.0,9.0,0.002725302,16145.0,44.0,0.003545994048230401,0.0,0.0,2347.0,0.00033867929088000003,0.00094391,26.0,27545.0,0.0007931803622144,0.00030755,2.0,6503.0,0.00015992600000000004
1.0,10.0,0.001796222,16145.0,29.0,0.0028460852289382403,0.000426076,1.0,2347.0,0.00037363797452800003,0.002178254,60.0,27545.0,0.00134720981732864,0.0,0.0,6503.0,9.595560000000003e-05
1.0,11.0,0.00142459,16145.0,23.0,0.0022774871373629443,0.0,0.0,2347.0,0.00022418278471680002,0.001161735,32.0,27545.0,0.001273019890397184,0.0,0.0,6503.0,5.757336000000001e-05
1.0,12.0,0.002043976,16145.0,33.0,0.0021840826824177663,0.0,0.0,2347.0,0.00013450967083008,0.0005082590000000001,14.0,27545.0,0.0009671155342383104,0.0,0.0,6503.0,3.4544016000000004e-05
1.0,13.0,0.000867142,16145.0,14.0,0.00165730640945066,0.0,0.0,2347.0,8.0705802498048e-05,7.260800000000001e-05,2.0,27545.0,0.0006093125205429863,0.0,0.0,6503.0,2.0726409600000003e-05
1.0,14.0,0.002725302,16145.0,44.0,0.0020845046456703957,0.0,0.0,2347.0,4.84234814988288e-05,0.0,0.0,27545.0,0.00036558751232579177,0.0,0.0,6503.0,1.2435845760000002e-05
1.0,15.0,0.00185816,16145.0,30.0,0.0019939667874022374,0.0,0.0,2347.0,2.9054088899297276e-05,0.0,0.0,27545.0,0.00021935250739547505,0.0,0.0,6503.0,7.461507456000001e-06
1.0,16.0,0.0028491790000000003,16145.0,46.0,0.0023360516724413426,0.0,0.0,2347.0,1.7432453339578366e-05,3.6304000000000003e-05,1.0,27545.0,0.00014613310443728502,0.0,0.0,6503.0,4.476904473600001e-06
1.0,17.0,0.00142459,16145.0,23.0,0.0019714670034648055,0.0,0.0,2347.0,1.0459472003747018e-05,0.0,0.0,27545.0,8.7679862662371e-05,0.0,0.0,6503.0,2.6861426841600005e-06
1.0,18.0,0.0015484670000000002,16145.0,25.0,0.0018022670020788833,0.0,0.0,2347.0,6.275683202248211e-06,7.260800000000001e-05,2.0,27545.0,8.165111759742261e-05,0.0,0.0,6503.0,1.6116856104960003e-06
1.0,19.0,0.0026633629999999998,16145.0,43.0,0.00214670540124733,0.0,0.0,2347.0,3.765409921348926e-06,0.000145217,4.0,27545.0,0.00010707747055845358,0.0,0.0,6503.0,9.670113662976001e-07
1.0,20.0,0.0027872409999999998,16145.0,45.0,0.002402919640748398,0.0,0.0,2347.0,2.259245952809356e-06,7.260800000000001e-05,2.0,27545.0,9.328968233507215e-05,0.0,0.0,6503.0,5.8020681977856e-07
1.0,21.0,0.0029730570000000003,16145.0,48.0,0.002630974584449039,0.0,0.0,2347.0,1.3555475716856135e-06,0.0,0.0,27545.0,5.597380940104329e-05,0.0,0.0,6503.0,3.48124091867136e-07
1.0,22.0,0.0029730570000000003,16145.0,48.0,0.002767807550669424,0.0,0.0,2347.0,8.133285430113681e-07,3.6304000000000003e-05,1.0,27545.0,4.810588564062597e-05,0.0,0.0,6503.0,2.088744551202816e-07
1.0,23.0,0.002539486,16145.0,41.0,0.0026764789304016545,0.0,0.0,2347.0,4.879971258068209e-07,0.0,0.0,27545.0,2.886353138437558e-05,0.0,0.0,6503.0,1.2532467307216895e-07
1.0,24.0,0.003716321,16145.0,60.0,0.003092415758240993,0.0,0.0,2347.0,2.9279827548409253e-07,7.260800000000001e-05,2.0,27545.0,4.636131883062535e-05,0.0,0.0,6503.0,7.519480384330136e-08
1.0,25.0,0.002105915,16145.0,34.0,0.0026978154549445956,0.0,0.0,2347.0,1.756789652904555e-07,0.00010891299999999999,3.0,27545.0,7.138199129837521e-05,0.0,0.0,6503.0,4.5116882305980814e-08
1.0,26.0,0.002291731,16145.0,37.0,0.002535381672966757,0.0,0.0,2347.0,1.0540737917427331e-07,0.00010891299999999999,3.0,27545.0,8.639439477902513e-05,0.0,0.0,6503.0,2.7070129383588487e-08
1.0,27.0,0.001610406,16145.0,26.0,0.002165391403780054,0.0,0.0,2347.0,6.324442750456398e-08,0.0,0.0,27545.0,5.183663686741508e-05,0.0,0.0,6503.0,1.624207763015309e-08
1.0,28.0,0.002911118,16145.0,47.0,0.0024636820422680324,0.0,0.0,2347.0,3.7946656502738385e-08,0.0,0.0,27545.0,3.1101982120449046e-05,0.0,0.0,6503.0,9.745246578091855e-09
1.0,29.0,0.0032208109999999996,16145.0,52.0,0.0027665336253608194,0.0,0.0,2347.0,2.276799390164303e-08,0.0,0.0,27545.0,1.8661189272269427e-05,0.0,0.0,6503.0,5.8471479468551124e-09
1.0,30.0,0.0029730570000000003,16145.0,48.0,0.0028491429752164916,0.0,0.0,2347.0,1.3660796340985819e-08,3.6304000000000003e-05,1.0,27545.0,2.5718313563361657e-05,0.0,0.0,6503.0,3.5082887681130672e-09
1.0,31.0,0.002105915,16145.0,34.0,0.002551851785129895,0.0,0.0,2347.0,8.19647780459149e-09,0.000471955,13.0,27545.0,0.000204212988138017,0.0,0.0,6503.0,2.1049732608678403e-09
1.0,32.0,0.001114896,16145.0,18.0,0.001977069471077937,0.0,0.0,2347.0,4.917886682754894e-09,3.6304000000000003e-05,1.0,27545.0,0.0001370493928828102,0.0,0.0,6503.0,1.2629839565207042e-09
1.0,33.0,0.0013007119999999999,16145.0,21.0,0.0017065264826467623,0.0,0.0,2347.0,2.9507320096529364e-09,0.0,0.0,27545.0,8.222963572968611e-05,0.0,0.0,6503.0,7.577903739124225e-10
1.0,34.0,0.0015484670000000002,16145.0,25.0,0.0016433026895880574,0.0,0.0,2347.0,1.7704392057917618e-09,0.0,0.0,27545.0,4.933778143781167e-05,0.0,0.0,6503.0,4.5467422434745344e-10
1.0,35.0,0.0,16145.0,0.0,0.0009859816137528343,0.0,0.0,2347.0,1.062263523475057e-09,7.260800000000001e-05,2.0,27545.0,5.8645868862687e-05,0.0,0.0,6503.0,2.7280453460847207e-10
1.0,36.0,0.0,16145.0,0.0,0.0005915889682517006,0.0,0.0,2347.0,6.373581140850343e-10,0.0,0.0,27545.0,3.51875213176122e-05,0.0,0.0,6503.0,1.6368272076508322e-10
1.0,37.0,0.0,16145.0,0.0,0.0003549533809510203,0.0,0.0,2347.0,3.8241486845102056e-10,0.0,0.0,27545.0,2.111251279056732e-05,0.0,0.0,6503.0,9.820963245904993e-11
1.0,38.0,0.0,16145.0,0.0,0.00021297202857061218,0.0,0.0,2347.0,2.2944892107061234e-10,0.0,0.0,27545.0,1.2667507674340391e-05,0.0,0.0,6503.0,5.892577947542995e-11
1.0,39.0,0.0,16145.0,0.0,0.0001277832171423673,0.0,0.0,2347.0,1.3766935264236739e-10,0.0,0.0,27545.0,7.600504604604234e-06,0.0,0.0,6503.0,3.5355467685257967e-11
1.0,40.0,0.0,16145.0,0.0,7.666993028542039e-05,0.0,0.0,2347.0,8.260161158542043e-11,0.0,0.0,27545.0,4.56030276276254e-06,0.0,0.0,6503.0,2.121328061115478e-11
1.0,41.0,0.0,16145.0,0.0,4.600195817125223e-05,0.0,0.0,2347.0,4.9560966951252253e-11,0.0,0.0,27545.0,2.736181657657524e-06,0.0,0.0,6503.0,1.2727968366692868e-11
1.0,42.0,0.0,16145.0,0.0,2.7601174902751335e-05,0.0,0.0,2347.0,2.973658017075135e-11,0.0,0.0,27545.0,1.6417089945945145e-06,0.0,0.0,6503.0,7.636781020015721e-12
1.0,43.0,0.0,16145.0,0.0,1.65607049416508e-05,0.0,0.0,2347.0,1.7841948102450807e-11,0.0,0.0,27545.0,9.850253967567086e-07,0.0,0.0,6503.0,4.582068612009433e-12
1.0,44.0,0.0,16145.0,0.0,9.93642296499048e-06,0.0,0.0,2347.0,1.0705168861470484e-11,0.0,0.0,27545.0,5.910152380540252e-07,0.0,0.0,6503.0,2.7492411672056596e-12
1.0,45.0,0.0,16145.0,0.0,5.961853778994287e-06,0.0,0.0,2347.0,6.42310131688229e-12,0.0,0.0,27545.0,3.546091428324151e-07,0.0,0.0,6503.0,1.6495447003233957e-12
1.0,46.0,0.0,16145.0,0.0,3.577112267396572e-06,0.0,0.0,2347.0,3.853860790129374e-12,0.0,0.0,27545.0,2.1276548569944905e-07,0.0,0.0,6503.0,9.897268201940373e-13
1.0,47.0,0.0,16145.0,0.0,2.146267360437943e-06,0.0,0.0,2347.0,2.3123164740776245e-12,0.0,0.0,27545.0,1.2765929141966942e-07,0.0,0.0,6503.0,5.938360921164224e-13
1.0,48.0,0.0,16145.0,0.0,1.2877604162627657e-06,0.0,0.0,2347.0,1.3873898844465746e-12,0.0,0.0,27545.0,7.659557485180165e-08,0.0,0.0,6503.0,3.5630165526985343e-13
1.0,49.0,0.0,16145.0,0.0,7.726562497576594e-07,0.0,0.0,2347.0,8.324339306679447e-13,0.0,0.0,27545.0,4.595734491108099e-08,0.0,0.0,6503.0,2.1378099316191204e-13
1.0,50.0,0.0,16145.0,0.0,4.635937498545956e-07,0.0,0.0,2347.0,4.994603584007668e-13,0.0,0.0,27545.0,2.757440694664859e-08,0.0,0.0,6503.0,1.2826859589714722e-13
1.0,51.0,0.0,16145.0,0.0,2.7815624991275735e-07,0.0,0.0,2347.0,2.9967621504046005e-13,0.0,0.0,27545.0,1.6544644167989155e-08,0.0,0.0,6503.0,7.696115753828833e-14
1.0,52.0,0.0,16145.0,0.0,1.668937499476544e-07,0.0,0.0,2347.0,1.7980572902427604e-13,0.0,0.0,27545.0,9.926786500793493e-09,0.0,0.0,6503.0,4.6176694522972996e-14
1.0,53.0,0.0,16145.0,0.0,1.0013624996859264e-07,0.0,0.0,2347.0,1.0788343741456561e-13,0.0,0.0,27545.0,5.956071900476096e-09,0.0,0.0,6503.0,2.7706016713783795e-14
2.0,1.0,0.0,16385.0,0.0,6.008174998115558e-08,0.0,0.0,2347.0,6.473006244873937e-14,0.0,0.0,27545.0,3.5736431402856573e-09,0.0,0.0,6503.0,1.6623610028270275e-14
2.0,2.0,0.0,16385.0,0.0,3.604904998869335e-08,0.0,0.0,2377.0,3.883803746924362e-14,0.0,0.0,27475.0,2.144185884171394e-09,0.0,0.0,6573.0,9.974166016962165e-15
2.0,3.0,0.0,16385.0,0.0,2.162942999321601e-08,0.0,0.0,2377.0,2.330282248154617e-14,0.0,0.0,27475.0,1.2865115305028364e-09,0.0,0.0,6573.0,5.984499610177298e-15
2.0,4.0,0.0,16385.0,0.0,1.2977657995929605e-08,0.0,0.0,2377.0,1.3981693488927702e-14,0.0,0.0,27475.0,7.719069183017018e-10,0.0,0.0,6573.0,3.590699766106379e-15
2.0,5.0,0.0,16385.0,0.0,7.786594797557763e-09,0.0,0.0,2377.0,8.38901609335662e-15,0.0,0.0,27475.0,4.631441509810211e-10,0.0,0.0,6573.0,2.1544198596638274e-15
2.0,6.0,0.0,16385.0,0.0,4.671956878534657e-09,0.0,0.0,2377.0,5.033409656013972e-15,0.0,0.0,27475.0,2.7788649058861266e-10,0.0,0.0,6573.0,1.2926519157982963e-15
2.0,7.0,0.0,16385.0,0.0,2.8031741271207943e-09,0.0,0.0,2377.0,3.020045793608383e-15,0.0,0.0,27475.0,1.667318943531676e-10,0.0,0.0,6573.0,7.755911494789778e-16
2.0,8.0,0.0,16385.0,0.0,1.6819044762724765e-09,0.0,0.0,2377.0,1.8120274761650297e-15,0.0,0.0,27475.0,1.0003913661190055e-10,0.0,0.0,6573.0,4.653546896873867e-16
2.0,9.0,0.0,16385.0,0.0,1.0091426857634858e-09,0.0,0.0,2377.0,1.0872164856990177e-15,0.0,0.0,27475.0,6.002348196714032e-11,0.0,0.0,6573.0,2.7921281381243197e-16
2.0,10.0,0.0,16385.0,0.0,6.054856114580915e-10,0.0,0.0,2377.0,6.523298914194107e-16,0.0,0.0,27475.0,3.601408918028419e-11,0.0,0.0,6573.0,1.6752768828745918e-16
2.0,11.0,0.0,16385.0,0.0,3.632913668748549e-10,0.0,0.0,2377.0,3.9139793485164636e-16,0.0,0.0,27475.0,2.1608453508170515e-11,0.0,0.0,6573.0,1.005166129724755e-16
2.0,12.0,0.0,16385.0,0.0,2.1797482012491292e-10,0.0,0.0,2377.0,2.3483876091098783e-16,0.0,0.0,27475.0,1.2965072104902309e-11,0.0,0.0,6573.0,6.03099677834853e-17
2.0,13.0,0.0,16385.0,0.0,1.3078489207494775e-10,0.0,0.0,2377.0,1.4090325654659268e-16,3.6397e-05,1.0,27475.0,1.4558807779043264e-05,0.0,0.0,6573.0,3.618598067009118e-17
2.0,14.0,0.0,16385.0,0.0,7.847093524496865e-11,0.0,0.0,2377.0,8.45419539279556e-17,0.000145587,4.0,27475.0,6.697008466742596e-05,0.0,0.0,6573.0,2.1711588402054704e-17
2.0,15.0,0.0,16385.0,0.0,4.708256114698119e-11,0.0,0.0,2377.0,5.072517235677336e-17,0.00018198400000000002,5.0,27475.0,0.00011297565080045558,0.0,0.0,6573.0,1.3026953041232823e-17
2.0,16.0,0.0,16385.0,0.0,2.8249536688188714e-11,0.0,0.0,2377.0,3.0435103414064016e-17,0.00010919,3.0,27475.0,0.00011146139048027336,0.0,0.0,6573.0,7.816171824739694e-18
2.0,17.0,0.0,16385.0,0.0,1.6949722012913228e-11,0.0,0.0,2377.0,1.826106204843841e-17,3.6397e-05,1.0,27475.0,8.143563428816402e-05,0.0,0.0,6573.0,4.689703094843816e-18
2.0,18.0,0.0,16385.0,0.0,1.0169833207747937e-11,0.0,0.0,2377.0,1.0956637229063046e-17,0.00010919,3.0,27475.0,9.253738057289842e-05,0.00015213799999999999,1.0,6573.0,6.085520000000281e-05
2.0,19.0,0.0,16385.0,0.0,6.101899924648762e-12,0.0,0.0,2377.0,6.573982337437827e-18,0.00010919,3.0,27475.0,9.919842834373905e-05,0.0,0.0,6573.0,3.651312000000168e-05
2.0,20.0,0.0,16385.0,0.0,3.661139954789257e-12,0.0,0.0,2377.0,3.944389402462696e-18,0.00025477700000000003,7.0,27475.0,0.00016142985700624347,0.0,0.0,6573.0,2.190787200000101e-05
2.0,21.0,0.0,16385.0,0.0,2.196683972873554e-12,0.0,0.0,2377.0,2.3666336414776177e-18,0.00010919,3.0,27475.0,0.0001405339142037461,0.0,0.0,6573.0,1.3144723200000606e-05
2.0,22.0,0.00012206299999999999,16385.0,2.0,4.882520131801038e-05,0.0,0.0,2377.0,1.4199801848865706e-18,0.000400364,11.0,27475.0,0.00024446594852224764,0.0,0.0,6573.0,7.886833920000362e-06
2.0,23.0,0.00018309400000000002,16385.0,3.0,0.00010253272079080623,0.0,0.0,2377.0,8.519881109319423e-19,0.000400364,11.0,27475.0,0.0003068251691133486,0.0,0.0,6573.0,4.732100352000217e-06
2.0,24.0,0.0,16385.0,0.0,6.151963247448373e-05,0.0,0.0,2377.0,5.111928665591653e-19,0.000655141,18.0,27475.0,0.00044615150146800914,0.00015213799999999999,1.0,6573.0,6.369446021120013e-05
2.0,25.0,0.00012206299999999999,16385.0,2.0,8.573697948469024e-05,0.0,0.0,2377.0,3.067157199354992e-19,0.000545951,15.0,27475.0,0.0004860713008808055,0.0,0.0,6573.0,3.821667612672008e-05
2.0,26.0,0.0,16385.0,0.0,5.144218769081414e-05,0.000420698,1.0,2377.0,0.0001682792000000002,0.000545951,15.0,27475.0,0.0005100231805284833,0.00060855,4.0,6573.0,0.00026635000567603207
2.0,27.0,0.0,16385.0,0.0,3.086531261448848e-05,0.0,0.0,2377.0,0.00010096752000000012,7.2793e-05,2.0,27475.0,0.00033513110831708996,0.0,0.0,6573.0,0.00015981000340561924
2.0,28.0,0.0,16385.0,0.0,1.8519187568693088e-05,0.0,0.0,2377.0,6.058051200000007e-05,0.0016378529999999999,45.0,27475.0,0.000856219864990254,0.0,0.0,6573.0,9.588600204337154e-05
2.0,29.0,0.0,16385.0,0.0,1.1111512541215852e-05,0.0,0.0,2377.0,3.634830720000004e-05,0.0006187440000000001,17.0,27475.0,0.0007612295189941524,0.0,0.0,6573.0,5.753160122602292e-05
2.0,30.0,0.0,16385.0,0.0,6.666907524729511e-06,0.0,0.0,2377.0,2.1808984320000025e-05,0.000400364,11.0,27475.0,0.0006168833113964914,0.0,0.0,6573.0,3.451896073561375e-05
2.0,31.0,0.0,16385.0,0.0,4.000144514837707e-06,0.0,0.0,2377.0,1.3085390592000015e-05,0.0,0.0,27475.0,0.00037012998683789484,0.0,0.0,6573.0,2.071137644136825e-05
2.0,32.0,0.0,16385.0,0.0,2.400086708902624e-06,0.0,0.0,2377.0,7.851234355200009e-06,0.00025477700000000003,7.0,27475.0,0.0003239887921027369,0.0,0.0,6573.0,1.2426825864820949e-05
2.0,33.0,0.0,16385.0,0.0,1.4400520253415742e-06,0.0,0.0,2377.0,4.710740613120005e-06,0.00010919,3.0,27475.0,0.00023806927526164213,0.0,0.0,6573.0,7.456095518892569e-06
2.0,34.0,0.0,16385.0,0.0,8.640312152049444e-07,0.0,0.0,2377.0,2.8264443678720033e-06,3.6397e-05,1.0,27475.0,0.00015740036515698527,0.0,0.0,6573.0,4.473657311335541e-06
2.0,35.0,0.0,16385.0,0.0,5.184187291229667e-07,0.0,0.0,2377.0,1.695866620723202e-06,0.0,0.0,27475.0,9.444021909419116e-05,0.0,0.0,6573.0,2.6841943868013243e-06
2.0,36.0,0.0,16385.0,0.0,3.1105123747378e-07,0.0,0.0,2377.0,1.0175199724339212e-06,7.2793e-05,2.0,27475.0,8.57813314565147e-05,0.0,0.0,6573.0,1.6105166320807945e-06
2.0,37.0,0.0,16385.0,0.0,1.86630742484268e-07,0.0,0.0,2377.0,6.105119834603527e-07,7.2793e-05,2.0,27475.0,8.058599887390883e-05,0.0,0.0,6573.0,9.663099792484767e-07
2.0,38.0,0.0,16385.0,0.0,1.119784454905608e-07,0.0,0.0,2377.0,3.6630719007621166e-07,0.0,0.0,27475.0,4.83515993243453e-05,0.0,0.0,6573.0,5.797859875490861e-07
2.0,39.0,0.0,16385.0,0.0,6.718706729433648e-08,0.0,0.0,2377.0,2.1978431404572697e-07,0.0,0.0,27475.0,2.9010959594607176e-05,0.0,0.0,6573.0,3.478715925294516e-07
2.0,40.0,0.0,16385.0,0.0,4.031224037660189e-08,0.0,0.0,2377.0,1.318705884274362e-07,7.2793e-05,2.0,27475.0,4.652377575676431e-05,0.0,0.0,6573.0,2.0872295551767097e-07
2.0,41.0,0.0,16385.0,0.0,2.418734422596113e-08,0.0,0.0,2377.0,7.912235305646172e-08,0.0,0.0,27475.0,2.7914265454058583e-05,0.0,0.0,6573.0,1.2523377331060258e-07
2.0,42.0,0.0,16385.0,0.0,1.4512406535576678e-08,0.0,0.0,2377.0,4.747341183387703e-08,0.0,0.0,27475.0,1.674855927243515e-05,0.0,0.0,6573.0,7.514026398636154e-08
2.0,43.0,0.0,16385.0,0.0,8.707443921346007e-09,0.0,0.0,2377.0,2.8484047100326216e-08,0.0,0.0,27475.0,1.004913556346109e-05,0.0,0.0,6573.0,4.508415839181692e-08
2.0,44.0,0.0,16385.0,0.0,5.224466352807604e-09,0.0,0.0,2377.0,1.709042826019573e-08,0.0,0.0,27475.0,6.029481338076653e-06,0.0,0.0,6573.0,2.705049503509015e-08
2.0,45.0,0.0,16385.0,0.0,3.1346798116845624e-09,0.0,0.0,2377.0,1.0254256956117438e-08,0.0,0.0,27475.0,3.617688802845992e-06,0.0,0.0,6573.0,1.6230297021054088e-08
2.0,46.0,0.0,16385.0,0.0,1.8808078870107373e-09,0.0,0.0,2377.0,6.152554173670462e-09,0.0,0.0,27475.0,2.170613281707595e-06,0.0,0.0,6573.0,9.738178212632452e-09
2.0,47.0,0.0,16385.0,0.0,1.1284847322064424e-09,0.0,0.0,2377.0,3.6915325042022772e-09,0.0,0.0,27475.0,1.302367969024557e-06,0.0,0.0,6573.0,5.842906927579471e-09
2.0,48.0,0.0,16385.0,0.0,6.770908393238655e-10,0.0,0.0,2377.0,2.2149195025213663e-09,0.0,0.0,27475.0,7.814207814147342e-07,0.0,0.0,6573.0,3.5057441565476826e-09
2.0,49.0,0.0,16385.0,0.0,4.062545035943193e-10,0.0,0.0,2377.0,1.3289517015128198e-09,0.0,0.0,27475.0,4.688524688488405e-07,0.0,0.0,6573.0,2.1034464939286096e-09
2.0,50.0,0.0,16385.0,0.0,2.437527021565916e-10,0.0,0.0,2377.0,7.973710209076919e-10,0.0,0.0,27475.0,2.813114813093043e-07,0.0,0.0,6573.0,1.2620678963571658e-09
2.0,51.0,0.0,16385.0,0.0,1.4625162129395495e-10,0.0,0.0,2377.0,4.784226125446151e-10,0.0,0.0,27475.0,1.6878688878558257e-07,0.0,0.0,6573.0,7.572407378142995e-10
2.0,52.0,0.0,16385.0,0.0,8.775097277637297e-11,0.0,0.0,2377.0,2.8705356752676904e-10,0.0,0.0,27475.0,1.0127213327134953e-07,0.0,0.0,6573.0,4.5434444268857965e-10
3.0,1.0,0.0,16390.0,0.0,5.265058366582378e-11,0.0,0.0,2377.0,1.7223214051606142e-10,0.0,0.0,27475.0,6.076327996280972e-08,0.0,0.0,6573.0,2.7260666561314777e-10
3.0,2.0,0.0,16390.0,0.0,3.159035019949426e-11,0.0,0.0,2392.0,1.0333928430963685e-10,0.0,0.0,27439.0,3.645796797768583e-08,0.0,0.0,6656.0,1.6356399936788865e-10
3.0,3.0,0.0,16390.0,0.0,1.8954210119696557e-11,0.0,0.0,2392.0,6.200357058578211e-11,0.0,0.0,27439.0,2.1874780786611495e-08,0.0,0.0,6656.0,9.813839962073318e-11
3.0,4.0,0.0,16390.0,0.0,1.1372526071817933e-11,0.0,0.0,2392.0,3.720214235146927e-11,0.0,0.0,27439.0,1.3124868471966897e-08,0.0,0.0,6656.0,5.88830397724399e-11
3.0,5.0,0.0,16390.0,0.0,6.82351564309076e-12,0.0,0.0,2392.0,2.232128541088156e-11,0.0,0.0,27439.0,7.874921083180138e-09,0.0,0.0,6656.0,3.5329823863463944e-11
3.0,6.0,0.0,16390.0,0.0,4.094109385854456e-12,0.0,0.0,2392.0,1.3392771246528936e-11,0.0,0.0,27439.0,4.724952649908083e-09,0.0,0.0,6656.0,2.1197894318078366e-11
3.0,7.0,0.0,16390.0,0.0,2.4564656315126735e-12,0.0,0.0,2392.0,8.03566274791736e-12,0.0,0.0,27439.0,2.8349715899448494e-09,0.0,0.0,6656.0,1.2718736590847019e-11
3.0,8.0,0.0,16390.0,0.0,1.473879378907604e-12,0.0,0.0,2392.0,4.821397648750416e-12,0.0,0.0,27439.0,1.7009829539669096e-09,0.0,0.0,6656.0,7.63124195450821e-12
3.0,9.0,0.0,16390.0,0.0,8.843276273445624e-13,0.0,0.0,2392.0,2.8928385892502496e-12,0.0,0.0,27439.0,1.0205897723801457e-09,0.0,0.0,6656.0,4.578745172704926e-12
3.0,10.0,0.0,16390.0,0.0,5.305965764067375e-13,0.0,0.0,2392.0,1.7357031535501497e-12,0.0,0.0,27439.0,6.123538634280874e-10,0.0,0.0,6656.0,2.7472471036229553e-12
3.0,11.0,0.0,16390.0,0.0,3.183579458440425e-13,0.0,0.0,2392.0,1.0414218921300899e-12,0.0,0.0,27439.0,3.674123180568524e-10,0.0,0.0,6656.0,1.6483482621737731e-12
3.0,12.0,0.0,16390.0,0.0,1.910147675064255e-13,0.0,0.0,2392.0,6.248531352780539e-13,0.0,0.0,27439.0,2.2044739083411143e-10,0.0,0.0,6656.0,9.890089573042638e-13
3.0,13.0,0.0,16390.0,0.0,1.1460886050385529e-13,0.0,0.0,2392.0,3.7491188116683234e-13,0.0,0.0,27439.0,1.3226843450046685e-10,0.0,0.0,6656.0,5.934053743825582e-13
3.0,14.0,0.0,16390.0,0.0,6.876531630231317e-14,0.0,0.0,2392.0,2.249471287000994e-13,0.0,0.0,27439.0,7.936106070028011e-11,0.0,0.0,6656.0,3.560432246295349e-13
3.0,15.0,0.0,16390.0,0.0,4.1259189781387906e-14,0.0,0.0,2392.0,1.3496827722005963e-13,0.0,0.0,27439.0,4.761663642016806e-11,0.0,0.0,6656.0,2.1362593477772093e-13
3.0,16.0,0.0,16390.0,0.0,2.4755513868832743e-14,0.0,0.0,2392.0,8.098096633203577e-14,0.0,0.0,27439.0,2.8569981852100837e-11,0.0,0.0,6656.0,1.2817556086663255e-13
3.0,17.0,0.0,16390.0,0.0,1.4853308321299644e-14,0.0,0.0,2392.0,4.8588579799221465e-14,0.0,0.0,27439.0,1.7141989111260503e-11,0.0,0.0,6656.0,7.690533651997953e-14
3.0,18.0,0.0,16390.0,0.0,8.911984992779786e-15,0.0,0.0,2392.0,2.9153147879532876e-14,0.0,0.0,27439.0,1.0285193466756301e-11,0.0,0.0,6656.0,4.6143201911987714e-14
3.0,19.0,0.0,16390.0,0.0,5.3471909956678716e-15,0.0,0.0,2392.0,1.7491888727719724e-14,0.0,0.0,27439.0,6.1711160800537805e-12,0.0,0.0,6656.0,2.7685921147192628e-14
3.0,20.0,0.0,16390.0,0.0,3.208314597400723e-15,0.0,0.0,2392.0,1.0495133236631834e-14,7.2889e-05,2.0,27439.0,2.915560370266965e-05,0.0,0.0,6656.0,1.6611552688315575e-14
3.0,21.0,0.0,16390.0,0.0,1.9249887584404338e-15,0.0,0.0,2392.0,6.2970799419791e-15,7.2889e-05,2.0,27439.0,4.664896222160179e-05,0.0,0.0,6656.0,9.966931612989345e-15
3.0,22.0,0.0,16390.0,0.0,1.1549932550642603e-15,0.0,0.0,2392.0,3.77824796518746e-15,7.2889e-05,2.0,27439.0,5.7144977332961075e-05,0.0,0.0,6656.0,5.980158967793607e-15
3.0,23.0,0.0,16390.0,0.0,6.929959530385562e-16,0.0,0.0,2392.0,2.266948779112476e-15,0.0,0.0,27439.0,3.428698639977664e-05,0.0,0.0,6656.0,3.588095380676164e-15
3.0,24.0,0.0,16390.0,0.0,4.157975718231337e-16,0.0,0.0,2392.0,1.3601692674674856e-15,0.00010933299999999999,3.0,27439.0,6.430539183986598e-05,0.0,0.0,6656.0,2.1528572284056984e-15
3.0,25.0,6.1013e-05,16390.0,1.0,2.440520000024948e-05,0.0,0.0,2392.0,8.161015604804913e-16,0.0,0.0,27439.0,3.858323510391958e-05,0.0,0.0,6656.0,1.291714337043419e-15
3.0,26.0,0.0,16390.0,0.0,1.4643120000149688e-05,0.0,0.0,2392.0,4.896609362882947e-16,3.6444e-05,1.0,27439.0,3.772754106235175e-05,0.0,0.0,6656.0,7.750286022260513e-16
3.0,27.0,0.0,16390.0,0.0,8.785872000089813e-06,0.0,0.0,2392.0,2.9379656177297686e-16,0.000328,9.0,27439.0,0.00015383652463741107,0.0,0.0,6656.0,4.650171613356308e-16
3.0,28.0,0.0,16390.0,0.0,5.271523200053887e-06,0.0,0.0,2392.0,1.762779370637861e-16,0.000145778,4.0,27439.0,0.00015061311478244664,0.0,0.0,6656.0,2.7901029680137844e-16
3.0,29.0,0.0,16390.0,0.0,3.162913920032332e-06,0.0,0.0,2392.0,1.0576676223827166e-16,0.00010933299999999999,3.0,27439.0,0.00013410106886946799,0.0,0.0,6656.0,1.6740617808082706e-16
3.0,30.0,0.0,16390.0,0.0,1.897748352019399e-06,0.0,0.0,2392.0,6.346005734296299e-17,0.0,0.0,27439.0,8.046064132168079e-05,0.0,0.0,6656.0,1.0044370684849623e-16
3.0,31.0,0.0,16390.0,0.0,1.1386490112116394e-06,0.0,0.0,2392.0,3.807603440577779e-17,0.000145778,4.0,27439.0,0.00010658758479300848,0.0,0.0,6656.0,6.026622410909774e-17
3.0,32.0,0.0,16390.0,0.0,6.831894067269837e-07,0.0,0.0,2392.0,2.2845620643466673e-17,0.000145778,4.0,27439.0,0.0001222637508758051,0.0,0.0,6656.0,3.615973446545864e-17
3.0,33.0,0.0,16390.0,0.0,4.099136440361902e-07,0.0,0.0,2392.0,1.3707372386080004e-17,0.000145778,4.0,27439.0,0.00013166945052548305,0.0,0.0,6656.0,2.1695840679275183e-17
3.0,34.0,0.0,16390.0,0.0,2.4594818642171413e-07,0.0,0.0,2392.0,8.224423431648001e-18,7.2889e-05,2.0,27439.0,0.00010815727031528983,0.0,0.0,6656.0,1.301750440756511e-17
3.0,35.0,0.00543014,16390.0,89.0,0.002172203568911853,0.0,0.0,2392.0,4.9346540589888e-18,0.0,0.0,27439.0,6.48943621891739e-05,0.0,0.0,6656.0,7.810502644539065e-18
3.0,36.0,0.0,16390.0,0.0,0.0013033221413471117,0.0,0.0,2392.0,2.96079243539328e-18,0.0,0.0,27439.0,3.893661731350434e-05,0.0,0.0,6656.0,4.686301586723439e-18
3.0,37.0,0.0,16390.0,0.0,0.0007819932848082671,0.0,0.0,2392.0,1.776475461235968e-18,0.0,0.0,27439.0,2.33619703881026e-05,0.0,0.0,6656.0,2.8117809520340634e-18
3.0,38.0,0.0,16390.0,0.0,0.0004691959708849602,0.0,0.0,2392.0,1.0658852767415807e-18,0.0,0.0,27439.0,1.401718223286156e-05,0.0,0.0,6656.0,1.687068571220438e-18
3.0,39.0,0.0,16390.0,0.0,0.0002815175825309761,0.0,0.0,2392.0,6.395311660449484e-19,0.000145778,4.0,27439.0,6.672150933971694e-05,0.0,0.0,6656.0,1.0122411427322628e-18
3.0,40.0,0.0,16390.0,0.0,0.00016891054951858564,0.0,0.0,2392.0,3.8371869962696904e-19,0.000145778,4.0,27439.0,9.834410560383017e-05,0.0,0.0,6656.0,6.073446856393576e-19
3.0,41.0,0.0,16390.0,0.0,0.00010134632971115138,0.0,0.0,2392.0,2.302312197761814e-19,0.0,0.0,27439.0,5.90064633622981e-05,0.0,0.0,6656.0,3.6440681138361454e-19
3.0,42.0,0.0,16390.0,0.0,6.0807797826690823e-05,0.0,0.0,2392.0,1.3813873186570884e-19,0.0,0.0,27439.0,3.540387801737886e-05,0.0,0.0,6656.0,2.186440868301687e-19
3.0,43.0,0.0,16390.0,0.0,3.6484678696014494e-05,0.0,0.0,2392.0,8.28832391194253e-20,0.0,0.0,27439.0,2.1242326810427317e-05,0.0,0.0,6656.0,1.3118645209810122e-19
3.0,44.0,0.0,16390.0,0.0,2.1890807217608696e-05,0.0,0.0,2392.0,4.972994347165518e-20,0.0,0.0,27439.0,1.274539608625639e-05,0.0,0.0,6656.0,7.871187125886073e-20
3.0,45.0,0.0,16390.0,0.0,1.3134484330565218e-05,0.0,0.0,2392.0,2.9837966082993107e-20,0.0,0.0,27439.0,7.647237651753833e-06,0.0,0.0,6656.0,4.722712275531644e-20
3.0,46.0,0.0,16390.0,0.0,7.88069059833913e-06,0.0,0.0,2392.0,1.7902779649795862e-20,0.0,0.0,27439.0,4.5883425910523e-06,0.0,0.0,6656.0,2.8336273653189865e-20
3.0,47.0,0.0,16390.0,0.0,4.728414359003478e-06,0.0,0.0,2392.0,1.0741667789877516e-20,0.0,0.0,27439.0,2.75300555463138e-06,0.0,0.0,6656.0,1.700176419191392e-20
3.0,48.0,0.0,16390.0,0.0,2.837048615402087e-06,0.0,0.0,2392.0,6.445000673926509e-21,0.0,0.0,27439.0,1.6518033327788278e-06,0.0,0.0,6656.0,1.020105851514835e-20
3.0,49.0,0.0,16390.0,0.0,1.7022291692412522e-06,0.0,0.0,2392.0,3.867000404355905e-21,0.0,0.0,27439.0,9.910819996672965e-07,0.0,0.0,6656.0,6.12063510908901e-21
3.0,50.0,0.0,16390.0,0.0,1.0213375015447513e-06,0.0,0.0,2392.0,2.320200242613543e-21,0.0,0.0,27439.0,5.946491998003779e-07,0.0,0.0,6656.0,3.672381065453406e-21
3.0,51.0,0.0,16390.0,0.0,6.128025009268507e-07,0.0,0.0,2392.0,1.3921201455681258e-21,0.0,0.0,27439.0,3.5678951988022675e-07,0.0,0.0,6656.0,2.2034286392720437e-21
3.0,52.0,0.0,16390.0,0.0,3.6768150055611044e-07,0.0,0.0,2392.0,8.352720873408755e-22,0.0,0.0,27439.0,2.1407371192813603e-07,0.0,0.0,6656.0,1.3220571835632262e-21
4.0,1.0,0.0,16520.0,0.0,2.2060890033366626e-07,0.0,0.0,2392.0,5.011632524045252e-22,0.0,0.0,27439.0,1.284442271568816e-07,0.0,0.0,6656.0,7.932343101379357e-22
4.0,2.0,0.0,16520.0,0.0,1.3236534020019975e-07,0.0,0.0,2360.0,3.0069795144271513e-22,0.0,0.0,27437.0,7.706653629412896e-08,0.0,0.0,6596.0,4.759405860827614e-22
4.0,3.0,0.0,16520.0,0.0,7.941920412011985e-08,0.0,0.0,2360.0,1.8041877086562907e-22,0.0,0.0,27437.0,4.623992177647737e-08,0.0,0.0,6596.0,2.855643516496568e-22
4.0,4.0,0.0,16520.0,0.0,4.765152247207191e-08,0.0,0.0,2360.0,1.0825126251937743e-22,0.0,0.0,27437.0,2.7743953065886423e-08,0.0,0.0,6596.0,1.7133861098979408e-22
4.0,5.0,0.0,16520.0,0.0,2.8590913483243145e-08,0.0,0.0,2360.0,6.495075751162645e-23,0.0,0.0,27437.0,1.6646371839531853e-08,0.0,0.0,6596.0,1.0280316659387644e-22
4.0,6.0,0.0,16520.0,0.0,1.7154548089945888e-08,0.0,0.0,2360.0,3.8970454506975867e-23,3.6447e-05,1.0,27437.0,1.4588787823103719e-05,0.0,0.0,6596.0,6.168189995632586e-23
4.0,7.0,6.0533000000000005e-05,16520.0,1.0,2.4223492728853973e-05,0.0,0.0,2360.0,2.338227270418552e-23,0.0,0.0,27437.0,8.753272693862231e-06,0.000606428,4.0,6596.0,0.0002425712
4.0,8.0,0.0,16520.0,0.0,1.4534095637312384e-05,0.0,0.0,2360.0,1.402936362251131e-23,3.6447e-05,1.0,27437.0,1.983076361631734e-05,0.000303214,2.0,6596.0,0.00026682832
4.0,9.0,0.0,16520.0,0.0,8.72045738238743e-06,0.0,0.0,2360.0,8.417618173506786e-24,0.00021868299999999998,6.0,27437.0,9.93716581697904e-05,0.0,0.0,6596.0,0.000160096992
4.0,10.0,0.0,16520.0,0.0,5.232274429432458e-06,0.0,0.0,2360.0,5.050570904104071e-24,7.2894e-05,2.0,27437.0,8.878059490187424e-05,0.0,0.0,6596.0,9.60581952e-05
4.0,11.0,0.0,16520.0,0.0,3.139364657659475e-06,0.0,0.0,2360.0,3.0303425424624428e-24,3.6447e-05,1.0,27437.0,6.784715694112454e-05,0.0,0.0,6596.0,5.763491712e-05
4.0,12.0,0.0,16520.0,0.0,1.8836187945956849e-06,0.0,0.0,2360.0,1.8182055254774654e-24,3.6447e-05,1.0,27437.0,5.528709416467473e-05,0.0,0.0,6596.0,3.4580950271999996e-05
4.0,13.0,0.0,16520.0,0.0,1.130171276757411e-06,0.0,0.0,2360.0,1.0909233152864793e-24,0.0,0.0,27437.0,3.3172256498804835e-05,0.0,0.0,6596.0,2.0748570163199997e-05
4.0,14.0,0.0,16520.0,0.0,6.781027660544465e-07,0.0,0.0,2360.0,6.545539891718875e-25,0.00010934100000000001,3.0,27437.0,6.36397538992829e-05,0.0,0.0,6596.0,1.2449142097919998e-05
4.0,15.0,6.0533000000000005e-05,16520.0,1.0,2.4620061659632673e-05,0.0,0.0,2360.0,3.927323935031325e-25,7.2894e-05,2.0,27437.0,6.734145233956975e-05,0.0,0.0,6596.0,7.469485258751998e-06
4.0,16.0,0.00048426199999999995,16520.0,8.0,0.0002084768369957796,0.000423729,1.0,2360.0,0.0001694916,0.0,0.0,27437.0,4.040487140374185e-05,0.0,0.0,6596.0,4.481691155251199e-06
4.0,17.0,0.000181598,16520.0,3.0,0.00019772530219746773,0.001271186,3.0,2360.0,0.0006101693600000001,7.2894e-05,2.0,27437.0,5.340052284224511e-05,0.0,0.0,6596.0,2.689014693150719e-06
4.0,18.0,0.0,16520.0,0.0,0.00011863518131848063,0.006355932,15.0,2360.0,0.002908474416,0.000291577,8.0,27437.0,0.00014867111370534707,0.0,0.0,6596.0,1.6134088158904315e-06
4.0,19.0,0.000847458,16520.0,14.0,0.0004101643087910884,0.0025423729999999997,6.0,2360.0,0.0027620338496,0.000692496,19.0,27437.0,0.00036620106822320825,0.0,0.0,6596.0,9.680452895342588e-07
4.0,20.0,0.000968523,16520.0,16.0,0.000633507785274653,0.001271186,3.0,2360.0,0.00216569470976,0.00153078,42.0,27437.0,0.000832032640933925,0.000606428,4.0,6596.0,0.00024315202717372055
4.0,21.0,0.000726392,16520.0,12.0,0.0006706614711647918,0.001271186,3.0,2360.0,0.001807891225856,0.0018952510000000001,52.0,27437.0,0.001257319984560355,0.000303214,2.0,6596.0,0.0002671768163042323
4.0,22.0,0.002360775,16520.0,39.0,0.001346706882698875,0.001694915,4.0,2360.0,0.0017627007355136,0.002113934,58.0,27437.0,0.001599965590736213,0.000303214,2.0,6596.0,0.0002815916897825394
4.0,23.0,6.0533000000000005e-05,16520.0,1.0,0.000832237329619325,0.001694915,4.0,2360.0,0.00173558644130816,0.001749462,48.0,27437.0,0.0016597641544417278,0.001061249,7.0,6596.0,0.0005934546138695237
4.0,24.0,0.000181598,16520.0,3.0,0.000571981597771595,0.000423729,1.0,2360.0,0.001210843464784896,0.00102052,28.0,27437.0,0.0014040664926650366,0.002425713,16.0,6596.0,0.0013263579683217143
4.0,25.0,0.000121065,16520.0,2.0,0.000391614958662957,0.001694915,4.0,2360.0,0.0014044720788709375,0.001093414,30.0,27437.0,0.001279805495599022,0.000303214,2.0,6596.0,0.0009171003809930286
4.0,26.0,0.00024213099999999998,16520.0,4.0,0.00033182137519777416,0.002118644,5.0,2360.0,0.0016901408473225625,0.0018952510000000001,52.0,27437.0,0.0015259836973594133,0.000151607,1.0,6596.0,0.0006109030285958171
4.0,27.0,0.000121065,16520.0,2.0,0.0002475188251186645,0.000847458,2.0,2360.0,0.0013530677083935375,0.0008382839999999999,23.0,27437.0,0.001250903818415648,0.001212856,8.0,6596.0,0.0008516842171574902
4.0,28.0,0.0,16520.0,0.0,0.0001485112950711987,0.000423729,1.0,2360.0,0.0009813322250361225,0.00040091800000000005,11.0,27437.0,0.0009109094910493888,0.000151607,1.0,6596.0,0.0005716533302944941
4.0,29.0,0.0,16520.0,0.0,8.910677704271921e-05,0.000423729,1.0,2360.0,0.0007582909350216735,0.0,0.0,27437.0,0.0005465456946296333,0.0,0.0,6596.0,0.0003429919981766965
4.0,30.0,0.000181598,16520.0,3.0,0.00012610326622563151,0.0,0.0,2360.0,0.0004549745610130041,0.0,0.0,27437.0,0.00032792741677778,0.0,0.0,6596.0,0.00020579519890601787
4.0,31.0,6.0533000000000005e-05,16520.0,1.0,9.987515973537891e-05,0.000423729,1.0,2360.0,0.0004424763366078025,0.00010934100000000001,3.0,27437.0,0.000240492850066668,0.0,0.0,6596.0,0.00012347711934361072
4.0,32.0,0.0,16520.0,0.0,5.992509584122734e-05,0.0,0.0,2360.0,0.0002654858019646815,0.0,0.0,27437.0,0.0001442957100400008,0.0,0.0,6596.0,7.408627160616643e-05
4.0,33.0,0.0,16520.0,0.0,3.59550575047364e-05,0.0,0.0,2360.0,0.0001592914811788089,0.0,0.0,27437.0,8.657742602400047e-05,0.0,0.0,6596.0,4.445176296369985e-05
4.0,34.0,0.0,16520.0,0.0,2.1573034502841842e-05,0.0,0.0,2360.0,9.557488870728534e-05,0.0,0.0,27437.0,5.194645561440028e-05,0.000151607,1.0,6596.0,8.731385777821991e-05
4.0,35.0,0.0,16520.0,0.0,1.2943820701705105e-05,0.0,0.0,2360.0,5.73449332243712e-05,0.00010934100000000001,3.0,27437.0,7.490427336864017e-05,0.0,0.0,6596.0,5.238831466693194e-05
4.0,36.0,0.001937046,16520.0,32.0,0.0007825846924210231,0.0,0.0,2360.0,3.440695993462272e-05,0.0,0.0,27437.0,4.49425640211841e-05,0.0,0.0,6596.0,3.143298880015916e-05
4.0,37.0,0.0,16520.0,0.0,0.00046955081545261386,0.0,0.0,2360.0,2.0644175960773632e-05,7.2894e-05,2.0,27437.0,5.6123138412710456e-05,0.0,0.0,6596.0,1.8859793280095496e-05
4.0,38.0,0.0,16520.0,0.0,0.0002817304892715683,0.0,0.0,2360.0,1.2386505576464179e-05,0.0,0.0,27437.0,3.3673883047626274e-05,0.0,0.0,6596.0,1.1315875968057297e-05
4.0,39.0,0.0,16520.0,0.0,0.00016903829356294098,0.0,0.0,2360.0,7.431903345878507e-06,0.0,0.0,27437.0,2.0204329828575762e-05,0.0,0.0,6596.0,6.789525580834378e-06
4.0,40.0,0.0,16520.0,0.0,0.00010142297613776459,0.0,0.0,2360.0,4.459142007527104e-06,0.0,0.0,27437.0,1.2122597897145458e-05,0.0,0.0,6596.0,4.073715348500627e-06
4.0,41.0,0.0,16520.0,0.0,6.085378568265875e-05,0.0,0.0,2360.0,2.6754852045162625e-06,0.0,0.0,27437.0,7.273558738287274e-06,0.0,0.0,6596.0,2.444229209100376e-06
4.0,42.0,0.0,16520.0,0.0,3.651227140959525e-05,0.0,0.0,2360.0,1.6052911227097574e-06,0.0,0.0,27437.0,4.364135242972364e-06,0.0,0.0,6596.0,1.4665375254602257e-06
4.0,43.0,0.0,16520.0,0.0,2.190736284575715e-05,0.0,0.0,2360.0,9.631746736258543e-07,0.0,0.0,27437.0,2.6184811457834183e-06,0.0,0.0,6596.0,8.799225152761354e-07
4.0,44.0,0.0,16520.0,0.0,1.3144417707454288e-05,0.0,0.0,2360.0,5.779048041755126e-07,0.0,0.0,27437.0,1.571088687470051e-06,0.0,0.0,6596.0,5.279535091656812e-07
4.0,45.0,0.0,16520.0,0.0,7.886650624472572e-06,0.0,0.0,2360.0,3.4674288250530753e-07,0.0,0.0,27437.0,9.426532124820306e-07,0.0,0.0,6596.0,3.1677210549940873e-07
4.0,46.0,0.0,16520.0,0.0,4.7319903746835435e-06,0.0,0.0,2360.0,2.080457295031845e-07,0.0,0.0,27437.0,5.655919274892184e-07,0.0,0.0,6596.0,1.9006326329964524e-07
4.0,47.0,0.0,16520.0,0.0,2.839194224810126e-06,0.0,0.0,2360.0,1.248274377019107e-07,0.0,0.0,27437.0,3.39355156493531e-07,0.0,0.0,6596.0,1.1403795797978713e-07
4.0,48.0,0.0,16520.0,0.0,1.7035165348860756e-06,0.0,0.0,2360.0,7.489646262114642e-08,0.0,0.0,27437.0,2.036130938961186e-07,0.0,0.0,6596.0,6.842277478787228e-08
4.0,49.0,0.0,16520.0,0.0,1.0221099209316453e-06,0.0,0.0,2360.0,4.493787757268785e-08,0.0,0.0,27437.0,1.2216785633767116e-07,0.0,0.0,6596.0,4.105366487272337e-08
4.0,50.0,0.0,16520.0,0.0,6.132659525589872e-07,0.0,0.0,2360.0,2.696272654361271e-08,0.0,0.0,27437.0,7.330071380260269e-08,0.0,0.0,6596.0,2.463219892363402e-08
4.0,51.0,0.0,16520.0,0.0,3.679595715353923e-07,0.0,0.0,2360.0,1.6177635926167626e-08,0.0,0.0,27437.0,4.398042828156161e-08,0.0,0.0,6596.0,1.4779319354180412e-08
4.0,52.0,0.0,16520.0,0.0,2.2077574292123537e-07,0.0,0.0,2360.0,9.706581555700575e-09,0.0,0.0,27437.0,2.6388256968936966e-08,0.0,0.0,6596.0,8.867591612508247e-09
5.0,1.0,0.0,16486.0,0.0,1.3246544575274123e-07,0.0,0.0,2360.0,5.823948933420345e-09,0.0,0.0,27437.0,1.583295418136218e-08,0.0,0.0,6596.0,5.320554967504948e-09
5.0,2.0,0.0,16486.0,0.0,7.947926745164474e-08,0.0,0.0,2348.0,3.494369360052207e-09,0.0,0.0,27230.0,9.499772508817308e-09,0.0,0.0,6650.0,3.1923329805029687e-09
5.0,3.0,0.0,16486.0,0.0,4.768756047098684e-08,0.0,0.0,2348.0,2.0966216160313242e-09,0.0,0.0,27230.0,5.699863505290384e-09,0.0,0.0,6650.0,1.915399788301781e-09
5.0,4.0,0.0,16486.0,0.0,2.8612536282592105e-08,0.0,0.0,2348.0,1.2579729696187946e-09,0.0,0.0,27230.0,3.4199181031742305e-09,0.0,0.0,6650.0,1.1492398729810687e-09
5.0,5.0,0.0,16486.0,0.0,1.7167521769555262e-08,0.0,0.0,2348.0,7.547837817712767e-10,0.0,0.0,27230.0,2.051950861904538e-09,0.0,0.0,6650.0,6.895439237886411e-10
5.0,6.0,0.0,16486.0,0.0,1.0300513061733157e-08,0.0,0.0,2348.0,4.5287026906276603e-10,0.0,0.0,27230.0,1.2311705171427228e-09,0.0,0.0,6650.0,4.1372635427318465e-10
5.0,7.0,0.0,16486.0,0.0,6.180307837039894e-09,0.0,0.0,2348.0,2.7172216143765963e-10,0.0,0.0,27230.0,7.387023102856336e-10,0.0,0.0,6650.0,2.482358125639108e-10
5.0,8.0,0.0,16486.0,0.0,3.7081847022239365e-09,0.0,0.0,2348.0,1.6303329686259578e-10,0.0,0.0,27230.0,4.4322138617138015e-10,0.0,0.0,6650.0,1.4894148753834648e-10
5.0,9.0,0.0,16486.0,0.0,2.2249108213343617e-09,0.0,0.0,2348.0,9.781997811755747e-11,0.0,0.0,27230.0,2.659328317028281e-10,0.0,0.0,6650.0,8.936489252300788e-11
5.0,10.0,0.0,16486.0,0.0,1.334946492800617e-09,0.0,0.0,2348.0,5.869198687053448e-11,0.0,0.0,27230.0,1.5955969902169685e-10,0.0,0.0,6650.0,5.361893551380473e-11
5.0,11.0,0.0,16486.0,0.0,8.009678956803701e-10,0.0,0.0,2348.0,3.521519212232069e-11,0.0,0.0,27230.0,9.573581941301811e-11,0.0,0.0,6650.0,3.2171361308282835e-11
5.0,12.0,0.0,16486.0,0.0,4.805807374082221e-10,0.0,0.0,2348.0,2.1129115273392413e-11,0.0,0.0,27230.0,5.7441491647810864e-11,0.0,0.0,6650.0,1.93028167849697e-11
5.0,13.0,0.0,16486.0,0.0,2.883484424449332e-10,0.0,0.0,2348.0,1.2677469164035447e-11,0.0,0.0,27230.0,3.446489498868652e-11,0.0,0.0,6650.0,1.158169007098182e-11
5.0,14.0,0.0,16486.0,0.0,1.7300906546695992e-10,0.0,0.0,2348.0,7.606481498421267e-12,0.0,0.0,27230.0,2.067893699321191e-11,0.0,0.0,6650.0,6.949014042589091e-12
5.0,15.0,0.0,16486.0,0.0,1.0380543928017595e-10,0.0,0.0,2348.0,4.56388889905276e-12,0.0,0.0,27230.0,1.2407362195927147e-11,0.0,0.0,6650.0,4.1694084255534545e-12
5.0,16.0,0.0,16486.0,0.0,6.228326356810557e-11,0.0,0.0,2348.0,2.738333339431656e-12,0.0,0.0,27230.0,7.444417317556288e-12,0.0,0.0,6650.0,2.5016450553320728e-12
5.0,17.0,0.0,16486.0,0.0,3.7369958140863344e-11,0.0,0.0,2348.0,1.6430000036589936e-12,0.00011017299999999999,3.0,27230.0,4.406920446665039e-05,0.0,0.0,6650.0,1.5009870331992436e-12
5.0,18.0,0.0,16486.0,0.0,2.2421974884518004e-11,0.0008517889999999999,2.0,2348.0,0.0003407156009858,0.000146897,4.0,27230.0,8.520032267999024e-05,0.0,0.0,6650.0,9.005922199195461e-13
5.0,19.0,0.000788548,16486.0,13.0,0.0003154192134531849,0.0,0.0,2348.0,0.00020442936059148,0.000514139,14.0,27230.0,0.00025677579360799415,0.000300752,2.0,6650.0,0.00012030080054035533
5.0,20.0,0.000788548,16486.0,13.0,0.000504670728071911,0.000425894,1.0,2348.0,0.000293015216354888,0.000587587,16.0,27230.0,0.0003891002761647965,0.000300752,2.0,6650.0,0.0001924812803242132
5.0,21.0,0.000121315,16486.0,2.0,0.0003513284368431466,0.000425894,1.0,2348.0,0.0003461667298129328,0.000624311,17.0,27230.0,0.00048318456569887793,0.00075188,5.0,6650.0,0.00041624076819452797
5.0,22.0,0.000303288,16486.0,5.0,0.00033211226210588796,0.0,0.0,2348.0,0.0002077000378877597,0.000367242,10.0,27230.0,0.0004368075394193268,0.000300752,2.0,6650.0,0.0003700452609167168
5.0,23.0,0.0,16486.0,0.0,0.00019926735726353276,0.0,0.0,2348.0,0.0001246200227326558,7.3448e-05,2.0,27230.0,0.0002914637236515961,0.0,0.0,6650.0,0.00022202715655003007
5.0,24.0,0.0,16486.0,0.0,0.00011956041435811965,0.0,0.0,2348.0,7.477201363959348e-05,0.0,0.0,27230.0,0.00017487823419095767,0.000150376,1.0,6650.0,0.00019336669393001804
5.0,25.0,0.0,16486.0,0.0,7.173624861487179e-05,0.0,0.0,2348.0,4.486320818375608e-05,3.6724e-05,1.0,27230.0,0.0001196165405145746,0.0,0.0,6650.0,0.00011602001635801082
5.0,26.0,0.0,16486.0,0.0,4.3041749168923075e-05,0.0,0.0,2348.0,2.6917924910253648e-05,0.0,0.0,27230.0,7.176992430874476e-05,0.0,0.0,6650.0,6.961200981480649e-05
5.0,27.0,6.0658e-05,16486.0,1.0,5.008824950135385e-05,0.000425894,1.0,2348.0,0.0001865083549461522,7.3448e-05,2.0,27230.0,7.244115458524686e-05,0.000150376,1.0,6650.0,0.00010191760588888388
5.0,28.0,6.0658e-05,16486.0,1.0,5.4316149700812306e-05,0.0,0.0,2348.0,0.00011190501296769131,0.0,0.0,27230.0,4.3464692751148115e-05,0.0,0.0,6650.0,6.115056353333033e-05
5.0,29.0,0.0,16486.0,0.0,3.258968982048738e-05,0.0,0.0,2348.0,6.714300778061478e-05,7.3448e-05,2.0,27230.0,5.545801565068887e-05,0.0,0.0,6650.0,3.6690338119998196e-05
5.0,30.0,0.0,16486.0,0.0,1.955381389229243e-05,0.0,0.0,2348.0,4.028580466836887e-05,3.6724e-05,1.0,27230.0,4.7964409390413324e-05,0.0,0.0,6650.0,2.2014202871998917e-05
5.0,31.0,6.0658e-05,16486.0,1.0,3.599548833537546e-05,0.0,0.0,2348.0,2.417148280102132e-05,0.0,0.0,27230.0,2.8778645634247994e-05,0.0,0.0,6650.0,1.320852172319935e-05
5.0,32.0,0.0,16486.0,0.0,2.1597293001225272e-05,0.0,0.0,2348.0,1.450288968061279e-05,0.0,0.0,27230.0,1.7267187380548797e-05,0.0,0.0,6650.0,7.92511303391961e-06
5.0,33.0,0.0,16486.0,0.0,1.2958375800735163e-05,0.0,0.0,2348.0,8.701733808367674e-06,0.0,0.0,27230.0,1.0360312428329278e-05,0.0,0.0,6650.0,4.755067820351765e-06
5.0,34.0,0.0,16486.0,0.0,7.775025480441097e-06,0.0,0.0,2348.0,5.221040285020604e-06,0.0,0.0,27230.0,6.216187456997567e-06,0.0,0.0,6650.0,2.8530406922110593e-06
5.0,35.0,0.0,16486.0,0.0,4.665015288264658e-06,0.0,0.0,2348.0,3.1326241710123624e-06,0.0,0.0,27230.0,3.72971247419854e-06,0.0,0.0,6650.0,1.7118244153266356e-06
5.0,36.0,0.0,16486.0,0.0,2.7990091729587947e-06,0.0,0.0,2348.0,1.8795745026074173e-06,0.0,0.0,27230.0,2.2378274845191238e-06,0.0,0.0,6650.0,1.0270946491959812e-06
5.0,37.0,0.0,16486.0,0.0,1.6794055037752769e-06,0.0,0.0,2348.0,1.1277447015644503e-06,0.0,0.0,27230.0,1.3426964907114743e-06,0.0,0.0,6650.0,6.162567895175887e-07
5.0,38.0,0.0,16486.0,0.0,1.007643302265166e-06,0.0,0.0,2348.0,6.766468209386702e-07,0.0,0.0,27230.0,8.056178944268846e-07,0.0,0.0,6650.0,3.697540737105532e-07
5.0,39.0,0.0,16486.0,0.0,6.045859813590996e-07,0.0,0.0,2348.0,4.059880925632021e-07,0.0,0.0,27230.0,4.833707366561307e-07,0.0,0.0,6650.0,2.2185244422633193e-07
5.0,40.0,0.0,16486.0,0.0,3.627515888154597e-07,0.0,0.0,2348.0,2.4359285553792125e-07,0.0,0.0,27230.0,2.900224419936784e-07,0.0,0.0,6650.0,1.3311146653579916e-07
5.0,41.0,0.0,16486.0,0.0,2.1765095328927582e-07,0.0,0.0,2348.0,1.4615571332275274e-07,0.0,0.0,27230.0,1.7401346519620703e-07,0.0,0.0,6650.0,7.98668799214795e-08
5.0,42.0,0.0,16486.0,0.0,1.305905719735655e-07,0.0,0.0,2348.0,8.769342799365164e-08,0.0,0.0,27230.0,1.0440807911772421e-07,0.0,0.0,6650.0,4.79201279528877e-08
5.0,43.0,0.0,16486.0,0.0,7.83543431841393e-08,0.0,0.0,2348.0,5.261605679619098e-08,0.0,0.0,27230.0,6.264484747063452e-08,0.0,0.0,6650.0,2.8752076771732618e-08
5.0,44.0,0.0,16486.0,0.0,4.701260591048358e-08,0.0,0.0,2348.0,3.156963407771459e-08,0.0,0.0,27230.0,3.758690848238071e-08,0.0,0.0,6650.0,1.725124606303957e-08
5.0,45.0,0.0,16486.0,0.0,2.8207563546290147e-08,0.0,0.0,2348.0,1.8941780446628755e-08,0.0,0.0,27230.0,2.2552145089428427e-08,0.0,0.0,6650.0,1.0350747637823742e-08
5.0,46.0,0.0,16486.0,0.0,1.692453812777409e-08,0.0,0.0,2348.0,1.1365068267977253e-08,0.0,0.0,27230.0,1.3531287053657055e-08,0.0,0.0,6650.0,6.210448582694245e-09
5.0,47.0,0.0,16486.0,0.0,1.0154722876664452e-08,0.0,0.0,2348.0,6.819040960786351e-09,0.0,0.0,27230.0,8.118772232194233e-09,0.0,0.0,6650.0,3.726269149616547e-09
5.0,48.0,0.0,16486.0,0.0,6.0928337259986716e-09,0.0,0.0,2348.0,4.091424576471811e-09,0.0,0.0,27230.0,4.8712633393165395e-09,0.0,0.0,6650.0,2.235761489769928e-09
5.0,49.0,0.0,16486.0,0.0,3.6557002355992026e-09,0.0,0.0,2348.0,2.4548547458830864e-09,0.0,0.0,27230.0,2.9227580035899235e-09,0.0,0.0,6650.0,1.3414568938619568e-09
5.0,50.0,0.0,16486.0,0.0,2.1934201413595217e-09,0.0,0.0,2348.0,1.4729128475298519e-09,0.0,0.0,27230.0,1.753654802153954e-09,0.0,0.0,6650.0,8.04874136317174e-10
5.0,51.0,0.0,16486.0,0.0,1.316052084815713e-09,0.0,0.0,2348.0,8.83747708517911e-10,0.0,0.0,27230.0,1.0521928812923724e-09,0.0,0.0,6650.0,4.829244817903044e-10
5.0,52.0,0.0,16486.0,0.0,7.896312508894278e-10,0.0,0.0,2348.0,5.302486251107466e-10,0.0,0.0,27230.0,6.313157287754234e-10,0.0,0.0,6650.0,2.897546890741826e-10
6.0,1.0,0.0,16423.0,0.0,4.737787505336566e-10,0.0,0.0,2348.0,3.1814917506644796e-10,0.0,0.0,27230.0,3.78789437265254e-10,0.0,0.0,6650.0,1.7385281344450956e-10
6.0,2.0,0.0,16423.0,0.0,2.8426725032019396e-10,0.0,0.0,2393.0,1.9088950503986878e-10,0.0,0.0,26982.0,2.272736623591524e-10,0.0,0.0,6618.0,1.0431168806670574e-10
6.0,3.0,0.0,16423.0,0.0,1.7056035019211638e-10,0.0,0.0,2393.0,1.1453370302392126e-10,0.0,0.0,26982.0,1.3636419741549145e-10,0.0,0.0,6618.0,6.258701284002344e-11
6.0,4.0,0.0,16423.0,0.0,1.0233621011526983e-10,0.0,0.0,2393.0,6.872022181435276e-11,0.0,0.0,26982.0,8.181851844929487e-11,0.0,0.0,6618.0,3.755220770401406e-11
6.0,5.0,0.0,16423.0,0.0,6.140172606916189e-11,0.0,0.0,2393.0,4.123213308861166e-11,0.0,0.0,26982.0,4.909111106957692e-11,0.0,0.0,6618.0,2.2531324622408437e-11
6.0,6.0,0.0,16423.0,0.0,3.684103564149713e-11,0.0,0.0,2393.0,2.4739279853166993e-11,0.0,0.0,26982.0,2.945466664174615e-11,0.0,0.0,6618.0,1.351879477344506e-11
6.0,7.0,0.0,16423.0,0.0,2.210462138489828e-11,0.0,0.0,2393.0,1.4843567911900194e-11,0.0,0.0,26982.0,1.767279998504769e-11,0.0,0.0,6618.0,8.111276864067035e-12
6.0,8.0,6.089e-05,16423.0,1.0,2.4356013262772833e-05,0.0,0.0,2393.0,8.906140747140117e-12,0.0,0.0,26982.0,1.0603679991028613e-11,0.0,0.0,6618.0,4.866766118440221e-12
6.0,9.0,6.089e-05,16423.0,1.0,3.89696079576637e-05,0.0,0.0,2393.0,5.34368444828407e-12,0.0,0.0,26982.0,6.362207994617168e-12,0.0,0.0,6618.0,2.9200596710641327e-12
6.0,10.0,0.00012178,16423.0,2.0,7.209376477459823e-05,0.0,0.0,2393.0,3.2062106689704417e-12,0.0,0.0,26982.0,3.8173247967703004e-12,0.0,0.0,6618.0,1.7520358026384794e-12
6.0,11.0,0.00030445099999999996,16423.0,5.0,0.00016503665886475892,0.0,0.0,2393.0,1.923726401382265e-12,3.7062e-05,1.0,26982.0,1.482480229039488e-05,0.0,0.0,6618.0,1.0512214815830877e-12
6.0,12.0,0.0015831460000000001,16423.0,26.0,0.0007322803953188554,0.0,0.0,2393.0,1.1542358408293591e-12,0.0,0.0,26982.0,8.894881374236927e-06,0.0,0.0,6618.0,6.307328889498526e-13
6.0,13.0,0.002192048,16423.0,36.0,0.0013161874371913132,0.0,0.0,2393.0,6.925415044976154e-13,0.0,0.0,26982.0,5.336928824542156e-06,0.0,0.0,6618.0,3.7843973336991154e-13
6.0,14.0,0.002009377,16423.0,33.0,0.001593463262314788,0.0,0.0,2393.0,4.1552490269856924e-13,3.7062e-05,1.0,26982.0,1.8026957294725295e-05,0.0,0.0,6618.0,2.270638400219469e-13
6.0,15.0,0.000730683,16423.0,12.0,0.0012483511573888727,0.0,0.0,2393.0,2.4931494161914155e-13,3.7062e-05,1.0,26982.0,2.5640974376835176e-05,0.0,0.0,6618.0,1.3623830401316813e-13
6.0,16.0,0.000548012,16423.0,9.0,0.0009682154944333236,0.000835771,2.0,2393.0,0.000334308400149589,7.412300000000001e-05,2.0,26982.0,4.503378462610111e-05,0.0,0.0,6618.0,8.174298240790087e-14
6.0,17.0,0.000669792,16423.0,11.0,0.0008488460966599941,0.002089427,5.0,2393.0,0.0010363558400897535,3.7062e-05,1.0,26982.0,4.184507077566067e-05,0.0,0.0,6618.0,4.904578944474052e-14
6.0,18.0,0.000243561,16423.0,4.0,0.0006067320579959965,0.0012536560000000001,3.0,2393.0,0.0011232759040538521,7.412300000000001e-05,2.0,26982.0,5.475624246539641e-05,0.00015110299999999998,1.0,6618.0,6.044120002942747e-05
6.0,19.0,0.00042623199999999997,16423.0,7.0,0.0005345320347975979,0.0012536560000000001,3.0,2393.0,0.0011754279424323114,0.000185309,5.0,26982.0,0.00010697734547923784,0.00015110299999999998,1.0,6618.0,9.670592001765648e-05
6.0,20.0,0.000548012,16423.0,9.0,0.0005399240208785587,0.0012536560000000001,3.0,2393.0,0.0012067191654593868,3.7062e-05,1.0,26982.0,7.901120728754271e-05,0.0,0.0,6618.0,5.802355201059388e-05
6.0,21.0,0.0,16423.0,0.0,0.00032395441252713517,0.0,0.0,2393.0,0.0007240314992756321,0.00025943200000000003,7.0,26982.0,0.00015117952437252564,0.0,0.0,6618.0,3.481413120635633e-05
6.0,22.0,0.00030445099999999996,16423.0,5.0,0.00031615304751628106,0.0,0.0,2393.0,0.00043441889956537927,0.00044474099999999996,12.0,26982.0,0.0002686041146235154,0.0,0.0,6618.0,2.0888478723813795e-05
6.0,23.0,0.00018267099999999997,16423.0,3.0,0.00026276022850976863,0.0,0.0,2393.0,0.00026065133973922756,0.000111185,3.0,26982.0,0.00020563646877410925,0.0,0.0,6618.0,1.2533087234288276e-05
6.0,24.0,0.00018267099999999997,16423.0,3.0,0.00023072453710586117,0.002089427,5.0,2393.0,0.0009921616038435367,0.000148247,4.0,26982.0,0.00018268068126446556,0.00015110299999999998,1.0,6618.0,6.796105234057297e-05
6.0,25.0,0.00012178,16423.0,2.0,0.0001871467222635167,0.000417885,1.0,2393.0,0.000762450962306122,0.000704173,19.0,26982.0,0.00039127760875867936,0.0,0.0,6618.0,4.077663140434378e-05
6.0,26.0,6.089e-05,16423.0,1.0,0.00013664403335811,0.0,0.0,2393.0,0.0004574705773836732,0.00025943200000000003,7.0,26982.0,0.0003385393652552076,0.00015110299999999998,1.0,6618.0,8.490717884260626e-05
6.0,27.0,6.089e-05,16423.0,1.0,0.000106342420014866,0.000417885,1.0,2393.0,0.0004416363464302039,7.412300000000001e-05,2.0,26982.0,0.00023277281915312458,0.0,0.0,6618.0,5.094430730556375e-05
6.0,28.0,6.089e-05,16423.0,1.0,8.816145200891959e-05,0.000417885,1.0,2393.0,0.00043213580785812235,0.000185309,5.0,26982.0,0.00021378729149187475,0.0,0.0,6618.0,3.056658438333825e-05
6.0,29.0,0.000548012,16423.0,9.0,0.00027210167120535173,0.0,0.0,2393.0,0.0002592814847148734,0.00025943200000000003,7.0,26982.0,0.00023204517489512486,0.0,0.0,6618.0,1.8339950630002947e-05
6.0,30.0,0.000243561,16423.0,4.0,0.00026068540272321104,0.000835771,2.0,2393.0,0.0004898772908289241,0.000148247,4.0,26982.0,0.00019852590493707491,0.0,0.0,6618.0,1.1003970378001768e-05
6.0,31.0,0.000243561,16423.0,4.0,0.00025383564163392665,0.0,0.0,2393.0,0.0002939263744973544,3.7062e-05,1.0,26982.0,0.00013394034296224496,0.0,0.0,6618.0,6.6023822268010604e-06
6.0,32.0,0.00018267099999999997,16423.0,3.0,0.00022536978498035595,0.0,0.0,2393.0,0.00017635582469841264,0.0,0.0,26982.0,8.036420577734698e-05,0.0,0.0,6618.0,3.961429336080636e-06
6.0,33.0,0.00012178,16423.0,2.0,0.00018393387098821358,0.000417885,1.0,2393.0,0.0002729674948190476,0.0,0.0,26982.0,4.8218523466408185e-05,0.0,0.0,6618.0,2.3768576016483816e-06
6.0,34.0,0.00012178,16423.0,2.0,0.00015907232259292813,0.000417885,1.0,2393.0,0.00033093449689142857,0.0,0.0,26982.0,2.893111407984491e-05,0.0,0.0,6618.0,1.426114560989029e-06
6.0,35.0,0.0,16423.0,0.0,9.544339355575687e-05,0.0,0.0,2393.0,0.00019856069813485713,0.000185309,5.0,26982.0,9.148226844790696e-05,0.0,0.0,6618.0,8.556687365934174e-07
6.0,36.0,0.0,16423.0,0.0,5.726603613345412e-05,0.001671542,4.0,2393.0,0.0007877532188809143,0.0,0.0,26982.0,5.4889361068744174e-05,0.0,0.0,6618.0,5.134012419560504e-07
6.0,37.0,0.0,16423.0,0.0,3.435962168007247e-05,0.000417885,1.0,2393.0,0.0006398059313285486,3.7062e-05,1.0,26982.0,4.775841664124651e-05,0.0,0.0,6618.0,3.080407451736302e-07
6.0,38.0,0.0,16423.0,0.0,2.0615773008043482e-05,0.0,0.0,2393.0,0.00038388355879712913,3.7062e-05,1.0,26982.0,4.3479849984747905e-05,0.0,0.0,6618.0,1.848244471041781e-07
6.0,39.0,0.0,16423.0,0.0,1.236946380482609e-05,0.0,0.0,2393.0,0.00023033013527827746,0.0,0.0,26982.0,2.6087909990848743e-05,0.0,0.0,6618.0,1.1089466826250687e-07
6.0,40.0,0.0,16423.0,0.0,7.421678282895654e-06,0.0,0.0,2393.0,0.00013819808116696648,3.7062e-05,1.0,26982.0,3.0477545994509244e-05,0.0,0.0,6618.0,6.653680095750412e-08
6.0,41.0,0.0,16423.0,0.0,4.453006969737392e-06,0.0,0.0,2393.0,8.291884870017988e-05,0.0,0.0,26982.0,1.8286527596705545e-05,0.0,0.0,6618.0,3.992208057450247e-08
6.0,42.0,0.0,16423.0,0.0,2.671804181842435e-06,0.0,0.0,2393.0,4.975130922010793e-05,0.0,0.0,26982.0,1.0971916558023327e-05,0.0,0.0,6618.0,2.395324834470148e-08
6.0,43.0,0.0,16423.0,0.0,1.603082509105461e-06,0.0,0.0,2393.0,2.9850785532064757e-05,0.0,0.0,26982.0,6.583149934813996e-06,0.0,0.0,6618.0,1.4371949006820887e-08
6.0,44.0,0.0,16423.0,0.0,9.618495054632766e-07,0.0,0.0,2393.0,1.7910471319238852e-05,0.0,0.0,26982.0,3.949889960888397e-06,0.0,0.0,6618.0,8.623169404092532e-09
6.0,45.0,0.0,16423.0,0.0,5.771097032779659e-07,0.0,0.0,2393.0,1.074628279154331e-05,0.0,0.0,26982.0,2.3699339765330382e-06,0.0,0.0,6618.0,5.1739016424555195e-09
6.0,46.0,0.0,16423.0,0.0,3.4626582196677955e-07,0.0,0.0,2393.0,6.447769674925986e-06,0.0,0.0,26982.0,1.4219603859198228e-06,0.0,0.0,6618.0,3.1043409854733117e-09
6.0,47.0,0.0,16423.0,0.0,2.0775949318006773e-07,0.0,0.0,2393.0,3.868661804955591e-06,0.0,0.0,26982.0,8.531762315518936e-07,0.0,0.0,6618.0,1.862604591283987e-09
6.0,48.0,0.0,16423.0,0.0,1.2465569590804063e-07,0.0,0.0,2393.0,2.3211970829733545e-06,0.0,0.0,26982.0,5.119057389311362e-07,0.0,0.0,6618.0,1.117562754770392e-09
6.0,49.0,0.0,16423.0,0.0,7.479341754482438e-08,0.0,0.0,2393.0,1.3927182497840127e-06,0.0,0.0,26982.0,3.071434433586817e-07,0.0,0.0,6618.0,6.705376528622352e-10
6.0,50.0,0.0,16423.0,0.0,4.487605052689463e-08,0.0,0.0,2393.0,8.356309498704076e-07,0.0,0.0,26982.0,1.8428606601520902e-07,0.0,0.0,6618.0,4.023225917173411e-10
6.0,51.0,0.0,16423.0,0.0,2.6925630316136777e-08,0.0,0.0,2393.0,5.013785699222446e-07,0.0,0.0,26982.0,1.1057163960912541e-07,0.0,0.0,6618.0,2.413935550304047e-10
6.0,52.0,0.0,16423.0,0.0,1.6155378189682066e-08,0.0,0.0,2393.0,3.0082714195334673e-07,0.0,0.0,26982.0,6.634298376547525e-08,0.0,0.0,6618.0,1.448361330182428e-10
7.0,1.0,0.0,16446.0,0.0,9.69322691380924e-09,0.0,0.0,2393.0,1.8049628517200804e-07,0.0,0.0,26982.0,3.980579025928515e-08,0.0,0.0,6618.0,8.690167981094568e-11
7.0,2.0,0.0,16446.0,0.0,5.815936148285544e-09,0.0,0.0,2428.0,1.0829777110320482e-07,0.0,0.0,27103.0,2.388347415557109e-08,0.0,0.0,6657.0,5.2141007886567405e-11
7.0,3.0,0.0,16446.0,0.0,3.4895616889713264e-09,0.0,0.0,2428.0,6.497866266192289e-08,0.0,0.0,27103.0,1.4330084493342652e-08,0.0,0.0,6657.0,3.128460473194044e-11
7.0,4.0,0.0,16446.0,0.0,2.0937370133827956e-09,0.0,0.0,2428.0,3.898719759715373e-08,0.0,0.0,27103.0,8.598050696005591e-09,0.0,0.0,6657.0,1.8770762839164263e-11
7.0,5.0,0.0,16446.0,0.0,1.2562422080296774e-09,0.0,0.0,2428.0,2.3392318558292238e-08,0.0,0.0,27103.0,5.1588304176033545e-09,0.0,0.0,6657.0,1.1262457703498558e-11
7.0,6.0,0.0,16446.0,0.0,7.537453248178064e-10,0.0,0.0,2428.0,1.4035391134975342e-08,0.0,0.0,27103.0,3.0952982505620127e-09,0.0,0.0,6657.0,6.757474622099134e-12
7.0,7.0,0.0,16446.0,0.0,4.522471948906838e-10,0.0,0.0,2428.0,8.421234680985206e-09,0.0,0.0,27103.0,1.8571789503372075e-09,0.0,0.0,6657.0,4.05448477325948e-12
7.0,8.0,0.0,16446.0,0.0,2.713483169344103e-10,0.0,0.0,2428.0,5.052740808591123e-09,0.0,0.0,27103.0,1.1143073702023244e-09,0.0,0.0,6657.0,2.432690863955688e-12
7.0,9.0,0.0,16446.0,0.0,1.6280899016064618e-10,0.0,0.0,2428.0,3.0316444851546738e-09,0.0,0.0,27103.0,6.685844221213946e-10,0.0,0.0,6657.0,1.4596145183734128e-12
7.0,10.0,0.0,16446.0,0.0,9.76853940963877e-11,0.0,0.0,2428.0,1.8189866910928041e-09,0.0,0.0,27103.0,4.011506532728367e-10,0.0,0.0,6657.0,8.757687110240476e-13
7.0,11.0,0.0,16446.0,0.0,5.861123645783262e-11,0.0,0.0,2428.0,1.0913920146556824e-09,0.0,0.0,27103.0,2.40690391963702e-10,0.0,0.0,6657.0,5.254612266144285e-13
7.0,12.0,0.0,16446.0,0.0,3.516674187469957e-11,0.0,0.0,2428.0,6.548352087934095e-10,0.0,0.0,27103.0,1.444142351782212e-10,0.0,0.0,6657.0,3.152767359686571e-13
7.0,13.0,0.0,16446.0,0.0,2.1100045124819742e-11,0.0,0.0,2428.0,3.929011252760457e-10,0.0,0.0,27103.0,8.664854110693271e-11,0.0,0.0,6657.0,1.8916604158119423e-13
7.0,14.0,0.0,16446.0,0.0,1.2660027074891845e-11,0.0,0.0,2428.0,2.357406751656274e-10,0.0,0.0,27103.0,5.198912466415962e-11,0.0,0.0,6657.0,1.1349962494871654e-13
7.0,15.0,0.0,16446.0,0.0,7.596016244935106e-12,0.0,0.0,2428.0,1.4144440509937645e-10,0.0,0.0,27103.0,3.119347479849577e-11,0.0,0.0,6657.0,6.809977496922992e-14
7.0,16.0,0.0,16446.0,0.0,4.5576097469610635e-12,0.0,0.0,2428.0,8.486664305962587e-11,0.0,0.0,27103.0,1.8716084879097462e-11,0.0,0.0,6657.0,4.0859864981537955e-14
7.0,17.0,0.0,16446.0,0.0,2.734565848176638e-12,0.0,0.0,2428.0,5.0919985835775525e-11,0.0,0.0,27103.0,1.1229650927458477e-11,0.0,0.0,6657.0,2.4515918988922773e-14
7.0,18.0,6.0805e-05,16446.0,1.0,2.432200164073951e-05,0.0,0.0,2428.0,3.0551991501465315e-11,0.0,0.0,27103.0,6.737790556475086e-12,0.0,0.0,6657.0,1.4709551393353664e-14
7.0,19.0,0.0,16446.0,0.0,1.4593200984443705e-05,0.0,0.0,2428.0,1.8331194900879188e-11,0.0,0.0,27103.0,4.042674333885051e-12,0.0,0.0,6657.0,8.825730836012198e-15
7.0,20.0,0.0,16446.0,0.0,8.755920590666223e-06,0.0,0.0,2428.0,1.0998716940527512e-11,0.0,0.0,27103.0,2.425604600331031e-12,0.0,0.0,6657.0,5.2954385016073185e-15
7.0,21.0,0.0,16446.0,0.0,5.253552354399734e-06,0.0,0.0,2428.0,6.599230164316507e-12,0.0,0.0,27103.0,1.4553627601986185e-12,0.0,0.0,6657.0,3.177263100964391e-15
7.0,22.0,0.0,16446.0,0.0,3.1521314126398405e-06,0.0,0.0,2428.0,3.959538098589904e-12,0.0,0.0,27103.0,8.73217656119171e-13,0.0,0.0,6657.0,1.9063578605786343e-15
7.0,23.0,0.0,16446.0,0.0,1.8912788475839043e-06,0.0,0.0,2428.0,2.3757228591539425e-12,0.0,0.0,27103.0,5.239305936715026e-13,0.0,0.0,6657.0,1.1438147163471804e-15
7.0,24.0,6.0805e-05,16446.0,1.0,2.5456767308550345e-05,0.0,0.0,2428.0,1.4254337154923655e-12,0.0,0.0,27103.0,3.1435835620290154e-13,0.0,0.0,6657.0,6.862888298083082e-16
7.0,25.0,0.000425635,16446.0,7.0,0.0001855280603851302,0.0,0.0,2428.0,8.552602292954192e-13,0.0,0.0,27103.0,1.8861501372174092e-13,0.0,0.0,6657.0,4.117732978849849e-16
7.0,26.0,0.00024322,16446.0,4.0,0.00020860483623107813,0.0,0.0,2428.0,5.131561375772515e-13,3.6896e-05,1.0,27103.0,1.4758400113169008e-05,0.000300436,2.0,6657.0,0.00012017440000024707
7.0,27.0,0.000547246,16446.0,9.0,0.00034406130173864687,0.0,0.0,2428.0,3.078936825463509e-13,0.000147585,4.0,27103.0,6.78890400679014e-05,0.0007510889999999999,5.0,6657.0,0.0003725402400001482
7.0,28.0,0.000304025,16446.0,5.0,0.0003280467810431881,0.001235585,3.0,2428.0,0.0004942340001847362,7.3793e-05,2.0,27103.0,7.025062404074085e-05,0.000450653,3.0,6657.0,0.0004037853440000889
7.0,29.0,0.000729661,16446.0,12.0,0.0004886924686259129,0.0008237230000000001,2.0,2428.0,0.0006260296001108418,0.00033206699999999996,9.0,27103.0,0.0001749771744244445,0.0,0.0,6657.0,0.00024227120640005334
7.0,30.0,0.001033686,16446.0,17.0,0.0007066898811755478,0.0,0.0,2428.0,0.0003756177600665051,0.00047965199999999995,13.0,27103.0,0.0002968471046546667,0.000150218,1.0,6657.0,0.000205449923840032
7.0,31.0,0.00048644,16446.0,8.0,0.0006185899287053287,0.000411862,1.0,2428.0,0.000390115456039903,0.00033206699999999996,9.0,27103.0,0.00031093506279279996,0.0,0.0,6657.0,0.0001232699543040192
7.0,32.0,0.0009728810000000001,16446.0,16.0,0.0007603063572231973,0.000411862,1.0,2428.0,0.00039881407362394184,0.000258274,7.0,27103.0,0.00028987063767567996,0.000450653,3.0,6657.0,0.0002542231725824115
7.0,33.0,0.000304025,16446.0,5.0,0.0005777938143339184,0.0,0.0,2428.0,0.00023928844417436508,7.3793e-05,2.0,27103.0,0.00020343958260540796,0.0,0.0,6657.0,0.0001525339035494469
7.0,34.0,0.00048644,16446.0,8.0,0.000541252288600351,0.000411862,1.0,2428.0,0.00030831786650461904,0.0,0.0,27103.0,0.00012206374956324477,0.0,0.0,6657.0,9.152034212966813e-05
7.0,35.0,0.000182415,16446.0,3.0,0.00039771737316021054,0.0016474460000000001,4.0,2428.0,0.0008439691199027715,0.000147585,4.0,27103.0,0.00013227224973794686,0.0,0.0,6657.0,5.491220527780088e-05
7.0,36.0,6.0805e-05,16446.0,1.0,0.0002629524238961263,0.0,0.0,2428.0,0.0005063814719416629,7.3793e-05,2.0,27103.0,0.0001088805498427681,0.0,0.0,6657.0,3.2947323166680524e-05
7.0,37.0,0.000182415,16446.0,3.0,0.00023073745433767578,0.0,0.0,2428.0,0.00030382888316499775,7.3793e-05,2.0,27103.0,9.484552990566086e-05,0.0,0.0,6657.0,1.9768393900008315e-05
7.0,38.0,0.0,16446.0,0.0,0.00013844247260260547,0.0,0.0,2428.0,0.00018229732989899866,0.0,0.0,27103.0,5.6907317943396514e-05,0.0,0.0,6657.0,1.1861036340004989e-05
7.0,39.0,0.0,16446.0,0.0,8.306548356156329e-05,0.002883031,7.0,2428.0,0.001262590797939399,0.0,0.0,27103.0,3.4144390766037906e-05,0.0,0.0,6657.0,7.116621804002993e-06
7.0,40.0,0.0,16446.0,0.0,4.983929013693797e-05,0.0,0.0,2428.0,0.0007575544787636394,0.0,0.0,27103.0,2.048663445962274e-05,0.0,0.0,6657.0,4.269973082401795e-06
7.0,41.0,0.0,16446.0,0.0,2.990357408216278e-05,0.000411862,1.0,2428.0,0.0006192774872581837,0.0,0.0,27103.0,1.2291980675773645e-05,0.0,0.0,6657.0,2.561983849441077e-06
7.0,42.0,0.0,16446.0,0.0,1.794214444929767e-05,0.0,0.0,2428.0,0.0003715664923549102,0.0,0.0,27103.0,7.375188405464186e-06,0.0,0.0,6657.0,1.5371903096646462e-06
7.0,43.0,0.0,16446.0,0.0,1.0765286669578601e-05,0.0,0.0,2428.0,0.00022293989541294612,0.0,0.0,27103.0,4.425113043278511e-06,0.0,0.0,6657.0,9.223141857987877e-07
7.0,44.0,0.0,16446.0,0.0,6.4591720017471605e-06,0.0,0.0,2428.0,0.00013376393724776766,0.0,0.0,27103.0,2.655067825967107e-06,0.0,0.0,6657.0,5.533885114792726e-07
7.0,45.0,0.0,16446.0,0.0,3.875503201048296e-06,0.0,0.0,2428.0,8.02583623486606e-05,0.0,0.0,27103.0,1.5930406955802641e-06,0.0,0.0,6657.0,3.3203310688756356e-07
7.0,46.0,0.0,16446.0,0.0,2.325301920628977e-06,0.0,0.0,2428.0,4.815501740919636e-05,0.0,0.0,27103.0,9.558244173481585e-07,0.0,0.0,6657.0,1.9921986413253812e-07
7.0,47.0,0.0,16446.0,0.0,1.3951811523773862e-06,0.0,0.0,2428.0,2.8893010445517816e-05,0.0,0.0,27103.0,5.734946504088951e-07,0.0,0.0,6657.0,1.1953191847952286e-07
7.0,48.0,0.0,16446.0,0.0,8.371086914264317e-07,0.0,0.0,2428.0,1.733580626731069e-05,0.0,0.0,27103.0,3.44096790245337e-07,0.0,0.0,6657.0,7.171915108771372e-08
7.0,49.0,0.0,16446.0,0.0,5.02265214855859e-07,0.0,0.0,2428.0,1.0401483760386414e-05,0.0,0.0,27103.0,2.0645807414720221e-07,0.0,0.0,6657.0,4.3031490652628226e-08
7.0,50.0,0.0,16446.0,0.0,3.013591289135154e-07,0.0,0.0,2428.0,6.240890256231848e-06,0.0,0.0,27103.0,1.2387484448832133e-07,0.0,0.0,6657.0,2.5818894391576936e-08
7.0,51.0,0.0,16446.0,0.0,1.8081547734810924e-07,0.0,0.0,2428.0,3.7445341537391087e-06,0.0,0.0,27103.0,7.43249066929928e-08,0.0,0.0,6657.0,1.5491336634946162e-08
7.0,52.0,0.0,16446.0,0.0,1.0848928640886553e-07,0.0,0.0,2428.0,2.246720492243465e-06,0.0,0.0,27103.0,4.4594944015795674e-08,0.0,0.0,6657.0,9.294801980967697e-09
8.0,1.0,0.0,16463.0,0.0,6.509357184531931e-08,0.0,0.0,2428.0,1.348032295346079e-06,0.0,0.0,27103.0,2.6756966409477404e-08,0.0,0.0,6657.0,5.576881188580618e-09
8.0,2.0,0.0,16463.0,0.0,3.905614310719159e-08,0.0,0.0,2427.0,8.088193772076474e-07,0.0,0.0,27141.0,1.6054179845686443e-08,0.0,0.0,6708.0,3.3461287131483707e-09
8.0,3.0,0.0,16463.0,0.0,2.3433685864314953e-08,0.0,0.0,2427.0,4.852916263245884e-07,0.0,0.0,27141.0,9.632507907411865e-09,0.0,0.0,6708.0,2.0076772278890224e-09
8.0,4.0,0.0,16463.0,0.0,1.4060211518588971e-08,0.0,0.0,2427.0,2.91174975794753e-07,0.0,0.0,27141.0,5.779504744447119e-09,0.0,0.0,6708.0,1.2046063367334134e-09
8.0,5.0,0.0,16463.0,0.0,8.436126911153382e-09,0.0,0.0,2427.0,1.7470498547685178e-07,0.0,0.0,27141.0,3.467702846668271e-09,0.0,0.0,6708.0,7.22763802040048e-10
8.0,6.0,0.0,16463.0,0.0,5.061676146692029e-09,0.0,0.0,2427.0,1.0482299128611107e-07,0.0,0.0,27141.0,2.0806217080009627e-09,0.0,0.0,6708.0,4.336582812240288e-10
8.0,7.0,0.0,16463.0,0.0,3.0370056880152174e-09,0.0,0.0,2427.0,6.289379477166664e-08,0.0,0.0,27141.0,1.2483730248005775e-09,0.0,0.0,6708.0,2.6019496873441725e-10
8.0,8.0,0.0,16463.0,0.0,1.8222034128091305e-09,0.0,0.0,2427.0,3.7736276862999985e-08,0.0,0.0,27141.0,7.490238148803465e-10,0.0,0.0,6708.0,1.5611698124065035e-10
8.0,9.0,6.0741999999999995e-05,16463.0,1.0,2.4297893322047687e-05,0.0,0.0,2427.0,2.264176611779999e-08,0.0,0.0,27141.0,4.4941428892820785e-10,0.0,0.0,6708.0,9.36701887443902e-11
8.0,10.0,0.0,16463.0,0.0,1.4578735993228612e-05,0.0,0.0,2427.0,1.3585059670679992e-08,0.0,0.0,27141.0,2.696485733569247e-10,0.0,0.0,6708.0,5.620211324663412e-11
8.0,11.0,0.0,16463.0,0.0,8.747241595937168e-06,0.0,0.0,2427.0,8.151035802407995e-09,0.0,0.0,27141.0,1.617891440141548e-10,0.0,0.0,6708.0,3.372126794798047e-11
8.0,12.0,0.0,16463.0,0.0,5.2483449575623e-06,0.0,0.0,2427.0,4.890621481444797e-09,0.0,0.0,27141.0,9.707348640849289e-11,0.0,0.0,6708.0,2.023276076878828e-11
8.0,13.0,0.0,16463.0,0.0,3.14900697453738e-06,0.0,0.0,2427.0,2.934372888866878e-09,0.0,0.0,27141.0,5.824409184509573e-11,0.0,0.0,6708.0,1.2139656461272968e-11
8.0,14.0,0.0,16463.0,0.0,1.889404184722428e-06,0.0,0.0,2427.0,1.7606237333201267e-09,0.0,0.0,27141.0,3.494645510705744e-11,0.0,0.0,6708.0,7.28379387676378e-12
8.0,15.0,0.0,16463.0,0.0,1.1336425108334568e-06,0.000412031,1.0,2427.0,0.00016481345637423998,0.0,0.0,27141.0,2.096787306423446e-11,0.0,0.0,6708.0,4.3702763260582675e-12
8.0,16.0,6.0741999999999995e-05,16463.0,1.0,2.4976985506500075e-05,0.0,0.0,2427.0,9.888807382454398e-05,0.0,0.0,27141.0,1.2580723838540677e-11,0.0,0.0,6708.0,2.6221657956349606e-12
8.0,17.0,6.0741999999999995e-05,16463.0,1.0,3.9282991303900045e-05,0.0,0.0,2427.0,5.9332844294726384e-05,0.0,0.0,27141.0,7.548434303124407e-12,0.0,0.0,6708.0,1.5732994773809763e-12
8.0,18.0,0.000668165,16463.0,11.0,0.00029083579478234,0.000412031,1.0,2427.0,0.0002004121065768358,7.368899999999999e-05,2.0,27141.0,2.947560452906058e-05,0.0,0.0,6708.0,9.439796864285856e-13
8.0,19.0,0.001032619,16463.0,17.0,0.000587549076869404,0.0012360939999999999,3.0,2427.0,0.0006146848639461015,0.0008474260000000001,23.0,27141.0,0.0003566557627174364,0.00044722699999999997,3.0,6708.0,0.0001788908005663878
8.0,20.0,0.002125979,16463.0,35.0,0.0012029210461216423,0.000412031,1.0,2427.0,0.0005336233183676609,0.0008842710000000001,24.0,27141.0,0.0005677018576304619,0.002534287,17.0,6708.0,0.0011210492803398328
8.0,21.0,0.0017007839999999999,16463.0,28.0,0.0014020662276729855,0.001648125,4.0,2427.0,0.0009794239910205966,0.000700048,19.0,27141.0,0.000620640314578277,0.001490757,10.0,6708.0,0.0012689323682038996
8.0,22.0,0.001275588,16463.0,21.0,0.0013514749366037911,0.000824063,2.0,2427.0,0.000917279594612358,0.0008842710000000001,24.0,27141.0,0.0007260925887469662,0.0008944539999999999,6.0,6708.0,0.0011191410209223397
8.0,23.0,0.00078965,16463.0,13.0,0.0011267449619622749,0.0,0.0,2427.0,0.0005503677567674147,0.000147379,4.0,27141.0,0.0004946071532481798,0.000149076,1.0,6708.0,0.0007311150125534038
8.0,24.0,0.000668165,16463.0,11.0,0.0009433129771773648,0.0,0.0,2427.0,0.00033022065406044886,0.00033160199999999996,9.0,27141.0,0.0004294050919489078,0.00029815099999999997,2.0,6708.0,0.0005579294075320423
8.0,25.0,0.000121485,16463.0,2.0,0.0006145817863064189,0.0,0.0,2427.0,0.0001981323924362693,0.000257912,7.0,27141.0,0.00036080785516934467,0.0,0.0,6708.0,0.00033475764451922535
8.0,26.0,0.0,16463.0,0.0,0.0003687490717838513,0.0,0.0,2427.0,0.00011887943546176158,0.00033160199999999996,9.0,27141.0,0.00034912551310160676,0.0,0.0,6708.0,0.00020085458671153522
8.0,27.0,0.0,16463.0,0.0,0.00022124944307031077,0.0,0.0,2427.0,7.132766127705695e-05,0.000221068,6.0,27141.0,0.00029790250786096407,0.0,0.0,6708.0,0.00012051275202692112
8.0,28.0,6.0741999999999995e-05,16463.0,1.0,0.00015704646584218648,0.0,0.0,2427.0,4.279659676623417e-05,0.000184223,5.0,27141.0,0.00025243070471657843,0.000149076,1.0,6708.0,0.00013193805121615267
8.0,29.0,0.00042519599999999997,16463.0,7.0,0.00026430627950531187,0.000412031,1.0,2427.0,0.0001904903580597405,7.368899999999999e-05,2.0,27141.0,0.00018093402282994708,0.00029815099999999997,2.0,6708.0,0.00019842323072969157
8.0,30.0,0.00042519599999999997,16463.0,7.0,0.00032866216770318713,0.0,0.0,2427.0,0.00011429421483584429,0.000184223,5.0,27141.0,0.00018224961369796825,0.0,0.0,6708.0,0.00011905393843781494
8.0,31.0,0.000364454,16463.0,6.0,0.0003429789006219123,0.0,0.0,2427.0,6.857652890150658e-05,0.000221068,6.0,27141.0,0.00019777696821878096,0.0,0.0,6708.0,7.143236306268897e-05
8.0,32.0,0.0,16463.0,0.0,0.00020578734037314736,0.0,0.0,2427.0,4.114591734090394e-05,7.368899999999999e-05,2.0,27141.0,0.00014814178093126856,0.0,0.0,6708.0,4.2859417837613377e-05
8.0,33.0,0.0,16463.0,0.0,0.00012347240422388842,0.0,0.0,2427.0,2.4687550404542364e-05,0.0,0.0,27141.0,8.888506855876114e-05,0.0,0.0,6708.0,2.5715650702568024e-05
8.0,34.0,0.000121485,16463.0,2.0,0.00012267744253433304,0.0,0.0,2427.0,1.4812530242725417e-05,0.0,0.0,27141.0,5.333104113525668e-05,0.0,0.0,6708.0,1.5429390421540814e-05
8.0,35.0,0.0,16463.0,0.0,7.360646552059982e-05,0.000412031,1.0,2427.0,0.00017369991814563524,0.0,0.0,27141.0,3.199862468115401e-05,0.0,0.0,6708.0,9.257634252924488e-06
8.0,36.0,0.0,16463.0,0.0,4.4163879312359894e-05,0.000412031,1.0,2427.0,0.0002690323508873811,0.0,0.0,27141.0,1.9199174808692404e-05,0.0,0.0,6708.0,5.554580551754692e-06
8.0,37.0,0.0,16463.0,0.0,2.6498327587415937e-05,0.0,0.0,2427.0,0.00016141941053242866,3.6845e-05,1.0,27141.0,2.6257504885215442e-05,0.0,0.0,6708.0,3.3327483310528154e-06
8.0,38.0,0.0,16463.0,0.0,1.5898996552449563e-05,0.000412031,1.0,2427.0,0.00026166404631945716,0.0,0.0,27141.0,1.5754502931129263e-05,0.0,0.0,6708.0,1.999648998631689e-06
8.0,39.0,0.0,16463.0,0.0,9.539397931469737e-06,0.0,0.0,2427.0,0.00015699842779167428,0.0,0.0,27141.0,9.452701758677558e-06,0.0,0.0,6708.0,1.1997893991790135e-06
8.0,40.0,0.0,16463.0,0.0,5.7236387588818425e-06,0.0,0.0,2427.0,9.419905667500457e-05,0.0,0.0,27141.0,5.6716210552065345e-06,0.0,0.0,6708.0,7.198736395074081e-07
8.0,41.0,0.0,16463.0,0.0,3.4341832553291053e-06,0.0,0.0,2427.0,5.651943400500274e-05,0.0,0.0,27141.0,3.4029726331239205e-06,0.0,0.0,6708.0,4.319241837044448e-07
8.0,42.0,0.0,16463.0,0.0,2.0605099531974633e-06,0.0,0.0,2427.0,3.391166040300164e-05,0.0,0.0,27141.0,2.0417835798743522e-06,0.0,0.0,6708.0,2.5915451022266685e-07
8.0,43.0,0.0,16463.0,0.0,1.236305971918478e-06,0.0,0.0,2427.0,2.0346996241800984e-05,0.0,0.0,27141.0,1.2250701479246114e-06,0.0,0.0,6708.0,1.554927061336001e-07
8.0,44.0,0.0,16463.0,0.0,7.417835831510867e-07,0.0,0.0,2427.0,1.220819774508059e-05,0.0,0.0,27141.0,7.350420887547668e-07,0.0,0.0,6708.0,9.329562368016006e-08
8.0,45.0,0.0,16463.0,0.0,4.4507014989065203e-07,0.0,0.0,2427.0,7.324918647048354e-06,0.0,0.0,27141.0,4.4102525325286005e-07,0.0,0.0,6708.0,5.597737420809603e-08
8.0,46.0,0.0,16463.0,0.0,2.670420899343912e-07,0.0,0.0,2427.0,4.394951188229012e-06,0.0,0.0,27141.0,2.6461515195171604e-07,0.0,0.0,6708.0,3.3586424524857616e-08
8.0,47.0,0.0,16463.0,0.0,1.6022525396063471e-07,0.0,0.0,2427.0,2.636970712937407e-06,0.0,0.0,27141.0,1.587690911710296e-07,0.0,0.0,6708.0,2.015185471491457e-08
8.0,48.0,0.0,16463.0,0.0,9.613515237638083e-08,0.0,0.0,2427.0,1.5821824277624442e-06,0.0,0.0,27141.0,9.526145470261776e-08,0.0,0.0,6708.0,1.209111282894874e-08
8.0,49.0,0.0,16463.0,0.0,5.7681091425828494e-08,0.0,0.0,2427.0,9.493094566574665e-07,0.0,0.0,27141.0,5.715687282157065e-08,0.0,0.0,6708.0,7.254667697369244e-09
8.0,50.0,0.0,16463.0,0.0,3.4608654855497094e-08,0.0,0.0,2427.0,5.695856739944799e-07,0.0,0.0,27141.0,3.429412369294239e-08,0.0,0.0,6708.0,4.352800618421547e-09
8.0,51.0,0.0,16463.0,0.0,2.0765192913298256e-08,0.0,0.0,2427.0,3.4175140439668793e-07,0.0,0.0,27141.0,2.0576474215765435e-08,0.0,0.0,6708.0,2.6116803710529277e-09
8.0,52.0,0.0,16463.0,0.0,1.2459115747978954e-08,0.0,0.0,2427.0,2.0505084263801275e-07,0.0,0.0,27141.0,1.234588452945926e-08,0.0,0.0,6708.0,1.5670082226317567e-09
9.0,1.0,0.0,16480.0,0.0,7.475469448787372e-09,0.0,0.0,2427.0,1.2303050558280765e-07,0.0,0.0,27141.0,7.407530717675555e-09,0.0,0.0,6708.0,9.40204933579054e-10
9.0,2.0,0.0,16480.0,0.0,4.485281669272423e-09,0.0,0.0,2426.0,7.381830334968459e-08,0.0,0.0,27181.0,4.444518430605333e-09,0.0,0.0,6759.0,5.641229601474323e-10
9.0,3.0,0.0,16480.0,0.0,2.6911690015634537e-09,0.0,0.0,2426.0,4.429098200981075e-08,0.0,0.0,27181.0,2.6667110583631998e-09,0.0,0.0,6759.0,3.3847377608845934e-10
9.0,4.0,0.0,16480.0,0.0,1.614701400938072e-09,0.0,0.0,2426.0,2.6574589205886448e-08,0.0,0.0,27181.0,1.6000266350179197e-09,0.0,0.0,6759.0,2.030842656530756e-10
9.0,5.0,0.0,16480.0,0.0,9.688208405628432e-10,0.0,0.0,2426.0,1.594475352353187e-08,0.0,0.0,27181.0,9.600159810107519e-10,0.0,0.0,6759.0,1.2185055939184535e-10
9.0,6.0,6.068e-05,16480.0,1.0,2.427258129250434e-05,0.0,0.0,2426.0,9.56685211411912e-09,0.0,0.0,27181.0,5.760095886064511e-10,0.0,0.0,6759.0,7.31103356351072e-11
9.0,7.0,0.0,16480.0,0.0,1.4563548775502602e-05,0.0,0.0,2426.0,5.740111268471472e-09,0.0,0.0,27181.0,3.4560575316387066e-10,0.0,0.0,6759.0,4.386620138106432e-11
9.0,8.0,6.068e-05,16480.0,1.0,3.301012926530156e-05,0.0,0.0,2426.0,3.444066761082883e-09,0.0,0.0,27181.0,2.073634518983224e-10,0.0,0.0,6759.0,2.6319720828638592e-11
9.0,9.0,0.0,16480.0,0.0,1.9806077559180933e-05,0.000412201,1.0,2426.0,0.00016488246644005665,3.679e-05,1.0,27181.0,1.4716124418071138e-05,0.0,0.0,6759.0,1.5791832497183155e-11
9.0,10.0,0.0,16480.0,0.0,1.188364653550856e-05,0.0,0.0,2426.0,9.892947986403398e-05,0.0,0.0,27181.0,8.829674650842683e-06,0.0,0.0,6759.0,9.475099498309893e-12
9.0,11.0,0.0,16480.0,0.0,7.130187921305136e-06,0.0,0.0,2426.0,5.935768791842038e-05,0.0,0.0,27181.0,5.297804790505609e-06,0.0,0.0,6759.0,5.685059698985935e-12
9.0,12.0,0.0,16480.0,0.0,4.278112752783081e-06,0.000412201,1.0,2426.0,0.00020049501275105225,0.0,0.0,27181.0,3.1786828743033654e-06,0.0,0.0,6759.0,3.411035819391561e-12
9.0,13.0,0.0,16480.0,0.0,2.566867651669849e-06,0.000412201,1.0,2426.0,0.00028517740765063136,0.0,0.0,27181.0,1.907209724582019e-06,0.0,0.0,6759.0,2.0466214916349366e-12
9.0,14.0,0.0,16480.0,0.0,1.5401205910019093e-06,0.0,0.0,2426.0,0.0001711064445903788,3.679e-05,1.0,27181.0,1.586032583474921e-05,0.0,0.0,6759.0,1.227972894980962e-12
9.0,15.0,6.068e-05,16480.0,1.0,2.5196072354601146e-05,0.0,0.0,2426.0,0.00010266386675422729,0.0,0.0,27181.0,9.516195500849526e-06,0.0,0.0,6759.0,7.367837369885772e-13
9.0,16.0,6.068e-05,16480.0,1.0,3.938964341276069e-05,0.0,0.0,2426.0,6.159832005253637e-05,3.679e-05,1.0,27181.0,2.0425717300509715e-05,0.0,0.0,6759.0,4.4207024219314627e-13
9.0,17.0,0.00030339799999999997,16480.0,5.0,0.0001449929860476564,0.0,0.0,2426.0,3.695899203152182e-05,0.0,0.0,27181.0,1.2255430380305828e-05,0.0,0.0,6759.0,2.6524214531588775e-13
9.0,18.0,0.000546116,16480.0,9.0,0.00030544219162859386,0.000824402,2.0,2426.0,0.0003519361952189131,7.3581e-05,2.0,27181.0,3.6785658228183494e-05,0.0,0.0,6759.0,1.5914528718953263e-13
9.0,19.0,0.000546116,16480.0,9.0,0.0004017117149771563,0.001236603,3.0,2426.0,0.0007058029171313479,0.000147162,4.0,27181.0,8.093619493691009e-05,0.0,0.0,6759.0,9.548717231371958e-14
9.0,20.0,0.001213591,16480.0,20.0,0.0007264634289862939,0.000412201,1.0,2426.0,0.0005883621502788088,0.000257533,7.0,27181.0,0.00015157491696214607,0.000147942,1.0,6759.0,5.917680005729231e-05
9.0,21.0,0.002002425,16480.0,33.0,0.0012368480573917763,0.0,0.0,2426.0,0.00035301729016728523,0.000110371,3.0,27181.0,0.00013509335017728764,0.000443827,3.0,6759.0,0.0002130368800343754
9.0,22.0,0.001881066,16480.0,31.0,0.001494535234435066,0.002061005,5.0,2426.0,0.0010362123741003712,0.000367905,10.0,27181.0,0.0002282180101063726,0.0,0.0,6759.0,0.00012782212802062523
9.0,23.0,0.001031552,16480.0,17.0,0.0013093419406610396,0.000412201,1.0,2426.0,0.0007866078244602227,0.000662229,18.0,27181.0,0.00040182240606382355,0.000443827,3.0,6759.0,0.00025422407681237514
9.0,24.0,0.001152911,16480.0,19.0,0.0012467695643966238,0.001236603,3.0,2426.0,0.0009666058946761337,0.000588648,16.0,27181.0,0.0004765526436382941,0.000887654,6.0,6759.0,0.0005075960460874251
