year,flu week,LA rate,LA pop,LA count,LA weighted rate,MS rate,MS count,MS pop,MS weighted rate,SA rate,SA count,SA pop,SA weighted rate,FL rate,FL count,FL pop,FL weighted rate,PW rate,PW count,PW pop,PW weighted rate
,,,,,0.0,,,,,,,,,,,,,,,,
1.0,1.0,0.000347391,28786.0,10.0,0.000347391,,,,0.0,,,,0.0,,,,0.0,,,,0.0
1.0,2.0,0.00045160800000000004,28786.0,13.0,0.00038907780000000004,0.0,0.0,109432.0,0.0,0.0,0.0,11394.0,0.0,0.0,0.0,90853.0,0.0,0.0,0.0,7012.0,0.0
1.0,3.0,0.000312652,28786.0,9.0,0.00035850748,0.00017362400000000002,19.0,109432.0,6.94496e-05,0.0,0.0,11394.0,0.0,4.4027e-05,4.0,90853.0,1.76108e-05,0.0,0.0,7012.0,0.0
1.0,4.0,0.00027791299999999997,28786.0,8.0,0.000326269688,0.001060019,116.0,109432.0,0.00046567736,0.0,0.0,11394.0,0.0,8.8054e-05,8.0,90853.0,4.578808e-05,0.00014261299999999998,1.0,7012.0,5.7045199999999994e-05
1.0,5.0,0.00076426,28786.0,22.0,0.0005014658128,0.00020103799999999998,22.0,109432.0,0.00035982161599999995,8.7765e-05,1.0,11394.0,3.5106e-05,0.000121075,11.0,90853.0,7.5902848e-05,0.0,0.0,7012.0,3.422712e-05
1.0,6.0,0.0016674770000000001,28786.0,48.0,0.0009678702876800001,0.000118795,13.0,109432.0,0.00026341096959999995,0.0,0.0,11394.0,2.10636e-05,0.000484299,44.0,90853.0,0.0002392613088,0.0,0.0,7012.0,2.0536272e-05
1.0,7.0,0.00194539,28786.0,56.0,0.001358878172608,0.0,0.0,109432.0,0.00015804658175999997,0.001053186,12.0,11394.0,0.00043391256000000004,0.00089155,81.0,90853.0,0.00050017678528,0.0,0.0,7012.0,1.2321763199999998e-05
1.0,8.0,0.001736955,28786.0,50.0,0.0015101089035648,0.0,0.0,109432.0,9.482794905599997e-05,0.003159558,36.0,11394.0,0.001524170736,0.0014088689999999999,128.0,90853.0,0.0008636536711679999,0.0,0.0,7012.0,7.3930579199999985e-06
1.0,9.0,0.000972695,28786.0,28.0,0.00129514334213888,0.000182762,20.0,109432.0,0.00013000156943359997,0.001579779,18.0,11394.0,0.0015464140415999998,0.0020142429999999998,183.0,90853.0,0.0013238894027007998,0.0,0.0,7012.0,4.435834751999999e-06
1.0,10.0,0.000416869,28786.0,12.0,0.0009438336052833281,4.569e-05,5.0,109432.0,9.627694166015997e-05,0.001579779,18.0,11394.0,0.0015597600249599997,0.001243767,113.0,90853.0,0.00129184044162048,0.0,0.0,7012.0,2.6615008511999994e-06
1.0,11.0,0.000347391,28786.0,10.0,0.0007052565631699968,0.0,0.0,109432.0,5.7766164996095985e-05,0.000526593,6.0,11394.0,0.0011464932149759998,0.000737455,67.0,90853.0,0.001070086264972288,0.0,0.0,7012.0,1.5969005107199997e-06
1.0,12.0,0.000347391,28786.0,10.0,0.000562110337901998,0.0,0.0,109432.0,3.465969899765759e-05,0.001053186,12.0,11394.0,0.0011091703289856,0.000176109,16.0,90853.0,0.0007124953589833728,0.0,0.0,7012.0,9.581403064319998e-07
1.0,13.0,0.00010421700000000001,28786.0,3.0,0.0003789530027411988,0.0,0.0,109432.0,2.0795819398594552e-05,0.0006143580000000001,7.0,11394.0,0.00091124539739136,8.8054e-05,8.0,90853.0,0.00046271881539002366,0.0,0.0,7012.0,5.748841838591998e-07
1.0,14.0,0.000312652,28786.0,9.0,0.00035243260164471925,0.0,0.0,109432.0,1.2477491639156731e-05,0.0006143580000000001,7.0,11394.0,0.0007924904384348161,2.2014e-05,2.0,90853.0,0.0002864368892340142,0.0,0.0,7012.0,3.449305103155199e-07
1.0,15.0,0.0,28786.0,0.0,0.00021145956098683156,0.0,0.0,109432.0,7.486494983494038e-06,0.000263296,3.0,11394.0,0.0005808126630608896,7.7048e-05,7.0,90853.0,0.00020268133354040853,0.0,0.0,7012.0,2.0695830618931193e-07
1.0,16.0,3.4739e-05,28786.0,1.0,0.00014077133659209893,0.0,0.0,109432.0,4.4918969900964224e-06,8.7765e-05,1.0,11394.0,0.00038359359783653375,1.1007e-05,1.0,90853.0,0.00012601160012424512,0.0,0.0,7012.0,1.2417498371358714e-07
1.0,17.0,0.000138956,28786.0,4.0,0.00014004520195525936,0.0,0.0,109432.0,2.6951381940578533e-06,0.00017553099999999998,2.0,11394.0,0.0003003685587019202,0.0,0.0,90853.0,7.560696007454706e-05,0.0,0.0,7012.0,7.450499022815229e-08
1.0,18.0,0.00027791299999999997,28786.0,8.0,0.00019519232117315563,0.0,0.0,109432.0,1.617082916434712e-06,8.7765e-05,1.0,11394.0,0.0002153271352211521,3.302e-05,3.0,90853.0,5.8572176044728235e-05,0.0,0.0,7012.0,4.4702994136891375e-08
1.0,19.0,0.0,28786.0,0.0,0.00011711539270389338,0.0,0.0,109432.0,9.70249749860827e-07,0.0,0.0,11394.0,0.00012919628113269125,0.0,0.0,90853.0,3.514330562683694e-05,0.0,0.0,7012.0,2.6821796482134824e-08
1.0,20.0,0.00017369599999999998,28786.0,5.0,0.00013974763562233603,0.0,0.0,109432.0,5.821498499164962e-07,0.0,0.0,11394.0,7.751776867961475e-05,2.2014e-05,2.0,90853.0,2.989158337610216e-05,0.0,0.0,7012.0,1.6093077889280895e-08
1.0,21.0,0.000138956,28786.0,4.0,0.0001394309813734016,0.0,0.0,109432.0,3.492899099498977e-07,0.0,0.0,11394.0,4.651066120776885e-05,1.1007e-05,1.0,90853.0,2.2337750025661298e-05,0.0,0.0,7012.0,9.655846733568536e-09
1.0,22.0,0.000208435,28786.0,6.0,0.00016703258882404097,0.0,0.0,109432.0,2.0957394596993863e-07,8.7765e-05,1.0,11394.0,6.30123967246613e-05,0.0,0.0,90853.0,1.3402650015396778e-05,0.0,0.0,7012.0,5.793508040141121e-09
1.0,23.0,0.00027791299999999997,28786.0,8.0,0.00021138475329442457,0.0,0.0,109432.0,1.2574436758196317e-07,8.7765e-05,1.0,11394.0,7.291343803479677e-05,0.0,0.0,90853.0,8.041590009238067e-06,0.0,0.0,7012.0,3.4761048240846724e-09
1.0,24.0,0.000312652,28786.0,9.0,0.0002518916519766547,0.0,0.0,109432.0,7.54466205491779e-08,0.000263296,3.0,11394.0,0.00014906646282087806,0.0,0.0,90853.0,4.82495400554284e-06,0.0,0.0,7012.0,2.0856628944508035e-09
1.0,25.0,0.00024317400000000003,28786.0,7.0,0.0002484045911859929,0.0,0.0,109432.0,4.526797232950674e-08,0.0,0.0,11394.0,8.943987769252683e-05,1.1007e-05,1.0,90853.0,7.297772403325704e-06,0.0,0.0,7012.0,1.2513977366704821e-09
1.0,26.0,0.00010421700000000001,28786.0,3.0,0.00019072955471159572,0.0,0.0,109432.0,2.7160783397704042e-08,0.0,0.0,11394.0,5.36639266155161e-05,0.0,0.0,90853.0,4.378663441995422e-06,0.0,0.0,7012.0,7.508386420022892e-10
1.0,27.0,0.00027791299999999997,28786.0,8.0,0.00022560293282695743,0.0,0.0,109432.0,1.6296470038622426e-08,8.7765e-05,1.0,11394.0,6.730435596930966e-05,0.0,0.0,90853.0,2.6271980651972533e-06,0.0,0.0,7012.0,4.505031852013735e-10
1.0,28.0,0.000138956,28786.0,4.0,0.00019094415969617446,0.0,0.0,109432.0,9.777882023173455e-09,0.0,0.0,11394.0,4.0382613581585796e-05,0.0,0.0,90853.0,1.576318839118352e-06,0.0,0.0,7012.0,2.703019111208241e-10
1.0,29.0,0.00024317400000000003,28786.0,7.0,0.0002118360958177047,0.0,0.0,109432.0,5.866729213904073e-09,0.0,0.0,11394.0,2.4229568148951477e-05,2.2014e-05,2.0,90853.0,9.751391303471012e-06,0.0,0.0,7012.0,1.6218114667249446e-10
1.0,30.0,0.0,28786.0,0.0,0.0001271016574906228,0.0,0.0,109432.0,3.520037528342444e-09,0.0,0.0,11394.0,1.4537740889370885e-05,3.302e-05,3.0,90853.0,1.9058834782082607e-05,0.0,0.0,7012.0,9.730868800349668e-11
1.0,31.0,0.0,28786.0,0.0,7.626099449437368e-05,0.0,0.0,109432.0,2.1120225170054664e-09,0.0,0.0,11394.0,8.722644533622531e-06,0.0,0.0,90853.0,1.1435300869249565e-05,0.0,0.0,7012.0,5.838521280209801e-11
1.0,32.0,0.000138956,28786.0,4.0,0.00010133899669662421,0.0,0.0,109432.0,1.2672135102032798e-09,0.00035106199999999997,4.0,11394.0,0.00014565838672017352,0.0,0.0,90853.0,6.861180521549738e-06,0.0,0.0,7012.0,3.5031127681258804e-11
1.0,33.0,0.00024317400000000003,28786.0,7.0,0.00015807299801797454,9.138e-06,1.0,109432.0,3.655960328106122e-06,0.0,0.0,11394.0,8.739503203210411e-05,1.1007e-05,1.0,90853.0,8.519508312929843e-06,0.0,0.0,7012.0,2.101867660875528e-11
1.0,34.0,0.0,28786.0,0.0,9.484379881078472e-05,0.0,0.0,109432.0,2.193576196863673e-06,0.0,0.0,11394.0,5.2437019219262466e-05,0.0,0.0,90853.0,5.111704987757906e-06,0.0,0.0,7012.0,1.2611205965253169e-11
1.0,35.0,0.0,28786.0,0.0,5.690627928647083e-05,0.0,0.0,109432.0,1.3161457181182037e-06,0.0,0.0,11394.0,3.146221153155748e-05,1.1007e-05,1.0,90853.0,7.469822992654744e-06,0.0,0.0,7012.0,7.566723579151901e-12
1.0,36.0,0.0,28786.0,0.0,3.414376757188249e-05,0.0,0.0,109432.0,7.896874308709222e-07,0.0,0.0,11394.0,1.887732691893449e-05,0.0,0.0,90853.0,4.481893795592847e-06,0.0,0.0,7012.0,4.540034147491141e-12
1.0,37.0,0.0,28786.0,0.0,2.0486260543129494e-05,0.0,0.0,109432.0,4.738124585225533e-07,0.0,0.0,11394.0,1.1326396151360693e-05,0.0,0.0,90853.0,2.689136277355708e-06,0.0,0.0,7012.0,2.7240204884946845e-12
1.0,38.0,0.0,28786.0,0.0,1.2291756325877696e-05,0.0,0.0,109432.0,2.8428747511353197e-07,0.0,0.0,11394.0,6.795837690816416e-06,0.0,0.0,90853.0,1.6134817664134247e-06,0.0,0.0,7012.0,1.6344122930968107e-12
1.0,39.0,0.0,28786.0,0.0,7.3750537955266174e-06,0.0,0.0,109432.0,1.7057248506811917e-07,0.0,0.0,11394.0,4.077502614489849e-06,0.0,0.0,90853.0,9.680890598480548e-07,0.0,0.0,7012.0,9.806473758580864e-13
1.0,40.0,0.0,28786.0,0.0,4.4250322773159705e-06,0.0,0.0,109432.0,1.023434910408715e-07,0.0,0.0,11394.0,2.4465015686939093e-06,0.0,0.0,90853.0,5.808534359088329e-07,0.0,0.0,7012.0,5.883884255148518e-13
1.0,41.0,0.0,28786.0,0.0,2.6550193663895824e-06,0.0,0.0,109432.0,6.14060946245229e-08,0.0,0.0,11394.0,1.4679009412163454e-06,0.0,0.0,90853.0,3.485120615452997e-07,0.0,0.0,7012.0,3.5303305530891106e-13
1.0,42.0,0.0,28786.0,0.0,1.5930116198337493e-06,0.0,0.0,109432.0,3.6843656774713736e-08,0.0,0.0,11394.0,8.807405647298073e-07,0.0,0.0,90853.0,2.0910723692717982e-07,0.0,0.0,7012.0,2.1181983318534662e-13
1.0,43.0,0.0,28786.0,0.0,9.558069719002495e-07,0.0,0.0,109432.0,2.210619406482824e-08,0.0,0.0,11394.0,5.284443388378844e-07,0.0,0.0,90853.0,1.2546434215630787e-07,0.0,0.0,7012.0,1.2709189991120797e-13
1.0,44.0,0.0,28786.0,0.0,5.734841831401497e-07,0.0,0.0,109432.0,1.3263716438896944e-08,0.0,0.0,11394.0,3.170666033027306e-07,0.0,0.0,90853.0,7.527860529378473e-08,0.0,0.0,7012.0,7.625513994672478e-14
1.0,45.0,0.0,28786.0,0.0,3.440905098840898e-07,0.0,0.0,109432.0,7.958229863338165e-09,0.0,0.0,11394.0,1.9023996198163837e-07,0.0,0.0,90853.0,4.516716317627084e-08,0.0,0.0,7012.0,4.5753083968034865e-14
1.0,46.0,0.0,28786.0,0.0,2.0645430593045386e-07,0.0,0.0,109432.0,4.774937918002899e-09,0.0,0.0,11394.0,1.1414397718898302e-07,0.0,0.0,90853.0,2.7100297905762503e-08,0.0,0.0,7012.0,2.7451850380820918e-14
1.0,47.0,0.0,28786.0,0.0,1.238725835582723e-07,0.0,0.0,109432.0,2.8649627508017395e-09,0.0,0.0,11394.0,6.848638631338981e-08,0.0,0.0,90853.0,1.6260178743457502e-08,0.0,0.0,7012.0,1.647111022849255e-14
1.0,48.0,0.0,28786.0,0.0,7.432355013496338e-08,0.0,0.0,109432.0,1.7189776504810436e-09,0.0,0.0,11394.0,4.1091831788033884e-08,0.0,0.0,90853.0,9.7561072460745e-09,0.0,0.0,7012.0,9.882666137095529e-15
1.0,49.0,0.0,28786.0,0.0,4.459413008097803e-08,0.0,0.0,109432.0,1.031386590288626e-09,0.0,0.0,11394.0,2.465509907282033e-08,0.0,0.0,90853.0,5.8536643476447e-09,0.0,0.0,7012.0,5.929599682257317e-15
1.0,50.0,0.0,28786.0,0.0,2.6756478048586817e-08,0.0,0.0,109432.0,6.188319541731756e-10,0.0,0.0,11394.0,1.4793059443692197e-08,0.0,0.0,90853.0,3.51219860858682e-09,0.0,0.0,7012.0,3.55775980935439e-15
1.0,51.0,0.0,28786.0,0.0,1.605388682915209e-08,0.0,0.0,109432.0,3.7129917250390536e-10,0.0,0.0,11394.0,8.875835666215318e-09,0.0,0.0,90853.0,2.107319165152092e-09,0.0,0.0,7012.0,2.1346558856126335e-15
1.0,52.0,0.0,28786.0,0.0,9.632332097491254e-09,0.0,0.0,109432.0,2.227795035023432e-10,0.0,0.0,11394.0,5.325501399729191e-09,0.0,0.0,90853.0,1.2643914990912551e-09,0.0,0.0,7012.0,1.2807935313675801e-15
1.0,53.0,0.0,28786.0,0.0,5.779399258494752e-09,0.0,0.0,109432.0,1.3366770210140593e-10,0.0,0.0,11394.0,3.1953008398375144e-09,0.0,0.0,90853.0,7.58634899454753e-10,0.0,0.0,7012.0,7.684761188205481e-16
2.0,1.0,0.0,28968.0,0.0,3.467639555096851e-09,0.0,0.0,109432.0,8.020062126084356e-11,0.0,0.0,11394.0,1.9171805039025086e-09,0.0,0.0,90853.0,4.551809396728518e-10,0.0,0.0,7012.0,4.610856712923289e-16
2.0,2.0,0.0,28968.0,0.0,2.0805837330581104e-09,0.0,0.0,110172.0,4.812037275650613e-11,0.0,0.0,11392.0,1.1503083023415051e-09,0.0,0.0,91236.0,2.7310856380371105e-10,0.0,0.0,7077.0,2.766514027753973e-16
2.0,3.0,0.0,28968.0,0.0,1.2483502398348662e-09,0.0,0.0,110172.0,2.8872223653903677e-11,0.0,0.0,11392.0,6.90184981404903e-10,0.0,0.0,91236.0,1.6386513828222663e-10,0.0,0.0,7077.0,1.659908416652384e-16
2.0,4.0,0.0,28968.0,0.0,7.490101439009196e-10,0.0,0.0,110172.0,1.7323334192342204e-11,0.0,0.0,11392.0,4.141109888429418e-10,0.0,0.0,91236.0,9.831908296933597e-11,0.0,0.0,7077.0,9.959450499914304e-17
2.0,5.0,0.0,28968.0,0.0,4.494060863405518e-10,0.0,0.0,110172.0,1.0394000515405323e-11,0.0,0.0,11392.0,2.484665933057651e-10,0.0,0.0,91236.0,5.899144978160158e-11,0.0,0.0,7077.0,5.975670299948582e-17
2.0,6.0,0.0,28968.0,0.0,2.6964365180433107e-10,0.0,0.0,110172.0,6.236400309243194e-12,0.0,0.0,11392.0,1.4907995598345907e-10,0.0,0.0,91236.0,3.539486986896094e-11,0.0,0.0,7077.0,3.585402179969149e-17
2.0,7.0,0.0,28968.0,0.0,1.6178619108259863e-10,0.0,0.0,110172.0,3.741840185545916e-12,0.0,0.0,11392.0,8.944797359007544e-11,0.0,0.0,91236.0,2.1236921921376566e-11,0.0,0.0,7077.0,2.1512413079814892e-17
2.0,8.0,0.0,28968.0,0.0,9.707171464955918e-11,0.0,0.0,110172.0,2.2451041113275496e-12,0.0,0.0,11392.0,5.366878415404526e-11,0.0,0.0,91236.0,1.274215315282594e-11,0.0,0.0,7077.0,1.2907447847888935e-17
2.0,9.0,0.0,28968.0,0.0,5.82430287897355e-11,0.0,0.0,110172.0,1.3470624667965297e-12,0.0,0.0,11392.0,3.220127049242716e-11,0.0,0.0,91236.0,7.645291891695564e-12,0.0,0.0,7077.0,7.744468708733361e-18
2.0,10.0,0.0,28968.0,0.0,3.4945817273841304e-11,0.0,0.0,110172.0,8.082374800779178e-13,0.0,0.0,11392.0,1.9320762295456295e-11,0.0,0.0,91236.0,4.587175135017338e-12,0.0,0.0,7077.0,4.646681225240016e-18
2.0,11.0,0.0,28968.0,0.0,2.096749036430478e-11,0.0,0.0,110172.0,4.849424880467507e-13,0.0,0.0,11392.0,1.1592457377273777e-11,0.0,0.0,91236.0,2.7523050810104026e-12,0.0,0.0,7077.0,2.7880087351440097e-18
2.0,12.0,0.0,28968.0,0.0,1.2580494218582867e-11,0.0,0.0,110172.0,2.909654928280504e-13,0.0,0.0,11392.0,6.955474426364266e-12,0.0,0.0,91236.0,1.6513830486062414e-12,0.0,0.0,7077.0,1.6728052410864058e-18
2.0,13.0,0.0,28968.0,0.0,7.54829653114972e-12,0.0,0.0,110172.0,1.7457929569683023e-13,0.0,0.0,11392.0,4.173284655818559e-12,0.0,0.0,91236.0,9.908298291637447e-13,0.0,0.0,7077.0,1.0036831446518435e-18
2.0,14.0,0.0,28968.0,0.0,4.528977918689832e-12,9.077e-06,1.0,110172.0,3.6308001047475773e-06,0.0,0.0,11392.0,2.5039707934911354e-12,0.0,0.0,91236.0,5.944978974982468e-13,0.0,0.0,7077.0,6.022098867911061e-19
2.0,15.0,0.0,28968.0,0.0,2.717386751213899e-12,0.0,0.0,110172.0,2.1784800628485465e-06,0.0,0.0,11392.0,1.5023824760946812e-12,0.0,0.0,91236.0,3.566987384989481e-13,0.0,0.0,7077.0,3.613259320746637e-19
2.0,16.0,3.4521e-05,28968.0,1.0,1.3808401630432051e-05,9.077e-06,1.0,110172.0,4.937888037709128e-06,0.0,0.0,11392.0,9.014294856568087e-13,0.0,0.0,91236.0,2.1401924309936883e-13,0.0,0.0,7077.0,2.167955592447982e-19
2.0,17.0,0.0,28968.0,0.0,8.28504097825923e-06,9.077e-06,1.0,110172.0,6.5935328226254766e-06,0.0,0.0,11392.0,5.408576913940852e-13,6.5764e-05,6.0,91236.0,2.6305600128411548e-05,0.0,0.0,7077.0,1.300773355468789e-19
2.0,18.0,3.4521e-05,28968.0,1.0,1.8779424586955537e-05,9.077e-06,1.0,110172.0,7.586919693575286e-06,0.0,0.0,11392.0,3.245146148364511e-13,0.00048226599999999997,44.0,91236.0,0.00020868976007704692,0.0,0.0,7077.0,7.804640132812734e-20
2.0,19.0,0.0,28968.0,0.0,1.1267654752173322e-05,2.723e-05,3.0,110172.0,1.5444151816145172e-05,0.0,0.0,11392.0,1.9470876890187065e-13,0.00030689599999999997,28.0,91236.0,0.0002479722560462281,0.0,0.0,7077.0,4.6827840796876407e-20
2.0,20.0,0.0,28968.0,0.0,6.760592851303993e-06,9.077e-06,1.0,110172.0,1.2897291089687102e-05,0.0,0.0,11392.0,1.168252613411224e-13,0.000295936,27.0,91236.0,0.0002671577536277369,0.0,0.0,7077.0,2.8096704478125845e-20
2.0,21.0,0.0,28968.0,0.0,4.056355710782395e-06,2.723e-05,3.0,110172.0,1.8630374653812263e-05,0.0,0.0,11392.0,7.009515680467344e-14,6.5764e-05,6.0,91236.0,0.00018660025217664213,0.0,0.0,7077.0,1.6858022686875507e-20
2.0,22.0,0.0,28968.0,0.0,2.433813426469437e-06,1.8153e-05,2.0,110172.0,1.843942479228736e-05,0.000263343,3.0,11392.0,0.0001053372000420571,2.1921e-05,2.0,91236.0,0.00012072855130598527,0.0,0.0,7077.0,1.0114813612125303e-20
2.0,23.0,0.0,28968.0,0.0,1.4602880558816622e-06,1.8153e-05,2.0,110172.0,1.8324854875372415e-05,0.0,0.0,11392.0,6.320232002523425e-05,0.000657635,60.0,91236.0,0.00033549113078359114,0.0,0.0,7077.0,6.068888167275182e-21
2.0,24.0,0.0,28968.0,0.0,8.761728335289973e-07,1.8153e-05,2.0,110172.0,1.825611292522345e-05,0.0,0.0,11392.0,3.792139201514055e-05,0.000624753,57.0,91236.0,0.00045119587847015474,0.0,0.0,7077.0,3.6413329003651086e-21
2.0,25.0,0.0,28968.0,0.0,5.257037001173983e-07,0.0,0.0,110172.0,1.0953667755134068e-05,0.0,0.0,11392.0,2.275283520908433e-05,0.0012823889999999999,117.0,91236.0,0.0007836731270820928,0.0,0.0,7077.0,2.184799740219065e-21
2.0,26.0,0.0,28968.0,0.0,3.15422220070439e-07,1.8153e-05,2.0,110172.0,1.3833400653080443e-05,0.0,0.0,11392.0,1.3651701125450597e-05,0.00093165,85.0,91236.0,0.0008428638762492557,0.0,0.0,7077.0,1.310879844131439e-21
2.0,27.0,0.0,28968.0,0.0,1.892533320422634e-07,2.723e-05,3.0,110172.0,1.9192040391848268e-05,0.0,0.0,11392.0,8.191020675270357e-06,0.000909729,83.0,91236.0,0.0008696099257495533,0.0,0.0,7077.0,7.865279064788633e-22
2.0,28.0,0.0,28968.0,0.0,1.1355199922535803e-07,0.0,0.0,110172.0,1.151522423510896e-05,0.0,0.0,11392.0,4.914612405162214e-06,0.000898768,82.0,91236.0,0.000881273155449732,0.0,0.0,7077.0,4.71916743887318e-22
2.0,29.0,0.0,28968.0,0.0,6.813119953521481e-08,3.6306999999999996e-05,4.0,110172.0,2.1431934541065375e-05,0.0,0.0,11392.0,2.948767443097328e-06,0.001271428,116.0,91236.0,0.0010373350932698392,0.0,0.0,7077.0,2.831500463323908e-22
2.0,30.0,0.0,28968.0,0.0,4.087871972112888e-08,0.0,0.0,110172.0,1.2859160724639225e-05,0.0,0.0,11392.0,1.7692604658583967e-06,0.001260467,115.0,91236.0,0.0011265878559619034,0.0,0.0,7077.0,1.6989002779943446e-22
2.0,31.0,0.0,28968.0,0.0,2.452723183267733e-08,0.0,0.0,110172.0,7.715496434783535e-06,0.0,0.0,11392.0,1.061556279515038e-06,0.0008768469999999999,80.0,91236.0,0.001026691513577142,0.0,0.0,7077.0,1.0193401667966067e-22
2.0,32.0,0.0008285,28968.0,24.0,0.0003314147163390996,0.0,0.0,110172.0,4.629297860870121e-06,0.0,0.0,11392.0,6.369337677090228e-07,0.00056995,52.0,91236.0,0.0008439949081462851,0.0,0.0,7077.0,6.11604100077964e-23
2.0,33.0,0.0,28968.0,0.0,0.00019884882980345976,0.0,0.0,110172.0,2.7775787165220723e-06,0.0,0.0,11392.0,3.821602606254137e-07,0.000602832,55.0,91236.0,0.000747529744887771,0.0,0.0,7077.0,3.669624600467784e-23
2.0,34.0,0.0,28968.0,0.0,0.00011930929788207585,0.0,0.0,110172.0,1.6665472299132434e-06,0.0,0.0,11392.0,2.292961563752482e-07,6.5764e-05,6.0,91236.0,0.00047482344693266257,0.0,0.0,7077.0,2.20177476028067e-23
2.0,35.0,0.0,28968.0,0.0,7.15855787292455e-05,0.0,0.0,110172.0,9.99928337947946e-07,0.0,0.0,11392.0,1.375776938251489e-07,0.0,0.0,91236.0,0.00028489406815959754,0.0,0.0,7077.0,1.321064856168402e-23
2.0,36.0,0.0,28968.0,0.0,4.29513472375473e-05,0.0,0.0,110172.0,5.999570027687676e-07,0.0,0.0,11392.0,8.254661629508934e-08,2.1921e-05,2.0,91236.0,0.00017970484089575853,0.0,0.0,7077.0,7.926389137010411e-24
2.0,37.0,0.0,28968.0,0.0,2.577080834252838e-05,0.0,0.0,110172.0,3.599742016612605e-07,0.0,0.0,11392.0,4.9527969777053605e-08,3.2882e-05,3.0,91236.0,0.00012097570453745511,0.0,0.0,7077.0,4.755833482206247e-24
2.0,38.0,0.0,28968.0,0.0,1.5462485005517026e-05,0.0,0.0,110172.0,2.159845209967563e-07,0.0,0.0,11392.0,2.971678186623216e-08,3.2882e-05,3.0,91236.0,8.573822272247306e-05,0.0,0.0,7077.0,2.853500089323748e-24
2.0,39.0,0.0,28968.0,0.0,9.277491003310216e-06,0.0,0.0,110172.0,1.2959071259805378e-07,0.0,0.0,11392.0,1.7830069119739294e-08,3.2882e-05,3.0,91236.0,6.459573363348382e-05,0.0,0.0,7077.0,1.7121000535942486e-24
2.0,40.0,0.0,28968.0,0.0,5.5664946019861295e-06,0.0,0.0,110172.0,7.775442755883226e-08,0.0,0.0,11392.0,1.0698041471843577e-08,0.0,0.0,91236.0,3.8757440180090296e-05,0.0,0.0,7077.0,1.027260032156549e-24
2.0,41.0,0.0,28968.0,0.0,3.3398967611916776e-06,0.0,0.0,110172.0,4.6652656535299356e-08,0.0,0.0,11392.0,6.418824883106146e-09,0.0,0.0,91236.0,2.3254464108054178e-05,0.0,0.0,7077.0,6.163560192939294e-25
2.0,42.0,0.0,28968.0,0.0,2.0039380567150063e-06,0.0,0.0,110172.0,2.7991593921179614e-08,0.0,0.0,11392.0,3.851294929863687e-09,0.0,0.0,91236.0,1.3952678464832506e-05,0.0,0.0,7077.0,3.6981361157635764e-25
2.0,43.0,0.0,28968.0,0.0,1.2023628340290037e-06,0.0,0.0,110172.0,1.6794956352707767e-08,0.0,0.0,11392.0,2.3107769579182125e-09,0.0,0.0,91236.0,8.371607078899503e-06,0.0,0.0,7077.0,2.2188816694581458e-25
2.0,44.0,0.0,28968.0,0.0,7.214177004174022e-07,0.0,0.0,110172.0,1.007697381162466e-08,0.0,0.0,11392.0,1.3864661747509275e-09,0.0,0.0,91236.0,5.022964247339702e-06,0.0,0.0,7077.0,1.3313290016748873e-25
2.0,45.0,0.0,28968.0,0.0,4.328506202504413e-07,0.0,0.0,110172.0,6.0461842869747955e-09,0.0,0.0,11392.0,8.318797048505565e-10,0.0,0.0,91236.0,3.0137785484038212e-06,0.0,0.0,7077.0,7.987974010049324e-26
2.0,46.0,0.0,28968.0,0.0,2.5971037215026477e-07,0.0,0.0,110172.0,3.627710572184877e-09,0.0,0.0,11392.0,4.991278229103339e-10,0.0,0.0,91236.0,1.8082671290422926e-06,0.0,0.0,7077.0,4.792784406029594e-26
2.0,47.0,0.0,28968.0,0.0,1.5582622329015886e-07,0.0,0.0,110172.0,2.176626343310926e-09,0.0,0.0,11392.0,2.994766937462003e-10,0.0,0.0,91236.0,1.0849602774253755e-06,0.0,0.0,7077.0,2.875670643617756e-26
2.0,48.0,0.0,28968.0,0.0,9.349573397409532e-08,0.0,0.0,110172.0,1.3059758059865557e-09,0.0,0.0,11392.0,1.7968601624772018e-10,0.0,0.0,91236.0,6.509761664552253e-07,0.0,0.0,7077.0,1.7254023861706537e-26
2.0,49.0,0.0,28968.0,0.0,5.609744038445719e-08,0.0,0.0,110172.0,7.835854835919334e-10,0.0,0.0,11392.0,1.078116097486321e-10,0.0,0.0,91236.0,3.905856998731352e-07,0.0,0.0,7077.0,1.0352414317023922e-26
2.0,50.0,0.0,28968.0,0.0,3.3658464230674314e-08,0.0,0.0,110172.0,4.7015129015516e-10,0.0,0.0,11392.0,6.468696584917926e-11,0.0,0.0,91236.0,2.343514199238811e-07,0.0,0.0,7077.0,6.211448590214353e-27
2.0,51.0,0.0,28968.0,0.0,2.0195078538404586e-08,0.0,0.0,110172.0,2.8209077409309597e-10,0.0,0.0,11392.0,3.8812179509507557e-11,0.0,0.0,91236.0,1.4061085195432865e-07,0.0,0.0,7077.0,3.7268691541286116e-27
2.0,52.0,0.0,28968.0,0.0,1.2117047123042751e-08,0.0,0.0,110172.0,1.6925446445585758e-10,0.0,0.0,11392.0,2.3287307705704533e-11,0.0,0.0,91236.0,8.43665111725972e-08,0.0,0.0,7077.0,2.236121492477167e-27
3.0,1.0,0.0,29014.0,0.0,7.27022827382565e-09,0.0,0.0,110172.0,1.0155267867351454e-10,0.0,0.0,11392.0,1.3972384623422719e-11,0.0,0.0,91236.0,5.0619906703558314e-08,0.0,0.0,7077.0,1.3416728954863002e-27
3.0,2.0,0.0,29014.0,0.0,4.36213696429539e-09,0.0,0.0,111016.0,6.093160720410872e-11,0.0,0.0,11366.0,8.383430774053631e-12,0.0,0.0,91576.0,3.037194402213499e-08,0.0,0.0,7075.0,8.050037372917801e-28
3.0,3.0,0.0,29014.0,0.0,2.617282178577234e-09,0.0,0.0,111016.0,3.655896432246523e-11,0.0,0.0,11366.0,5.030058464432179e-12,0.0,0.0,91576.0,1.822316641328099e-08,0.0,0.0,7075.0,4.83002242375068e-28
3.0,4.0,0.0,29014.0,0.0,1.5703693071463405e-09,0.0,0.0,111016.0,2.1935378593479137e-11,0.0,0.0,11366.0,3.018035078659307e-12,0.0,0.0,91576.0,1.0933899847968594e-08,0.0,0.0,7075.0,2.898013454250408e-28
3.0,5.0,0.0,29014.0,0.0,9.422215842878043e-10,0.0,0.0,111016.0,1.3161227156087481e-11,0.0,0.0,11366.0,1.8108210471955842e-12,0.0,0.0,91576.0,6.560339908781156e-09,0.0,0.0,7075.0,1.7388080725502446e-28
3.0,6.0,0.0,29014.0,0.0,5.653329505726825e-10,0.0,0.0,111016.0,7.896736293652489e-12,0.0,0.0,11366.0,1.0864926283173505e-12,0.0,0.0,91576.0,3.936203945268693e-09,0.0,0.0,7075.0,1.0432848435301466e-28
3.0,7.0,0.0,29014.0,0.0,3.391997703436095e-10,0.0,0.0,111016.0,4.738041776191493e-12,0.0,0.0,11366.0,6.518955769904103e-13,0.0,0.0,91576.0,2.361722367161216e-09,0.0,0.0,7075.0,6.259709061180879e-29
3.0,8.0,0.0,29014.0,0.0,2.0351986220616572e-10,0.0,0.0,111016.0,2.842825065714896e-12,0.0,0.0,11366.0,3.9113734619424613e-13,0.0,0.0,91576.0,1.4170334202967295e-09,0.0,0.0,7075.0,3.7558254367085275e-29
3.0,9.0,0.0,29014.0,0.0,1.2211191732369942e-10,0.0,0.0,111016.0,1.7056950394289374e-12,0.0,0.0,11366.0,2.3468240771654765e-13,0.0,0.0,91576.0,8.502200521780377e-10,0.0,0.0,7075.0,2.2534952620251165e-29
3.0,10.0,0.0,29014.0,0.0,7.326715039421965e-11,0.0,0.0,111016.0,1.0234170236573625e-12,0.0,0.0,11366.0,1.408094446299286e-13,0.0,0.0,91576.0,5.101320313068226e-10,0.0,0.0,7075.0,1.35209715721507e-29
3.0,11.0,0.0,29014.0,0.0,4.3960290236531794e-11,0.0,0.0,111016.0,6.140502141944175e-13,0.0,0.0,11366.0,8.448566677795716e-14,0.0,0.0,91576.0,3.0607921878409354e-10,0.0,0.0,7075.0,8.11258294329042e-30
3.0,12.0,0.0,29014.0,0.0,2.6376174141919076e-11,0.0,0.0,111016.0,3.684301285166505e-13,0.0,0.0,11366.0,5.069140006677429e-14,0.0,0.0,91576.0,1.8364753127045612e-10,0.0,0.0,7075.0,4.867549765974251e-30
3.0,13.0,0.0,29014.0,0.0,1.5825704485151446e-11,0.0,0.0,111016.0,2.210580771099903e-13,0.0,0.0,11366.0,3.041484004006457e-14,0.0,0.0,91576.0,1.1018851876227367e-10,0.0,0.0,7075.0,2.9205298595845507e-30
3.0,14.0,3.4466e-05,29014.0,1.0,1.3786409495422692e-05,0.0,0.0,111016.0,1.3263484626599416e-13,0.0,0.0,11366.0,1.8248904024038743e-14,0.0,0.0,91576.0,6.61131112573642e-11,0.0,0.0,7075.0,1.7523179157507304e-30
3.0,15.0,0.0,29014.0,0.0,8.271845697253615e-06,0.0,0.0,111016.0,7.95809077595965e-14,0.0,0.0,11366.0,1.0949342414423246e-14,0.0,0.0,91576.0,3.966786675441852e-11,0.0,0.0,7075.0,1.0513907494504381e-30
3.0,16.0,0.0,29014.0,0.0,4.963107418352169e-06,0.0,0.0,111016.0,4.7748544655757896e-14,0.0,0.0,11366.0,6.569605448653947e-15,0.0,0.0,91576.0,2.3800720052651112e-11,0.0,0.0,7075.0,6.3083444967026285e-31
3.0,17.0,0.0,29014.0,0.0,2.9778644510113013e-06,0.0,0.0,111016.0,2.8649126793454735e-14,0.0,0.0,11366.0,3.941763269192368e-15,0.0,0.0,91576.0,1.4280432031590666e-11,0.0,0.0,7075.0,3.785006698021577e-31
3.0,18.0,0.0,29014.0,0.0,1.7867186706067807e-06,0.0,0.0,111016.0,1.718947607607284e-14,0.0,0.0,11366.0,2.3650579615154205e-15,0.0,0.0,91576.0,8.568259218954399e-12,0.0,0.0,7075.0,2.271004018812946e-31
3.0,19.0,0.0,29014.0,0.0,1.0720312023640683e-06,0.0,0.0,111016.0,1.0313685645643703e-14,0.0,0.0,11366.0,1.4190347769092523e-15,0.0,0.0,91576.0,5.140955531372639e-12,0.0,0.0,7075.0,1.3626024112877674e-31
3.0,20.0,0.0,29014.0,0.0,6.432187214184409e-07,0.0,0.0,111016.0,6.1882113873862216e-15,0.0,0.0,11366.0,8.514208661455513e-16,0.0,0.0,91576.0,3.0845733188235833e-12,0.0,0.0,7075.0,8.175614467726605e-32
3.0,21.0,0.0,29014.0,0.0,3.8593123285106454e-07,0.0,0.0,111016.0,3.712926832431733e-15,0.0,0.0,11366.0,5.108525196873308e-16,0.0,0.0,91576.0,1.85074399129415e-12,0.0,0.0,7075.0,4.9053686806359626e-32
3.0,22.0,0.0,29014.0,0.0,2.3155873971063872e-07,0.0,0.0,111016.0,2.22775609945904e-15,0.0,0.0,11366.0,3.0651151181239846e-16,0.0,0.0,91576.0,1.1104463947764899e-12,0.0,0.0,7075.0,2.9432212083815777e-32
3.0,23.0,0.0,29014.0,0.0,1.3893524382638324e-07,9.007999999999999e-06,1.0,111016.0,3.6032000013366532e-06,8.798200000000001e-05,1.0,11366.0,3.5192800000183914e-05,3.276e-05,3.0,91576.0,1.3104000666267838e-05,0.0,0.0,7075.0,1.7659327250289464e-32
3.0,24.0,0.0,29014.0,0.0,8.336114629582994e-08,0.0,0.0,111016.0,2.1619200008019917e-06,0.0,0.0,11366.0,2.111568000011035e-05,0.0006770330000000001,62.0,91576.0,0.0002786756003997607,0.0,0.0,7075.0,1.0595596350173678e-32
3.0,25.0,0.0,29014.0,0.0,5.001668777749796e-08,0.0,0.0,111016.0,1.297152000481195e-06,0.0,0.0,11366.0,1.2669408000066209e-05,0.0008626710000000001,79.0,91576.0,0.0005122737602398565,0.0,0.0,7075.0,6.357357810104207e-33
3.0,26.0,0.0,29014.0,0.0,3.001001266649877e-08,1.8015e-05,2.0,111016.0,7.984291200288717e-06,0.0,0.0,11366.0,7.601644800039725e-06,0.000185638,17.0,91576.0,0.0003816194561439139,0.0,0.0,7075.0,3.814414686062524e-33
3.0,27.0,0.0,29014.0,0.0,1.8006007599899264e-08,0.0,0.0,111016.0,4.79057472017323e-06,0.0,0.0,11366.0,4.5609868800238345e-06,0.00101555,93.0,91576.0,0.0006351916736863484,0.0,0.0,7075.0,2.2886488116375144e-33
3.0,28.0,0.0,29014.0,0.0,1.0803604559939559e-08,0.0,0.0,111016.0,2.874344832103938e-06,0.0,0.0,11366.0,2.7365921280143005e-06,0.0010701489999999998,98.0,91576.0,0.000809174604211809,0.0,0.0,7075.0,1.3731892869825086e-33
3.0,29.0,0.0,29014.0,0.0,6.482162735963735e-09,0.000153131,17.0,111016.0,6.297700689926236e-05,0.0,0.0,11366.0,1.6419552768085803e-06,0.00104831,96.0,91576.0,0.0009048287625270854,0.0,0.0,7075.0,8.23913572189505e-34
3.0,30.0,0.0,29014.0,0.0,3.889297641578241e-09,0.0002342,26.0,111016.0,0.00013146620413955742,0.0,0.0,11366.0,9.851731660851482e-07,0.00102647,94.0,91576.0,0.0009534852575162513,0.0,0.0,7075.0,4.943481433137031e-34
3.0,31.0,0.0,29014.0,0.0,2.3335785849469446e-09,0.000216185,24.0,111016.0,0.00016535372248373446,0.0,0.0,11366.0,5.911038996510889e-07,0.000775312,71.0,91576.0,0.0008822159545097507,0.0,0.0,7075.0,2.9660888598822183e-34
3.0,32.0,0.0,29014.0,0.0,1.4001471509681666e-09,0.0,0.0,111016.0,9.921223349024068e-05,0.0,0.0,11366.0,3.5466233979065336e-07,0.0009172710000000001,84.0,91576.0,0.0008962379727058506,0.0,0.0,7075.0,1.779653315929331e-34
3.0,33.0,0.0,29014.0,0.0,8.400882905809e-10,0.0,0.0,111016.0,5.95273400941444e-05,0.0,0.0,11366.0,2.12797403874392e-07,0.0008299119999999999,76.0,91576.0,0.0008697075836235103,0.0,0.0,7075.0,1.0677919895575984e-34
3.0,34.0,0.0,29014.0,0.0,5.0405297434854e-10,0.0,0.0,111016.0,3.571640405648664e-05,0.0,0.0,11366.0,1.276784423246352e-07,0.000567834,52.0,91576.0,0.0007489581501741061,0.0,0.0,7075.0,6.40675193734559e-35
3.0,35.0,0.0,29014.0,0.0,3.0243178460912397e-10,0.0,0.0,111016.0,2.1429842433891984e-05,0.0,0.0,11366.0,7.660706539478112e-08,0.00034943699999999997,32.0,91576.0,0.0005891496901044637,0.0,0.0,7075.0,3.844051162407354e-35
3.0,36.0,0.0,29014.0,0.0,1.8145907076547437e-10,0.0,0.0,111016.0,1.285790546033519e-05,0.0,0.0,11366.0,4.5964239236868675e-08,7.643899999999999e-05,7.0,91576.0,0.0003840654140626782,0.0,0.0,7075.0,2.3064306974444122e-35
3.0,37.0,0.0,29014.0,0.0,1.0887544245928461e-10,0.0,0.0,111016.0,7.714743276201113e-06,0.0,0.0,11366.0,2.7578543542121205e-08,8.7359e-05,8.0,91576.0,0.0002653828484376069,0.0,0.0,7075.0,1.3838584184666474e-35
3.0,38.0,0.0,29014.0,0.0,6.532526547557076e-11,0.0,0.0,111016.0,4.628845965720668e-06,0.0,0.0,11366.0,1.654712612527272e-08,0.000174718,16.0,91576.0,0.00022911690906256412,0.0,0.0,7075.0,8.303150510799884e-36
3.0,39.0,0.0,29014.0,0.0,3.9195159285342455e-11,0.0,0.0,111016.0,2.7773075794324007e-06,0.0,0.0,11366.0,9.928275675163632e-09,0.000218398,20.0,91576.0,0.00022482934543753848,0.0,0.0,7075.0,4.9818903064799304e-36
3.0,40.0,0.0,29014.0,0.0,2.351709557120547e-11,0.0,0.0,111016.0,1.6663845476594403e-06,0.0,0.0,11366.0,5.956965405098179e-09,0.000131039,12.0,91576.0,0.00018731320726252308,0.0,0.0,7075.0,2.989134183887958e-36
3.0,41.0,0.0,29014.0,0.0,1.4110257342723283e-11,0.0,0.0,111016.0,9.99830728595664e-07,0.0,0.0,11366.0,3.5741792430589074e-09,0.0,0.0,91576.0,0.00011238792435751384,0.0,0.0,7075.0,1.7934805103327747e-36
3.0,42.0,0.0,29014.0,0.0,8.46615440563397e-12,0.0,0.0,111016.0,5.998984371573984e-07,0.0,0.0,11366.0,2.1445075458353443e-09,0.0,0.0,91576.0,6.74327546145083e-05,0.0,0.0,7075.0,1.0760883061996647e-36
3.0,43.0,0.0,29014.0,0.0,5.079692643380382e-12,0.0,0.0,111016.0,3.5993906229443905e-07,0.0,0.0,11366.0,1.2867045275012065e-09,0.0,0.0,91576.0,4.045965276870498e-05,0.0,0.0,7075.0,6.456529837197988e-37
3.0,44.0,0.0,29014.0,0.0,3.047815586028229e-12,0.0,0.0,111016.0,2.159634373766634e-07,0.0,0.0,11366.0,7.720227165007239e-10,0.0,0.0,91576.0,2.427579166122299e-05,0.0,0.0,7075.0,3.873917902318792e-37
3.0,45.0,0.0,29014.0,0.0,1.8286893516169373e-12,0.0,0.0,111016.0,1.2957806242599805e-07,0.0,0.0,11366.0,4.632136299004343e-10,0.0,0.0,91576.0,1.4565474996733793e-05,0.0,0.0,7075.0,2.324350741391275e-37
3.0,46.0,0.0,29014.0,0.0,1.0972136109701624e-12,0.0,0.0,111016.0,7.774683745559883e-08,0.0,0.0,11366.0,2.7792817794026056e-10,0.0,0.0,91576.0,8.739284998040276e-06,0.0,0.0,7075.0,1.394610444834765e-37
3.0,47.0,0.0,29014.0,0.0,6.583281665820974e-13,0.0,0.0,111016.0,4.6648102473359295e-08,0.0,0.0,11366.0,1.6675690676415634e-10,0.0,0.0,91576.0,5.243570998824166e-06,0.0,0.0,7075.0,8.36766266900859e-38
3.0,48.0,0.0,29014.0,0.0,3.949968999492584e-13,0.0,0.0,111016.0,2.7988861484015576e-08,0.0,0.0,11366.0,1.000541440584938e-10,0.0,0.0,91576.0,3.1461425992944993e-06,0.0,0.0,7075.0,5.020597601405153e-38
3.0,49.0,0.0,29014.0,0.0,2.36998139969555e-13,0.0,0.0,111016.0,1.6793316890409344e-08,0.0,0.0,11366.0,6.003248643509628e-11,0.0,0.0,91576.0,1.8876855595766994e-06,0.0,0.0,7075.0,3.012358560843092e-38
3.0,50.0,0.0,29014.0,0.0,1.42198883981733e-13,0.0,0.0,111016.0,1.0075990134245605e-08,0.0,0.0,11366.0,3.601949186105777e-11,0.0,0.0,91576.0,1.1326113357460195e-06,0.0,0.0,7075.0,1.807415136505855e-38
3.0,51.0,0.0,29014.0,0.0,8.53193303890398e-14,0.0,0.0,111016.0,6.045594080547363e-09,0.0,0.0,11366.0,2.161169511663466e-11,0.0,0.0,91576.0,6.795668014476117e-07,0.0,0.0,7075.0,1.084449081903513e-38
3.0,52.0,0.0,29014.0,0.0,5.1191598233423876e-14,0.0,0.0,111016.0,3.6273564483284176e-09,0.0,0.0,11366.0,1.2967017069980795e-11,0.0,0.0,91576.0,4.07740080868567e-07,0.0,0.0,7075.0,6.506694491421078e-39
4.0,1.0,0.0,29051.0,0.0,3.0714958940054327e-14,0.0,0.0,111016.0,2.1764138689970505e-09,0.0,0.0,11366.0,7.780210241988476e-12,0.0,0.0,91576.0,2.446440485211402e-07,0.0,0.0,7075.0,3.904016694852646e-39
4.0,2.0,0.0,29051.0,0.0,1.8428975364032595e-14,0.0,0.0,111575.0,1.3058483213982303e-09,0.0,0.0,11300.0,4.6681261451930855e-12,0.0,0.0,92835.0,1.4678642911268412e-07,0.0,0.0,6950.0,2.3424100169115877e-39
4.0,3.0,0.0,29051.0,0.0,1.1057385218419556e-14,0.0,0.0,111575.0,7.835089928389381e-10,0.0,0.0,11300.0,2.8008756871158514e-12,0.0,0.0,92835.0,8.807185746761047e-08,0.0,0.0,6950.0,1.4054460101469525e-39
4.0,4.0,0.0,29051.0,0.0,6.634431131051734e-15,0.0,0.0,111575.0,4.701053957033628e-10,0.0,0.0,11300.0,1.6805254122695107e-12,0.0,0.0,92835.0,5.284311448056628e-08,0.0,0.0,6950.0,8.432676060881715e-40
4.0,5.0,0.0,29051.0,0.0,3.98065867863104e-15,0.0,0.0,111575.0,2.820632374220177e-10,0.0,0.0,11300.0,1.0083152473617064e-12,0.0,0.0,92835.0,3.1705868688339767e-08,0.0,0.0,6950.0,5.059605636529029e-40
4.0,6.0,0.0,29051.0,0.0,2.3883952071786236e-15,0.0,0.0,111575.0,1.6923794245321062e-10,0.0,0.0,11300.0,6.049891484170238e-13,0.0,0.0,92835.0,1.902352121300386e-08,0.0,0.0,6950.0,3.035763381917417e-40
4.0,7.0,0.0,29051.0,0.0,1.433037124307174e-15,0.0,0.0,111575.0,1.0154276547192637e-10,0.0,0.0,11300.0,3.629934890502143e-13,0.0,0.0,92835.0,1.1414112727802316e-08,0.0,0.0,6950.0,1.8214580291504501e-40
4.0,8.0,0.0,29051.0,0.0,8.598222745843044e-16,0.0,0.0,111575.0,6.092565928315583e-11,0.0,0.0,11300.0,2.1779609343012857e-13,0.0,0.0,92835.0,6.848467636681389e-09,0.0,0.0,6950.0,1.09287481749027e-40
4.0,9.0,0.0,29051.0,0.0,5.158933647505827e-16,0.0,0.0,111575.0,3.6555395569893494e-11,0.0,0.0,11300.0,1.3067765605807715e-13,0.0,0.0,92835.0,4.109080582008833e-09,0.0,0.0,6950.0,6.55724890494162e-41
4.0,10.0,0.0,29051.0,0.0,3.095360188503496e-16,1.7925e-05,2.0,111575.0,7.170021933237342e-06,0.0,0.0,11300.0,7.840659363484628e-14,0.0,0.0,92835.0,2.4654483492052998e-09,0.0,0.0,6950.0,3.934349342964972e-41
4.0,11.0,0.0,29051.0,0.0,1.8572161131020975e-16,0.0,0.0,111575.0,4.302013159942405e-06,0.0,0.0,11300.0,4.704395618090777e-14,0.0,0.0,92835.0,1.4792690095231797e-09,0.0,0.0,6950.0,2.3606096057789834e-41
4.0,12.0,0.0,29051.0,0.0,1.1143296678612585e-16,8.962999999999999e-06,1.0,111575.0,6.1664078959654425e-06,0.0,0.0,11300.0,2.822637370854466e-14,0.0,0.0,92835.0,8.875614057139078e-10,0.0,0.0,6950.0,1.41636576346739e-41
4.0,13.0,0.0,29051.0,0.0,6.68597800716755e-17,0.0,0.0,111575.0,3.699844737579265e-06,0.0,0.0,11300.0,1.6935824225126797e-14,0.0,0.0,92835.0,5.325368434283446e-10,0.0,0.0,6950.0,8.49819458080434e-42
4.0,14.0,0.0,29051.0,0.0,4.01158680430053e-17,8.962999999999999e-06,1.0,111575.0,5.805106842547558e-06,0.0,0.0,11300.0,1.0161494535076077e-14,0.0,0.0,92835.0,3.1952210605700677e-10,0.0,0.0,6950.0,5.098916748482604e-42
4.0,15.0,0.000137689,29051.0,4.0,5.5075600000024074e-05,8.962999999999999e-06,1.0,111575.0,7.0682641055285344e-06,0.0,0.0,11300.0,6.096896721045646e-15,0.0,0.0,92835.0,1.9171326363420406e-10,0.0,0.0,6950.0,3.059350049089562e-42
4.0,16.0,0.000275378,29051.0,8.0,0.00014319656000001446,1.7925e-05,2.0,111575.0,1.141095846331712e-05,0.0,0.0,11300.0,3.6581380326273875e-15,0.0,0.0,92835.0,1.1502795818052244e-10,0.0,0.0,6950.0,1.8356100294537372e-42
4.0,17.0,0.000516333,29051.0,15.0,0.00029245113600000867,2.6888e-05,3.0,111575.0,1.7601775077990274e-05,0.0,0.0,11300.0,2.1948828195764323e-15,0.0,0.0,92835.0,6.901677490831346e-11,0.0,0.0,6950.0,1.1013660176722423e-42
4.0,18.0,0.000240956,29051.0,7.0,0.0002718530816000052,0.000161326,18.0,111575.0,7.509146504679415e-05,0.0,0.0,11300.0,1.3169296917458594e-15,0.001044865,97.0,92835.0,0.000417946041410065,0.000143885,1.0,6950.0,5.7554000000000005e-05
4.0,19.0,0.0006196000000000001,29051.0,18.0,0.00041095184896000316,0.00025095200000000003,28.0,111575.0,0.00014543567902807652,0.0,0.0,11300.0,7.901578150475156e-16,0.000635536,59.0,92835.0,0.000504982024846039,0.000143885,1.0,6950.0,9.208640000000001e-05
4.0,20.0,0.000413067,29051.0,12.0,0.0004117979093760019,0.00046605400000000003,52.0,111575.0,0.00027368300741684593,0.001858407,21.0,11300.0,0.0007433628000004742,0.000991006,92.0,92835.0,0.0006993916149076235,0.0,0.0,6950.0,5.525184000000001e-05
4.0,21.0,0.0,29051.0,0.0,0.0002470787456256011,0.00051983,58.0,111575.0,0.00037214180445010753,0.0,0.0,11300.0,0.0004460176800002845,0.0008402000000000001,78.0,92835.0,0.0007557149689445741,0.00028777,2.0,6950.0,0.00014825910400000002
4.0,22.0,0.001962067,29051.0,57.0,0.0009330740473753607,0.000448129,50.0,111575.0,0.00040253668267006457,0.0009734510000000001,11.0,11300.0,0.0006569910080001707,0.0011741260000000002,109.0,92835.0,0.0009230793813667445,0.000431655,3.0,6950.0,0.00026161746240000003
4.0,23.0,0.001032667,29051.0,30.0,0.0009729112284252164,0.000430204,48.0,111575.0,0.0004136036096020388,0.00035398199999999997,4.0,11300.0,0.0005357874048001024,0.001238757,115.0,92835.0,0.0010493504288200469,0.0033093529999999997,23.0,6950.0,0.00148071167744
4.0,24.0,0.001514578,29051.0,44.0,0.00118957793705513,0.000483979,54.0,111575.0,0.0004417537657612233,0.000530973,6.0,11300.0,0.0005338616428800615,0.001012549,94.0,92835.0,0.0010346298572920282,0.003165468,22.0,6950.0,0.002154614206464
4.0,25.0,0.0021686,29051.0,63.0,0.001581186762233078,0.00055568,62.0,111575.0,0.000487324259456734,0.0,0.0,11300.0,0.0003203169857280369,0.0006463080000000001,60.0,92835.0,0.000879301114375217,0.003741007,26.0,6950.0,0.0027891713238784002
4.0,26.0,0.001480156,29051.0,43.0,0.001540774457339847,0.00024199,27.0,111575.0,0.0003891905556740404,0.0,0.0,11300.0,0.00019219019143682214,0.000527818,49.0,92835.0,0.0007387078686251302,0.0020143879999999998,14.0,6950.0,0.00247925799432704
4.0,27.0,0.0019276439999999998,29051.0,56.0,0.001695522274403908,0.000197177,22.0,111575.0,0.0003123851334044242,0.0,0.0,11300.0,0.00011531411486209328,0.000355469,33.0,92835.0,0.0005854123211750781,0.001726619,12.0,6950.0,0.002178202396596224
4.0,28.0,0.00048191099999999996,29051.0,14.0,0.0012100777646423448,0.000152364,17.0,111575.0,0.00024837668004265453,8.8496e-05,1.0,11300.0,0.00010458686891725597,0.000355469,33.0,92835.0,0.0004934349927050468,0.0,0.0,6950.0,0.0013069214379577343
4.0,29.0,0.0,29051.0,0.0,0.0007260466587854069,0.000215102,24.0,111575.0,0.00023506680802559273,0.0,0.0,11300.0,6.275212135035358e-05,0.000603221,56.0,92835.0,0.0005373493956230282,0.0,0.0,6950.0,0.0007841528627746406
4.0,30.0,0.0012392000000000002,29051.0,36.0,0.0009313079952712443,0.00012547600000000002,14.0,111575.0,0.00019123048481535564,0.0,0.0,11300.0,3.765127281021215e-05,0.00039855699999999996,37.0,92835.0,0.00048183243737381687,0.00057554,4.0,6950.0,0.0007007077176647843
4.0,31.0,0.0012392000000000002,29051.0,36.0,0.0010544647971627466,0.00012547600000000002,14.0,111575.0,0.00016492869088921338,0.0,0.0,11300.0,2.2590763686127288e-05,0.000280067,26.0,92835.0,0.0004011262624242901,0.000143885,1.0,6950.0,0.0004779786305988706
4.0,32.0,0.0012392000000000002,29051.0,36.0,0.001128358878297648,0.000107551,12.0,111575.0,0.00014197761453352801,0.0,0.0,11300.0,1.3554458211676373e-05,0.00010771799999999999,10.0,92835.0,0.0002837629574545741,0.00028777,2.0,6950.0,0.00040189517835932236
4.0,33.0,0.0,29051.0,0.0,0.0006770153269785888,3.585e-05,4.0,111575.0,9.952656872011681e-05,0.0,0.0,11300.0,8.132674927005824e-06,4.3086999999999996e-05,4.0,92835.0,0.00018749257447274445,0.000143885,1.0,6950.0,0.0002986911070155934
4.0,34.0,0.0,29051.0,0.0,0.0004062091961871533,1.7925e-05,2.0,111575.0,6.688594123207009e-05,0.0,0.0,11300.0,4.879604956203494e-06,3.2315e-05,3.0,92835.0,0.00012542154468364667,0.0,0.0,6950.0,0.00017921466420935602
4.0,35.0,0.0,29051.0,0.0,0.00024372551771229198,0.0,0.0,111575.0,4.013156473924205e-05,0.0,0.0,11300.0,2.9277629737220964e-06,1.0772000000000001e-05,1.0,92835.0,7.956172681018801e-05,0.0,0.0,6950.0,0.00010752879852561361
4.0,36.0,0.0,29051.0,0.0,0.00014623531062737518,0.0,0.0,111575.0,2.407893884354523e-05,0.0,0.0,11300.0,1.7566577842332579e-06,1.0772000000000001e-05,1.0,92835.0,5.2045836086112806e-05,0.000143885,1.0,6950.0,0.00012207127911536818
4.0,37.0,0.0,29051.0,0.0,8.77411863764251e-05,0.0,0.0,111575.0,1.4447363306127137e-05,0.0,0.0,11300.0,1.0539946705399546e-06,0.0,0.0,92835.0,3.122750165166768e-05,0.0,0.0,6950.0,7.324276746922091e-05
4.0,38.0,0.0,29051.0,0.0,5.264471182585506e-05,0.0,0.0,111575.0,8.668417983676282e-06,0.0,0.0,11300.0,6.323968023239728e-07,0.0,0.0,92835.0,1.8736500991000606e-05,0.0,0.0,6950.0,4.3945660481532544e-05
4.0,39.0,0.0,29051.0,0.0,3.1586827095513035e-05,0.0,0.0,111575.0,5.2010507902057685e-06,0.0,0.0,11300.0,3.7943808139438366e-07,0.0,0.0,92835.0,1.1241900594600363e-05,0.0,0.0,6950.0,2.6367396288919527e-05
4.0,40.0,0.0,29051.0,0.0,1.895209625730782e-05,0.0,0.0,111575.0,3.120630474123461e-06,0.0,0.0,11300.0,2.276628488366302e-07,0.0,0.0,92835.0,6.7451403567602174e-06,0.0,0.0,6950.0,1.5820437773351716e-05
4.0,41.0,0.0,29051.0,0.0,1.1371257754384692e-05,0.0,0.0,111575.0,1.8723782844740766e-06,0.0,0.0,11300.0,1.3659770930197812e-07,0.0,0.0,92835.0,4.047084214056131e-06,0.0,0.0,6950.0,9.49226266401103e-06
4.0,42.0,0.0,29051.0,0.0,6.822754652630815e-06,0.0,0.0,111575.0,1.123426970684446e-06,0.0,0.0,11300.0,8.195862558118687e-08,0.0,0.0,92835.0,2.428250528433678e-06,0.0,0.0,6950.0,5.695357598406618e-06
4.0,43.0,0.0,29051.0,0.0,4.093652791578489e-06,0.0,0.0,111575.0,6.740561824106675e-07,0.0,0.0,11300.0,4.917517534871212e-08,0.0,0.0,92835.0,1.4569503170602067e-06,0.0,0.0,6950.0,3.4172145590439704e-06
4.0,44.0,0.0,29051.0,0.0,2.456191674947093e-06,0.0,0.0,111575.0,4.044337094464005e-07,0.0,0.0,11300.0,2.9505105209227268e-08,0.0,0.0,92835.0,8.74170190236124e-07,0.0,0.0,6950.0,2.0503287354263822e-06
4.0,45.0,0.0,29051.0,0.0,1.4737150049682556e-06,0.0,0.0,111575.0,2.4266022566784027e-07,0.0,0.0,11300.0,1.770306312553636e-08,0.0,0.0,92835.0,5.245021141416744e-07,0.0,0.0,6950.0,1.2301972412558293e-06
4.0,46.0,0.0,29051.0,0.0,8.842290029809533e-07,0.0,0.0,111575.0,1.4559613540070414e-07,0.0,0.0,11300.0,1.0621837875321816e-08,0.0,0.0,92835.0,3.1470126848500463e-07,0.0,0.0,6950.0,7.381183447534976e-07
4.0,47.0,0.0,29051.0,0.0,5.30537401788572e-07,0.0,0.0,111575.0,8.735768124042248e-08,0.0,0.0,11300.0,6.37310272519309e-09,0.0,0.0,92835.0,1.8882076109100279e-07,0.0,0.0,6950.0,4.428710068520985e-07
4.0,48.0,0.0,29051.0,0.0,3.1832244107314317e-07,0.0,0.0,111575.0,5.241460874425349e-08,0.0,0.0,11300.0,3.823861635115854e-09,0.0,0.0,92835.0,1.1329245665460167e-07,0.0,0.0,6950.0,2.657226041112591e-07
4.0,49.0,0.0,29051.0,0.0,1.909934646438859e-07,0.0,0.0,111575.0,3.1448765246552094e-08,0.0,0.0,11300.0,2.2943169810695125e-09,0.0,0.0,92835.0,6.7975473992761e-08,0.0,0.0,6950.0,1.5943356246675546e-07
4.0,50.0,0.0,29051.0,0.0,1.1459607878633153e-07,0.0,0.0,111575.0,1.8869259147931255e-08,0.0,0.0,11300.0,1.3765901886417075e-09,0.0,0.0,92835.0,4.07852843956566e-08,0.0,0.0,6950.0,9.566013748005328e-08
4.0,51.0,0.0,29051.0,0.0,6.875764727179891e-08,0.0,0.0,111575.0,1.1321555488758752e-08,0.0,0.0,11300.0,8.259541131850244e-10,0.0,0.0,92835.0,2.447117063739396e-08,0.0,0.0,6950.0,5.739608248803197e-08
4.0,52.0,0.0,29051.0,0.0,4.1254588363079345e-08,0.0,0.0,111575.0,6.792933293255251e-09,0.0,0.0,11300.0,4.955724679110146e-10,0.0,0.0,92835.0,1.4682702382436376e-08,0.0,0.0,6950.0,3.443764949281918e-08
5.0,1.0,0.0,29138.0,0.0,2.4752753017847607e-08,0.0,0.0,111575.0,4.07575997595315e-09,0.0,0.0,11300.0,2.9734348074660875e-10,0.0,0.0,92835.0,8.809621429461825e-09,0.0,0.0,6950.0,2.0662589695691505e-08
5.0,2.0,0.0,29138.0,0.0,1.4851651810708564e-08,0.0,0.0,112462.0,2.4454559855718897e-09,0.0,0.0,11305.0,1.7840608844796524e-10,0.0,0.0,94468.0,5.285772857677095e-09,0.0,0.0,6876.0,1.2397553817414903e-08
5.0,3.0,0.0,29138.0,0.0,8.910991086425137e-09,0.0,0.0,112462.0,1.4672735913431338e-09,0.0,0.0,11305.0,1.0704365306877915e-10,0.0,0.0,94468.0,3.171463714606257e-09,0.0,0.0,6876.0,7.438532290448941e-09
5.0,4.0,0.0,29138.0,0.0,5.346594651855082e-09,0.0,0.0,112462.0,8.803641548058802e-10,0.0,0.0,11305.0,6.422619184126748e-11,0.0,0.0,94468.0,1.902878228763754e-09,0.0,0.0,6876.0,4.463119374269364e-09
5.0,5.0,0.0,29138.0,0.0,3.207956791113049e-09,0.0,0.0,112462.0,5.282184928835281e-10,0.0,0.0,11305.0,3.853571510476049e-11,0.0,0.0,94468.0,1.1417269372582523e-09,0.0,0.0,6876.0,2.6778716245616183e-09
5.0,6.0,0.0,29138.0,0.0,1.9247740746678293e-09,0.0,0.0,112462.0,3.1693109573011684e-10,0.0,0.0,11305.0,2.3121429062856293e-11,0.0,0.0,94468.0,6.850361623549514e-10,0.0,0.0,6876.0,1.606722974736971e-09
5.0,7.0,0.0,29138.0,0.0,1.1548644448006976e-09,0.0,0.0,112462.0,1.901586574380701e-10,0.0,0.0,11305.0,1.3872857437713775e-11,0.0,0.0,94468.0,4.110216974129708e-10,0.0,0.0,6876.0,9.640337848421825e-10
5.0,8.0,0.0,29138.0,0.0,6.929186668804185e-10,0.0,0.0,112462.0,1.1409519446284207e-10,0.0,0.0,11305.0,8.323714462628265e-12,0.0,0.0,94468.0,2.4661301844778245e-10,0.0,0.0,6876.0,5.784202709053095e-10
5.0,9.0,0.0,29138.0,0.0,4.157512001282511e-10,0.0,0.0,112462.0,6.845711667770524e-11,0.0,0.0,11305.0,4.994228677576959e-12,0.0,0.0,94468.0,1.4796781106866947e-10,0.0,0.0,6876.0,3.470521625431857e-10
5.0,10.0,0.0,29138.0,0.0,2.4945072007695065e-10,0.0,0.0,112462.0,4.107427000662314e-11,0.0,0.0,11305.0,2.996537206546175e-12,0.0,0.0,94468.0,8.878068664120168e-11,0.0,0.0,6876.0,2.082312975259114e-10
5.0,11.0,0.0,29138.0,0.0,1.4967043204617038e-10,8.892e-06,1.0,112462.0,3.5568246445620043e-06,0.0,0.0,11305.0,1.797922323927705e-12,2.1170999999999998e-05,2.0,94468.0,8.468453268411985e-06,0.0,0.0,6876.0,1.2493877851554685e-10
5.0,12.0,0.0,29138.0,0.0,8.980225922770223e-11,0.0,0.0,112462.0,2.1340947867372024e-06,0.0,0.0,11305.0,1.0787533943566228e-12,0.0,0.0,94468.0,5.0810719610471905e-06,0.0,0.0,6876.0,7.496326710932811e-11
5.0,13.0,0.0,29138.0,0.0,5.388135553662134e-11,0.0,0.0,112462.0,1.2804568720423215e-06,0.0,0.0,11305.0,6.472520366139737e-13,0.0,0.0,94468.0,3.048643176628314e-06,0.0,0.0,6876.0,4.4977960265596865e-11
5.0,14.0,6.863899999999999e-05,29138.0,2.0,2.745563232881332e-05,0.0,0.0,112462.0,7.682741232253929e-07,0.0,0.0,11305.0,3.883512219683842e-13,0.0,0.0,94468.0,1.8291859059769883e-06,0.0,0.0,6876.0,2.6986776159358118e-11
5.0,15.0,0.00027455599999999996,29138.0,8.0,0.00012629577939728798,8.892e-06,1.0,112462.0,4.017764473935236e-06,0.0,0.0,11305.0,2.330107331810305e-13,1.0585999999999998e-05,1.0,94468.0,5.331911543586192e-06,0.0,0.0,6876.0,1.619206569561487e-11
5.0,16.0,0.000308875,29138.0,9.0,0.0001993274676383728,8.892e-06,1.0,112462.0,5.967458684361142e-06,0.0,0.0,11305.0,1.398064399086183e-13,2.1170999999999998e-05,2.0,94468.0,1.1667546926151715e-05,0.0,0.0,6876.0,9.715239417368922e-12
5.0,17.0,0.000411833,29138.0,12.0,0.0002843296805830237,0.000160054,18.0,112462.0,6.760207521061669e-05,0.000265369,3.0,11305.0,0.00010614760008388387,0.00011644200000000001,11.0,94468.0,5.3577328155691035e-05,0.0,0.0,6876.0,5.829143650421353e-12
5.0,18.0,0.000308875,29138.0,9.0,0.0002941478083498142,9.7811e-05,11.0,112462.0,7.968564512637002e-05,0.0,0.0,11305.0,6.368856005033032e-05,0.000232883,22.0,94468.0,0.00012529959689341463,0.000145433,1.0,6876.0,5.817320349748619e-05
5.0,19.0,0.00013727799999999998,29138.0,4.0,0.0002313998850098885,0.000489054,55.0,112462.0,0.00024343298707582204,0.000265369,3.0,11305.0,0.0001443607360301982,0.00028581099999999996,27.0,94468.0,0.00018950415813604875,0.00043630000000000003,3.0,6876.0,0.00020942392209849175
5.0,20.0,0.000102958,29138.0,3.0,0.00018002313100593312,0.000497946,56.0,112462.0,0.0003452381922454932,8.845600000000001e-05,1.0,11305.0,0.00012199884161811893,0.00022229700000000002,21.0,94468.0,0.00020262129488162926,0.000581734,4.0,6876.0,0.00035834795325909505
5.0,21.0,0.0,29138.0,0.0,0.00010801387860355987,0.000293432,33.0,112462.0,0.00032451571534729593,0.0,0.0,11305.0,7.319930497087135e-05,0.000306982,29.0,94468.0,0.00024436557692897754,0.001018034,7.0,6876.0,0.0006222223719554571
5.0,22.0,3.4319e-05,29138.0,1.0,7.853592716213592e-05,0.00023118900000000003,26.0,112462.0,0.00028718502920837755,0.0,0.0,11305.0,4.391958298252281e-05,0.00020112599999999998,19.0,94468.0,0.00022706974615738652,0.000145433,1.0,6876.0,0.0004315066231732743
5.0,23.0,6.863899999999999e-05,29138.0,2.0,7.457715629728154e-05,0.000133378,15.0,112462.0,0.0002256622175250265,8.845600000000001e-05,1.0,11305.0,6.17341497895137e-05,0.000211712,20.0,94468.0,0.00022092664769443192,0.0,0.0,6876.0,0.0002589039739039646
5.0,24.0,6.863899999999999e-05,29138.0,2.0,7.220189377836892e-05,0.000106703,12.0,112462.0,0.0001780785305150159,0.0,0.0,11305.0,3.704048987370821e-05,0.000137613,13.0,94468.0,0.00018760118861665915,0.0,0.0,6876.0,0.00015534238434237874
5.0,25.0,0.0,29138.0,0.0,4.3321136267021356e-05,7.1135e-05,8.0,112462.0,0.00013530111830900953,0.0,0.0,11305.0,2.2224293924224927e-05,9.527e-05,9.0,94468.0,0.00015066871316999549,0.0,0.0,6876.0,9.320543060542724e-05
5.0,26.0,3.4319e-05,29138.0,1.0,3.972028176021281e-05,4.4458999999999996e-05,5.0,112462.0,9.896427098540571e-05,0.0,0.0,11305.0,1.3334576354534956e-05,0.000137613,13.0,94468.0,0.00014544642790199729,0.0,0.0,6876.0,5.592325836325634e-05
5.0,27.0,0.0,29138.0,0.0,2.3832169056127687e-05,1.7784e-05,2.0,112462.0,6.649216259124343e-05,0.0,0.0,11305.0,8.000745812720973e-06,3.1757e-05,3.0,94468.0,9.997065674119838e-05,0.0,0.0,6876.0,3.35539550179538e-05
5.0,28.0,3.4319e-05,29138.0,1.0,2.802690143367661e-05,0.0,0.0,112462.0,3.989529755474606e-05,0.0,0.0,11305.0,4.8004474876325835e-06,3.1757e-05,3.0,94468.0,7.268519404471903e-05,0.0,0.0,6876.0,2.013237301077228e-05
5.0,29.0,0.0,29138.0,0.0,1.6816140860205966e-05,0.0,0.0,112462.0,2.3937178532847632e-05,0.0,0.0,11305.0,2.88026849257955e-06,1.0585999999999998e-05,1.0,94468.0,4.784551642683141e-05,0.0,0.0,6876.0,1.2079423806463369e-05
5.0,30.0,0.0,29138.0,0.0,1.0089684516123579e-05,0.0,0.0,112462.0,1.4362307119708578e-05,0.0,0.0,11305.0,1.7281610955477299e-06,2.1170999999999998e-05,2.0,94468.0,3.7175709856098844e-05,0.0,0.0,6876.0,7.247654283878021e-06
5.0,31.0,0.0,29138.0,0.0,6.053810709674147e-06,0.0,0.0,112462.0,8.617384271825147e-06,0.0,0.0,11305.0,1.0368966573286378e-06,0.0,0.0,94468.0,2.2305425913659305e-05,0.0,0.0,6876.0,4.3485925703268125e-06
5.0,32.0,0.0,29138.0,0.0,3.632286425804488e-06,8.892e-06,1.0,112462.0,8.727230563095088e-06,0.0,0.0,11305.0,6.221379943971827e-07,1.0585999999999998e-05,1.0,94468.0,1.7617655548195582e-05,0.0,0.0,6876.0,2.6091555421960875e-06
5.0,33.0,0.0,29138.0,0.0,2.1793718554826926e-06,0.0,0.0,112462.0,5.236338337857052e-06,0.0,0.0,11305.0,3.7328279663830957e-07,5.2928e-05,5.0,94468.0,3.174179332891735e-05,0.0,0.0,6876.0,1.5654933253176525e-06
5.0,34.0,0.0,29138.0,0.0,1.3076231132896155e-06,0.0,0.0,112462.0,3.141803002714231e-06,0.0,0.0,11305.0,2.2396967798298574e-07,0.0,0.0,94468.0,1.904507599735041e-05,0.0,0.0,6876.0,9.392959951905914e-07
5.0,35.0,0.0,29138.0,0.0,7.845738679737692e-07,0.0,0.0,112462.0,1.8850818016285386e-06,0.0,0.0,11305.0,1.3438180678979144e-07,1.0585999999999998e-05,1.0,94468.0,1.5661445598410246e-05,0.0,0.0,6876.0,5.635775971143549e-07
5.0,36.0,0.0,29138.0,0.0,4.707443207842615e-07,0.0,0.0,112462.0,1.131049080977123e-06,0.0,0.0,11305.0,8.062908407387487e-08,3.1757e-05,3.0,94468.0,2.209966735904615e-05,0.0,0.0,6876.0,3.3814655826861294e-07
5.0,37.0,0.0,29138.0,0.0,2.824465924705569e-07,0.0,0.0,112462.0,6.786294485862738e-07,0.0,0.0,11305.0,4.837745044432492e-08,0.0,0.0,94468.0,1.325980041542769e-05,0.0,0.0,6876.0,2.0288793496116776e-07
5.0,38.0,0.0,29138.0,0.0,1.6946795548233414e-07,8.892e-06,1.0,112462.0,3.9639776691517644e-06,0.0,0.0,11305.0,2.902647026659495e-08,0.0,0.0,94468.0,7.955880249256614e-06,0.0,0.0,6876.0,1.2173276097670064e-07
5.0,39.0,0.0,29138.0,0.0,1.0168077328940049e-07,1.7784e-05,2.0,112462.0,9.491986601491059e-06,0.0,0.0,11305.0,1.7415882159956968e-08,2.1170999999999998e-05,2.0,94468.0,1.324192814955397e-05,0.0,0.0,6876.0,7.303965658602039e-08
5.0,40.0,0.0,29138.0,0.0,6.100846397364028e-08,0.000133378,15.0,112462.0,5.904639196089463e-05,0.0,0.0,11305.0,1.0449529295974181e-08,1.0585999999999998e-05,1.0,94468.0,1.217955688973238e-05,0.0,0.0,6876.0,4.3823793951612233e-08
5.0,41.0,0.0,29138.0,0.0,3.660507838418417e-08,0.0,0.0,112462.0,3.542783517653678e-05,0.0,0.0,11305.0,6.269717577584508e-09,0.0,0.0,94468.0,7.307734133839428e-06,0.0,0.0,6876.0,2.629427637096734e-08
5.0,42.0,0.0,29138.0,0.0,2.1963047030510502e-08,0.0,0.0,112462.0,2.125670110592207e-05,0.0,0.0,11305.0,3.761830546550705e-09,0.0,0.0,94468.0,4.384640480303657e-06,0.0,0.0,6876.0,1.5776565822580403e-08
5.0,43.0,0.0,29138.0,0.0,1.3177828218306301e-08,0.0,0.0,112462.0,1.275402066355324e-05,0.0,0.0,11305.0,2.257098327930423e-09,0.0,0.0,94468.0,2.630784288182194e-06,0.0,0.0,6876.0,9.465939493548242e-09
5.0,44.0,0.0,29138.0,0.0,7.90669693098378e-09,0.0,0.0,112462.0,7.652412398131944e-06,0.0,0.0,11305.0,1.3542589967582537e-09,0.0,0.0,94468.0,1.5784705729093163e-06,0.0,0.0,6876.0,5.6795636961289446e-09
5.0,45.0,0.0,29138.0,0.0,4.744018158590268e-09,0.0,0.0,112462.0,4.591447438879166e-06,0.0,0.0,11305.0,8.125553980549522e-10,0.0,0.0,94468.0,9.470823437455898e-07,0.0,0.0,6876.0,3.4077382176773666e-09
5.0,46.0,0.0,29138.0,0.0,2.846410895154161e-09,0.0,0.0,112462.0,2.7548684633274995e-06,0.0,0.0,11305.0,4.875332388329713e-10,0.0,0.0,94468.0,5.682494062473538e-07,0.0,0.0,6876.0,2.04464293060642e-09
5.0,47.0,0.0,29138.0,0.0,1.7078465370924965e-09,0.0,0.0,112462.0,1.6529210779964997e-06,0.0,0.0,11305.0,2.925199432997828e-10,0.0,0.0,94468.0,3.409496437484123e-07,0.0,0.0,6876.0,1.2267857583638518e-09
5.0,48.0,0.0,29138.0,0.0,1.0247079222554979e-09,0.0,0.0,112462.0,9.917526467978999e-07,0.0,0.0,11305.0,1.7551196597986966e-10,0.0,0.0,94468.0,2.0456978624904736e-07,0.0,0.0,6876.0,7.360714550183111e-10
5.0,49.0,0.0,29138.0,0.0,6.148247533532987e-10,0.0,0.0,112462.0,5.950515880787399e-07,0.0,0.0,11305.0,1.0530717958792179e-10,0.0,0.0,94468.0,1.227418717494284e-07,0.0,0.0,6876.0,4.4164287301098665e-10
5.0,50.0,0.0,29138.0,0.0,3.688948520119792e-10,0.0,0.0,112462.0,3.5703095284724394e-07,0.0,0.0,11305.0,6.318430775275307e-11,0.0,0.0,94468.0,7.364512304965703e-08,0.0,0.0,6876.0,2.6498572380659196e-10
5.0,51.0,0.0,29138.0,0.0,2.213369112071875e-10,0.0,0.0,112462.0,2.1421857170834636e-07,0.0,0.0,11305.0,3.7910584651651836e-11,0.0,0.0,94468.0,4.4187073829794216e-08,0.0,0.0,6876.0,1.5899143428395518e-10
5.0,52.0,0.0,29138.0,0.0,1.328021467243125e-10,0.0,0.0,112462.0,1.2853114302500782e-07,0.0,0.0,11305.0,2.27463507909911e-11,0.0,0.0,94468.0,2.6512244297876528e-08,0.0,0.0,6876.0,9.53948605703731e-11
6.0,1.0,0.0,29416.0,0.0,7.96812880345875e-11,0.0,0.0,112462.0,7.711868581500469e-08,0.0,0.0,11305.0,1.364781047459466e-11,0.0,0.0,94468.0,1.5907346578725917e-08,0.0,0.0,6876.0,5.723691634222386e-11
6.0,2.0,0.0,29416.0,0.0,4.78087728207525e-11,0.0,0.0,113780.0,4.627121148900281e-08,0.0,0.0,11286.0,8.188686284756795e-12,0.0,0.0,95738.0,9.54440794723555e-09,0.0,0.0,6793.0,3.4342149805334315e-11
6.0,3.0,0.0,29416.0,0.0,2.8685263692451498e-11,0.0,0.0,113780.0,2.7762726893401685e-08,0.0,0.0,11286.0,4.913211770854077e-12,0.0,0.0,95738.0,5.72664476834133e-09,0.0,0.0,6793.0,2.0605289883200587e-11
6.0,4.0,0.0,29416.0,0.0,1.72111582154709e-11,0.0,0.0,113780.0,1.665763613604101e-08,0.0,0.0,11286.0,2.9479270625124463e-12,0.0,0.0,95738.0,3.435986861004798e-09,0.0,0.0,6793.0,1.2363173929920352e-11
6.0,5.0,0.0,29416.0,0.0,1.032669492928254e-11,0.0,0.0,113780.0,9.994581681624606e-09,0.0,0.0,11286.0,1.7687562375074677e-12,0.0,0.0,95738.0,2.061592116602879e-09,0.0,0.0,6793.0,7.417904357952211e-12
6.0,6.0,0.0,29416.0,0.0,6.196016957569523e-12,0.0,0.0,113780.0,5.996749008974763e-09,0.0,0.0,11286.0,1.0612537425044806e-12,0.0,0.0,95738.0,1.2369552699617272e-09,0.0,0.0,6793.0,4.4507426147713265e-12
6.0,7.0,3.3995e-05,29416.0,1.0,1.3598003717610176e-05,0.0,0.0,113780.0,3.598049405384858e-09,0.0,0.0,11286.0,6.367522455026884e-13,0.0,0.0,95738.0,7.421731619770364e-10,0.0,0.0,6793.0,2.6704455688627957e-12
6.0,8.0,0.0,29416.0,0.0,8.158802230566105e-06,0.0,0.0,113780.0,2.1588296432309147e-09,0.0,0.0,11286.0,3.82051347301613e-13,0.0,0.0,95738.0,4.453038971862218e-10,0.0,0.0,6793.0,1.6022673413176773e-12
6.0,9.0,0.0,29416.0,0.0,4.895281338339663e-06,0.0,0.0,113780.0,1.2952977859385487e-09,0.0,0.0,11286.0,2.292308083809678e-13,1.0445e-05,1.0,95738.0,4.178267182338313e-06,0.0,0.0,6793.0,9.613604047906063e-13
6.0,10.0,0.0,29416.0,0.0,2.9371688030037977e-06,0.0,0.0,113780.0,7.771786715631292e-10,0.0,0.0,11286.0,1.3753848502858067e-13,0.0,0.0,95738.0,2.5069603094029876e-06,0.0,0.0,6793.0,5.768162428743638e-13
6.0,11.0,6.799e-05,29416.0,2.0,2.895830128180228e-05,0.0,0.0,113780.0,4.663072029378775e-10,0.0,0.0,11286.0,8.25230910171484e-14,0.0,0.0,95738.0,1.5041761856417925e-06,0.0,0.0,6793.0,3.4608974572461825e-13
6.0,12.0,0.00013598,29416.0,4.0,7.176698076908136e-05,0.0,0.0,113780.0,2.797843217627265e-10,0.0,0.0,11286.0,4.951385461028904e-14,0.0,0.0,95738.0,9.025057113850755e-07,0.0,0.0,6793.0,2.0765384743477093e-13
6.0,13.0,0.000101985,29416.0,3.0,8.385418846144883e-05,0.0,0.0,113780.0,1.678705930576359e-10,0.0,0.0,11286.0,2.9708312766173425e-14,2.089e-05,2.0,95738.0,8.897503426831046e-06,0.0,0.0,6793.0,1.2459230846086255e-13
6.0,14.0,0.000169976,29416.0,5.0,0.00011830291307686929,2.6366999999999997e-05,3.0,113780.0,1.0546900722355834e-05,0.0,0.0,11286.0,1.7824987659704055e-14,1.0445e-05,1.0,95738.0,9.516502056098628e-06,0.0,0.0,6793.0,7.475538507651753e-14
6.0,15.0,6.799e-05,29416.0,2.0,9.817774784612157e-05,0.0,0.0,113780.0,6.3281404334135e-06,0.0,0.0,11286.0,1.0694992595822433e-14,4.1781000000000005e-05,4.0,95738.0,2.2422301233659178e-05,0.0,0.0,6793.0,4.4853231045910517e-14
6.0,16.0,6.799e-05,29416.0,2.0,8.610264870767294e-05,8.7889e-05,10.0,113780.0,3.89524842600481e-05,8.8605e-05,1.0,11286.0,3.544200000641699e-05,2.089e-05,2.0,95738.0,2.180938074019551e-05,0.0,0.0,6793.0,2.691193862754631e-14
6.0,17.0,0.00020397099999999998,29416.0,6.0,0.00013324998922460376,0.000219722,25.0,113780.0,0.00011126029055602885,0.0,0.0,11286.0,2.1265200003850193e-05,0.000167123,16.0,95738.0,7.993482844411731e-05,0.0,0.0,6793.0,1.6147163176527787e-14
6.0,18.0,0.000373946,29416.0,11.0,0.00022952839353476226,0.000290033,33.0,113780.0,0.00018276937433361732,0.0,0.0,11286.0,1.2759120002310116e-05,0.000522259,50.0,95738.0,0.0002568644970664704,0.00014721,1.0,6793.0,5.8884000009688296e-05
6.0,19.0,0.00047593099999999997,29416.0,14.0,0.00032808943612085736,0.000404289,46.0,113780.0,0.0002713772246001704,0.0,0.0,11286.0,7.65547200138607e-06,0.000553594,53.0,95738.0,0.0003755562982398822,0.000294421,2.0,6793.0,0.00015309880000581298
6.0,20.0,0.0008838730000000001,29416.0,26.0,0.0005504028616725144,0.00041307800000000005,47.0,113780.0,0.0003280575347601023,0.0,0.0,11286.0,4.593283200831641e-06,0.0006789360000000001,65.0,95738.0,0.0004969081789439293,0.00014721,1.0,6793.0,0.0001507432800034878
6.0,21.0,0.0009518630000000001,29416.0,28.0,0.0007109869170035088,0.0003955,45.0,113780.0,0.00035503452085606135,0.000354421,4.0,11286.0,0.000144524369920499,0.001023627,98.0,95738.0,0.0007075957073663576,0.00014721,1.0,6793.0,0.00014932996800209267
6.0,22.0,0.0009518630000000001,29416.0,28.0,0.0008073373502021054,0.000500967,57.0,113780.0,0.0004134075125136368,0.00044302699999999997,5.0,11286.0,0.0002639254219522994,0.000919175,88.0,95738.0,0.0007922274244198146,0.000294421,2.0,6793.0,0.0002073663808012556
6.0,23.0,0.000373946,29416.0,11.0,0.0006339808101212632,0.000544911,62.0,113780.0,0.00046600890750818206,0.000354421,4.0,11286.0,0.0003001236531713796,0.0006893810000000001,66.0,95738.0,0.0007510888546518888,0.00014721,1.0,6793.0,0.00018330382848075335
6.0,24.0,0.000237966,29416.0,7.0,0.0004755748860727579,0.0003955,45.0,113780.0,0.0004378053445049093,8.8605e-05,1.0,11286.0,0.00021551619190282776,0.0005118130000000001,49.0,95738.0,0.0006553785127911333,0.0,0.0,6793.0,0.000109982297088452
6.0,25.0,3.3995e-05,29416.0,1.0,0.00029894293164365476,0.000140622,16.0,113780.0,0.00031893200670294556,8.8605e-05,1.0,11286.0,0.00016475171514169666,0.000490923,47.0,95738.0,0.00058959630767468,0.00014721,1.0,6793.0,0.00012487337825307118
6.0,26.0,6.799e-05,29416.0,2.0,0.00020656175898619284,0.00010546700000000001,12.0,113780.0,0.00023354600402176735,8.8605e-05,1.0,11286.0,0.000134293029085018,0.000407362,39.0,95738.0,0.0005167025846048079,0.000883262,6.0,6793.0,0.00042822882695184273
6.0,27.0,3.3995e-05,29416.0,1.0,0.0001375350553917157,7.0311e-05,8.0,113780.0,0.00016825200241306042,0.0,0.0,11286.0,8.057581745101079e-05,0.0003238,31.0,95738.0,0.00043954155076288473,0.000294421,2.0,6793.0,0.00037470569617110565
6.0,28.0,0.0,29416.0,0.0,8.252103323502941e-05,0.0,0.0,113780.0,0.00010095120144783625,0.00017721099999999998,2.0,11286.0,0.00011922989047060648,0.00030291,29.0,95738.0,0.00038488893045773083,0.0,0.0,6793.0,0.0002248234177026634
6.0,29.0,6.799e-05,29416.0,2.0,7.670861994101764e-05,1.7578e-05,2.0,113780.0,6.760192086870175e-05,0.000265816,3.0,11286.0,0.00017786433428236388,0.000313355,30.0,95738.0,0.0003562753582746385,0.0,0.0,6793.0,0.00013489405062159802
6.0,30.0,0.000101985,29416.0,3.0,8.681917196461058e-05,3.5156e-05,4.0,113780.0,5.462355252122105e-05,0.0,0.0,11286.0,0.00010671860056941832,0.000167123,16.0,95738.0,0.0002806144149647831,0.0,0.0,6793.0,8.093643037295881e-05
6.0,31.0,3.3995e-05,29416.0,1.0,6.568950317876635e-05,5.2733000000000005e-05,6.0,113780.0,5.3867331512732634e-05,0.0,0.0,11286.0,6.403116034165099e-05,0.00011489700000000001,11.0,95738.0,0.00021432744897886987,0.0,0.0,6793.0,4.856185822377529e-05
6.0,32.0,0.0,29416.0,0.0,3.941370190725981e-05,6.1522e-05,7.0,113780.0,5.692919890763958e-05,0.0,0.0,11286.0,3.8418696204990594e-05,8.356100000000001e-05,8.0,95738.0,0.00016202086938732192,0.00014721,1.0,6793.0,8.802111493426518e-05
6.0,33.0,0.0,29416.0,0.0,2.3648221144355884e-05,8.789e-06,1.0,113780.0,3.7673119344583746e-05,0.0,0.0,11286.0,2.3051217722994354e-05,7.311600000000001e-05,7.0,95738.0,0.00012645892163239315,0.00014721,1.0,6793.0,0.00011169666896055912
6.0,34.0,3.3995e-05,29416.0,1.0,2.778693268661353e-05,0.0,0.0,113780.0,2.2603871606750245e-05,0.0,0.0,11286.0,1.3830730633796613e-05,7.311600000000001e-05,7.0,95738.0,0.0001051217529794359,0.000294421,2.0,6793.0,0.00018478640137633548
6.0,35.0,0.0,29416.0,0.0,1.667215961196812e-05,0.0,0.0,113780.0,1.3562322964050146e-05,0.0,0.0,11286.0,8.298438380277966e-06,7.311600000000001e-05,7.0,95738.0,9.231945178766153e-05,0.0,0.0,6793.0,0.00011087184082580128
6.0,36.0,0.0,29416.0,0.0,1.000329576718087e-05,0.0,0.0,113780.0,8.137393778430087e-06,0.0,0.0,11286.0,4.9790630281667796e-06,2.089e-05,2.0,95738.0,6.374767107259692e-05,0.0,0.0,6793.0,6.652310449548076e-05
6.0,37.0,0.0,29416.0,0.0,6.001977460308522e-06,0.0,0.0,113780.0,4.882436267058052e-06,0.0,0.0,11286.0,2.9874378169000677e-06,2.089e-05,2.0,95738.0,4.660460264355815e-05,0.00014721,1.0,6793.0,9.879786269728847e-05
6.0,38.0,0.0,29416.0,0.0,3.601186476185113e-06,0.0,0.0,113780.0,2.929461760234831e-06,0.0,0.0,11286.0,1.7924626901400406e-06,2.089e-05,2.0,95738.0,3.631876158613489e-05,0.00014721,1.0,6793.0,0.00011816271761837308
6.0,39.0,3.3995e-05,29416.0,1.0,1.575871188571107e-05,0.0,0.0,113780.0,1.7576770561408983e-06,0.0,0.0,11286.0,1.0754776140840242e-06,0.0,0.0,95738.0,2.1791256951680933e-05,0.0,0.0,6793.0,7.089763057102385e-05
6.0,40.0,0.0,29416.0,0.0,9.455227131426641e-06,0.0,0.0,113780.0,1.0546062336845389e-06,0.0,0.0,11286.0,6.452865684504145e-07,3.1336e-05,3.0,95738.0,2.560915417100856e-05,0.0,0.0,6793.0,4.25385783426143e-05
6.0,41.0,0.0,29416.0,0.0,5.673136278855985e-06,0.0,0.0,113780.0,6.327637402107233e-07,0.0,0.0,11286.0,3.8717194107024867e-07,0.0,0.0,95738.0,1.5365492502605135e-05,0.0,0.0,6793.0,2.5523147005568583e-05
6.0,42.0,0.0,29416.0,0.0,3.403881767313591e-06,0.0,0.0,113780.0,3.79658244126434e-07,0.0,0.0,11286.0,2.323031646421492e-07,0.0,0.0,95738.0,9.21929550156308e-06,0.0,0.0,6793.0,1.5313888203341148e-05
6.0,43.0,0.0,29416.0,0.0,2.0423290603881544e-06,0.0,0.0,113780.0,2.2779494647586038e-07,0.0,0.0,11286.0,1.393818987852895e-07,0.0,0.0,95738.0,5.5315773009378475e-06,0.0,0.0,6793.0,9.188332922004688e-06
6.0,44.0,0.0,29416.0,0.0,1.2253974362328925e-06,0.0,0.0,113780.0,1.3667696788551623e-07,0.0,0.0,11286.0,8.362913927117371e-08,0.0,0.0,95738.0,3.3189463805627083e-06,0.0,0.0,6793.0,5.5129997532028126e-06
6.0,45.0,0.0,29416.0,0.0,7.352384617397355e-07,0.0,0.0,113780.0,8.200618073130974e-08,0.0,0.0,11286.0,5.017748356270422e-08,0.0,0.0,95738.0,1.991367828337625e-06,0.0,0.0,6793.0,3.3077998519216874e-06
6.0,46.0,0.0,29416.0,0.0,4.411430770438413e-07,0.0,0.0,113780.0,4.920370843878584e-08,0.0,0.0,11286.0,3.0106490137622534e-08,0.0,0.0,95738.0,1.194820697002575e-06,0.0,0.0,6793.0,1.984679911153012e-06
6.0,47.0,0.0,29416.0,0.0,2.6468584622630475e-07,0.0,0.0,113780.0,2.9522225063271502e-08,0.0,0.0,11286.0,1.806389408257352e-08,0.0,0.0,95738.0,7.168924182015449e-07,0.0,0.0,6793.0,1.1908079466918073e-06
6.0,48.0,0.0,29416.0,0.0,1.5881150773578284e-07,0.0,0.0,113780.0,1.77133350379629e-08,0.0,0.0,11286.0,1.0838336449544112e-08,0.0,0.0,95738.0,4.301354509209269e-07,0.0,0.0,6793.0,7.144847680150844e-07
6.0,49.0,0.0,29416.0,0.0,9.52869046414697e-08,0.0,0.0,113780.0,1.062800102277774e-08,0.0,0.0,11286.0,6.503001869726467e-09,0.0,0.0,95738.0,2.580812705525561e-07,0.0,0.0,6793.0,4.286908608090506e-07
6.0,50.0,0.0,29416.0,0.0,5.717214278488182e-08,0.0,0.0,113780.0,6.376800613666643e-09,0.0,0.0,11286.0,3.90180112183588e-09,0.0,0.0,95738.0,1.5484876233153367e-07,0.0,0.0,6793.0,2.572145164854304e-07
6.0,51.0,0.0,29416.0,0.0,3.4303285670929094e-08,0.0,0.0,113780.0,3.826080368199986e-09,0.0,0.0,11286.0,2.341080673101528e-09,0.0,0.0,95738.0,9.290925739892019e-08,0.0,0.0,6793.0,1.5432870989125821e-07
6.0,52.0,0.0,29416.0,0.0,2.0581971402557457e-08,0.0,0.0,113780.0,2.2956482209199915e-09,0.0,0.0,11286.0,1.4046484038609168e-09,0.0,0.0,95738.0,5.574555443935211e-08,0.0,0.0,6793.0,9.259722593475492e-08
7.0,1.0,0.0,29711.0,0.0,1.2349182841534473e-08,0.0,0.0,113780.0,1.3773889325519948e-09,0.0,0.0,11286.0,8.4278904231655e-10,0.0,0.0,95738.0,3.3447332663611266e-08,0.0,0.0,6793.0,5.555833556085295e-08
7.0,2.0,0.0,29711.0,0.0,7.409509704920683e-09,0.0,0.0,115896.0,8.264333595311968e-10,0.0,0.0,11466.0,5.0567342538993e-10,0.0,0.0,97693.0,2.006839959816676e-08,0.0,0.0,6848.0,3.333500133651177e-08
7.0,3.0,0.0,29711.0,0.0,4.445705822952409e-09,0.0,0.0,115896.0,4.95860015718718e-10,0.0,0.0,11466.0,3.03404055233958e-10,0.0,0.0,97693.0,1.2041039758900055e-08,0.0,0.0,6848.0,2.000100080190706e-08
7.0,4.0,0.0,29711.0,0.0,2.6674234937714455e-09,5.1771e-05,6.0,115896.0,2.0708697516009435e-05,0.0,0.0,11466.0,1.8204243314037477e-10,0.0,0.0,97693.0,7.2246238553400326e-09,0.0,0.0,6848.0,1.2000600481144235e-08
7.0,5.0,0.0,29711.0,0.0,1.6004540962628673e-09,4.3142e-05,5.0,115896.0,2.968201850960566e-05,0.0,0.0,11466.0,1.0922545988422486e-10,0.0,0.0,97693.0,4.334774313204019e-09,0.0,0.0,6848.0,7.2003602886865406e-09
7.0,6.0,0.0,29711.0,0.0,9.602724577577204e-10,8.628e-06,1.0,115896.0,2.1260411105763394e-05,0.0,0.0,11466.0,6.553527593053491e-11,0.0,0.0,97693.0,2.6008645879224114e-09,0.0,0.0,6848.0,4.320216173211924e-09
7.0,7.0,0.0,29711.0,0.0,5.761634746546322e-10,0.0,0.0,115896.0,1.2756246663458037e-05,0.0,0.0,11466.0,3.932116555832095e-11,0.0,0.0,97693.0,1.5605187527534468e-09,0.0,0.0,6848.0,2.5921297039271542e-09
7.0,8.0,0.0,29711.0,0.0,3.456980847927793e-10,0.0,0.0,115896.0,7.653747998074822e-06,0.0,0.0,11466.0,2.3592699334992567e-11,0.0,0.0,97693.0,9.363112516520681e-10,0.0,0.0,6848.0,1.5552778223562925e-09
7.0,9.0,0.0,29711.0,0.0,2.0741885087566758e-10,0.0,0.0,115896.0,4.5922487988448925e-06,0.0,0.0,11466.0,1.415561960099554e-11,0.0,0.0,97693.0,5.617867509912408e-10,0.0,0.0,6848.0,9.331666934137754e-10
7.0,10.0,0.0,29711.0,0.0,1.2445131052540053e-10,8.628e-06,1.0,115896.0,6.2065492793069354e-06,0.0,0.0,11466.0,8.493371760597323e-12,0.0,0.0,97693.0,3.3707205059474445e-10,0.0,0.0,6848.0,5.599000160482652e-10
7.0,11.0,0.0,29711.0,0.0,7.467078631524032e-11,0.0,0.0,115896.0,3.723929567584161e-06,0.0,0.0,11466.0,5.096023056358394e-12,0.0,0.0,97693.0,2.0224323035684665e-10,0.0,0.0,6848.0,3.359400096289591e-10
7.0,12.0,0.0,29711.0,0.0,4.4802471789144187e-11,0.0,0.0,115896.0,2.2343577405504966e-06,0.0,0.0,11466.0,3.0576138338150365e-12,0.0,0.0,97693.0,1.21345938214108e-10,0.0,0.0,6848.0,2.0156400577737545e-10
7.0,13.0,0.0,29711.0,0.0,2.688148307348651e-11,0.0,0.0,115896.0,1.3406146443302978e-06,0.0,0.0,11466.0,1.834568300289022e-12,1.0236e-05,1.0,97693.0,4.0944728075629284e-06,0.0,0.0,6848.0,1.2093840346642527e-10
7.0,14.0,0.0,29711.0,0.0,1.6128889844091905e-11,0.0,0.0,115896.0,8.043687865981787e-07,0.0,0.0,11466.0,1.100740980173413e-12,0.0,0.0,97693.0,2.456683684537757e-06,0.0,0.0,6848.0,7.256304207985515e-11
7.0,15.0,0.0,29711.0,0.0,9.677333906455143e-12,0.0,0.0,115896.0,4.826212719589072e-07,0.0,0.0,11466.0,6.604445881040478e-13,1.0236e-05,1.0,97693.0,5.568410210722654e-06,0.0,0.0,6848.0,4.353782524791309e-11
7.0,16.0,0.0,29711.0,0.0,5.8064003438730855e-12,0.0,0.0,115896.0,2.8957276317534427e-07,0.0,0.0,11466.0,3.962667528624287e-13,1.0236e-05,1.0,97693.0,7.435446126433593e-06,0.0,0.0,6848.0,2.6122695148747855e-11
7.0,17.0,0.0,29711.0,0.0,3.483840206323851e-12,0.0,0.0,115896.0,1.7374365790520656e-07,0.0,0.0,11466.0,2.377600517174572e-13,0.0,0.0,97693.0,4.461267675860156e-06,0.0,0.0,6848.0,1.5673617089248713e-11
7.0,18.0,0.0,29711.0,0.0,2.0903041237943104e-12,0.0,0.0,115896.0,1.0424619474312393e-07,0.0,0.0,11466.0,1.426560310304743e-13,1.0236e-05,1.0,97693.0,6.7711606055160936e-06,0.0,0.0,6848.0,9.404170253549228e-12
7.0,19.0,0.0,29711.0,0.0,1.2541824742765862e-12,0.0,0.0,115896.0,6.254771684587435e-08,0.0,0.0,11466.0,8.559361861828457e-14,1.0236e-05,1.0,97693.0,8.157096363309656e-06,0.0,0.0,6848.0,5.642502152129536e-12
7.0,20.0,0.0,29711.0,0.0,7.525094845659517e-13,0.0,0.0,115896.0,3.752863010752461e-08,0.0,0.0,11466.0,5.135617117097074e-14,0.0,0.0,97693.0,4.8942578179857935e-06,0.0,0.0,6848.0,3.3855012912777217e-12
7.0,21.0,0.0,29711.0,0.0,4.51505690739571e-13,0.0,0.0,115896.0,2.2517178064514767e-08,0.0,0.0,11466.0,3.081370270258244e-14,0.0,0.0,97693.0,2.936554690791476e-06,0.0,0.0,6848.0,2.031300774766633e-12
7.0,22.0,3.3658e-05,29711.0,1.0,1.3463200270903417e-05,8.628e-06,1.0,115896.0,3.464710306838709e-06,0.0,0.0,11466.0,1.8488221621549465e-14,0.0,0.0,97693.0,1.7619328144748857e-06,0.0,0.0,6848.0,1.2187804648599797e-12
7.0,23.0,6.7315e-05,29711.0,2.0,3.500392016254205e-05,6.0398999999999995e-05,7.0,115896.0,2.6238426184103225e-05,0.0,0.0,11466.0,1.1092932972929678e-14,0.0,0.0,97693.0,1.0571596886849313e-06,0.0,0.0,6848.0,7.312682789159878e-13
7.0,24.0,0.0,29711.0,0.0,2.100235209752523e-05,7.7656e-05,9.0,115896.0,4.680545571046194e-05,0.0,0.0,11466.0,6.655759783757807e-15,2.0472e-05,2.0,97693.0,8.823095813210959e-06,0.0,0.0,6848.0,4.3876096734959266e-13
7.0,25.0,0.000100973,29711.0,3.0,5.2990611258515144e-05,6.9027e-05,8.0,115896.0,5.569407342627716e-05,0.0,0.0,11466.0,3.993455870254684e-15,0.000327557,32.0,97693.0,0.00013631665748792658,0.0,0.0,6848.0,2.632565804097556e-13
7.0,26.0,0.000168288,29711.0,5.0,9.910956675510909e-05,0.000215711,25.0,115896.0,0.0001197008440557663,8.7214e-05,1.0,11466.0,3.488560000239607e-05,0.000501571,49.0,97693.0,0.000282418394492756,0.000146028,1.0,6848.0,5.841120015795395e-05
7.0,27.0,0.00026926099999999997,29711.0,8.0,0.00016717014005306546,0.00018119700000000002,21.0,115896.0,0.0001442993064334598,0.000523286,6.0,11466.0,0.00023024576000143764,0.00046062699999999997,45.0,97693.0,0.0003537018366956536,0.0,0.0,6848.0,3.504672009477237e-05
7.0,28.0,0.000336576,29711.0,10.0,0.00023493248403183927,0.000371022,43.0,115896.0,0.00023498838386007588,0.000348857,4.0,11466.0,0.0002776902560008626,0.00053228,52.0,97693.0,0.00042513310201739216,0.000146028,1.0,6848.0,7.943923205686343e-05
7.0,29.0,0.0008077819999999999,29711.0,24.0,0.0004640722904191036,0.000543591,63.0,115896.0,0.00035842943031604555,0.000348857,4.0,11466.0,0.0003061569536005176,0.000573224,56.0,97693.0,0.0004843694612104353,0.0,0.0,6848.0,4.766353923411805e-05
7.0,30.0,0.0009087539999999999,29711.0,27.0,0.0006419449742514621,0.000414164,48.0,115896.0,0.00038072325818962736,0.000261643,3.0,11466.0,0.00028835137216031055,0.000696058,68.0,97693.0,0.0005690448767262611,0.0,0.0,6848.0,2.859812354047083e-05
7.0,31.0,0.0008750969999999999,29711.0,26.0,0.0007352057845508772,0.0005608480000000001,65.0,115896.0,0.0004527731549137764,0.000174429,2.0,11466.0,0.00024278242329618633,0.001044087,102.0,97693.0,0.0007590617260357567,0.0,0.0,6848.0,1.7158874124282496e-05
7.0,32.0,0.001548248,29711.0,46.0,0.0010604226707305263,0.000474563,55.0,115896.0,0.0004614890929482659,0.00043607199999999997,5.0,11466.0,0.0003200982539777118,0.000972434,95.0,97693.0,0.000844410635621454,0.000876168,6.0,6848.0,0.0003607625244745695
7.0,33.0,0.000706809,29711.0,21.0,0.0009189772024383158,0.000293366,34.0,115896.0,0.0003942398557689595,8.7214e-05,1.0,11466.0,0.00022694455238662708,0.000245668,24.0,97693.0,0.0006049135813728724,0.0013142520000000001,9.0,6848.0,0.0007421583146847417
7.0,34.0,0.000201945,29711.0,6.0,0.0006321643214629894,0.000129426,15.0,115896.0,0.0002883143134613757,0.0,0.0,11466.0,0.00013616673143197625,0.000327557,32.0,97693.0,0.0004939709488237234,0.00073014,5.0,6848.0,0.000737350988810845
7.0,35.0,0.000302918,29711.0,9.0,0.0005004657928777937,0.00018119700000000002,21.0,115896.0,0.0002454673880768254,8.7214e-05,1.0,11466.0,0.00011658563885918574,0.000163778,16.0,97693.0,0.000361893769294234,0.000146028,1.0,6848.0,0.0005008217932865069
7.0,36.0,6.7315e-05,29711.0,2.0,0.00032720547572667616,6.0398999999999995e-05,7.0,115896.0,0.00017144003284609523,8.7214e-05,1.0,11466.0,0.00010483698331551142,8.1889e-05,8.0,97693.0,0.0002498918615765404,0.000146028,1.0,6848.0,0.00035890427597190413
7.0,37.0,0.0,29711.0,0.0,0.00019632328543600568,8.6284e-05,10.0,115896.0,0.00013737761970765715,0.0,0.0,11466.0,6.290218998930685e-05,3.0708000000000005e-05,3.0,97693.0,0.00016221831694592423,0.0,0.0,6848.0,0.00021534256558314248
7.0,38.0,0.0,29711.0,0.0,0.0001177939712616034,3.4514e-05,4.0,115896.0,9.623217182459429e-05,0.0,0.0,11466.0,3.7741313993584114e-05,1.0236e-05,1.0,97693.0,0.00010142539016755454,0.0,0.0,6848.0,0.0001292055393498855
7.0,39.0,0.0,29711.0,0.0,7.067638275696204e-05,3.4514e-05,4.0,115896.0,7.154490309475657e-05,0.0,0.0,11466.0,2.2644788396150466e-05,3.0708000000000005e-05,3.0,97693.0,7.313843410053272e-05,0.0,0.0,6848.0,7.752332360993129e-05
7.0,40.0,0.0,29711.0,0.0,4.2405829654177226e-05,2.5885e-05,3.0,115896.0,5.328094185685395e-05,0.0,0.0,11466.0,1.3586873037690279e-05,3.0708000000000005e-05,3.0,97693.0,5.616626046031964e-05,0.0,0.0,6848.0,4.651399416595877e-05
7.0,41.0,0.0,29711.0,0.0,2.5443497792506336e-05,1.7257e-05,2.0,115896.0,3.8871365114112366e-05,0.0,0.0,11466.0,8.152123822614167e-06,0.0,0.0,97693.0,3.369975627619178e-05,0.0,0.0,6848.0,2.7908396499575263e-05
7.0,42.0,0.0,29711.0,0.0,1.5266098675503802e-05,0.0,0.0,115896.0,2.332281906846742e-05,0.0,0.0,11466.0,4.8912742935685005e-06,0.0,0.0,97693.0,2.0219853765715068e-05,0.0,0.0,6848.0,1.6745037899745157e-05
7.0,43.0,0.0,29711.0,0.0,9.159659205302281e-06,0.0,0.0,115896.0,1.399369144108045e-05,0.0,0.0,11466.0,2.9347645761411e-06,0.0,0.0,97693.0,1.213191225942904e-05,0.0,0.0,6848.0,1.0047022739847093e-05
7.0,44.0,0.0,29711.0,0.0,5.495795523181368e-06,0.0,0.0,115896.0,8.39621486464827e-06,0.0,0.0,11466.0,1.76085874568466e-06,0.0,0.0,97693.0,7.279147355657424e-06,0.0,0.0,6848.0,6.028213643908255e-06
7.0,45.0,0.0,29711.0,0.0,3.297477313908821e-06,0.0,0.0,115896.0,5.037728918788962e-06,0.0,0.0,11466.0,1.056515247410796e-06,0.0,0.0,97693.0,4.367488413394454e-06,0.0,0.0,6848.0,3.616928186344953e-06
7.0,46.0,0.0,29711.0,0.0,1.9784863883452925e-06,0.0,0.0,115896.0,3.022637351273377e-06,0.0,0.0,11466.0,6.339091484464777e-07,0.0,0.0,97693.0,2.6204930480366726e-06,0.0,0.0,6848.0,2.1701569118069717e-06
7.0,47.0,0.0,29711.0,0.0,1.1870918330071754e-06,0.0,0.0,115896.0,1.813582410764026e-06,0.0,0.0,11466.0,3.803454890678866e-07,0.0,0.0,97693.0,1.5722958288220036e-06,0.0,0.0,6848.0,1.302094147084183e-06
7.0,48.0,0.0,29711.0,0.0,7.122550998043052e-07,0.0,0.0,115896.0,1.0881494464584155e-06,0.0,0.0,11466.0,2.2820729344073195e-07,0.0,0.0,97693.0,9.433774972932021e-07,0.0,0.0,6848.0,7.812564882505098e-07
7.0,49.0,0.0,29711.0,0.0,4.2735305988258314e-07,0.0,0.0,115896.0,6.528896678750493e-07,0.0,0.0,11466.0,1.3692437606443917e-07,0.0,0.0,97693.0,5.660264983759212e-07,0.0,0.0,6848.0,4.687538929503059e-07
7.0,50.0,0.0,29711.0,0.0,2.564118359295499e-07,0.0,0.0,115896.0,3.917338007250296e-07,0.0,0.0,11466.0,8.21546256386635e-08,0.0,0.0,97693.0,3.3961589902555273e-07,0.0,0.0,6848.0,2.812523357701835e-07
7.0,51.0,0.0,29711.0,0.0,1.538471015577299e-07,0.0,0.0,115896.0,2.3504028043501775e-07,0.0,0.0,11466.0,4.9292775383198104e-08,0.0,0.0,97693.0,2.0376953941533162e-07,0.0,0.0,6848.0,1.687514014621101e-07
7.0,52.0,0.0,29711.0,0.0,9.230826093463795e-08,0.0,0.0,115896.0,1.4102416826101064e-07,0.0,0.0,11466.0,2.957566522991886e-08,0.0,0.0,97693.0,1.2226172364919897e-07,0.0,0.0,6848.0,1.0125084087726605e-07
8.0,1.0,0.0,30273.0,0.0,5.538495656078277e-08,0.0,0.0,115896.0,8.461450095660638e-08,0.0,0.0,11466.0,1.7745399137951315e-08,0.0,0.0,97693.0,7.335703418951938e-08,0.0,0.0,6848.0,6.075050452635963e-08
8.0,2.0,0.0,30273.0,0.0,3.3230973936469663e-08,0.0,0.0,117441.0,5.0768700573963825e-08,0.0,0.0,11711.0,1.0647239482770789e-08,0.0,0.0,100000.0,4.401422051371162e-08,0.0,0.0,6795.0,3.6450302715815774e-08
8.0,3.0,0.0,30273.0,0.0,1.9938584361881797e-08,0.0,0.0,117441.0,3.046122034437829e-08,0.0,0.0,11711.0,6.388343689662473e-09,0.0,0.0,100000.0,2.6408532308226973e-08,0.0,0.0,6795.0,2.1870181629489464e-08
8.0,4.0,0.0,30273.0,0.0,1.1963150617129078e-08,0.0,0.0,117441.0,1.8276732206626974e-08,0.0,0.0,11711.0,3.833006213797483e-09,0.0,0.0,100000.0,1.5845119384936183e-08,0.0,0.0,6795.0,1.3122108977693678e-08
8.0,5.0,0.0,30273.0,0.0,7.1778903702774464e-09,0.0,0.0,117441.0,1.0966039323976184e-08,0.0,0.0,11711.0,2.29980372827849e-09,0.0,0.0,100000.0,9.50707163096171e-09,0.0,0.0,6795.0,7.873265386616207e-09
8.0,6.0,0.0,30273.0,0.0,4.306734222166467e-09,0.0,0.0,117441.0,6.57962359438571e-09,0.0,0.0,11711.0,1.379882236967094e-09,0.0,0.0,100000.0,5.704242978577025e-09,0.0,0.0,6795.0,4.723959231969724e-09
8.0,7.0,3.3033e-05,30273.0,1.0,1.32157840405333e-05,1.703e-05,2.0,117441.0,6.815947774156633e-06,0.0,0.0,11711.0,8.279293421802563e-10,0.0,0.0,100000.0,3.422545787146215e-09,0.0,0.0,6795.0,2.8343755391818343e-09
8.0,8.0,0.0,30273.0,0.0,7.92947042431998e-06,4.2575e-05,5.0,117441.0,2.111956866449398e-05,0.0,0.0,11711.0,4.967576053081538e-10,0.0,0.0,100000.0,2.053527472287729e-09,0.0,0.0,6795.0,1.7006253235091005e-09
8.0,9.0,0.0,30273.0,0.0,4.7576822545919875e-06,3.406e-05,4.0,117441.0,2.629574119869639e-05,0.0,0.0,11711.0,2.9805456318489224e-10,0.0,0.0,100000.0,1.2321164833726374e-09,0.0,0.0,6795.0,1.0203751941054604e-09
8.0,10.0,0.0,30273.0,0.0,2.8546093527551923e-06,4.2575e-05,5.0,117441.0,3.280744471921783e-05,0.0,0.0,11711.0,1.7883273791093533e-10,0.0,0.0,100000.0,7.392698900235824e-10,0.0,0.0,6795.0,6.122251164632762e-10
8.0,11.0,0.0,30273.0,0.0,1.7127656116531154e-06,4.2575e-05,5.0,117441.0,3.6714466831530695e-05,0.0,0.0,11711.0,1.0729964274656119e-10,2e-05,2.0,100000.0,8.000443561934015e-06,0.0,0.0,6795.0,3.6733506987796574e-10
8.0,12.0,0.0,30273.0,0.0,1.0276593669918691e-06,3.406e-05,4.0,117441.0,3.5652680098918415e-05,0.0,0.0,11711.0,6.437978564793671e-11,0.0,0.0,100000.0,4.800266137160409e-06,0.0,0.0,6795.0,2.2040104192677942e-10
8.0,13.0,3.3033e-05,30273.0,1.0,1.3829795620195122e-05,4.2575e-05,5.0,117441.0,3.842160805935105e-05,0.0,0.0,11711.0,3.8627871388762027e-11,0.0,0.0,100000.0,2.8801596822962456e-06,0.0,0.0,6795.0,1.3224062515606765e-10
8.0,14.0,3.3033e-05,30273.0,1.0,2.1511077372117073e-05,3.406e-05,4.0,117441.0,3.667696483561063e-05,0.0,0.0,11711.0,2.3176722833257216e-11,0.0,0.0,100000.0,1.7280958093777472e-06,0.0,0.0,6795.0,7.934437509364059e-11
8.0,15.0,0.0,30273.0,0.0,1.2906646423270243e-05,4.2575e-05,5.0,117441.0,3.9036178901366374e-05,0.0,0.0,11711.0,1.3906033699954329e-11,0.0,0.0,100000.0,1.0368574856266483e-06,0.0,0.0,6795.0,4.760662505618435e-11
8.0,16.0,0.0,30273.0,0.0,7.743987853962146e-06,5.1089e-05,6.0,117441.0,4.3857307340819824e-05,0.0,0.0,11711.0,8.343620219972597e-12,0.0,0.0,100000.0,6.22114491375989e-07,0.0,0.0,6795.0,2.856397503371061e-11
8.0,17.0,6.6065e-05,30273.0,2.0,3.107239271237729e-05,3.406e-05,4.0,117441.0,3.99383844044919e-05,0.0,0.0,11711.0,5.006172131983558e-12,2e-05,2.0,100000.0,8.373268694825595e-06,0.0,0.0,6795.0,1.7138385020226366e-11
8.0,18.0,0.000660655,30273.0,20.0,0.0002829054356274264,0.000170298,20.0,117441.0,9.208223064269515e-05,0.0,0.0,11711.0,3.0037032791901348e-12,9e-05,9.0,100000.0,4.1023961216895355e-05,0.000147167,1.0,6795.0,5.8866810283031015e-05
8.0,19.0,0.000495491,30273.0,15.0,0.00036793966137645584,0.000332082,39.0,117441.0,0.00018808213838561707,0.000256169,3.0,11711.0,0.00010246760180222198,0.0004,40.0,100000.0,0.00018461437673013723,0.000147167,1.0,6795.0,9.41868861698186e-05
8.0,20.0,0.001387375,30273.0,42.0,0.0007757137968258735,0.000391686,46.0,117441.0,0.00026952368303137026,0.0,0.0,11711.0,6.148056108133318e-05,0.00047999999999999996,48.0,100000.0,0.00030276862603808235,0.000735835,5.0,6795.0,0.0003508461317018912
8.0,21.0,0.001288277,30273.0,39.0,0.000980739078095524,0.00051941,61.0,117441.0,0.00036947820981882216,0.000256169,3.0,11711.0,0.0001393559366487999,0.00047999999999999996,48.0,100000.0,0.00037366117562284945,0.0,0.0,6795.0,0.0002105076790211347
8.0,22.0,0.001024015,30273.0,31.0,0.0009980494468573146,0.000476835,56.0,117441.0,0.0004124209258912933,0.00017078,2.0,11711.0,0.00015192556198927995,0.00091,91.0,100000.0,0.0005881967053737097,0.000588668,4.0,6795.0,0.00036177180741268087
8.0,23.0,0.0007597530000000001,30273.0,23.0,0.0009027308681143888,0.00045129,53.0,117441.0,0.000427968555534776,0.001110067,13.0,11711.0,0.000535182137193568,0.00134,134.0,100000.0,0.0008889180232242258,0.001177336,8.0,6795.0,0.0006879974844476085
8.0,24.0,0.0008258180000000001,30273.0,25.0,0.0008719657208686334,0.000391686,46.0,117441.0,0.00041345553332086557,0.000683118,8.0,11711.0,0.0005943564823161408,0.00149,149.0,100000.0,0.0011293508139345355,0.0008830019999999999,6.0,6795.0,0.000765999290668565
8.0,25.0,0.00019819599999999998,30273.0,6.0,0.0006024578325211801,0.000596044,70.0,117441.0,0.00048649091999251935,0.000768508,9.0,11711.0,0.0006640170893896845,0.0012,120.0,100000.0,0.0011576104883607211,0.000147167,1.0,6795.0,0.000518466374401139
8.0,26.0,6.6065e-05,30273.0,2.0,0.00038790069951270806,0.000349111,41.0,117441.0,0.0004315389519955116,0.000683118,8.0,11711.0,0.0006716574536338107,0.001,100.0,100000.0,0.0010945662930164327,0.000588668,4.0,6795.0,0.0005465470246406835
8.0,27.0,0.000165164,30273.0,5.0,0.00029880601970762484,0.00027247700000000003,32.0,117441.0,0.00036791417119730693,0.00017078,2.0,11711.0,0.0004713064721802864,0.00072,72.0,100000.0,0.0009447397758098595,0.00044150099999999996,3.0,6795.0,0.00050452861478441
8.0,28.0,0.000165164,30273.0,5.0,0.0002453492118245749,0.000289507,34.0,117441.0,0.00033655130271838414,0.000768508,9.0,11711.0,0.0005901870833081718,0.0005099999999999999,51.0,100000.0,0.0007708438654859157,0.001030169,7.0,6795.0,0.000714784768870646
8.0,29.0,9.909799999999999e-05,30273.0,3.0,0.0001868487270947449,0.000280992,33.0,117441.0,0.0003143275816310305,0.0,0.0,11711.0,0.00035411224998490307,0.00047999999999999996,48.0,100000.0,0.0006545063192915494,0.000147167,1.0,6795.0,0.0004877376613223876
8.0,30.0,0.0,30273.0,0.0,0.00011210923625684694,0.000195843,23.0,117441.0,0.0002669337489786183,0.0,0.0,11711.0,0.00021246734999094184,0.00044,44.0,100000.0,0.0005687037915749297,0.000147167,1.0,6795.0,0.0003515093967934326
8.0,31.0,6.6065e-05,30273.0,2.0,9.369154175410815e-05,0.000170298,20.0,117441.0,0.000228279449387171,0.00017078,2.0,11711.0,0.00019579240999456507,0.00023999999999999998,24.0,100000.0,0.0004372222749449578,0.000294334,2.0,6795.0,0.00032863923807605955
8.0,32.0,0.0,30273.0,0.0,5.6214925052464887e-05,0.00011920899999999999,14.0,117441.0,0.00018465126963230257,0.0,0.0,11711.0,0.00011747544599673903,0.00028,28.0,100000.0,0.0003743333649669747,0.0,0.0,6795.0,0.00019718354284563574
8.0,33.0,9.909799999999999e-05,30273.0,3.0,7.336815503147893e-05,3.406e-05,4.0,117441.0,0.00012441476177938154,0.0,0.0,11711.0,7.048526759804342e-05,9e-05,9.0,100000.0,0.0002606000189801848,0.0,0.0,6795.0,0.00011831012570738143
8.0,34.0,0.0,30273.0,0.0,4.4020893018887356e-05,3.406e-05,4.0,117441.0,8.827285706762893e-05,0.0,0.0,11711.0,4.2291160558826046e-05,4e-05,4.0,100000.0,0.0001723600113881109,0.000147167,1.0,6795.0,0.00012985287542442887
8.0,35.0,3.3033e-05,30273.0,1.0,3.962573581133241e-05,3.406e-05,4.0,117441.0,6.658771424057736e-05,0.0,0.0,11711.0,2.5374696335295626e-05,0.00011,11.0,100000.0,0.00014741600683286653,0.000147167,1.0,6795.0,0.0001367785252546573
8.0,36.0,0.0,30273.0,0.0,2.3775441486799445e-05,0.0,0.0,117441.0,3.995262854434641e-05,0.0,0.0,11711.0,1.5224817801177375e-05,5e-05,5.0,100000.0,0.00010844960409971992,0.0,0.0,6795.0,8.206711515279439e-05
8.0,37.0,0.0,30273.0,0.0,1.4265264892079666e-05,0.0,0.0,117441.0,2.3971577126607847e-05,0.0,0.0,11711.0,9.134890680706424e-06,1e-05,1.0,100000.0,6.906976245983195e-05,0.000147167,1.0,6795.0,0.00010810706909167663
8.0,38.0,0.0,30273.0,0.0,8.5591589352478e-06,0.0,0.0,117441.0,1.4382946275964708e-05,0.0,0.0,11711.0,5.480934408423854e-06,1e-05,1.0,100000.0,4.544185747589917e-05,0.000147167,1.0,6795.0,0.00012373104145500598
8.0,39.0,3.3033e-05,30273.0,1.0,1.834869536114868e-05,0.0,0.0,117441.0,8.629767765578825e-06,0.0,0.0,11711.0,3.2885606450543126e-06,2.9999999999999997e-05,3.0,100000.0,3.92651144855395e-05,0.0013245029999999999,9.0,6795.0,0.0006040398248730036
8.0,40.0,0.0,30273.0,0.0,1.1009217216689208e-05,0.0,0.0,117441.0,5.177860659347295e-06,0.0,0.0,11711.0,1.9731363870325877e-06,0.0,0.0,100000.0,2.35590686913237e-05,0.0,0.0,6795.0,0.0003624238949238021
8.0,41.0,0.0,30273.0,0.0,6.605530330013525e-06,0.0,0.0,117441.0,3.106716395608377e-06,0.0,0.0,11711.0,1.1838818322195526e-06,0.0,0.0,100000.0,1.4135441214794219e-05,0.0,0.0,6795.0,0.00021745433695428127
8.0,42.0,0.0,30273.0,0.0,3.9633181980081145e-06,0.0,0.0,117441.0,1.864029837365026e-06,0.0,0.0,11711.0,7.103290993317316e-07,0.0,0.0,100000.0,8.481264728876531e-06,0.0,0.0,6795.0,0.00013047260217256875
8.0,43.0,0.0,30273.0,0.0,2.3779909188048687e-06,0.0,0.0,117441.0,1.1184179024190156e-06,0.0,0.0,11711.0,4.2619745959903894e-07,0.0,0.0,100000.0,5.088758837325919e-06,0.0,0.0,6795.0,7.828356130354124e-05
8.0,44.0,0.0,30273.0,0.0,1.4267945512829212e-06,0.0,0.0,117441.0,6.710507414514093e-07,0.0,0.0,11711.0,2.5571847575942337e-07,0.0,0.0,100000.0,3.053255302395551e-06,0.0,0.0,6795.0,4.697013678212474e-05
8.0,45.0,0.0,30273.0,0.0,8.560767307697526e-07,0.0,0.0,117441.0,4.026304448708456e-07,0.0,0.0,11711.0,1.5343108545565403e-07,0.0,0.0,100000.0,1.8319531814373306e-06,0.0,0.0,6795.0,2.8182082069274844e-05
8.0,46.0,0.0,30273.0,0.0,5.136460384618516e-07,0.0,0.0,117441.0,2.415782669225074e-07,0.0,0.0,11711.0,9.205865127339241e-08,0.0,0.0,100000.0,1.0991719088623983e-06,0.0,0.0,6795.0,1.6909249241564904e-05
8.0,47.0,0.0,30273.0,0.0,3.0818762307711093e-07,0.0,0.0,117441.0,1.4494696015350441e-07,0.0,0.0,11711.0,5.5235190764035444e-08,0.0,0.0,100000.0,6.595031453174389e-07,0.0,0.0,6795.0,1.0145549544938942e-05
8.0,48.0,0.0,30273.0,0.0,1.8491257384626656e-07,0.0,0.0,117441.0,8.696817609210265e-08,0.0,0.0,11711.0,3.314111445842127e-08,0.0,0.0,100000.0,3.9570188719046334e-07,0.0,0.0,6795.0,6.087329726963365e-06
8.0,49.0,0.0,30273.0,0.0,1.1094754430775993e-07,0.0,0.0,117441.0,5.2180905655261586e-08,0.0,0.0,11711.0,1.988466867505276e-08,0.0,0.0,100000.0,2.37421132314278e-07,0.0,0.0,6795.0,3.652397836178019e-06
8.0,50.0,0.0,30273.0,0.0,6.656852658465595e-08,0.0,0.0,117441.0,3.130854339315695e-08,0.0,0.0,11711.0,1.1930801205031656e-08,0.0,0.0,100000.0,1.424526793885668e-07,0.0,0.0,6795.0,2.1914387017068113e-06
8.0,51.0,0.0,30273.0,0.0,3.994111595079357e-08,0.0,0.0,117441.0,1.878512603589417e-08,0.0,0.0,11711.0,7.1584807230189935e-09,0.0,0.0,100000.0,8.547160763314007e-08,0.0,0.0,6795.0,1.3148632210240866e-06
8.0,52.0,0.0,30273.0,0.0,2.396466957047614e-08,0.0,0.0,117441.0,1.12710756215365e-08,0.0,0.0,11711.0,4.295088433811396e-09,0.0,0.0,100000.0,5.128296457988404e-08,0.0,0.0,6795.0,7.88917932614452e-07
9.0,1.0,0.0,30846.0,0.0,1.4378801742285684e-08,0.0,0.0,117441.0,6.7626453729219e-09,0.0,0.0,11711.0,2.5770530602868376e-09,0.0,0.0,100000.0,3.076977874793042e-08,0.0,0.0,6795.0,4.733507595686712e-07
9.0,2.0,0.0,30846.0,0.0,8.62728104537141e-09,0.0,0.0,119007.0,4.05758722375314e-09,0.0,0.0,11961.0,1.5462318361721025e-09,0.0,0.0,102361.0,1.846186724875825e-08,0.0,0.0,6742.0,2.840104557412027e-07
9.0,3.0,0.0,30846.0,0.0,5.176368627222845e-09,0.0,0.0,119007.0,2.434552334251884e-09,0.0,0.0,11961.0,9.277391017032614e-10,0.0,0.0,102361.0,1.107712034925495e-08,0.0,0.0,6742.0,1.7040627344472163e-07
9.0,4.0,0.0,30846.0,0.0,3.105821176333707e-09,0.0,0.0,119007.0,1.4607314005511304e-09,0.0,0.0,11961.0,5.566434610219568e-10,0.0,0.0,102361.0,6.64627220955297e-09,0.0,0.0,6742.0,1.0224376406683298e-07
9.0,5.0,0.0,30846.0,0.0,1.863492705800224e-09,0.0,0.0,119007.0,8.764388403306782e-10,0.0,0.0,11961.0,3.339860766131741e-10,0.0,0.0,102361.0,3.987763325731782e-09,0.0,0.0,6742.0,6.134625844009979e-08
9.0,6.0,0.0,30846.0,0.0,1.1180956234801344e-09,0.0,0.0,119007.0,5.258633041984069e-10,0.0,0.0,11961.0,2.0039164596790443e-10,0.0,0.0,102361.0,2.3926579954390693e-09,0.0,0.0,6742.0,3.680775506405987e-08
9.0,7.0,0.0,30846.0,0.0,6.708573740880806e-10,8.402999999999999e-06,1.0,119007.0,3.3615155179825186e-06,0.0,0.0,11961.0,1.2023498758074265e-10,0.0,0.0,102361.0,1.4355947972634416e-09,0.0,0.0,6742.0,2.208465303843592e-08
9.0,8.0,0.0,30846.0,0.0,4.0251442445284836e-10,1.6805999999999998e-05,2.0,119007.0,8.739309310789511e-06,0.0,0.0,11961.0,7.214099254844559e-11,9.768999999999999e-06,1.0,102361.0,3.908461356878358e-06,0.0,0.0,6742.0,1.3250791823061553e-08
9.0,9.0,0.0,30846.0,0.0,2.41508654671709e-10,1.6805999999999998e-05,2.0,119007.0,1.1965985586473706e-05,0.0,0.0,11961.0,4.328459552906735e-11,0.0,0.0,102361.0,2.3450768141270145e-06,0.0,0.0,6742.0,7.950475093836931e-09
9.0,10.0,6.4839e-05,30846.0,2.0,2.59357449051928e-05,0.0,0.0,119007.0,7.179591351884223e-06,0.0,0.0,11961.0,2.597075731744041e-11,0.0,0.0,102361.0,1.4070460884762086e-06,0.0,0.0,6742.0,4.770285056302159e-09
9.0,11.0,0.0,30846.0,0.0,1.556144694311568e-05,8.402999999999999e-06,1.0,119007.0,7.668954811130534e-06,0.0,0.0,11961.0,1.5582454390464247e-11,9.768999999999999e-06,1.0,102361.0,4.751827653085725e-06,0.0,0.0,6742.0,2.8621710337812954e-09
9.0,12.0,0.0,30846.0,0.0,9.336868165869408e-06,8.402999999999999e-06,1.0,119007.0,7.96257288667832e-06,0.0,0.0,11961.0,9.349472634278548e-12,2.9308e-05,3.0,102361.0,1.4574296591851437e-05,0.0,0.0,6742.0,1.7173026202687772e-09
9.0,13.0,0.0,30846.0,0.0,5.602120899521645e-06,1.6805999999999998e-05,2.0,119007.0,1.149994373200699e-05,0.0,0.0,11961.0,5.609683580567129e-12,0.0,0.0,102361.0,8.744577955110861e-06,0.0,0.0,6742.0,1.0303815721612663e-09
9.0,14.0,9.7259e-05,30846.0,3.0,4.2264872539712995e-05,8.402999999999999e-06,1.0,119007.0,1.0261166239204193e-05,0.0,0.0,11961.0,3.365810148340277e-12,9.768999999999999e-06,1.0,102361.0,9.154346773066517e-06,0.0,0.0,6742.0,6.182289432967597e-10
9.0,15.0,0.000162098,30846.0,5.0,9.01981235238278e-05,0.0,0.0,119007.0,6.1566997435225154e-06,0.0,0.0,11961.0,2.0194860890041662e-12,0.00014654,15.0,102361.0,6.410860806383991e-05,0.0,0.0,6742.0,3.7093736597805583e-10
9.0,16.0,0.000129678,30846.0,4.0,0.00010599007411429668,0.0,0.0,119007.0,3.694019846113509e-06,8.360299999999999e-05,1.0,11961.0,3.344120121169166e-05,4.8846999999999995e-05,5.0,102361.0,5.8003964838303945e-05,0.0,0.0,6742.0,2.225624195868335e-10
9.0,17.0,0.000194517,30846.0,6.0,0.000141400844468578,5.0416999999999995e-05,6.0,119007.0,2.2383211907668102e-05,8.360299999999999e-05,1.0,11961.0,5.3505920727015e-05,0.000175847,18.0,102361.0,0.00010514117890298237,0.0,0.0,6742.0,1.3353745175210008e-10
9.0,18.0,0.000259356,30846.0,8.0,0.0001885829066811468,0.00011764100000000001,14.0,119007.0,6.048632714460087e-05,0.000167207,2.0,11961.0,9.8986352436209e-05,0.000293079,30.0,102361.0,0.00018031630734178944,0.0,0.0,6742.0,8.012247105126005e-11
9.0,19.0,0.000551132,30846.0,17.0,0.00033360254400868804,0.000151252,18.0,119007.0,9.679259628676052e-05,0.0,0.0,11961.0,5.93918114617254e-05,0.000732698,75.0,102361.0,0.0004012689844050737,0.00029663,2.0,6742.0,0.00011865204807348263
9.0,20.0,0.000259356,30846.0,8.0,0.0003039039264052128,0.000302504,36.0,119007.0,0.0001790771577720563,0.00041801699999999997,5.0,11961.0,0.00020284188687703524,0.0009183139999999999,94.0,102361.0,0.0006080869906430442,0.000148315,1.0,6742.0,0.00013051722884408956
9.0,21.0,0.000259356,30846.0,8.0,0.00028608475584312765,0.00016805799999999998,20.0,119007.0,0.00017466949466323379,0.001003241,12.0,11961.0,0.0005230015321262212,0.000869468,89.0,102361.0,0.0007126393943858266,0.0,0.0,6742.0,7.831033730645374e-05
9.0,22.0,0.0009401660000000001,30846.0,29.0,0.0005477172535058766,0.00023528099999999997,28.0,119007.0,0.00019891409679794028,0.000334414,4.0,11961.0,0.0004475665192757327,0.000654543,67.0,102361.0,0.000689400836631496,0.00029663,2.0,6742.0,0.00016563820238387224
9.0,23.0,0.001231941,30846.0,38.0,0.0008214067521035259,0.00026049,31.0,119007.0,0.00022354445807876416,0.000585224,7.0,11961.0,0.0005026295115654396,0.000615466,63.0,102361.0,0.0006598269019788976,0.0,0.0,6742.0,9.938292143032334e-05
9.0,24.0,0.001231941,30846.0,38.0,0.0009856204512621156,0.00026049,31.0,119007.0,0.0002383226748472585,0.000334414,4.0,11961.0,0.00043534330693926376,0.001211393,124.0,102361.0,0.0008804533411873386,0.00059326,4.0,6742.0,0.000296933752858194
