year,flu week,LI rate,LI pop,LI count,LI weighted rate,TO rate,TO count,TO pop,TO weighted rate,PO rate,PO count,PO pop,PO weighted rate,CMHD rate,CMHD count,CMHD pop,CMHD weighted rate,HI rate,HI count,HI pop,HI weighted rate
,,,,,0.0,,,,,,,,,,,,,,,,
1.0,1.0,0.0,2347.0,0.0,0.0,,,,0.0,,,,0.0,,,,0.0,,,,0.0
1.0,2.0,0.0,2347.0,0.0,0.0,0.0,0.0,5343.0,0.0,0.000324781,2.0,6158.0,0.000324781,3.6304000000000003e-05,1.0,27545.0,3.6304000000000003e-05,0.001610406,26.0,16145.0,0.001610406
1.0,3.0,0.0,2347.0,0.0,0.0,0.0,0.0,5343.0,0.0,0.0,0.0,6158.0,0.0001948686,0.0,0.0,27545.0,2.17824e-05,0.001610406,26.0,16145.0,0.001610406
1.0,4.0,0.000852152,2347.0,2.0,0.0003408608,0.0,0.0,5343.0,0.0,0.0,0.0,6158.0,0.00011692115999999998,0.0,0.0,27545.0,1.306944e-05,0.0015484670000000002,25.0,16145.0,0.0015856304000000001
1.0,5.0,0.001278228,2347.0,3.0,0.00071580768,0.0,0.0,5343.0,0.0,0.0,0.0,6158.0,7.015269599999999e-05,0.0005082590000000001,14.0,27545.0,0.00021114526400000004,0.0015484670000000002,25.0,16145.0,0.0015707650400000003
1.0,6.0,0.001278228,2347.0,3.0,0.0009407758080000001,0.0,0.0,5343.0,0.0,0.0,0.0,6158.0,4.209161759999999e-05,0.000217825,6.0,27545.0,0.00021381715840000003,0.0019820379999999998,32.0,16145.0,0.0017352742240000002
1.0,7.0,0.0,2347.0,0.0,0.0005644654848000001,0.00018716099999999998,1.0,5343.0,7.48644e-05,0.0,0.0,6158.0,2.5254970559999993e-05,0.0005082590000000001,14.0,27545.0,0.00033159389504000005,0.003902137,63.0,16145.0,0.0026020193344
1.0,8.0,0.0,2347.0,0.0,0.00033867929088000003,0.003743215,20.0,5343.0,0.00154220464,0.0027606370000000002,17.0,6158.0,0.001119407782336,0.0012343439999999998,34.0,27545.0,0.0006926939370239999,0.0064416230000000005,104.0,16145.0,0.004137860800640001
1.0,9.0,0.000426076,2347.0,1.0,0.00037363797452800003,0.0056148230000000006,30.0,5343.0,0.0031712519840000003,0.003085417,19.0,6158.0,0.0019058114694016001,0.00094391,26.0,27545.0,0.0007931803622144,0.0040260140000000005,65.0,16145.0,0.004093122080384001
1.0,10.0,0.0,2347.0,0.0,0.00022418278471680002,0.0056148230000000006,30.0,5343.0,0.004148680390400001,0.0,0.0,6158.0,0.00114348688164096,0.002178254,60.0,27545.0,0.00134720981732864,0.002725302,44.0,16145.0,0.003545994048230401
1.0,11.0,0.0,2347.0,0.0,0.00013450967083008,0.0018716079999999999,10.0,5343.0,0.0032378514342400002,0.0,0.0,6158.0,0.0006860921289845761,0.001161735,32.0,27545.0,0.001273019890397184,0.001796222,29.0,16145.0,0.0028460852289382403
1.0,12.0,0.0,2347.0,0.0,8.0705802498048e-05,0.0,0.0,5343.0,0.001942710860544,0.0,0.0,6158.0,0.00041165527739074566,0.0005082590000000001,14.0,27545.0,0.0009671155342383104,0.00142459,23.0,16145.0,0.0022774871373629443
1.0,13.0,0.0,2347.0,0.0,4.84234814988288e-05,0.0,0.0,5343.0,0.0011656265163264,0.0,0.0,6158.0,0.00024699316643444737,7.260800000000001e-05,2.0,27545.0,0.0006093125205429863,0.002043976,33.0,16145.0,0.0021840826824177663
1.0,14.0,0.0,2347.0,0.0,2.9054088899297276e-05,0.0,0.0,5343.0,0.0006993759097958399,0.0,0.0,6158.0,0.00014819589986066843,0.0,0.0,27545.0,0.00036558751232579177,0.000867142,14.0,16145.0,0.00165730640945066
1.0,15.0,0.0,2347.0,0.0,1.7432453339578366e-05,0.0,0.0,5343.0,0.0004196255458775039,0.0,0.0,6158.0,8.891753991640106e-05,0.0,0.0,27545.0,0.00021935250739547505,0.002725302,44.0,16145.0,0.0020845046456703957
1.0,16.0,0.0,2347.0,0.0,1.0459472003747018e-05,0.0,0.0,5343.0,0.0002517753275265023,0.0,0.0,6158.0,5.3350523949840636e-05,3.6304000000000003e-05,1.0,27545.0,0.00014613310443728502,0.00185816,30.0,16145.0,0.0019939667874022374
1.0,17.0,0.0,2347.0,0.0,6.275683202248211e-06,0.0,0.0,5343.0,0.00015106519651590138,0.0,0.0,6158.0,3.201031436990438e-05,0.0,0.0,27545.0,8.7679862662371e-05,0.0028491790000000003,46.0,16145.0,0.0023360516724413426
1.0,18.0,0.0,2347.0,0.0,3.765409921348926e-06,0.00018716099999999998,1.0,5343.0,0.00016550351790954083,0.0,0.0,6158.0,1.920618862194263e-05,7.260800000000001e-05,2.0,27545.0,8.165111759742261e-05,0.00142459,23.0,16145.0,0.0019714670034648055
1.0,19.0,0.0,2347.0,0.0,2.259245952809356e-06,0.0,0.0,5343.0,9.93021107457245e-05,0.0,0.0,6158.0,1.1523713173165576e-05,0.000145217,4.0,27545.0,0.00010707747055845358,0.0015484670000000002,25.0,16145.0,0.0018022670020788833
1.0,20.0,0.0,2347.0,0.0,1.3555475716856135e-06,0.0,0.0,5343.0,5.95812664474347e-05,0.0,0.0,6158.0,6.914227903899346e-06,7.260800000000001e-05,2.0,27545.0,9.328968233507215e-05,0.0026633629999999998,43.0,16145.0,0.00214670540124733
1.0,21.0,0.0,2347.0,0.0,8.133285430113681e-07,0.0,0.0,5343.0,3.5748759868460814e-05,0.0,0.0,6158.0,4.1485367423396075e-06,0.0,0.0,27545.0,5.597380940104329e-05,0.0027872409999999998,45.0,16145.0,0.002402919640748398
1.0,22.0,0.0,2347.0,0.0,4.879971258068209e-07,0.0,0.0,5343.0,2.1449255921076487e-05,0.0,0.0,6158.0,2.4891220454037644e-06,3.6304000000000003e-05,1.0,27545.0,4.810588564062597e-05,0.0029730570000000003,48.0,16145.0,0.002630974584449039
1.0,23.0,0.0,2347.0,0.0,2.9279827548409253e-07,0.0,0.0,5343.0,1.2869553552645892e-05,0.0,0.0,6158.0,1.4934732272422586e-06,0.0,0.0,27545.0,2.886353138437558e-05,0.0029730570000000003,48.0,16145.0,0.002767807550669424
1.0,24.0,0.0,2347.0,0.0,1.756789652904555e-07,0.0,0.0,5343.0,7.721732131587534e-06,0.0,0.0,6158.0,8.960839363453551e-07,7.260800000000001e-05,2.0,27545.0,4.636131883062535e-05,0.002539486,41.0,16145.0,0.0026764789304016545
1.0,25.0,0.0,2347.0,0.0,1.0540737917427331e-07,0.0,0.0,5343.0,4.633039278952521e-06,0.0,0.0,6158.0,5.376503618072131e-07,0.00010891299999999999,3.0,27545.0,7.138199129837521e-05,0.003716321,60.0,16145.0,0.003092415758240993
1.0,26.0,0.0,2347.0,0.0,6.324442750456398e-08,0.0,0.0,5343.0,2.779823567371512e-06,0.0,0.0,6158.0,3.225902170843278e-07,0.00010891299999999999,3.0,27545.0,8.639439477902513e-05,0.002105915,34.0,16145.0,0.0026978154549445956
1.0,27.0,0.0,2347.0,0.0,3.7946656502738385e-08,0.0,0.0,5343.0,1.6678941404229073e-06,0.0,0.0,6158.0,1.935541302505967e-07,0.0,0.0,27545.0,5.183663686741508e-05,0.002291731,37.0,16145.0,0.002535381672966757
1.0,28.0,0.0,2347.0,0.0,2.276799390164303e-08,0.0,0.0,5343.0,1.0007364842537444e-06,0.0,0.0,6158.0,1.1613247815035801e-07,0.0,0.0,27545.0,3.1101982120449046e-05,0.001610406,26.0,16145.0,0.002165391403780054
1.0,29.0,0.0,2347.0,0.0,1.3660796340985819e-08,0.0,0.0,5343.0,6.004418905522467e-07,0.0,0.0,6158.0,6.967948689021481e-08,0.0,0.0,27545.0,1.8661189272269427e-05,0.002911118,47.0,16145.0,0.0024636820422680324
1.0,30.0,0.0,2347.0,0.0,8.19647780459149e-09,0.0,0.0,5343.0,3.6026513433134797e-07,0.0,0.0,6158.0,4.1807692134128885e-08,3.6304000000000003e-05,1.0,27545.0,2.5718313563361657e-05,0.0032208109999999996,52.0,16145.0,0.0027665336253608194
1.0,31.0,0.0,2347.0,0.0,4.917886682754894e-09,0.0,0.0,5343.0,2.1615908059880877e-07,0.0,0.0,6158.0,2.508461528047733e-08,0.000471955,13.0,27545.0,0.000204212988138017,0.0029730570000000003,48.0,16145.0,0.0028491429752164916
1.0,32.0,0.0,2347.0,0.0,2.9507320096529364e-09,0.0,0.0,5343.0,1.2969544835928526e-07,0.0,0.0,6158.0,1.5050769168286398e-08,3.6304000000000003e-05,1.0,27545.0,0.0001370493928828102,0.002105915,34.0,16145.0,0.002551851785129895
1.0,33.0,0.0,2347.0,0.0,1.7704392057917618e-09,0.0,0.0,5343.0,7.781726901557115e-08,0.0,0.0,6158.0,9.030461500971838e-09,0.0,0.0,27545.0,8.222963572968611e-05,0.001114896,18.0,16145.0,0.001977069471077937
1.0,34.0,0.0,2347.0,0.0,1.062263523475057e-09,0.0,0.0,5343.0,4.669036140934269e-08,0.0,0.0,6158.0,5.418276900583103e-09,0.0,0.0,27545.0,4.933778143781167e-05,0.0013007119999999999,21.0,16145.0,0.0017065264826467623
1.0,35.0,0.0,2347.0,0.0,6.373581140850343e-10,0.0,0.0,5343.0,2.8014216845605612e-08,0.0,0.0,6158.0,3.2509661403498616e-09,7.260800000000001e-05,2.0,27545.0,5.8645868862687e-05,0.0015484670000000002,25.0,16145.0,0.0016433026895880574
1.0,36.0,0.0,2347.0,0.0,3.8241486845102056e-10,0.0,0.0,5343.0,1.6808530107363366e-08,0.0,0.0,6158.0,1.950579684209917e-09,0.0,0.0,27545.0,3.51875213176122e-05,0.0,0.0,16145.0,0.0009859816137528343
1.0,37.0,0.0,2347.0,0.0,2.2944892107061234e-10,0.0,0.0,5343.0,1.0085118064418019e-08,0.0,0.0,6158.0,1.1703478105259501e-09,0.0,0.0,27545.0,2.111251279056732e-05,0.0,0.0,16145.0,0.0005915889682517006
1.0,38.0,0.0,2347.0,0.0,1.3766935264236739e-10,0.0,0.0,5343.0,6.051070838650811e-09,0.0,0.0,6158.0,7.022086863155701e-10,0.0,0.0,27545.0,1.2667507674340391e-05,0.0,0.0,16145.0,0.0003549533809510203
1.0,39.0,0.0,2347.0,0.0,8.260161158542043e-11,0.0,0.0,5343.0,3.6306425031904862e-09,0.0,0.0,6158.0,4.2132521178934205e-10,0.0,0.0,27545.0,7.600504604604234e-06,0.0,0.0,16145.0,0.00021297202857061218
1.0,40.0,0.0,2347.0,0.0,4.9560966951252253e-11,0.0,0.0,5343.0,2.1783855019142917e-09,0.0,0.0,6158.0,2.527951270736052e-10,0.0,0.0,27545.0,4.56030276276254e-06,0.0,0.0,16145.0,0.0001277832171423673
1.0,41.0,0.0,2347.0,0.0,2.973658017075135e-11,0.0,0.0,5343.0,1.307031301148575e-09,0.0,0.0,6158.0,1.5167707624416312e-10,0.0,0.0,27545.0,2.736181657657524e-06,0.0,0.0,16145.0,7.666993028542039e-05
1.0,42.0,0.0,2347.0,0.0,1.7841948102450807e-11,0.0,0.0,5343.0,7.84218780689145e-10,0.0,0.0,6158.0,9.100624574649787e-11,0.0,0.0,27545.0,1.6417089945945145e-06,0.0,0.0,16145.0,4.600195817125223e-05
1.0,43.0,0.0,2347.0,0.0,1.0705168861470484e-11,0.0,0.0,5343.0,4.70531268413487e-10,0.0,0.0,6158.0,5.4603747447898716e-11,0.0,0.0,27545.0,9.850253967567086e-07,0.0,0.0,16145.0,2.7601174902751335e-05
1.0,44.0,0.0,2347.0,0.0,6.42310131688229e-12,0.0,0.0,5343.0,2.823187610480922e-10,0.0,0.0,6158.0,3.276224846873923e-11,0.0,0.0,27545.0,5.910152380540252e-07,0.0,0.0,16145.0,1.65607049416508e-05
1.0,45.0,0.0,2347.0,0.0,3.853860790129374e-12,0.0,0.0,5343.0,1.6939125662885532e-10,0.0,0.0,6158.0,1.965734908124354e-11,0.0,0.0,27545.0,3.546091428324151e-07,0.0,0.0,16145.0,9.93642296499048e-06
1.0,46.0,0.0,2347.0,0.0,2.3123164740776245e-12,0.0,0.0,5343.0,1.016347539773132e-10,0.0,0.0,6158.0,1.1794409448746123e-11,0.0,0.0,27545.0,2.1276548569944905e-07,0.0,0.0,16145.0,5.961853778994287e-06
1.0,47.0,0.0,2347.0,0.0,1.3873898844465746e-12,0.0,0.0,5343.0,6.098085238638791e-11,0.0,0.0,6158.0,7.076645669247673e-12,0.0,0.0,27545.0,1.2765929141966942e-07,0.0,0.0,16145.0,3.577112267396572e-06
1.0,48.0,0.0,2347.0,0.0,8.324339306679447e-13,0.0,0.0,5343.0,3.658851143183275e-11,0.0,0.0,6158.0,4.2459874015486036e-12,0.0,0.0,27545.0,7.659557485180165e-08,0.0,0.0,16145.0,2.146267360437943e-06
1.0,49.0,0.0,2347.0,0.0,4.994603584007668e-13,0.0,0.0,5343.0,2.1953106859099647e-11,0.0,0.0,6158.0,2.547592440929162e-12,0.0,0.0,27545.0,4.595734491108099e-08,0.0,0.0,16145.0,1.2877604162627657e-06
1.0,50.0,0.0,2347.0,0.0,2.9967621504046005e-13,0.0,0.0,5343.0,1.3171864115459787e-11,0.0,0.0,6158.0,1.5285554645574972e-12,0.0,0.0,27545.0,2.757440694664859e-08,0.0,0.0,16145.0,7.726562497576594e-07
1.0,51.0,0.0,2347.0,0.0,1.7980572902427604e-13,0.0,0.0,5343.0,7.903118469275872e-12,0.0,0.0,6158.0,9.171332787344983e-13,0.0,0.0,27545.0,1.6544644167989155e-08,0.0,0.0,16145.0,4.635937498545956e-07
1.0,52.0,0.0,2347.0,0.0,1.0788343741456561e-13,0.0,0.0,5343.0,4.741871081565524e-12,0.0,0.0,6158.0,5.502799672406989e-13,0.0,0.0,27545.0,9.926786500793493e-09,0.0,0.0,16145.0,2.7815624991275735e-07
1.0,53.0,0.0,2347.0,0.0,6.473006244873937e-14,0.0,0.0,5343.0,2.845122648939314e-12,0.0,0.0,6158.0,3.301679803444194e-13,0.0,0.0,27545.0,5.956071900476096e-09,0.0,0.0,16145.0,1.668937499476544e-07
2.0,1.0,0.0,2377.0,0.0,3.883803746924362e-14,0.0,0.0,5343.0,1.7070735893635882e-12,0.0,0.0,6158.0,1.981007882066516e-13,0.0,0.0,27545.0,3.5736431402856573e-09,0.0,0.0,16145.0,1.0013624996859264e-07
2.0,2.0,0.0,2377.0,0.0,2.330282248154617e-14,0.0,0.0,5151.0,1.0242441536181529e-12,0.0,0.0,6189.0,1.1886047292399096e-13,0.0,0.0,27475.0,2.144185884171394e-09,0.0,0.0,16385.0,6.008174998115558e-08
2.0,3.0,0.0,2377.0,0.0,1.3981693488927702e-14,0.0,0.0,5151.0,6.145464921708918e-13,0.0,0.0,6189.0,7.131628375439457e-14,0.0,0.0,27475.0,1.2865115305028364e-09,0.0,0.0,16385.0,3.604904998869335e-08
2.0,4.0,0.0,2377.0,0.0,8.38901609335662e-15,0.0,0.0,5151.0,3.6872789530253504e-13,0.0,0.0,6189.0,4.278977025263674e-14,0.0,0.0,27475.0,7.719069183017018e-10,0.0,0.0,16385.0,2.162942999321601e-08
2.0,5.0,0.0,2377.0,0.0,5.033409656013972e-15,0.0,0.0,5151.0,2.21236737181521e-13,0.0,0.0,6189.0,2.5673862151582045e-14,0.0,0.0,27475.0,4.631441509810211e-10,0.0,0.0,16385.0,1.2977657995929605e-08
2.0,6.0,0.0,2377.0,0.0,3.020045793608383e-15,0.0,0.0,5151.0,1.327420423089126e-13,0.0,0.0,6189.0,1.5404317290949227e-14,0.0,0.0,27475.0,2.7788649058861266e-10,0.0,0.0,16385.0,7.786594797557763e-09
2.0,7.0,0.0,2377.0,0.0,1.8120274761650297e-15,0.0,0.0,5151.0,7.964522538534756e-14,0.0,0.0,6189.0,9.242590374569536e-15,0.0,0.0,27475.0,1.667318943531676e-10,0.0,0.0,16385.0,4.671956878534657e-09
2.0,8.0,0.0,2377.0,0.0,1.0872164856990177e-15,0.0,0.0,5151.0,4.778713523120853e-14,0.0,0.0,6189.0,5.545554224741722e-15,0.0,0.0,27475.0,1.0003913661190055e-10,0.0,0.0,16385.0,2.8031741271207943e-09
2.0,9.0,0.0,2377.0,0.0,6.523298914194107e-16,0.0,0.0,5151.0,2.867228113872512e-14,0.0,0.0,6189.0,3.327332534845033e-15,0.0,0.0,27475.0,6.002348196714032e-11,0.0,0.0,16385.0,1.6819044762724765e-09
2.0,10.0,0.0,2377.0,0.0,3.9139793485164636e-16,0.0,0.0,5151.0,1.7203368683235072e-14,0.0,0.0,6189.0,1.9963995209070196e-15,0.0,0.0,27475.0,3.601408918028419e-11,0.0,0.0,16385.0,1.0091426857634858e-09
2.0,11.0,0.0,2377.0,0.0,2.3483876091098783e-16,0.0,0.0,5151.0,1.0322021209941043e-14,0.0,0.0,6189.0,1.1978397125442117e-15,0.0,0.0,27475.0,2.1608453508170515e-11,0.0,0.0,16385.0,6.054856114580915e-10
2.0,12.0,0.0,2377.0,0.0,1.4090325654659268e-16,0.0,0.0,5151.0,6.193212725964626e-15,0.0,0.0,6189.0,7.1870382752652705e-16,0.0,0.0,27475.0,1.2965072104902309e-11,0.0,0.0,16385.0,3.632913668748549e-10
2.0,13.0,0.0,2377.0,0.0,8.45419539279556e-17,0.0,0.0,5151.0,3.7159276355787755e-15,0.0,0.0,6189.0,4.312222965159162e-16,3.6397e-05,1.0,27475.0,1.4558807779043264e-05,0.0,0.0,16385.0,2.1797482012491292e-10
2.0,14.0,0.0,2377.0,0.0,5.072517235677336e-17,0.0,0.0,5151.0,2.2295565813472653e-15,0.0,0.0,6189.0,2.587333779095497e-16,0.000145587,4.0,27475.0,6.697008466742596e-05,0.0,0.0,16385.0,1.3078489207494775e-10
2.0,15.0,0.0,2377.0,0.0,3.0435103414064016e-17,0.0,0.0,5151.0,1.3377339488083592e-15,0.0,0.0,6189.0,1.552400267457298e-16,0.00018198400000000002,5.0,27475.0,0.00011297565080045558,0.0,0.0,16385.0,7.847093524496865e-11
2.0,16.0,0.0,2377.0,0.0,1.826106204843841e-17,0.0,0.0,5151.0,8.026403692850154e-16,0.0,0.0,6189.0,9.314401604743789e-17,0.00010919,3.0,27475.0,0.00011146139048027336,0.0,0.0,16385.0,4.708256114698119e-11
2.0,17.0,0.0,2377.0,0.0,1.0956637229063046e-17,0.0,0.0,5151.0,4.815842215710093e-16,0.0,0.0,6189.0,5.588640962846273e-17,3.6397e-05,1.0,27475.0,8.143563428816402e-05,0.0,0.0,16385.0,2.8249536688188714e-11
2.0,18.0,0.0,2377.0,0.0,6.573982337437827e-18,0.0,0.0,5151.0,2.8895053294260554e-16,0.0,0.0,6189.0,3.353184577707764e-17,0.00010919,3.0,27475.0,9.253738057289842e-05,0.0,0.0,16385.0,1.6949722012913228e-11
2.0,19.0,0.0,2377.0,0.0,3.944389402462696e-18,0.0,0.0,5151.0,1.7337031976556332e-16,0.000807885,5.0,6189.0,0.00032315400000002014,0.00010919,3.0,27475.0,9.919842834373905e-05,0.0,0.0,16385.0,1.0169833207747937e-11
2.0,20.0,0.0,2377.0,0.0,2.3666336414776177e-18,0.0,0.0,5151.0,1.0402219185933799e-16,0.0,0.0,6189.0,0.00019389240000001207,0.00025477700000000003,7.0,27475.0,0.00016142985700624347,0.0,0.0,16385.0,6.101899924648762e-12
2.0,21.0,0.0,2377.0,0.0,1.4199801848865706e-18,0.0,0.0,5151.0,6.241331511560279e-17,0.00016157700000000002,1.0,6189.0,0.00018096624000000724,0.00010919,3.0,27475.0,0.0001405339142037461,0.0,0.0,16385.0,3.661139954789257e-12
2.0,22.0,0.0,2377.0,0.0,8.519881109319423e-19,0.0,0.0,5151.0,3.7447989069361674e-17,0.000807885,5.0,6189.0,0.00043173374400000435,0.000400364,11.0,27475.0,0.00024446594852224764,0.0,0.0,16385.0,2.196683972873554e-12
2.0,23.0,0.0,2377.0,0.0,5.111928665591653e-19,0.0007765480000000001,4.0,5151.0,0.0003106192000000225,0.00016157700000000002,1.0,6189.0,0.00032367104640000264,0.000400364,11.0,27475.0,0.0003068251691133486,0.00012206299999999999,2.0,16385.0,4.882520131801038e-05
2.0,24.0,0.0,2377.0,0.0,3.067157199354992e-19,0.00038827400000000003,2.0,5151.0,0.00034168112000001354,0.0,0.0,6189.0,0.00019420262784000157,0.000655141,18.0,27475.0,0.00044615150146800914,0.00018309400000000002,3.0,16385.0,0.00010253272079080623
2.0,25.0,0.000420698,2377.0,1.0,0.0001682792000000002,0.0,0.0,5151.0,0.00020500867200000812,0.0012926160000000001,8.0,6189.0,0.000633567976704001,0.000545951,15.0,27475.0,0.0004860713008808055,0.0,0.0,16385.0,6.151963247448373e-05
2.0,26.0,0.0,2377.0,0.0,0.00010096752000000012,0.00019413700000000002,1.0,5151.0,0.0002006600032000049,0.0009694619999999999,6.0,6189.0,0.0007679255860224006,0.000545951,15.0,27475.0,0.0005100231805284833,0.00012206299999999999,2.0,16385.0,8.573697948469024e-05
2.0,27.0,0.0,2377.0,0.0,6.058051200000007e-05,0.0019413710000000001,10.0,5151.0,0.000896944401920003,0.002423655,15.0,6189.0,0.0014302173516134403,7.2793e-05,2.0,27475.0,0.00033513110831708996,0.0,0.0,16385.0,5.144218769081414e-05
2.0,28.0,0.0,2377.0,0.0,3.634830720000004e-05,0.006212385999999999,32.0,5151.0,0.0030231210411520017,0.0,0.0,6189.0,0.0008581304109680642,0.0016378529999999999,45.0,27475.0,0.000856219864990254,0.0,0.0,16385.0,3.086531261448848e-05
2.0,29.0,0.0,2377.0,0.0,2.1808984320000025e-05,0.0,0.0,5151.0,0.001813872624691201,0.0,0.0,6189.0,0.0005148782465808385,0.0006187440000000001,17.0,27475.0,0.0007612295189941524,0.0,0.0,16385.0,1.8519187568693088e-05
2.0,30.0,0.0,2377.0,0.0,1.3085390592000015e-05,0.00019413700000000002,1.0,5151.0,0.0011659783748147205,0.0,0.0,6189.0,0.0003089269479485031,0.000400364,11.0,27475.0,0.0006168833113964914,0.0,0.0,16385.0,1.1111512541215852e-05
2.0,31.0,0.0,2377.0,0.0,7.851234355200009e-06,0.00038827400000000003,2.0,5151.0,0.0008548966248888324,0.0,0.0,6189.0,0.00018535616876910188,0.0,0.0,27475.0,0.00037012998683789484,0.0,0.0,16385.0,6.666907524729511e-06
2.0,32.0,0.0,2377.0,0.0,4.710740613120005e-06,0.00019413700000000002,1.0,5151.0,0.0005905927749332994,0.0,0.0,6189.0,0.00011121370126146113,0.00025477700000000003,7.0,27475.0,0.0003239887921027369,0.0,0.0,16385.0,4.000144514837707e-06
2.0,33.0,0.0,2377.0,0.0,2.8264443678720033e-06,0.0,0.0,5151.0,0.00035435566495997965,0.0,0.0,6189.0,6.672822075687668e-05,0.00010919,3.0,27475.0,0.00023806927526164213,0.0,0.0,16385.0,2.400086708902624e-06
2.0,34.0,0.0,2377.0,0.0,1.695866620723202e-06,0.0,0.0,5151.0,0.00021261339897598778,0.0,0.0,6189.0,4.0036932454126005e-05,3.6397e-05,1.0,27475.0,0.00015740036515698527,0.0,0.0,16385.0,1.4400520253415742e-06
2.0,35.0,0.0,2377.0,0.0,1.0175199724339212e-06,0.0,0.0,5151.0,0.00012756803938559266,0.0,0.0,6189.0,2.40221594724756e-05,0.0,0.0,27475.0,9.444021909419116e-05,0.0,0.0,16385.0,8.640312152049444e-07
2.0,36.0,0.0,2377.0,0.0,6.105119834603527e-07,0.0,0.0,5151.0,7.654082363135559e-05,0.0,0.0,6189.0,1.441329568348536e-05,7.2793e-05,2.0,27475.0,8.57813314565147e-05,0.0,0.0,16385.0,5.184187291229667e-07
2.0,37.0,0.0,2377.0,0.0,3.6630719007621166e-07,0.0,0.0,5151.0,4.592449417881335e-05,0.0,0.0,6189.0,8.647977410091216e-06,7.2793e-05,2.0,27475.0,8.058599887390883e-05,0.0,0.0,16385.0,3.1105123747378e-07
2.0,38.0,0.0,2377.0,0.0,2.1978431404572697e-07,0.0,0.0,5151.0,2.755469650728801e-05,0.0,0.0,6189.0,5.18878644605473e-06,0.0,0.0,27475.0,4.83515993243453e-05,0.0,0.0,16385.0,1.86630742484268e-07
2.0,39.0,0.0,2377.0,0.0,1.318705884274362e-07,0.0,0.0,5151.0,1.6532817904372804e-05,0.0,0.0,6189.0,3.113271867632838e-06,0.0,0.0,27475.0,2.9010959594607176e-05,0.0,0.0,16385.0,1.119784454905608e-07
2.0,40.0,0.0,2377.0,0.0,7.912235305646172e-08,0.0,0.0,5151.0,9.919690742623682e-06,0.0,0.0,6189.0,1.8679631205797026e-06,7.2793e-05,2.0,27475.0,4.652377575676431e-05,0.0,0.0,16385.0,6.718706729433648e-08
2.0,41.0,0.0,2377.0,0.0,4.747341183387703e-08,0.0,0.0,5151.0,5.951814445574209e-06,0.0,0.0,6189.0,1.1207778723478215e-06,0.0,0.0,27475.0,2.7914265454058583e-05,0.0,0.0,16385.0,4.031224037660189e-08
2.0,42.0,0.0,2377.0,0.0,2.8484047100326216e-08,0.0,0.0,5151.0,3.5710886673445252e-06,0.0,0.0,6189.0,6.724667234086929e-07,0.0,0.0,27475.0,1.674855927243515e-05,0.0,0.0,16385.0,2.418734422596113e-08
2.0,43.0,0.0,2377.0,0.0,1.709042826019573e-08,0.0,0.0,5151.0,2.142653200406715e-06,0.0,0.0,6189.0,4.034800340452157e-07,0.0,0.0,27475.0,1.004913556346109e-05,0.0,0.0,16385.0,1.4512406535576678e-08
2.0,44.0,0.0,2377.0,0.0,1.0254256956117438e-08,0.0,0.0,5151.0,1.285591920244029e-06,0.0,0.0,6189.0,2.420880204271294e-07,0.0,0.0,27475.0,6.029481338076653e-06,0.0,0.0,16385.0,8.707443921346007e-09
2.0,45.0,0.0,2377.0,0.0,6.152554173670462e-09,0.0,0.0,5151.0,7.713551521464175e-07,0.0,0.0,6189.0,1.4525281225627764e-07,0.0,0.0,27475.0,3.617688802845992e-06,0.0,0.0,16385.0,5.224466352807604e-09
2.0,46.0,0.0,2377.0,0.0,3.6915325042022772e-09,0.0,0.0,5151.0,4.628130912878505e-07,0.0,0.0,6189.0,8.715168735376658e-08,0.0,0.0,27475.0,2.170613281707595e-06,0.0,0.0,16385.0,3.1346798116845624e-09
2.0,47.0,0.0,2377.0,0.0,2.2149195025213663e-09,0.0,0.0,5151.0,2.776878547727103e-07,0.0,0.0,6189.0,5.229101241225995e-08,0.0,0.0,27475.0,1.302367969024557e-06,0.0,0.0,16385.0,1.8808078870107373e-09
2.0,48.0,0.0,2377.0,0.0,1.3289517015128198e-09,0.0,0.0,5151.0,1.6661271286362616e-07,0.0,0.0,6189.0,3.137460744735597e-08,0.0,0.0,27475.0,7.814207814147342e-07,0.0,0.0,16385.0,1.1284847322064424e-09
2.0,49.0,0.0,2377.0,0.0,7.973710209076919e-10,0.0,0.0,5151.0,9.99676277181757e-08,0.0,0.0,6189.0,1.882476446841358e-08,0.0,0.0,27475.0,4.688524688488405e-07,0.0,0.0,16385.0,6.770908393238655e-10
2.0,50.0,0.0,2377.0,0.0,4.784226125446151e-10,0.0,0.0,5151.0,5.998057663090542e-08,0.0,0.0,6189.0,1.1294858681048148e-08,0.0,0.0,27475.0,2.813114813093043e-07,0.0,0.0,16385.0,4.062545035943193e-10
2.0,51.0,0.0,2377.0,0.0,2.8705356752676904e-10,0.0,0.0,5151.0,3.598834597854325e-08,0.0,0.0,6189.0,6.776915208628889e-09,0.0,0.0,27475.0,1.6878688878558257e-07,0.0,0.0,16385.0,2.437527021565916e-10
2.0,52.0,0.0,2377.0,0.0,1.7223214051606142e-10,0.0,0.0,5151.0,2.159300758712595e-08,0.0,0.0,6189.0,4.066149125177333e-09,0.0,0.0,27475.0,1.0127213327134953e-07,0.0,0.0,16385.0,1.4625162129395495e-10
3.0,1.0,0.0,2392.0,0.0,1.0333928430963685e-10,0.0,0.0,5151.0,1.2955804552275569e-08,0.0,0.0,6189.0,2.4396894751064e-09,0.0,0.0,27475.0,6.076327996280972e-08,0.0,0.0,16385.0,8.775097277637297e-11
3.0,2.0,0.0,2392.0,0.0,6.200357058578211e-11,0.0,0.0,5216.0,7.773482731365342e-09,0.0,0.0,6153.0,1.4638136850638398e-09,0.0,0.0,27439.0,3.645796797768583e-08,0.0,0.0,16390.0,5.265058366582378e-11
3.0,3.0,0.0,2392.0,0.0,3.720214235146927e-11,0.0,0.0,5216.0,4.664089638819205e-09,0.0,0.0,6153.0,8.782882110383038e-10,0.0,0.0,27439.0,2.1874780786611495e-08,0.0,0.0,16390.0,3.159035019949426e-11
3.0,4.0,0.0,2392.0,0.0,2.232128541088156e-11,0.0,0.0,5216.0,2.7984537832915228e-09,0.0,0.0,6153.0,5.269729266229823e-10,0.0,0.0,27439.0,1.3124868471966897e-08,0.0,0.0,16390.0,1.8954210119696557e-11
3.0,5.0,0.0,2392.0,0.0,1.3392771246528936e-11,0.0,0.0,5216.0,1.6790722699749135e-09,0.0,0.0,6153.0,3.161837559737894e-10,0.0,0.0,27439.0,7.874921083180138e-09,0.0,0.0,16390.0,1.1372526071817933e-11
3.0,6.0,0.0,2392.0,0.0,8.03566274791736e-12,0.0,0.0,5216.0,1.0074433619849482e-09,0.0,0.0,6153.0,1.8971025358427364e-10,0.0,0.0,27439.0,4.724952649908083e-09,0.0,0.0,16390.0,6.82351564309076e-12
3.0,7.0,0.0,2392.0,0.0,4.821397648750416e-12,0.0,0.0,5216.0,6.044660171909689e-10,0.0,0.0,6153.0,1.1382615215056418e-10,0.0,0.0,27439.0,2.8349715899448494e-09,0.0,0.0,16390.0,4.094109385854456e-12
3.0,8.0,0.0,2392.0,0.0,2.8928385892502496e-12,0.0,0.0,5216.0,3.6267961031458134e-10,0.0,0.0,6153.0,6.829569129033851e-11,0.0,0.0,27439.0,1.7009829539669096e-09,0.0,0.0,16390.0,2.4564656315126735e-12
3.0,9.0,0.0,2392.0,0.0,1.7357031535501497e-12,0.0,0.0,5216.0,2.176077661887488e-10,0.0,0.0,6153.0,4.0977414774203103e-11,0.0,0.0,27439.0,1.0205897723801457e-09,0.0,0.0,16390.0,1.473879378907604e-12
3.0,10.0,0.0,2392.0,0.0,1.0414218921300899e-12,0.0,0.0,5216.0,1.3056465971324927e-10,0.0,0.0,6153.0,2.4586448864521863e-11,0.0,0.0,27439.0,6.123538634280874e-10,0.0,0.0,16390.0,8.843276273445624e-13
3.0,11.0,0.0,2392.0,0.0,6.248531352780539e-13,0.0,0.0,5216.0,7.833879582794956e-11,0.0,0.0,6153.0,1.4751869318713117e-11,0.0,0.0,27439.0,3.674123180568524e-10,0.0,0.0,16390.0,5.305965764067375e-13
3.0,12.0,0.0,2392.0,0.0,3.7491188116683234e-13,0.0,0.0,5216.0,4.700327749676974e-11,0.0,0.0,6153.0,8.85112159122787e-12,0.0,0.0,27439.0,2.2044739083411143e-10,0.0,0.0,16390.0,3.183579458440425e-13
3.0,13.0,0.0,2392.0,0.0,2.249471287000994e-13,0.0,0.0,5216.0,2.8201966498061843e-11,0.0,0.0,6153.0,5.310672954736721e-12,0.0,0.0,27439.0,1.3226843450046685e-10,0.0,0.0,16390.0,1.910147675064255e-13
3.0,14.0,0.0,2392.0,0.0,1.3496827722005963e-13,0.0,0.0,5216.0,1.6921179898837104e-11,0.0,0.0,6153.0,3.1864037728420324e-12,0.0,0.0,27439.0,7.936106070028011e-11,0.0,0.0,16390.0,1.1460886050385529e-13
3.0,15.0,0.0,2392.0,0.0,8.098096633203577e-14,0.0,0.0,5216.0,1.0152707939302262e-11,0.0,0.0,6153.0,1.9118422637052193e-12,0.0,0.0,27439.0,4.761663642016806e-11,0.0,0.0,16390.0,6.876531630231317e-14
3.0,16.0,0.0,2392.0,0.0,4.8588579799221465e-14,0.0,0.0,5216.0,6.091624763581357e-12,0.0,0.0,6153.0,1.1471053582231316e-12,0.0,0.0,27439.0,2.8569981852100837e-11,0.0,0.0,16390.0,4.1259189781387906e-14
3.0,17.0,0.0,2392.0,0.0,2.9153147879532876e-14,0.0,0.0,5216.0,3.654974858148814e-12,0.0,0.0,6153.0,6.88263214933879e-13,0.0,0.0,27439.0,1.7141989111260503e-11,0.0,0.0,16390.0,2.4755513868832743e-14
3.0,18.0,0.0,2392.0,0.0,1.7491888727719724e-14,0.0,0.0,5216.0,2.1929849148892884e-12,0.0,0.0,6153.0,4.1295792896032737e-13,0.0,0.0,27439.0,1.0285193466756301e-11,0.0,0.0,16390.0,1.4853308321299644e-14
3.0,19.0,0.0,2392.0,0.0,1.0495133236631834e-14,0.0,0.0,5216.0,1.315790948933573e-12,0.0,0.0,6153.0,2.477747573761964e-13,0.0,0.0,27439.0,6.1711160800537805e-12,0.0,0.0,16390.0,8.911984992779786e-15
3.0,20.0,0.0,2392.0,0.0,6.2970799419791e-15,0.0,0.0,5216.0,7.894745693601438e-13,0.0,0.0,6153.0,1.4866485442571783e-13,7.2889e-05,2.0,27439.0,2.915560370266965e-05,0.0,0.0,16390.0,5.3471909956678716e-15
3.0,21.0,0.0,2392.0,0.0,3.77824796518746e-15,0.0,0.0,5216.0,4.736847416160862e-13,0.0,0.0,6153.0,8.91989126554307e-14,7.2889e-05,2.0,27439.0,4.664896222160179e-05,0.0,0.0,16390.0,3.208314597400723e-15
3.0,22.0,0.0,2392.0,0.0,2.266948779112476e-15,0.0,0.0,5216.0,2.8421084496965175e-13,0.0,0.0,6153.0,5.351934759325841e-14,7.2889e-05,2.0,27439.0,5.7144977332961075e-05,0.0,0.0,16390.0,1.9249887584404338e-15
3.0,23.0,0.0,2392.0,0.0,1.3601692674674856e-15,0.000766871,4.0,5216.0,0.00030674840017052657,0.000325045,2.0,6153.0,0.0001300180000321116,0.0,0.0,27439.0,3.428698639977664e-05,0.0,0.0,16390.0,1.1549932550642603e-15
3.0,24.0,0.0,2392.0,0.0,8.161015604804913e-16,0.00038343599999999997,2.0,5216.0,0.0003374234401023159,0.00016252200000000001,1.0,6153.0,0.00014301960001926697,0.00010933299999999999,3.0,27439.0,6.430539183986598e-05,0.0,0.0,16390.0,6.929959530385562e-16
3.0,25.0,0.0,2392.0,0.0,4.896609362882947e-16,0.0,0.0,5216.0,0.00020245406406138954,0.0,0.0,6153.0,8.581176001156018e-05,0.0,0.0,27439.0,3.858323510391958e-05,0.0,0.0,16390.0,4.157975718231337e-16
3.0,26.0,0.0,2392.0,0.0,2.9379656177297686e-16,0.00038343599999999997,2.0,5216.0,0.0002748468384368337,0.000325045,2.0,6153.0,0.0001815050560069361,3.6444e-05,1.0,27439.0,3.772754106235175e-05,6.1013e-05,1.0,16390.0,2.440520000024948e-05
3.0,27.0,0.0,2392.0,0.0,1.762779370637861e-16,0.000575153,3.0,5216.0,0.00039496930306210027,0.00016252200000000001,1.0,6153.0,0.00017391183360416167,0.000328,9.0,27439.0,0.00015383652463741107,0.0,0.0,16390.0,1.4643120000149688e-05
3.0,28.0,0.0,2392.0,0.0,1.0576676223827166e-16,0.0009585889999999999,5.0,5216.0,0.0006204171818372602,0.00016252200000000001,1.0,6153.0,0.000169355900162497,0.000145778,4.0,27439.0,0.00015061311478244664,0.0,0.0,16390.0,8.785872000089813e-06
3.0,29.0,0.0,2392.0,0.0,6.346005734296299e-17,0.000766871,4.0,5216.0,0.0006789987091023561,0.000325045,2.0,6153.0,0.00023163154009749818,0.00010933299999999999,3.0,27439.0,0.00013410106886946799,0.0,0.0,16390.0,5.271523200053887e-06
3.0,30.0,0.0,2392.0,0.0,3.807603440577779e-17,0.000575153,3.0,5216.0,0.0006374604254614137,0.0,0.0,6153.0,0.0001389789240584989,0.0,0.0,27439.0,8.046064132168079e-05,0.0,0.0,16390.0,3.162913920032332e-06
3.0,31.0,0.0,2392.0,0.0,2.2845620643466673e-17,0.000575153,3.0,5216.0,0.0006125374552768481,0.0,0.0,6153.0,8.338735443509935e-05,0.000145778,4.0,27439.0,0.00010658758479300848,0.0,0.0,16390.0,1.897748352019399e-06
3.0,32.0,0.0,2392.0,0.0,1.3707372386080004e-17,0.0,0.0,5216.0,0.0003675224731661089,0.0,0.0,6153.0,5.0032412661059605e-05,0.000145778,4.0,27439.0,0.0001222637508758051,0.0,0.0,16390.0,1.1386490112116394e-06
3.0,33.0,0.0,2392.0,0.0,8.224423431648001e-18,0.0,0.0,5216.0,0.00022051348389966533,0.000325045,2.0,6153.0,0.00016003744759663575,0.000145778,4.0,27439.0,0.00013166945052548305,0.0,0.0,16390.0,6.831894067269837e-07
3.0,34.0,0.0,2392.0,0.0,4.9346540589888e-18,0.00038343599999999997,2.0,5216.0,0.00028568249033979914,0.00048756699999999995,3.0,6153.0,0.00029104926855798145,7.2889e-05,2.0,27439.0,0.00010815727031528983,0.0,0.0,16390.0,4.099136440361902e-07
3.0,35.0,0.0,2392.0,0.0,2.96079243539328e-18,0.0,0.0,5216.0,0.00017140949420387948,0.0,0.0,6153.0,0.00017462956113478887,0.0,0.0,27439.0,6.48943621891739e-05,0.0,0.0,16390.0,2.4594818642171413e-07
3.0,36.0,0.0,2392.0,0.0,1.776475461235968e-18,0.0,0.0,5216.0,0.00010284569652232768,0.0,0.0,6153.0,0.00010477773668087332,0.0,0.0,27439.0,3.893661731350434e-05,0.00543014,89.0,16390.0,0.002172203568911853
3.0,37.0,0.0,2392.0,0.0,1.0658852767415807e-18,0.0,0.0,5216.0,6.170741791339661e-05,0.0,0.0,6153.0,6.286664200852398e-05,0.0,0.0,27439.0,2.33619703881026e-05,0.0,0.0,16390.0,0.0013033221413471117
3.0,38.0,0.0,2392.0,0.0,6.395311660449484e-19,0.0,0.0,5216.0,3.7024450748037965e-05,0.0,0.0,6153.0,3.771998520511439e-05,0.0,0.0,27439.0,1.401718223286156e-05,0.0,0.0,16390.0,0.0007819932848082671
3.0,39.0,0.0,2392.0,0.0,3.8371869962696904e-19,0.0,0.0,5216.0,2.221467044882278e-05,0.0,0.0,6153.0,2.2631991123068634e-05,0.000145778,4.0,27439.0,6.672150933971694e-05,0.0,0.0,16390.0,0.0004691959708849602
3.0,40.0,0.0,2392.0,0.0,2.302312197761814e-19,0.0,0.0,5216.0,1.3328802269293667e-05,0.0,0.0,6153.0,1.357919467384118e-05,0.000145778,4.0,27439.0,9.834410560383017e-05,0.0,0.0,16390.0,0.0002815175825309761
3.0,41.0,0.0,2392.0,0.0,1.3813873186570884e-19,0.0,0.0,5216.0,7.9972813615762e-06,0.0,0.0,6153.0,8.147516804304707e-06,0.0,0.0,27439.0,5.90064633622981e-05,0.0,0.0,16390.0,0.00016891054951858564
3.0,42.0,0.0,2392.0,0.0,8.28832391194253e-20,0.0,0.0,5216.0,4.79836881694572e-06,0.0,0.0,6153.0,4.8885100825828245e-06,0.0,0.0,27439.0,3.540387801737886e-05,0.0,0.0,16390.0,0.00010134632971115138
3.0,43.0,0.0,2392.0,0.0,4.972994347165518e-20,0.0,0.0,5216.0,2.879021290167432e-06,0.0,0.0,6153.0,2.9331060495496945e-06,0.0,0.0,27439.0,2.1242326810427317e-05,0.0,0.0,16390.0,6.0807797826690823e-05
3.0,44.0,0.0,2392.0,0.0,2.9837966082993107e-20,0.0,0.0,5216.0,1.727412774100459e-06,0.0,0.0,6153.0,1.7598636297298167e-06,0.0,0.0,27439.0,1.274539608625639e-05,0.0,0.0,16390.0,3.6484678696014494e-05
3.0,45.0,0.0,2392.0,0.0,1.7902779649795862e-20,0.0,0.0,5216.0,1.0364476644602754e-06,0.0,0.0,6153.0,1.05591817783789e-06,0.0,0.0,27439.0,7.647237651753833e-06,0.0,0.0,16390.0,2.1890807217608696e-05
3.0,46.0,0.0,2392.0,0.0,1.0741667789877516e-20,0.0,0.0,5216.0,6.218685986761653e-07,0.0,0.0,6153.0,6.33550906702734e-07,0.0,0.0,27439.0,4.5883425910523e-06,0.0,0.0,16390.0,1.3134484330565218e-05
3.0,47.0,0.0,2392.0,0.0,6.445000673926509e-21,0.0,0.0,5216.0,3.7312115920569916e-07,0.0,0.0,6153.0,3.801305440216404e-07,0.0,0.0,27439.0,2.75300555463138e-06,0.0,0.0,16390.0,7.88069059833913e-06
3.0,48.0,0.0,2392.0,0.0,3.867000404355905e-21,0.0,0.0,5216.0,2.238726955234195e-07,0.0,0.0,6153.0,2.2807832641298423e-07,0.0,0.0,27439.0,1.6518033327788278e-06,0.0,0.0,16390.0,4.728414359003478e-06
3.0,49.0,0.0,2392.0,0.0,2.320200242613543e-21,0.0,0.0,5216.0,1.343236173140517e-07,0.0,0.0,6153.0,1.3684699584779053e-07,0.0,0.0,27439.0,9.910819996672965e-07,0.0,0.0,16390.0,2.837048615402087e-06
3.0,50.0,0.0,2392.0,0.0,1.3921201455681258e-21,0.0,0.0,5216.0,8.059417038843101e-08,0.0,0.0,6153.0,8.210819750867432e-08,0.0,0.0,27439.0,5.946491998003779e-07,0.0,0.0,16390.0,1.7022291692412522e-06
3.0,51.0,0.0,2392.0,0.0,8.352720873408755e-22,0.0,0.0,5216.0,4.835650223305861e-08,0.0,0.0,6153.0,4.926491850520459e-08,0.0,0.0,27439.0,3.5678951988022675e-07,0.0,0.0,16390.0,1.0213375015447513e-06
3.0,52.0,0.0,2392.0,0.0,5.011632524045252e-22,0.0,0.0,5216.0,2.9013901339835163e-08,0.0,0.0,6153.0,2.9558951103122752e-08,0.0,0.0,27439.0,2.1407371192813603e-07,0.0,0.0,16390.0,6.128025009268507e-07
4.0,1.0,0.0,2360.0,0.0,3.0069795144271513e-22,0.0,0.0,5216.0,1.74083408039011e-08,0.0,0.0,6153.0,1.773537066187365e-08,0.0,0.0,27439.0,1.284442271568816e-07,0.0,0.0,16390.0,3.6768150055611044e-07
4.0,2.0,0.0,2360.0,0.0,1.8041877086562907e-22,0.0,0.0,5118.0,1.0445004482340658e-08,0.0,0.0,6204.0,1.064122239712419e-08,0.0,0.0,27437.0,7.706653629412896e-08,0.0,0.0,16520.0,2.2060890033366626e-07
4.0,3.0,0.0,2360.0,0.0,1.0825126251937743e-22,0.0,0.0,5118.0,6.2670026894043946e-09,0.0,0.0,6204.0,6.384733438274514e-09,0.0,0.0,27437.0,4.623992177647737e-08,0.0,0.0,16520.0,1.3236534020019975e-07
4.0,4.0,0.0,2360.0,0.0,6.495075751162645e-23,0.0,0.0,5118.0,3.760201613642637e-09,0.0,0.0,6204.0,3.830840062964708e-09,0.0,0.0,27437.0,2.7743953065886423e-08,0.0,0.0,16520.0,7.941920412011985e-08
4.0,5.0,0.0,2360.0,0.0,3.8970454506975867e-23,0.0,0.0,5118.0,2.256120968185582e-09,0.0,0.0,6204.0,2.2985040377788245e-09,0.0,0.0,27437.0,1.6646371839531853e-08,0.0,0.0,16520.0,4.765152247207191e-08
4.0,6.0,0.0,2360.0,0.0,2.338227270418552e-23,0.0,0.0,5118.0,1.3536725809113492e-09,0.0,0.0,6204.0,1.3791024226672947e-09,3.6447e-05,1.0,27437.0,1.4588787823103719e-05,0.0,0.0,16520.0,2.8590913483243145e-08
4.0,7.0,0.0,2360.0,0.0,1.402936362251131e-23,0.0,0.0,5118.0,8.122035485468095e-10,0.0,0.0,6204.0,8.274614536003768e-10,0.0,0.0,27437.0,8.753272693862231e-06,0.0,0.0,16520.0,1.7154548089945888e-08
4.0,8.0,0.0,2360.0,0.0,8.417618173506786e-24,0.0,0.0,5118.0,4.873221291280857e-10,0.0,0.0,6204.0,4.964768721602261e-10,3.6447e-05,1.0,27437.0,1.983076361631734e-05,6.0533000000000005e-05,1.0,16520.0,2.4223492728853973e-05
4.0,9.0,0.0,2360.0,0.0,5.050570904104071e-24,0.0,0.0,5118.0,2.923932774768514e-10,0.0,0.0,6204.0,2.9788612329613563e-10,0.00021868299999999998,6.0,27437.0,9.93716581697904e-05,0.0,0.0,16520.0,1.4534095637312384e-05
4.0,10.0,0.0,2360.0,0.0,3.0303425424624428e-24,0.0,0.0,5118.0,1.7543596648611083e-10,0.0,0.0,6204.0,1.7873167397768138e-10,7.2894e-05,2.0,27437.0,8.878059490187424e-05,0.0,0.0,16520.0,8.72045738238743e-06
4.0,11.0,0.0,2360.0,0.0,1.8182055254774654e-24,0.0,0.0,5118.0,1.052615798916665e-10,0.0,0.0,6204.0,1.0723900438660883e-10,3.6447e-05,1.0,27437.0,6.784715694112454e-05,0.0,0.0,16520.0,5.232274429432458e-06
4.0,12.0,0.0,2360.0,0.0,1.0909233152864793e-24,0.0,0.0,5118.0,6.315694793499989e-11,0.0,0.0,6204.0,6.43434026319653e-11,3.6447e-05,1.0,27437.0,5.528709416467473e-05,0.0,0.0,16520.0,3.139364657659475e-06
4.0,13.0,0.0,2360.0,0.0,6.545539891718875e-25,0.0,0.0,5118.0,3.7894168760999934e-11,0.0,0.0,6204.0,3.860604157917918e-11,0.0,0.0,27437.0,3.3172256498804835e-05,0.0,0.0,16520.0,1.8836187945956849e-06
4.0,14.0,0.0,2360.0,0.0,3.927323935031325e-25,0.0,0.0,5118.0,2.273650125659996e-11,0.0,0.0,6204.0,2.3163624947507506e-11,0.00010934100000000001,3.0,27437.0,6.36397538992829e-05,0.0,0.0,16520.0,1.130171276757411e-06
4.0,15.0,0.000423729,2360.0,1.0,0.0001694916,0.0,0.0,5118.0,1.3641900753959975e-11,0.0,0.0,6204.0,1.3898174968504502e-11,7.2894e-05,2.0,27437.0,6.734145233956975e-05,0.0,0.0,16520.0,6.781027660544465e-07
4.0,16.0,0.001271186,2360.0,3.0,0.0006101693600000001,0.0,0.0,5118.0,8.185140452375985e-12,0.0,0.0,6204.0,8.3389049811027e-12,0.0,0.0,27437.0,4.040487140374185e-05,6.0533000000000005e-05,1.0,16520.0,2.4620061659632673e-05
4.0,17.0,0.006355932,2360.0,15.0,0.002908474416,0.0,0.0,5118.0,4.911084271425591e-12,0.000483559,3.0,6204.0,0.000193423605003343,7.2894e-05,2.0,27437.0,5.340052284224511e-05,0.00048426199999999995,8.0,16520.0,0.0002084768369957796
4.0,18.0,0.0025423729999999997,2360.0,6.0,0.0027620338496,0.00039077800000000005,2.0,5118.0,0.0001563112029466506,0.001128304,7.0,6204.0,0.0005673757630020057,0.000291577,8.0,27437.0,0.00014867111370534707,0.000181598,3.0,16520.0,0.00019772530219746773
4.0,19.0,0.001271186,2360.0,3.0,0.00216569470976,0.0,0.0,5118.0,9.378672176799036e-05,0.000644745,4.0,6204.0,0.0005983234578012034,0.000692496,19.0,27437.0,0.00036620106822320825,0.0,0.0,16520.0,0.00011863518131848063
4.0,20.0,0.001271186,2360.0,3.0,0.001807891225856,0.00332161,17.0,5118.0,0.0013849160330607943,0.000322373,2.0,6204.0,0.000487943274680722,0.00153078,42.0,27437.0,0.000832032640933925,0.000847458,14.0,16520.0,0.0004101643087910884
4.0,21.0,0.001694915,2360.0,4.0,0.0017627007355136,0.006838609,35.0,5118.0,0.0035663932198364764,0.000161186,1.0,6204.0,0.0003572403648084332,0.0018952510000000001,52.0,27437.0,0.001257319984560355,0.000968523,16.0,16520.0,0.000633507785274653
4.0,22.0,0.001694915,2360.0,4.0,0.00173558644130816,0.00039077800000000005,2.0,5118.0,0.002296147131901886,0.000967118,6.0,6204.0,0.0006011914188850599,0.002113934,58.0,27437.0,0.001599965590736213,0.000726392,12.0,16520.0,0.0006706614711647918
4.0,23.0,0.000423729,2360.0,1.0,0.001210843464784896,0.0,0.0,5118.0,0.0013776882791411314,0.001450677,9.0,6204.0,0.0009409856513310361,0.001749462,48.0,27437.0,0.0016597641544417278,0.002360775,39.0,16520.0,0.001346706882698875
4.0,24.0,0.001694915,2360.0,4.0,0.0014044720788709375,0.0,0.0,5118.0,0.0008266129674846789,0.000322373,2.0,6204.0,0.0006935405907986216,0.00102052,28.0,27437.0,0.0014040664926650366,6.0533000000000005e-05,1.0,16520.0,0.000832237329619325
4.0,25.0,0.002118644,2360.0,5.0,0.0016901408473225625,0.002344666,12.0,5118.0,0.0014338341804908073,0.001289491,8.0,6204.0,0.000931920754479173,0.001093414,30.0,27437.0,0.001279805495599022,0.000181598,3.0,16520.0,0.000571981597771595
4.0,26.0,0.000847458,2360.0,2.0,0.0013530677083935375,0.0031262209999999998,16.0,5118.0,0.0021107889082944845,0.000644745,4.0,6204.0,0.0008170504526875037,0.0018952510000000001,52.0,27437.0,0.0015259836973594133,0.000121065,2.0,16520.0,0.000391614958662957
4.0,27.0,0.000423729,2360.0,1.0,0.0009813322250361225,0.005470887,28.0,5118.0,0.0034548281449766904,0.000322373,2.0,6204.0,0.0006191794716125023,0.0008382839999999999,23.0,27437.0,0.001250903818415648,0.00024213099999999998,4.0,16520.0,0.00033182137519777416
4.0,28.0,0.000423729,2360.0,1.0,0.0007582909350216735,0.0021492770000000002,11.0,5118.0,0.0029326076869860144,0.0,0.0,6204.0,0.0003715076829675014,0.00040091800000000005,11.0,27437.0,0.0009109094910493888,0.000121065,2.0,16520.0,0.0002475188251186645
4.0,29.0,0.0,2360.0,0.0,0.0004549745610130041,0.001953888,10.0,5118.0,0.0025411198121916088,0.000644745,4.0,6204.0,0.00048080260978050084,0.0,0.0,27437.0,0.0005465456946296333,0.0,0.0,16520.0,0.0001485112950711987
4.0,30.0,0.000423729,2360.0,1.0,0.0004424763366078025,0.00019538900000000002,1.0,5118.0,0.0016028274873149653,0.0,0.0,6204.0,0.0002884815658683005,0.0,0.0,27437.0,0.00032792741677778,0.0,0.0,16520.0,8.910677704271921e-05
4.0,31.0,0.0,2360.0,0.0,0.0002654858019646815,0.0,0.0,5118.0,0.0009616964923889791,0.0,0.0,6204.0,0.0001730889395209803,0.00010934100000000001,3.0,27437.0,0.000240492850066668,0.000181598,3.0,16520.0,0.00012610326622563151
4.0,32.0,0.0,2360.0,0.0,0.0001592914811788089,0.0005861659999999999,3.0,5118.0,0.0008114842954333875,0.000483559,3.0,6204.0,0.0002972769637125882,0.0,0.0,27437.0,0.0001442957100400008,6.0533000000000005e-05,1.0,16520.0,9.987515973537891e-05
4.0,33.0,0.0,2360.0,0.0,9.557488870728534e-05,0.001172333,6.0,5118.0,0.0009558237772600326,0.0,0.0,6204.0,0.00017836617822755292,0.0,0.0,27437.0,8.657742602400047e-05,0.0,0.0,16520.0,5.992509584122734e-05
4.0,34.0,0.0,2360.0,0.0,5.73449332243712e-05,0.0,0.0,5118.0,0.0005734942663560195,0.0,0.0,6204.0,0.00010701970693653175,0.0,0.0,27437.0,5.194645561440028e-05,0.0,0.0,16520.0,3.59550575047364e-05
4.0,35.0,0.0,2360.0,0.0,3.440695993462272e-05,0.0,0.0,5118.0,0.0003440965598136117,0.0,0.0,6204.0,6.421182416191905e-05,0.00010934100000000001,3.0,27437.0,7.490427336864017e-05,0.0,0.0,16520.0,2.1573034502841842e-05
4.0,36.0,0.0,2360.0,0.0,2.0644175960773632e-05,0.0,0.0,5118.0,0.00020645793588816702,0.0,0.0,6204.0,3.852709449715143e-05,0.0,0.0,27437.0,4.49425640211841e-05,0.0,0.0,16520.0,1.2943820701705105e-05
4.0,37.0,0.0,2360.0,0.0,1.2386505576464179e-05,0.0,0.0,5118.0,0.00012387476153290022,0.0,0.0,6204.0,2.3116256698290855e-05,7.2894e-05,2.0,27437.0,5.6123138412710456e-05,0.001937046,32.0,16520.0,0.0007825846924210231
4.0,38.0,0.0,2360.0,0.0,7.431903345878507e-06,0.0,0.0,5118.0,7.432485691974012e-05,0.0,0.0,6204.0,1.3869754018974512e-05,0.0,0.0,27437.0,3.3673883047626274e-05,0.0,0.0,16520.0,0.00046955081545261386
4.0,39.0,0.0,2360.0,0.0,4.459142007527104e-06,0.0,0.0,5118.0,4.459491415184407e-05,0.0,0.0,6204.0,8.321852411384706e-06,0.0,0.0,27437.0,2.0204329828575762e-05,0.0,0.0,16520.0,0.0002817304892715683
4.0,40.0,0.0,2360.0,0.0,2.6754852045162625e-06,0.0,0.0,5118.0,2.6756948491106443e-05,0.0,0.0,6204.0,4.993111446830824e-06,0.0,0.0,27437.0,1.2122597897145458e-05,0.0,0.0,16520.0,0.00016903829356294098
4.0,41.0,0.0,2360.0,0.0,1.6052911227097574e-06,0.0,0.0,5118.0,1.6054169094663865e-05,0.0,0.0,6204.0,2.9958668680984943e-06,0.0,0.0,27437.0,7.273558738287274e-06,0.0,0.0,16520.0,0.00010142297613776459
4.0,42.0,0.0,2360.0,0.0,9.631746736258543e-07,0.0,0.0,5118.0,9.632501456798318e-06,0.0,0.0,6204.0,1.7975201208590965e-06,0.0,0.0,27437.0,4.364135242972364e-06,0.0,0.0,16520.0,6.085378568265875e-05
4.0,43.0,0.0,2360.0,0.0,5.779048041755126e-07,0.0,0.0,5118.0,5.779500874078991e-06,0.0,0.0,6204.0,1.0785120725154578e-06,0.0,0.0,27437.0,2.6184811457834183e-06,0.0,0.0,16520.0,3.651227140959525e-05
4.0,44.0,0.0,2360.0,0.0,3.4674288250530753e-07,0.0,0.0,5118.0,3.4677005244473944e-06,0.0,0.0,6204.0,6.471072435092747e-07,0.0,0.0,27437.0,1.571088687470051e-06,0.0,0.0,16520.0,2.190736284575715e-05
4.0,45.0,0.0,2360.0,0.0,2.080457295031845e-07,0.0,0.0,5118.0,2.0806203146684367e-06,0.0,0.0,6204.0,3.882643461055648e-07,0.0,0.0,27437.0,9.426532124820306e-07,0.0,0.0,16520.0,1.3144417707454288e-05
4.0,46.0,0.0,2360.0,0.0,1.248274377019107e-07,0.0,0.0,5118.0,1.248372188801062e-06,0.0,0.0,6204.0,2.329586076633389e-07,0.0,0.0,27437.0,5.655919274892184e-07,0.0,0.0,16520.0,7.886650624472572e-06
4.0,47.0,0.0,2360.0,0.0,7.489646262114642e-08,0.0,0.0,5118.0,7.490233132806372e-07,0.0,0.0,6204.0,1.3977516459800333e-07,0.0,0.0,27437.0,3.39355156493531e-07,0.0,0.0,16520.0,4.7319903746835435e-06
4.0,48.0,0.0,2360.0,0.0,4.493787757268785e-08,0.0,0.0,5118.0,4.494139879683823e-07,0.0,0.0,6204.0,8.3865098758802e-08,0.0,0.0,27437.0,2.036130938961186e-07,0.0,0.0,16520.0,2.839194224810126e-06
4.0,49.0,0.0,2360.0,0.0,2.696272654361271e-08,0.0,0.0,5118.0,2.6964839278102936e-07,0.0,0.0,6204.0,5.0319059255281196e-08,0.0,0.0,27437.0,1.2216785633767116e-07,0.0,0.0,16520.0,1.7035165348860756e-06
4.0,50.0,0.0,2360.0,0.0,1.6177635926167626e-08,0.0,0.0,5118.0,1.6178903566861762e-07,0.0,0.0,6204.0,3.0191435553168715e-08,0.0,0.0,27437.0,7.330071380260269e-08,0.0,0.0,16520.0,1.0221099209316453e-06
4.0,51.0,0.0,2360.0,0.0,9.706581555700575e-09,0.0,0.0,5118.0,9.707342140117057e-08,0.0,0.0,6204.0,1.8114861331901227e-08,0.0,0.0,27437.0,4.398042828156161e-08,0.0,0.0,16520.0,6.132659525589872e-07
4.0,52.0,0.0,2360.0,0.0,5.823948933420345e-09,0.0,0.0,5118.0,5.824405284070234e-08,0.0,0.0,6204.0,1.0868916799140736e-08,0.0,0.0,27437.0,2.6388256968936966e-08,0.0,0.0,16520.0,3.679595715353923e-07
5.0,1.0,0.0,2348.0,0.0,3.494369360052207e-09,0.0,0.0,5118.0,3.49464317044214e-08,0.0,0.0,6204.0,6.521350079484441e-09,0.0,0.0,27437.0,1.583295418136218e-08,0.0,0.0,16520.0,2.2077574292123537e-07
5.0,2.0,0.0,2348.0,0.0,2.0966216160313242e-09,0.0,0.0,5113.0,2.0967859022652838e-08,0.0,0.0,6128.0,3.912810047690665e-09,0.0,0.0,27230.0,9.499772508817308e-09,0.0,0.0,16486.0,1.3246544575274123e-07
5.0,3.0,0.0,2348.0,0.0,1.2579729696187946e-09,0.0,0.0,5113.0,1.2580715413591703e-08,0.0,0.0,6128.0,2.3476860286143985e-09,0.0,0.0,27230.0,5.699863505290384e-09,0.0,0.0,16486.0,7.947926745164474e-08
5.0,4.0,0.0,2348.0,0.0,7.547837817712767e-10,0.0,0.0,5113.0,7.548429248155021e-09,0.0,0.0,6128.0,1.408611617168639e-09,0.0,0.0,27230.0,3.4199181031742305e-09,0.0,0.0,16486.0,4.768756047098684e-08
5.0,5.0,0.0,2348.0,0.0,4.5287026906276603e-10,0.0,0.0,5113.0,4.529057548893013e-09,0.0,0.0,6128.0,8.451669703011834e-10,0.0,0.0,27230.0,2.051950861904538e-09,0.0,0.0,16486.0,2.8612536282592105e-08
5.0,6.0,0.0,2348.0,0.0,2.7172216143765963e-10,0.0,0.0,5113.0,2.7174345293358078e-09,0.0,0.0,6128.0,5.0710018218071e-10,0.0,0.0,27230.0,1.2311705171427228e-09,0.0,0.0,16486.0,1.7167521769555262e-08
5.0,7.0,0.0,2348.0,0.0,1.6303329686259578e-10,0.0,0.0,5113.0,1.6304607176014846e-09,0.0,0.0,6128.0,3.04260109308426e-10,0.0,0.0,27230.0,7.387023102856336e-10,0.0,0.0,16486.0,1.0300513061733157e-08
5.0,8.0,0.0,2348.0,0.0,9.781997811755747e-11,0.0,0.0,5113.0,9.782764305608908e-10,0.0,0.0,6128.0,1.825560655850556e-10,0.0,0.0,27230.0,4.4322138617138015e-10,0.0,0.0,16486.0,6.180307837039894e-09
5.0,9.0,0.0,2348.0,0.0,5.869198687053448e-11,0.0,0.0,5113.0,5.869658583365345e-10,0.0,0.0,6128.0,1.0953363935103336e-10,0.0,0.0,27230.0,2.659328317028281e-10,0.0,0.0,16486.0,3.7081847022239365e-09
5.0,10.0,0.0,2348.0,0.0,3.521519212232069e-11,0.0,0.0,5113.0,3.521795150019207e-10,0.0,0.0,6128.0,6.572018361062001e-11,0.0,0.0,27230.0,1.5955969902169685e-10,0.0,0.0,16486.0,2.2249108213343617e-09
5.0,11.0,0.0,2348.0,0.0,2.1129115273392413e-11,0.0,0.0,5113.0,2.113077090011524e-10,0.0,0.0,6128.0,3.943211016637201e-11,0.0,0.0,27230.0,9.573581941301811e-11,0.0,0.0,16486.0,1.334946492800617e-09
5.0,12.0,0.0,2348.0,0.0,1.2677469164035447e-11,0.0,0.0,5113.0,1.2678462540069143e-10,0.0,0.0,6128.0,2.3659266099823205e-11,0.0,0.0,27230.0,5.7441491647810864e-11,0.0,0.0,16486.0,8.009678956803701e-10
5.0,13.0,0.0,2348.0,0.0,7.606481498421267e-12,0.0,0.0,5113.0,7.607077524041485e-11,0.0,0.0,6128.0,1.4195559659893923e-11,0.0,0.0,27230.0,3.446489498868652e-11,0.0,0.0,16486.0,4.805807374082221e-10
5.0,14.0,0.0,2348.0,0.0,4.56388889905276e-12,0.0,0.0,5113.0,4.564246514424891e-11,0.0,0.0,6128.0,8.517335795936353e-12,0.0,0.0,27230.0,2.067893699321191e-11,0.0,0.0,16486.0,2.883484424449332e-10
5.0,15.0,0.0,2348.0,0.0,2.738333339431656e-12,0.0,0.0,5113.0,2.7385479086549345e-11,0.0,0.0,6128.0,5.110401477561811e-12,0.0,0.0,27230.0,1.2407362195927147e-11,0.0,0.0,16486.0,1.7300906546695992e-10
5.0,16.0,0.0,2348.0,0.0,1.6430000036589936e-12,0.0,0.0,5113.0,1.6431287451929606e-11,0.0,0.0,6128.0,3.066240886537087e-12,0.0,0.0,27230.0,7.444417317556288e-12,0.0,0.0,16486.0,1.0380543928017595e-10
5.0,17.0,0.0008517889999999999,2348.0,2.0,0.0003407156009858,0.0,0.0,5113.0,9.858772471157762e-12,0.0,0.0,6128.0,1.839744531922252e-12,0.00011017299999999999,3.0,27230.0,4.406920446665039e-05,0.0,0.0,16486.0,6.228326356810557e-11
5.0,18.0,0.0,2348.0,0.0,0.00020442936059148,0.0,0.0,5113.0,5.915263482694657e-12,0.0004895559999999999,3.0,6128.0,0.0001958224011038467,0.000146897,4.0,27230.0,8.520032267999024e-05,0.0,0.0,16486.0,3.7369958140863344e-11
5.0,19.0,0.000425894,2348.0,1.0,0.000293015216354888,0.0,0.0,5113.0,3.549158089616794e-12,0.001795039,11.0,6128.0,0.0008355090406623081,0.000514139,14.0,27230.0,0.00025677579360799415,0.0,0.0,16486.0,2.2421974884518004e-11
5.0,20.0,0.000425894,2348.0,1.0,0.0003461667298129328,0.00058674,3.0,5113.0,0.00023469600212949485,0.000326371,2.0,6128.0,0.0006318538243973848,0.000587587,16.0,27230.0,0.0003891002761647965,0.000788548,13.0,16486.0,0.0003154192134531849
5.0,21.0,0.0,2348.0,0.0,0.0002077000378877597,0.0,0.0,5113.0,0.0001408176012776969,0.0004895559999999999,3.0,6128.0,0.0005749346946384308,0.000624311,17.0,27230.0,0.00048318456569887793,0.000788548,13.0,16486.0,0.000504670728071911
5.0,22.0,0.0,2348.0,0.0,0.0001246200227326558,0.00019558,1.0,5113.0,0.00016272256076661816,0.000326371,2.0,6128.0,0.00047550921678305845,0.000367242,10.0,27230.0,0.0004368075394193268,0.000121315,2.0,16486.0,0.0003513284368431466
5.0,23.0,0.0,2348.0,0.0,7.477201363959348e-05,0.00039116,2.0,5113.0,0.0002540975364599709,0.000326371,2.0,6128.0,0.00041585393006983505,7.3448e-05,2.0,27230.0,0.0002914637236515961,0.000303288,5.0,16486.0,0.00033211226210588796
5.0,24.0,0.0,2348.0,0.0,4.486320818375608e-05,0.00019558,1.0,5113.0,0.00023069052187598256,0.0,0.0,6128.0,0.000249512358041901,0.0,0.0,27230.0,0.00017487823419095767,0.0,0.0,16486.0,0.00019926735726353276
5.0,25.0,0.0,2348.0,0.0,2.6917924910253648e-05,0.00019558,1.0,5113.0,0.00021664631312558956,0.0,0.0,6128.0,0.00014970741482514058,3.6724e-05,1.0,27230.0,0.0001196165405145746,0.0,0.0,16486.0,0.00011956041435811965
5.0,26.0,0.000425894,2348.0,1.0,0.0001865083549461522,0.0,0.0,5113.0,0.00012998778787535372,0.0,0.0,6128.0,8.982444889508435e-05,0.0,0.0,27230.0,7.176992430874476e-05,0.0,0.0,16486.0,7.173624861487179e-05
5.0,27.0,0.0,2348.0,0.0,0.00011190501296769131,0.0,0.0,5113.0,7.799267272521223e-05,0.0,0.0,6128.0,5.389466933705061e-05,7.3448e-05,2.0,27230.0,7.244115458524686e-05,0.0,0.0,16486.0,4.3041749168923075e-05
5.0,28.0,0.0,2348.0,0.0,6.714300778061478e-05,0.0,0.0,5113.0,4.679560363512734e-05,0.0,0.0,6128.0,3.2336801602230364e-05,0.0,0.0,27230.0,4.3464692751148115e-05,6.0658e-05,1.0,16486.0,5.008824950135385e-05
5.0,29.0,0.0,2348.0,0.0,4.028580466836887e-05,0.0,0.0,5113.0,2.8077362181076402e-05,0.0,0.0,6128.0,1.9402080961338218e-05,7.3448e-05,2.0,27230.0,5.545801565068887e-05,6.0658e-05,1.0,16486.0,5.4316149700812306e-05
5.0,30.0,0.0,2348.0,0.0,2.417148280102132e-05,0.0,0.0,5113.0,1.684641730864584e-05,0.0,0.0,6128.0,1.1641248576802931e-05,3.6724e-05,1.0,27230.0,4.7964409390413324e-05,0.0,0.0,16486.0,3.258968982048738e-05
5.0,31.0,0.0,2348.0,0.0,1.450288968061279e-05,0.0,0.0,5113.0,1.0107850385187504e-05,0.0,0.0,6128.0,6.984749146081759e-06,0.0,0.0,27230.0,2.8778645634247994e-05,0.0,0.0,16486.0,1.955381389229243e-05
5.0,32.0,0.0,2348.0,0.0,8.701733808367674e-06,0.0,0.0,5113.0,6.064710231112502e-06,0.0,0.0,6128.0,4.190849487649055e-06,0.0,0.0,27230.0,1.7267187380548797e-05,6.0658e-05,1.0,16486.0,3.599548833537546e-05
5.0,33.0,0.0,2348.0,0.0,5.221040285020604e-06,0.0,0.0,5113.0,3.6388261386675013e-06,0.0,0.0,6128.0,2.514509692589433e-06,0.0,0.0,27230.0,1.0360312428329278e-05,0.0,0.0,16486.0,2.1597293001225272e-05
5.0,34.0,0.0,2348.0,0.0,3.1326241710123624e-06,0.0,0.0,5113.0,2.1832956832005008e-06,0.0,0.0,6128.0,1.5087058155536598e-06,0.0,0.0,27230.0,6.216187456997567e-06,0.0,0.0,16486.0,1.2958375800735163e-05
5.0,35.0,0.0,2348.0,0.0,1.8795745026074173e-06,0.0,0.0,5113.0,1.3099774099203005e-06,0.0,0.0,6128.0,9.052234893321958e-07,0.0,0.0,27230.0,3.72971247419854e-06,0.0,0.0,16486.0,7.775025480441097e-06
5.0,36.0,0.0,2348.0,0.0,1.1277447015644503e-06,0.0,0.0,5113.0,7.859864459521803e-07,0.0,0.0,6128.0,5.431340935993175e-07,0.0,0.0,27230.0,2.2378274845191238e-06,0.0,0.0,16486.0,4.665015288264658e-06
5.0,37.0,0.0,2348.0,0.0,6.766468209386702e-07,0.0,0.0,5113.0,4.7159186757130816e-07,0.0,0.0,6128.0,3.2588045615959045e-07,0.0,0.0,27230.0,1.3426964907114743e-06,0.0,0.0,16486.0,2.7990091729587947e-06
5.0,38.0,0.0,2348.0,0.0,4.059880925632021e-07,0.0,0.0,5113.0,2.829551205427849e-07,0.0,0.0,6128.0,1.9552827369575425e-07,0.0,0.0,27230.0,8.056178944268846e-07,0.0,0.0,16486.0,1.6794055037752769e-06
5.0,39.0,0.0,2348.0,0.0,2.4359285553792125e-07,0.0,0.0,5113.0,1.6977307232567092e-07,0.0,0.0,6128.0,1.1731696421745254e-07,0.0,0.0,27230.0,4.833707366561307e-07,0.0,0.0,16486.0,1.007643302265166e-06
5.0,40.0,0.0,2348.0,0.0,1.4615571332275274e-07,0.0,0.0,5113.0,1.0186384339540255e-07,0.0,0.0,6128.0,7.039017853047152e-08,0.0,0.0,27230.0,2.900224419936784e-07,0.0,0.0,16486.0,6.045859813590996e-07
5.0,41.0,0.0,2348.0,0.0,8.769342799365164e-08,0.0,0.0,5113.0,6.111830603724153e-08,0.0,0.0,6128.0,4.223410711828291e-08,0.0,0.0,27230.0,1.7401346519620703e-07,0.0,0.0,16486.0,3.627515888154597e-07
5.0,42.0,0.0,2348.0,0.0,5.261605679619098e-08,0.0,0.0,5113.0,3.6670983622344914e-08,0.0,0.0,6128.0,2.5340464270969744e-08,0.0,0.0,27230.0,1.0440807911772421e-07,0.0,0.0,16486.0,2.1765095328927582e-07
5.0,43.0,0.0,2348.0,0.0,3.156963407771459e-08,0.0,0.0,5113.0,2.2002590173406948e-08,0.0,0.0,6128.0,1.5204278562581844e-08,0.0,0.0,27230.0,6.264484747063452e-08,0.0,0.0,16486.0,1.305905719735655e-07
5.0,44.0,0.0,2348.0,0.0,1.8941780446628755e-08,0.0,0.0,5113.0,1.3201554104044169e-08,0.0,0.0,6128.0,9.122567137549106e-09,0.0,0.0,27230.0,3.758690848238071e-08,0.0,0.0,16486.0,7.83543431841393e-08
5.0,45.0,0.0,2348.0,0.0,1.1365068267977253e-08,0.0,0.0,5113.0,7.9209324624265e-09,0.0,0.0,6128.0,5.473540282529463e-09,0.0,0.0,27230.0,2.2552145089428427e-08,0.0,0.0,16486.0,4.701260591048358e-08
5.0,46.0,0.0,2348.0,0.0,6.819040960786351e-09,0.0,0.0,5113.0,4.7525594774559e-09,0.0,0.0,6128.0,3.284124169517678e-09,0.0,0.0,27230.0,1.3531287053657055e-08,0.0,0.0,16486.0,2.8207563546290147e-08
5.0,47.0,0.0,2348.0,0.0,4.091424576471811e-09,0.0,0.0,5113.0,2.85153568647354e-09,0.0,0.0,6128.0,1.9704745017106065e-09,0.0,0.0,27230.0,8.118772232194233e-09,0.0,0.0,16486.0,1.692453812777409e-08
5.0,48.0,0.0,2348.0,0.0,2.4548547458830864e-09,0.0,0.0,5113.0,1.7109214118841239e-09,0.0,0.0,6128.0,1.1822847010263639e-09,0.0,0.0,27230.0,4.8712633393165395e-09,0.0,0.0,16486.0,1.0154722876664452e-08
5.0,49.0,0.0,2348.0,0.0,1.4729128475298519e-09,0.0,0.0,5113.0,1.0265528471304743e-09,0.0,0.0,6128.0,7.093708206158183e-10,0.0,0.0,27230.0,2.9227580035899235e-09,0.0,0.0,16486.0,6.0928337259986716e-09
5.0,50.0,0.0,2348.0,0.0,8.83747708517911e-10,0.0,0.0,5113.0,6.159317082782846e-10,0.0,0.0,6128.0,4.2562249236949097e-10,0.0,0.0,27230.0,1.753654802153954e-09,0.0,0.0,16486.0,3.6557002355992026e-09
5.0,51.0,0.0,2348.0,0.0,5.302486251107466e-10,0.0,0.0,5113.0,3.6955902496697074e-10,0.0,0.0,6128.0,2.553734954216946e-10,0.0,0.0,27230.0,1.0521928812923724e-09,0.0,0.0,16486.0,2.1934201413595217e-09
5.0,52.0,0.0,2348.0,0.0,3.1814917506644796e-10,0.0,0.0,5113.0,2.2173541498018243e-10,0.0,0.0,6128.0,1.5322409725301673e-10,0.0,0.0,27230.0,6.313157287754234e-10,0.0,0.0,16486.0,1.316052084815713e-09
6.0,1.0,0.0,2393.0,0.0,1.9088950503986878e-10,0.0,0.0,5113.0,1.3304124898810946e-10,0.0,0.0,6128.0,9.193445835181004e-11,0.0,0.0,27230.0,3.78789437265254e-10,0.0,0.0,16486.0,7.896312508894278e-10
6.0,2.0,0.0,2393.0,0.0,1.1453370302392126e-10,0.0,0.0,5076.0,7.982474939286568e-11,0.0,0.0,6084.0,5.516067501108602e-11,0.0,0.0,26982.0,2.272736623591524e-10,0.0,0.0,16423.0,4.737787505336566e-10
6.0,3.0,0.0,2393.0,0.0,6.872022181435276e-11,0.0,0.0,5076.0,4.789484963571941e-11,0.0,0.0,6084.0,3.309640500665161e-11,0.0,0.0,26982.0,1.3636419741549145e-10,0.0,0.0,16423.0,2.8426725032019396e-10
6.0,4.0,0.0,2393.0,0.0,4.123213308861166e-11,0.0,0.0,5076.0,2.8736909781431642e-11,0.0,0.0,6084.0,1.9857843003990967e-11,0.0,0.0,26982.0,8.181851844929487e-11,0.0,0.0,16423.0,1.7056035019211638e-10
6.0,5.0,0.0,2393.0,0.0,2.4739279853166993e-11,0.0,0.0,5076.0,1.7242145868858984e-11,0.0,0.0,6084.0,1.191470580239458e-11,0.0,0.0,26982.0,4.909111106957692e-11,0.0,0.0,16423.0,1.0233621011526983e-10
6.0,6.0,0.0,2393.0,0.0,1.4843567911900194e-11,0.0,0.0,5076.0,1.034528752131539e-11,0.0,0.0,6084.0,7.148823481436747e-12,0.0,0.0,26982.0,2.945466664174615e-11,0.0,0.0,16423.0,6.140172606916189e-11
6.0,7.0,0.0,2393.0,0.0,8.906140747140117e-12,0.0,0.0,5076.0,6.207172512789234e-12,0.0,0.0,6084.0,4.289294088862048e-12,0.0,0.0,26982.0,1.767279998504769e-11,0.0,0.0,16423.0,3.684103564149713e-11
6.0,8.0,0.0,2393.0,0.0,5.34368444828407e-12,0.0,0.0,5076.0,3.72430350767354e-12,0.0,0.0,6084.0,2.5735764533172285e-12,0.0,0.0,26982.0,1.0603679991028613e-11,0.0,0.0,16423.0,2.210462138489828e-11
6.0,9.0,0.0,2393.0,0.0,3.2062106689704417e-12,0.0,0.0,5076.0,2.234582104604124e-12,0.0,0.0,6084.0,1.5441458719903371e-12,0.0,0.0,26982.0,6.362207994617168e-12,6.089e-05,1.0,16423.0,2.4356013262772833e-05
6.0,10.0,0.0,2393.0,0.0,1.923726401382265e-12,0.0,0.0,5076.0,1.3407492627624744e-12,0.0,0.0,6084.0,9.264875231942023e-13,0.0,0.0,26982.0,3.8173247967703004e-12,6.089e-05,1.0,16423.0,3.89696079576637e-05
6.0,11.0,0.0,2393.0,0.0,1.1542358408293591e-12,0.0,0.0,5076.0,8.044495576574847e-13,0.0,0.0,6084.0,5.558925139165214e-13,3.7062e-05,1.0,26982.0,1.482480229039488e-05,0.00012178,2.0,16423.0,7.209376477459823e-05
6.0,12.0,0.0,2393.0,0.0,6.925415044976154e-13,0.0,0.0,5076.0,4.826697345944908e-13,0.0,0.0,6084.0,3.335355083499128e-13,0.0,0.0,26982.0,8.894881374236927e-06,0.00030445099999999996,5.0,16423.0,0.00016503665886475892
6.0,13.0,0.0,2393.0,0.0,4.1552490269856924e-13,0.0,0.0,5076.0,2.896018407566945e-13,0.0,0.0,6084.0,2.0012130500994767e-13,0.0,0.0,26982.0,5.336928824542156e-06,0.0015831460000000001,26.0,16423.0,0.0007322803953188554
6.0,14.0,0.0,2393.0,0.0,2.4931494161914155e-13,0.0,0.0,5076.0,1.7376110445401668e-13,0.002794214,17.0,6084.0,0.001117685600120073,3.7062e-05,1.0,26982.0,1.8026957294725295e-05,0.002192048,36.0,16423.0,0.0013161874371913132
6.0,15.0,0.000835771,2393.0,2.0,0.000334308400149589,0.0,0.0,5076.0,1.0425666267241e-13,0.000164366,1.0,6084.0,0.0007363577600720438,3.7062e-05,1.0,26982.0,2.5640974376835176e-05,0.002009377,33.0,16423.0,0.001593463262314788
6.0,16.0,0.002089427,2393.0,5.0,0.0010363558400897535,0.000394011,2.0,5076.0,0.000157604400062554,0.000164366,1.0,6084.0,0.0005075610560432263,7.412300000000001e-05,2.0,26982.0,4.503378462610111e-05,0.000730683,12.0,16423.0,0.0012483511573888727
6.0,17.0,0.0012536560000000001,2393.0,3.0,0.0011232759040538521,0.000394011,2.0,5076.0,0.0002521670400375324,0.0013149239999999999,8.0,6084.0,0.0008305062336259356,3.7062e-05,1.0,26982.0,4.184507077566067e-05,0.000548012,9.0,16423.0,0.0009682154944333236
6.0,18.0,0.0012536560000000001,2393.0,3.0,0.0011754279424323114,0.000788022,4.0,5076.0,0.0004665090240225195,0.002465483,15.0,6084.0,0.0014844969401755614,7.412300000000001e-05,2.0,26982.0,5.475624246539641e-05,0.000669792,11.0,16423.0,0.0008488460966599941
6.0,19.0,0.0012536560000000001,2393.0,3.0,0.0012067191654593868,0.000788022,4.0,5076.0,0.0005951142144135118,0.0013149239999999999,8.0,6084.0,0.0014166677641053367,0.000185309,5.0,26982.0,0.00010697734547923784,0.000243561,4.0,16423.0,0.0006067320579959965
6.0,20.0,0.0,2393.0,0.0,0.0007240314992756321,0.00019700599999999998,1.0,5076.0,0.0004358709286481071,0.00032873099999999997,2.0,6084.0,0.000981493058463202,3.7062e-05,1.0,26982.0,7.901120728754271e-05,0.00042623199999999997,7.0,16423.0,0.0005345320347975979
6.0,21.0,0.0,2393.0,0.0,0.00043441889956537927,0.000591017,3.0,5076.0,0.0004979293571888642,0.00032873099999999997,2.0,6084.0,0.0007203882350779211,0.00025943200000000003,7.0,26982.0,0.00015117952437252564,0.000548012,9.0,16423.0,0.0005399240208785587
6.0,22.0,0.0,2393.0,0.0,0.00026065133973922756,0.0,0.0,5076.0,0.00029875761431331856,0.00032873099999999997,2.0,6084.0,0.0005637253410467526,0.00044474099999999996,12.0,26982.0,0.0002686041146235154,0.0,0.0,16423.0,0.00032395441252713517
6.0,23.0,0.002089427,2393.0,5.0,0.0009921616038435367,0.0,0.0,5076.0,0.00017925456858799112,0.000164366,1.0,6084.0,0.0004039816046280516,0.000111185,3.0,26982.0,0.00020563646877410925,0.00030445099999999996,5.0,16423.0,0.00031615304751628106
6.0,24.0,0.000417885,2393.0,1.0,0.000762450962306122,0.00019700599999999998,1.0,5076.0,0.00018635514115279467,0.000493097,3.0,6084.0,0.00043962776277683095,0.000148247,4.0,26982.0,0.00018268068126446556,0.00018267099999999997,3.0,16423.0,0.00026276022850976863
6.0,25.0,0.0,2393.0,0.0,0.0004574705773836732,0.0,0.0,5076.0,0.00011181308469167679,0.001643655,10.0,6084.0,0.0009212386576660987,0.000704173,19.0,26982.0,0.00039127760875867936,0.00018267099999999997,3.0,16423.0,0.00023072453710586117
6.0,26.0,0.000417885,2393.0,1.0,0.0004416363464302039,0.0,0.0,5076.0,6.708785081500607e-05,0.00147929,9.0,6084.0,0.0011444591945996593,0.00025943200000000003,7.0,26982.0,0.0003385393652552076,0.00012178,2.0,16423.0,0.0001871467222635167
6.0,27.0,0.000417885,2393.0,1.0,0.00043213580785812235,0.0,0.0,5076.0,4.025271048900364e-05,0.000986193,6.0,6084.0,0.0010811527167597956,7.412300000000001e-05,2.0,26982.0,0.00023277281915312458,6.089e-05,1.0,16423.0,0.00013664403335811
6.0,28.0,0.0,2393.0,0.0,0.0002592814847148734,0.0,0.0,5076.0,2.4151626293402186e-05,0.00032873099999999997,2.0,6084.0,0.0007801840300558773,0.000185309,5.0,26982.0,0.00021378729149187475,6.089e-05,1.0,16423.0,0.000106342420014866
6.0,29.0,0.000835771,2393.0,2.0,0.0004898772908289241,0.0,0.0,5076.0,1.449097577604131e-05,0.0,0.0,6084.0,0.0004681104180335264,0.00025943200000000003,7.0,26982.0,0.00023204517489512486,6.089e-05,1.0,16423.0,8.816145200891959e-05
6.0,30.0,0.0,2393.0,0.0,0.0002939263744973544,0.0,0.0,5076.0,8.694585465624786e-06,0.0,0.0,6084.0,0.0002808662508201158,0.000148247,4.0,26982.0,0.00019852590493707491,0.000548012,9.0,16423.0,0.00027210167120535173
6.0,31.0,0.0,2393.0,0.0,0.00017635582469841264,0.0,0.0,5076.0,5.216751279374871e-06,0.0,0.0,6084.0,0.00016851975049206948,3.7062e-05,1.0,26982.0,0.00013394034296224496,0.000243561,4.0,16423.0,0.00026068540272321104
6.0,32.0,0.000417885,2393.0,1.0,0.0002729674948190476,0.0,0.0,5076.0,3.1300507676249224e-06,0.000164366,1.0,6084.0,0.0001668582502952417,0.0,0.0,26982.0,8.036420577734698e-05,0.000243561,4.0,16423.0,0.00025383564163392665
6.0,33.0,0.000417885,2393.0,1.0,0.00033093449689142857,0.0,0.0,5076.0,1.8780304605749533e-06,0.0,0.0,6084.0,0.00010011495017714502,0.0,0.0,26982.0,4.8218523466408185e-05,0.00018267099999999997,3.0,16423.0,0.00022536978498035595
6.0,34.0,0.0,2393.0,0.0,0.00019856069813485713,0.0,0.0,5076.0,1.126818276344972e-06,0.0,0.0,6084.0,6.006897010628701e-05,0.0,0.0,26982.0,2.893111407984491e-05,0.00012178,2.0,16423.0,0.00018393387098821358
6.0,35.0,0.001671542,2393.0,4.0,0.0007877532188809143,0.0,0.0,5076.0,6.760909658069831e-07,0.0,0.0,6084.0,3.6041382063772204e-05,0.000185309,5.0,26982.0,9.148226844790696e-05,0.00012178,2.0,16423.0,0.00015907232259292813
6.0,36.0,0.000417885,2393.0,1.0,0.0006398059313285486,0.0,0.0,5076.0,4.056545794841899e-07,0.0,0.0,6084.0,2.162482923826332e-05,0.0,0.0,26982.0,5.4889361068744174e-05,0.0,0.0,16423.0,9.544339355575687e-05
6.0,37.0,0.0,2393.0,0.0,0.00038388355879712913,0.0,0.0,5076.0,2.4339274769051393e-07,0.0,0.0,6084.0,1.2974897542957992e-05,3.7062e-05,1.0,26982.0,4.775841664124651e-05,0.0,0.0,16423.0,5.726603613345412e-05
6.0,38.0,0.0,2393.0,0.0,0.00023033013527827746,0.0,0.0,5076.0,1.4603564861430836e-07,0.0,0.0,6084.0,7.784938525774795e-06,3.7062e-05,1.0,26982.0,4.3479849984747905e-05,0.0,0.0,16423.0,3.435962168007247e-05
6.0,39.0,0.0,2393.0,0.0,0.00013819808116696648,0.0,0.0,5076.0,8.762138916858502e-08,0.0,0.0,6084.0,4.670963115464877e-06,0.0,0.0,26982.0,2.6087909990848743e-05,0.0,0.0,16423.0,2.0615773008043482e-05
6.0,40.0,0.0,2393.0,0.0,8.291884870017988e-05,0.0,0.0,5076.0,5.257283350115101e-08,0.0,0.0,6084.0,2.802577869278926e-06,3.7062e-05,1.0,26982.0,3.0477545994509244e-05,0.0,0.0,16423.0,1.236946380482609e-05
6.0,41.0,0.0,2393.0,0.0,4.975130922010793e-05,0.0,0.0,5076.0,3.15437001006906e-08,0.0,0.0,6084.0,1.6815467215673555e-06,0.0,0.0,26982.0,1.8286527596705545e-05,0.0,0.0,16423.0,7.421678282895654e-06
6.0,42.0,0.0,2393.0,0.0,2.9850785532064757e-05,0.0,0.0,5076.0,1.892622006041436e-08,0.0,0.0,6084.0,1.0089280329404133e-06,0.0,0.0,26982.0,1.0971916558023327e-05,0.0,0.0,16423.0,4.453006969737392e-06
6.0,43.0,0.0,2393.0,0.0,1.7910471319238852e-05,0.0,0.0,5076.0,1.1355732036248616e-08,0.0,0.0,6084.0,6.05356819764248e-07,0.0,0.0,26982.0,6.583149934813996e-06,0.0,0.0,16423.0,2.671804181842435e-06
6.0,44.0,0.0,2393.0,0.0,1.074628279154331e-05,0.0,0.0,5076.0,6.81343922174917e-09,0.0,0.0,6084.0,3.632140918585488e-07,0.0,0.0,26982.0,3.949889960888397e-06,0.0,0.0,16423.0,1.603082509105461e-06
6.0,45.0,0.0,2393.0,0.0,6.447769674925986e-06,0.0,0.0,5076.0,4.088063533049501e-09,0.0,0.0,6084.0,2.1792845511512925e-07,0.0,0.0,26982.0,2.3699339765330382e-06,0.0,0.0,16423.0,9.618495054632766e-07
6.0,46.0,0.0,2393.0,0.0,3.868661804955591e-06,0.0,0.0,5076.0,2.4528381198297008e-09,0.0,0.0,6084.0,1.3075707306907753e-07,0.0,0.0,26982.0,1.4219603859198228e-06,0.0,0.0,16423.0,5.771097032779659e-07
6.0,47.0,0.0,2393.0,0.0,2.3211970829733545e-06,0.0,0.0,5076.0,1.4717028718978205e-09,0.0,0.0,6084.0,7.845424384144652e-08,0.0,0.0,26982.0,8.531762315518936e-07,0.0,0.0,16423.0,3.4626582196677955e-07
6.0,48.0,0.0,2393.0,0.0,1.3927182497840127e-06,0.0,0.0,5076.0,8.830217231386923e-10,0.0,0.0,6084.0,4.707254630486791e-08,0.0,0.0,26982.0,5.119057389311362e-07,0.0,0.0,16423.0,2.0775949318006773e-07
6.0,49.0,0.0,2393.0,0.0,8.356309498704076e-07,0.0,0.0,5076.0,5.298130338832153e-10,0.0,0.0,6084.0,2.8243527782920745e-08,0.0,0.0,26982.0,3.071434433586817e-07,0.0,0.0,16423.0,1.2465569590804063e-07
6.0,50.0,0.0,2393.0,0.0,5.013785699222446e-07,0.0,0.0,5076.0,3.178878203299292e-10,0.0,0.0,6084.0,1.6946116669752448e-08,0.0,0.0,26982.0,1.8428606601520902e-07,0.0,0.0,16423.0,7.479341754482438e-08
6.0,51.0,0.0,2393.0,0.0,3.0082714195334673e-07,0.0,0.0,5076.0,1.907326921979575e-10,0.0,0.0,6084.0,1.0167670001851468e-08,0.0,0.0,26982.0,1.1057163960912541e-07,0.0,0.0,16423.0,4.487605052689463e-08
6.0,52.0,0.0,2393.0,0.0,1.8049628517200804e-07,0.0,0.0,5076.0,1.144396153187745e-10,0.0,0.0,6084.0,6.1006020011108804e-09,0.0,0.0,26982.0,6.634298376547525e-08,0.0,0.0,16423.0,2.6925630316136777e-08
7.0,1.0,0.0,2428.0,0.0,1.0829777110320482e-07,0.0,0.0,5076.0,6.866376919126469e-11,0.0,0.0,6084.0,3.660361200666528e-09,0.0,0.0,26982.0,3.980579025928515e-08,0.0,0.0,16423.0,1.6155378189682066e-08
7.0,2.0,0.0,2428.0,0.0,6.497866266192289e-08,0.0,0.0,4961.0,4.1198261514758814e-11,0.0,0.0,6028.0,2.1962167203999166e-09,0.0,0.0,27103.0,2.388347415557109e-08,0.0,0.0,16446.0,9.69322691380924e-09
7.0,3.0,0.0,2428.0,0.0,3.898719759715373e-08,0.0,0.0,4961.0,2.4718956908855287e-11,0.0,0.0,6028.0,1.31773003223995e-09,0.0,0.0,27103.0,1.4330084493342652e-08,0.0,0.0,16446.0,5.815936148285544e-09
7.0,4.0,0.0,2428.0,0.0,2.3392318558292238e-08,0.0,0.0,4961.0,1.483137414531317e-11,0.0,0.0,6028.0,7.906380193439699e-10,0.0,0.0,27103.0,8.598050696005591e-09,0.0,0.0,16446.0,3.4895616889713264e-09
7.0,5.0,0.0,2428.0,0.0,1.4035391134975342e-08,0.0,0.0,4961.0,8.898824487187903e-12,0.0,0.0,6028.0,4.743828116063819e-10,0.0,0.0,27103.0,5.1588304176033545e-09,0.0,0.0,16446.0,2.0937370133827956e-09
7.0,6.0,0.0,2428.0,0.0,8.421234680985206e-09,0.0,0.0,4961.0,5.339294692312741e-12,0.0,0.0,6028.0,2.8462968696382916e-10,0.0,0.0,27103.0,3.0952982505620127e-09,0.0,0.0,16446.0,1.2562422080296774e-09
7.0,7.0,0.0,2428.0,0.0,5.052740808591123e-09,0.0,0.0,4961.0,3.2035768153876444e-12,0.0,0.0,6028.0,1.707778121782975e-10,0.0,0.0,27103.0,1.8571789503372075e-09,0.0,0.0,16446.0,7.537453248178064e-10
7.0,8.0,0.0,2428.0,0.0,3.0316444851546738e-09,0.0,0.0,4961.0,1.9221460892325867e-12,0.0,0.0,6028.0,1.0246668730697849e-10,0.0,0.0,27103.0,1.1143073702023244e-09,0.0,0.0,16446.0,4.522471948906838e-10
7.0,9.0,0.0,2428.0,0.0,1.8189866910928041e-09,0.0,0.0,4961.0,1.153287653539552e-12,0.0,0.0,6028.0,6.14800123841871e-11,0.0,0.0,27103.0,6.685844221213946e-10,0.0,0.0,16446.0,2.713483169344103e-10
7.0,10.0,0.0,2428.0,0.0,1.0913920146556824e-09,0.0,0.0,4961.0,6.919725921237311e-13,0.0,0.0,6028.0,3.688800743051226e-11,0.0,0.0,27103.0,4.011506532728367e-10,0.0,0.0,16446.0,1.6280899016064618e-10
7.0,11.0,0.0,2428.0,0.0,6.548352087934095e-10,0.0,0.0,4961.0,4.1518355527423867e-13,0.0,0.0,6028.0,2.2132804458307353e-11,0.0,0.0,27103.0,2.40690391963702e-10,0.0,0.0,16446.0,9.76853940963877e-11
7.0,12.0,0.0,2428.0,0.0,3.929011252760457e-10,0.0,0.0,4961.0,2.491101331645432e-13,0.0,0.0,6028.0,1.3279682674984411e-11,0.0,0.0,27103.0,1.444142351782212e-10,0.0,0.0,16446.0,5.861123645783262e-11
7.0,13.0,0.0,2428.0,0.0,2.357406751656274e-10,0.0,0.0,4961.0,1.4946607989872593e-13,0.0,0.0,6028.0,7.967809604990647e-12,0.0,0.0,27103.0,8.664854110693271e-11,0.0,0.0,16446.0,3.516674187469957e-11
7.0,14.0,0.0,2428.0,0.0,1.4144440509937645e-10,0.0,0.0,4961.0,8.967964793923555e-14,0.0,0.0,6028.0,4.780685762994388e-12,0.0,0.0,27103.0,5.198912466415962e-11,0.0,0.0,16446.0,2.1100045124819742e-11
7.0,15.0,0.0,2428.0,0.0,8.486664305962587e-11,0.0,0.0,4961.0,5.380778876354133e-14,0.0,0.0,6028.0,2.8684114577966328e-12,0.0,0.0,27103.0,3.119347479849577e-11,0.0,0.0,16446.0,1.2660027074891845e-11
7.0,16.0,0.0,2428.0,0.0,5.0919985835775525e-11,0.0,0.0,4961.0,3.22846732581248e-14,0.0,0.0,6028.0,1.7210468746779796e-12,0.0,0.0,27103.0,1.8716084879097462e-11,0.0,0.0,16446.0,7.596016244935106e-12
7.0,17.0,0.0,2428.0,0.0,3.0551991501465315e-11,0.0,0.0,4961.0,1.937080395487488e-14,0.0,0.0,6028.0,1.0326281248067876e-12,0.0,0.0,27103.0,1.1229650927458477e-11,0.0,0.0,16446.0,4.5576097469610635e-12
7.0,18.0,0.0,2428.0,0.0,1.8331194900879188e-11,0.0,0.0,4961.0,1.1622482372924927e-14,0.0,0.0,6028.0,6.195768748840725e-13,0.0,0.0,27103.0,6.737790556475086e-12,0.0,0.0,16446.0,2.734565848176638e-12
7.0,19.0,0.0,2428.0,0.0,1.0998716940527512e-11,0.0,0.0,4961.0,6.973489423754956e-15,0.0,0.0,6028.0,3.717461249304435e-13,0.0,0.0,27103.0,4.042674333885051e-12,6.0805e-05,1.0,16446.0,2.432200164073951e-05
7.0,20.0,0.0,2428.0,0.0,6.599230164316507e-12,0.0,0.0,4961.0,4.184093654252974e-15,0.0,0.0,6028.0,2.230476749582661e-13,0.0,0.0,27103.0,2.425604600331031e-12,0.0,0.0,16446.0,1.4593200984443705e-05
7.0,21.0,0.0,2428.0,0.0,3.959538098589904e-12,0.0,0.0,4961.0,2.510456192551784e-15,0.0,0.0,6028.0,1.3382860497495965e-13,0.0,0.0,27103.0,1.4553627601986185e-12,0.0,0.0,16446.0,8.755920590666223e-06
7.0,22.0,0.0,2428.0,0.0,2.3757228591539425e-12,0.0,0.0,4961.0,1.5062737155310705e-15,0.0,0.0,6028.0,8.029716298497579e-14,0.0,0.0,27103.0,8.73217656119171e-13,0.0,0.0,16446.0,5.253552354399734e-06
7.0,23.0,0.0,2428.0,0.0,1.4254337154923655e-12,0.0,0.0,4961.0,9.037642293186422e-16,0.0,0.0,6028.0,4.817829779098547e-14,0.0,0.0,27103.0,5.239305936715026e-13,0.0,0.0,16446.0,3.1521314126398405e-06
7.0,24.0,0.0,2428.0,0.0,8.552602292954192e-13,0.0,0.0,4961.0,5.422585375911853e-16,0.000165893,1.0,6028.0,6.635720002890699e-05,0.0,0.0,27103.0,3.1435835620290154e-13,0.0,0.0,16446.0,1.8912788475839043e-06
7.0,25.0,0.0,2428.0,0.0,5.131561375772515e-13,0.0,0.0,4961.0,3.253551225547112e-16,0.00066357,4.0,6028.0,0.00030524232001734417,0.0,0.0,27103.0,1.8861501372174092e-13,6.0805e-05,1.0,16446.0,2.5456767308550345e-05
7.0,26.0,0.0,2428.0,0.0,3.078936825463509e-13,0.0,0.0,4961.0,1.9521307353282673e-16,0.000165893,1.0,6028.0,0.0002495025920104065,3.6896e-05,1.0,27103.0,1.4758400113169008e-05,0.000425635,7.0,16446.0,0.0001855280603851302
7.0,27.0,0.001235585,2428.0,3.0,0.0004942340001847362,0.00020157200000000001,1.0,4961.0,8.062880000011715e-05,0.000497678,3.0,6028.0,0.0003487727552062439,0.000147585,4.0,27103.0,6.78890400679014e-05,0.00024322,4.0,16446.0,0.00020860483623107813
7.0,28.0,0.0008237230000000001,2428.0,2.0,0.0006260296001108418,0.00020157200000000001,1.0,4961.0,0.0001290060800000703,0.000331785,2.0,6028.0,0.0003419776531237463,7.3793e-05,2.0,27103.0,7.025062404074085e-05,0.000547246,9.0,16446.0,0.00034406130173864687
7.0,29.0,0.0,2428.0,0.0,0.0003756177600665051,0.000403145,2.0,4961.0,0.00023866164800004217,0.000331785,2.0,6028.0,0.0003379005918742478,0.00033206699999999996,9.0,27103.0,0.0001749771744244445,0.000304025,5.0,16446.0,0.0003280467810431881
7.0,30.0,0.000411862,2428.0,1.0,0.000390115456039903,0.00020157200000000001,1.0,4961.0,0.0002238257888000253,0.000497678,3.0,6028.0,0.00040181155512454867,0.00047965199999999995,13.0,27103.0,0.0002968471046546667,0.000729661,12.0,16446.0,0.0004886924686259129
7.0,31.0,0.000411862,2428.0,1.0,0.00039881407362394184,0.0,0.0,4961.0,0.00013429547328001518,0.00066357,4.0,6028.0,0.0005065149330747293,0.00033206699999999996,9.0,27103.0,0.00031093506279279996,0.001033686,17.0,16446.0,0.0007066898811755478
7.0,32.0,0.0,2428.0,0.0,0.00023928844417436508,0.000806289,4.0,4961.0,0.0004030928839680091,0.000165893,1.0,6028.0,0.0003702661598448375,0.000258274,7.0,27103.0,0.00028987063767567996,0.00048644,8.0,16446.0,0.0006185899287053287
7.0,33.0,0.000411862,2428.0,1.0,0.00030831786650461904,0.000403145,2.0,4961.0,0.00040311373038080545,0.000165893,1.0,6028.0,0.00028851689590690254,7.3793e-05,2.0,27103.0,0.00020343958260540796,0.0009728810000000001,16.0,16446.0,0.0007603063572231973
7.0,34.0,0.0016474460000000001,2428.0,4.0,0.0008439691199027715,0.0,0.0,4961.0,0.00024186823822848325,0.000331785,2.0,6028.0,0.00030582413754414155,0.0,0.0,27103.0,0.00012206374956324477,0.000304025,5.0,16446.0,0.0005777938143339184
7.0,35.0,0.0,2428.0,0.0,0.0005063814719416629,0.0,0.0,4961.0,0.00014512094293708995,0.0,0.0,6028.0,0.00018349448252648492,0.000147585,4.0,27103.0,0.00013227224973794686,0.00048644,8.0,16446.0,0.000541252288600351
7.0,36.0,0.0,2428.0,0.0,0.00030382888316499775,0.0,0.0,4961.0,8.707256576225396e-05,0.000165893,1.0,6028.0,0.00017645388951589093,7.3793e-05,2.0,27103.0,0.0001088805498427681,0.000182415,3.0,16446.0,0.00039771737316021054
7.0,37.0,0.0,2428.0,0.0,0.00018229732989899866,0.0,0.0,4961.0,5.224353945735238e-05,0.000165893,1.0,6028.0,0.00017222953370953455,7.3793e-05,2.0,27103.0,9.484552990566086e-05,6.0805e-05,1.0,16446.0,0.0002629524238961263
7.0,38.0,0.002883031,2428.0,7.0,0.001262590797939399,0.0,0.0,4961.0,3.1346123674411425e-05,0.000165893,1.0,6028.0,0.00016969492022572073,0.0,0.0,27103.0,5.6907317943396514e-05,0.000182415,3.0,16446.0,0.00023073745433767578
7.0,39.0,0.0,2428.0,0.0,0.0007575544787636394,0.0,0.0,4961.0,1.8807674204646855e-05,0.0,0.0,6028.0,0.00010181695213543243,0.0,0.0,27103.0,3.4144390766037906e-05,0.0,0.0,16446.0,0.00013844247260260547
7.0,40.0,0.000411862,2428.0,1.0,0.0006192774872581837,0.0,0.0,4961.0,1.1284604522788113e-05,0.0,0.0,6028.0,6.109017128125945e-05,0.0,0.0,27103.0,2.048663445962274e-05,0.0,0.0,16446.0,8.306548356156329e-05
7.0,41.0,0.0,2428.0,0.0,0.0003715664923549102,0.0,0.0,4961.0,6.770762713672868e-06,0.0,0.0,6028.0,3.665410276875567e-05,0.0,0.0,27103.0,1.2291980675773645e-05,0.0,0.0,16446.0,4.983929013693797e-05
7.0,42.0,0.0,2428.0,0.0,0.00022293989541294612,0.0,0.0,4961.0,4.06245762820372e-06,0.0,0.0,6028.0,2.19924616612534e-05,0.0,0.0,27103.0,7.375188405464186e-06,0.0,0.0,16446.0,2.990357408216278e-05
7.0,43.0,0.0,2428.0,0.0,0.00013376393724776766,0.0,0.0,4961.0,2.437474576922232e-06,0.0,0.0,6028.0,1.319547699675204e-05,0.0,0.0,27103.0,4.425113043278511e-06,0.0,0.0,16446.0,1.794214444929767e-05
7.0,44.0,0.0,2428.0,0.0,8.02583623486606e-05,0.0,0.0,4961.0,1.4624847461533393e-06,0.0,0.0,6028.0,7.917286198051224e-06,0.0,0.0,27103.0,2.655067825967107e-06,0.0,0.0,16446.0,1.0765286669578601e-05
7.0,45.0,0.0,2428.0,0.0,4.815501740919636e-05,0.0,0.0,4961.0,8.774908476920036e-07,0.0,0.0,6028.0,4.750371718830734e-06,0.0,0.0,27103.0,1.5930406955802641e-06,0.0,0.0,16446.0,6.4591720017471605e-06
7.0,46.0,0.0,2428.0,0.0,2.8893010445517816e-05,0.0,0.0,4961.0,5.264945086152021e-07,0.0,0.0,6028.0,2.8502230312984403e-06,0.0,0.0,27103.0,9.558244173481585e-07,0.0,0.0,16446.0,3.875503201048296e-06
7.0,47.0,0.0,2428.0,0.0,1.733580626731069e-05,0.0,0.0,4961.0,3.158967051691212e-07,0.0,0.0,6028.0,1.710133818779064e-06,0.0,0.0,27103.0,5.734946504088951e-07,0.0,0.0,16446.0,2.325301920628977e-06
7.0,48.0,0.0,2428.0,0.0,1.0401483760386414e-05,0.0,0.0,4961.0,1.8953802310147274e-07,0.0,0.0,6028.0,1.0260802912674384e-06,0.0,0.0,27103.0,3.44096790245337e-07,0.0,0.0,16446.0,1.3951811523773862e-06
7.0,49.0,0.0,2428.0,0.0,6.240890256231848e-06,0.0,0.0,4961.0,1.1372281386088363e-07,0.0,0.0,6028.0,6.15648174760463e-07,0.0,0.0,27103.0,2.0645807414720221e-07,0.0,0.0,16446.0,8.371086914264317e-07
7.0,50.0,0.0,2428.0,0.0,3.7445341537391087e-06,0.0,0.0,4961.0,6.823368831653017e-08,0.0,0.0,6028.0,3.6938890485627783e-07,0.0,0.0,27103.0,1.2387484448832133e-07,0.0,0.0,16446.0,5.02265214855859e-07
7.0,51.0,0.0,2428.0,0.0,2.246720492243465e-06,0.0,0.0,4961.0,4.0940212989918104e-08,0.0,0.0,6028.0,2.2163334291376668e-07,0.0,0.0,27103.0,7.43249066929928e-08,0.0,0.0,16446.0,3.013591289135154e-07
7.0,52.0,0.0,2428.0,0.0,1.348032295346079e-06,0.0,0.0,4961.0,2.4564127793950863e-08,0.0,0.0,6028.0,1.3298000574826e-07,0.0,0.0,27103.0,4.4594944015795674e-08,0.0,0.0,16446.0,1.8081547734810924e-07
8.0,1.0,0.0,2427.0,0.0,8.088193772076474e-07,0.0,0.0,4961.0,1.4738476676370518e-08,0.0,0.0,6028.0,7.9788003448956e-08,0.0,0.0,27103.0,2.6756966409477404e-08,0.0,0.0,16446.0,1.0848928640886553e-07
8.0,2.0,0.0,2427.0,0.0,4.852916263245884e-07,0.0,0.0,4886.0,8.84308600582231e-09,0.0,0.0,5960.0,4.78728020693736e-08,0.0,0.0,27141.0,1.6054179845686443e-08,0.0,0.0,16463.0,6.509357184531931e-08
8.0,3.0,0.0,2427.0,0.0,2.91174975794753e-07,0.0,0.0,4886.0,5.305851603493386e-09,0.0,0.0,5960.0,2.8723681241624156e-08,0.0,0.0,27141.0,9.632507907411865e-09,0.0,0.0,16463.0,3.905614310719159e-08
8.0,4.0,0.0,2427.0,0.0,1.7470498547685178e-07,0.0,0.0,4886.0,3.1835109620960315e-09,0.0,0.0,5960.0,1.7234208744974494e-08,0.0,0.0,27141.0,5.779504744447119e-09,0.0,0.0,16463.0,2.3433685864314953e-08
8.0,5.0,0.0,2427.0,0.0,1.0482299128611107e-07,0.0,0.0,4886.0,1.910106577257619e-09,0.0,0.0,5960.0,1.0340525246984697e-08,0.0,0.0,27141.0,3.467702846668271e-09,0.0,0.0,16463.0,1.4060211518588971e-08
8.0,6.0,0.0,2427.0,0.0,6.289379477166664e-08,0.0,0.0,4886.0,1.1460639463545713e-09,0.0,0.0,5960.0,6.204315148190818e-09,0.0,0.0,27141.0,2.0806217080009627e-09,0.0,0.0,16463.0,8.436126911153382e-09
8.0,7.0,0.0,2427.0,0.0,3.7736276862999985e-08,0.0,0.0,4886.0,6.876383678127428e-10,0.0,0.0,5960.0,3.7225890889144904e-09,0.0,0.0,27141.0,1.2483730248005775e-09,0.0,0.0,16463.0,5.061676146692029e-09
8.0,8.0,0.0,2427.0,0.0,2.264176611779999e-08,0.0,0.0,4886.0,4.1258302068764563e-10,0.0,0.0,5960.0,2.233553453348694e-09,0.0,0.0,27141.0,7.490238148803465e-10,0.0,0.0,16463.0,3.0370056880152174e-09
8.0,9.0,0.0,2427.0,0.0,1.3585059670679992e-08,0.0,0.0,4886.0,2.4754981241258736e-10,0.0,0.0,5960.0,1.3401320720092165e-09,0.0,0.0,27141.0,4.4941428892820785e-10,0.0,0.0,16463.0,1.8222034128091305e-09
8.0,10.0,0.0,2427.0,0.0,8.151035802407995e-09,0.0,0.0,4886.0,1.485298874475524e-10,0.0,0.0,5960.0,8.040792432055298e-10,0.0,0.0,27141.0,2.696485733569247e-10,6.0741999999999995e-05,1.0,16463.0,2.4297893322047687e-05
8.0,11.0,0.0,2427.0,0.0,4.890621481444797e-09,0.0,0.0,4886.0,8.911793246853144e-11,0.0,0.0,5960.0,4.824475459233179e-10,0.0,0.0,27141.0,1.617891440141548e-10,0.0,0.0,16463.0,1.4578735993228612e-05
8.0,12.0,0.0,2427.0,0.0,2.934372888866878e-09,0.0,0.0,4886.0,5.3470759481118865e-11,0.0,0.0,5960.0,2.894685275539907e-10,0.0,0.0,27141.0,9.707348640849289e-11,0.0,0.0,16463.0,8.747241595937168e-06
8.0,13.0,0.0,2427.0,0.0,1.7606237333201267e-09,0.0,0.0,4886.0,3.2082455688671315e-11,0.0,0.0,5960.0,1.7368111653239442e-10,0.0,0.0,27141.0,5.824409184509573e-11,0.0,0.0,16463.0,5.2483449575623e-06
8.0,14.0,0.000412031,2427.0,1.0,0.00016481345637423998,0.0,0.0,4886.0,1.924947341320279e-11,0.0,0.0,5960.0,1.0420866991943664e-10,0.0,0.0,27141.0,3.494645510705744e-11,0.0,0.0,16463.0,3.14900697453738e-06
8.0,15.0,0.0,2427.0,0.0,9.888807382454398e-05,0.0,0.0,4886.0,1.1549684047921673e-11,0.0,0.0,5960.0,6.252520195166198e-11,0.0,0.0,27141.0,2.096787306423446e-11,0.0,0.0,16463.0,1.889404184722428e-06
8.0,16.0,0.0,2427.0,0.0,5.9332844294726384e-05,0.0,0.0,4886.0,6.9298104287530034e-12,0.0,0.0,5960.0,3.7515121170997185e-11,0.0,0.0,27141.0,1.2580723838540677e-11,0.0,0.0,16463.0,1.1336425108334568e-06
8.0,17.0,0.000412031,2427.0,1.0,0.0002004121065768358,0.0,0.0,4886.0,4.1578862572518016e-12,0.0,0.0,5960.0,2.250907270259831e-11,0.0,0.0,27141.0,7.548434303124407e-12,6.0741999999999995e-05,1.0,16463.0,2.4976985506500075e-05
8.0,18.0,0.0012360939999999999,2427.0,3.0,0.0006146848639461015,0.0,0.0,4886.0,2.4947317543510807e-12,0.00033557,2.0,5960.0,0.0001342280135054436,7.368899999999999e-05,2.0,27141.0,2.947560452906058e-05,6.0741999999999995e-05,1.0,16463.0,3.9282991303900045e-05
8.0,19.0,0.000412031,2427.0,1.0,0.0005336233183676609,0.0,0.0,4886.0,1.4968390526106484e-12,0.0013422820000000002,8.0,5960.0,0.0006174496081032663,0.0008474260000000001,23.0,27141.0,0.0003566557627174364,0.000668165,11.0,16463.0,0.00029083579478234
8.0,20.0,0.001648125,2427.0,4.0,0.0009794239910205966,0.000204666,1.0,4886.0,8.186640089810344e-05,0.0,0.0,5960.0,0.00037046976486195974,0.0008842710000000001,24.0,27141.0,0.0005677018576304619,0.001032619,17.0,16463.0,0.000587549076869404
8.0,21.0,0.000824063,2427.0,2.0,0.000917279594612358,0.000409333,2.0,4886.0,0.00021285304053886208,0.0,0.0,5960.0,0.00022228185891717584,0.000700048,19.0,27141.0,0.000620640314578277,0.002125979,35.0,16463.0,0.0012029210461216423
8.0,22.0,0.0,2427.0,0.0,0.0005503677567674147,0.000204666,1.0,4886.0,0.00020957822432331722,0.00033557,2.0,5960.0,0.0002675971153503055,0.0008842710000000001,24.0,27141.0,0.0007260925887469662,0.0017007839999999999,28.0,16463.0,0.0014020662276729855
8.0,23.0,0.0,2427.0,0.0,0.00033022065406044886,0.0,0.0,4886.0,0.00012574693459399032,0.0,0.0,5960.0,0.0001605582692101833,0.000147379,4.0,27141.0,0.0004946071532481798,0.001275588,21.0,16463.0,0.0013514749366037911
8.0,24.0,0.0,2427.0,0.0,0.0001981323924362693,0.0,0.0,4886.0,7.544816075639419e-05,0.0,0.0,5960.0,9.633496152610997e-05,0.00033160199999999996,9.0,27141.0,0.0004294050919489078,0.00078965,13.0,16463.0,0.0011267449619622749
8.0,25.0,0.0,2427.0,0.0,0.00011887943546176158,0.0,0.0,4886.0,4.526889645383651e-05,0.0,0.0,5960.0,5.780097691566598e-05,0.000257912,7.0,27141.0,0.00036080785516934467,0.000668165,11.0,16463.0,0.0009433129771773648
8.0,26.0,0.0,2427.0,0.0,7.132766127705695e-05,0.0,0.0,4886.0,2.7161337872301907e-05,0.0005033559999999999,3.0,5960.0,0.0002360229861493996,0.00033160199999999996,9.0,27141.0,0.00034912551310160676,0.000121485,2.0,16463.0,0.0006145817863064189
8.0,27.0,0.0,2427.0,0.0,4.279659676623417e-05,0.000204666,1.0,4886.0,9.816320272338115e-05,0.000167785,1.0,5960.0,0.00020872779168963976,0.000221068,6.0,27141.0,0.00029790250786096407,0.0,0.0,16463.0,0.0003687490717838513
8.0,28.0,0.000412031,2427.0,1.0,0.0001904903580597405,0.000204666,1.0,4886.0,0.0001407643216340287,0.000167785,1.0,5960.0,0.00019235067501378384,0.000184223,5.0,27141.0,0.00025243070471657843,0.0,0.0,16463.0,0.00022124944307031077
8.0,29.0,0.0,2427.0,0.0,0.00011429421483584429,0.0,0.0,4886.0,8.445859298041721e-05,0.0,0.0,5960.0,0.0001154104050082703,7.368899999999999e-05,2.0,27141.0,0.00018093402282994708,6.0741999999999995e-05,1.0,16463.0,0.00015704646584218648
8.0,30.0,0.0,2427.0,0.0,6.857652890150658e-05,0.0,0.0,4886.0,5.067515578825032e-05,0.000167785,1.0,5960.0,0.00013636024300496216,0.000184223,5.0,27141.0,0.00018224961369796825,0.00042519599999999997,7.0,16463.0,0.00026430627950531187
8.0,31.0,0.0,2427.0,0.0,4.114591734090394e-05,0.0,0.0,4886.0,3.040509347295019e-05,0.0,0.0,5960.0,8.18161458029773e-05,0.000221068,6.0,27141.0,0.00019777696821878096,0.00042519599999999997,7.0,16463.0,0.00032866216770318713
8.0,32.0,0.0,2427.0,0.0,2.4687550404542364e-05,0.0,0.0,4886.0,1.8243056083770113e-05,0.000167785,1.0,5960.0,0.00011620368748178637,7.368899999999999e-05,2.0,27141.0,0.00014814178093126856,0.000364454,6.0,16463.0,0.0003429789006219123
8.0,33.0,0.0,2427.0,0.0,1.4812530242725417e-05,0.0,0.0,4886.0,1.0945833650262067e-05,0.001174497,7.0,5960.0,0.0005395210124890719,0.0,0.0,27141.0,8.888506855876114e-05,0.0,0.0,16463.0,0.00020578734037314736
8.0,34.0,0.000412031,2427.0,1.0,0.00017369991814563524,0.0,0.0,4886.0,6.56750019015724e-06,0.000167785,1.0,5960.0,0.0003908266074934431,0.0,0.0,27141.0,5.333104113525668e-05,0.0,0.0,16463.0,0.00012347240422388842
8.0,35.0,0.000412031,2427.0,1.0,0.0002690323508873811,0.0,0.0,4886.0,3.940500114094344e-06,0.000167785,1.0,5960.0,0.00030160996449606585,0.0,0.0,27141.0,3.199862468115401e-05,0.000121485,2.0,16463.0,0.00012267744253433304
8.0,36.0,0.0,2427.0,0.0,0.00016141941053242866,0.0,0.0,4886.0,2.3643000684566064e-06,0.0,0.0,5960.0,0.0001809659786976395,0.0,0.0,27141.0,1.9199174808692404e-05,0.0,0.0,16463.0,7.360646552059982e-05
8.0,37.0,0.000412031,2427.0,1.0,0.00026166404631945716,0.0,0.0,4886.0,1.4185800410739637e-06,0.0,0.0,5960.0,0.0001085795872185837,3.6845e-05,1.0,27141.0,2.6257504885215442e-05,0.0,0.0,16463.0,4.4163879312359894e-05
8.0,38.0,0.0,2427.0,0.0,0.00015699842779167428,0.0,0.0,4886.0,8.511480246443782e-07,0.0,0.0,5960.0,6.514775233115022e-05,0.0,0.0,27141.0,1.5754502931129263e-05,0.0,0.0,16463.0,2.6498327587415937e-05
8.0,39.0,0.0,2427.0,0.0,9.419905667500457e-05,0.0,0.0,4886.0,5.106888147866269e-07,0.0,0.0,5960.0,3.908865139869013e-05,0.0,0.0,27141.0,9.452701758677558e-06,0.0,0.0,16463.0,1.5898996552449563e-05
8.0,40.0,0.0,2427.0,0.0,5.651943400500274e-05,0.0,0.0,4886.0,3.0641328887197613e-07,0.0,0.0,5960.0,2.3453190839214078e-05,0.0,0.0,27141.0,5.6716210552065345e-06,0.0,0.0,16463.0,9.539397931469737e-06
8.0,41.0,0.0,2427.0,0.0,3.391166040300164e-05,0.0,0.0,4886.0,1.8384797332318566e-07,0.0,0.0,5960.0,1.4071914503528446e-05,0.0,0.0,27141.0,3.4029726331239205e-06,0.0,0.0,16463.0,5.7236387588818425e-06
8.0,42.0,0.0,2427.0,0.0,2.0346996241800984e-05,0.0,0.0,4886.0,1.1030878399391139e-07,0.0,0.0,5960.0,8.443148702117067e-06,0.0,0.0,27141.0,2.0417835798743522e-06,0.0,0.0,16463.0,3.4341832553291053e-06
8.0,43.0,0.0,2427.0,0.0,1.220819774508059e-05,0.0,0.0,4886.0,6.618527039634683e-08,0.0,0.0,5960.0,5.06588922127024e-06,0.0,0.0,27141.0,1.2250701479246114e-06,0.0,0.0,16463.0,2.0605099531974633e-06
8.0,44.0,0.0,2427.0,0.0,7.324918647048354e-06,0.0,0.0,4886.0,3.9711162237808096e-08,0.0,0.0,5960.0,3.0395335327621437e-06,0.0,0.0,27141.0,7.350420887547668e-07,0.0,0.0,16463.0,1.236305971918478e-06
8.0,45.0,0.0,2427.0,0.0,4.394951188229012e-06,0.0,0.0,4886.0,2.3826697342684856e-08,0.0,0.0,5960.0,1.8237201196572862e-06,0.0,0.0,27141.0,4.4102525325286005e-07,0.0,0.0,16463.0,7.417835831510867e-07
8.0,46.0,0.0,2427.0,0.0,2.636970712937407e-06,0.0,0.0,4886.0,1.4296018405610912e-08,0.0,0.0,5960.0,1.0942320717943717e-06,0.0,0.0,27141.0,2.6461515195171604e-07,0.0,0.0,16463.0,4.4507014989065203e-07
8.0,47.0,0.0,2427.0,0.0,1.5821824277624442e-06,0.0,0.0,4886.0,8.577611043366548e-09,0.0,0.0,5960.0,6.56539243076623e-07,0.0,0.0,27141.0,1.587690911710296e-07,0.0,0.0,16463.0,2.670420899343912e-07
8.0,48.0,0.0,2427.0,0.0,9.493094566574665e-07,0.0,0.0,4886.0,5.146566626019929e-09,0.0,0.0,5960.0,3.9392354584597375e-07,0.0,0.0,27141.0,9.526145470261776e-08,0.0,0.0,16463.0,1.6022525396063471e-07
8.0,49.0,0.0,2427.0,0.0,5.695856739944799e-07,0.0,0.0,4886.0,3.0879399756119573e-09,0.0,0.0,5960.0,2.3635412750758424e-07,0.0,0.0,27141.0,5.715687282157065e-08,0.0,0.0,16463.0,9.613515237638083e-08
8.0,50.0,0.0,2427.0,0.0,3.4175140439668793e-07,0.0,0.0,4886.0,1.8527639853671743e-09,0.0,0.0,5960.0,1.4181247650455053e-07,0.0,0.0,27141.0,3.429412369294239e-08,0.0,0.0,16463.0,5.7681091425828494e-08
8.0,51.0,0.0,2427.0,0.0,2.0505084263801275e-07,0.0,0.0,4886.0,1.1116583912203045e-09,0.0,0.0,5960.0,8.508748590273031e-08,0.0,0.0,27141.0,2.0576474215765435e-08,0.0,0.0,16463.0,3.4608654855497094e-08
8.0,52.0,0.0,2427.0,0.0,1.2303050558280765e-07,0.0,0.0,4886.0,6.669950347321827e-10,0.0,0.0,5960.0,5.105249154163818e-08,0.0,0.0,27141.0,1.234588452945926e-08,0.0,0.0,16463.0,2.0765192913298256e-08
9.0,1.0,0.0,2426.0,0.0,7.381830334968459e-08,0.0,0.0,4886.0,4.001970208393096e-10,0.0,0.0,5960.0,3.063149492498291e-08,0.0,0.0,27141.0,7.407530717675555e-09,0.0,0.0,16463.0,1.2459115747978954e-08
9.0,2.0,0.0,2426.0,0.0,4.429098200981075e-08,0.0,0.0,4812.0,2.4011821250358577e-10,0.0,0.0,5893.0,1.8378896954989747e-08,0.0,0.0,27181.0,4.444518430605333e-09,0.0,0.0,16480.0,7.475469448787372e-09
9.0,3.0,0.0,2426.0,0.0,2.6574589205886448e-08,0.0,0.0,4812.0,1.4407092750215147e-10,0.0,0.0,5893.0,1.1027338172993847e-08,0.0,0.0,27181.0,2.6667110583631998e-09,0.0,0.0,16480.0,4.485281669272423e-09
9.0,4.0,0.0,2426.0,0.0,1.594475352353187e-08,0.0,0.0,4812.0,8.644255650129088e-11,0.0,0.0,5893.0,6.616402903796308e-09,0.0,0.0,27181.0,1.6000266350179197e-09,0.0,0.0,16480.0,2.6911690015634537e-09
9.0,5.0,0.0,2426.0,0.0,9.56685211411912e-09,0.0,0.0,4812.0,5.1865533900774527e-11,0.0,0.0,5893.0,3.969841742277784e-09,0.0,0.0,27181.0,9.600159810107519e-10,0.0,0.0,16480.0,1.614701400938072e-09
9.0,6.0,0.0,2426.0,0.0,5.740111268471472e-09,0.0,0.0,4812.0,3.1119320340464716e-11,0.0,0.0,5893.0,2.3819050453666704e-09,0.0,0.0,27181.0,5.760095886064511e-10,0.0,0.0,16480.0,9.688208405628432e-10
9.0,7.0,0.0,2426.0,0.0,3.444066761082883e-09,0.0,0.0,4812.0,1.8671592204278828e-11,0.0,0.0,5893.0,1.4291430272200022e-09,0.0,0.0,27181.0,3.4560575316387066e-10,6.068e-05,1.0,16480.0,2.427258129250434e-05
9.0,8.0,0.000412201,2426.0,1.0,0.00016488246644005665,0.0,0.0,4812.0,1.1202955322567296e-11,0.0,0.0,5893.0,8.574858163320013e-10,0.0,0.0,27181.0,2.073634518983224e-10,0.0,0.0,16480.0,1.4563548775502602e-05
9.0,9.0,0.0,2426.0,0.0,9.892947986403398e-05,0.0,0.0,4812.0,6.721773193540377e-12,0.0,0.0,5893.0,5.144914897992007e-10,3.679e-05,1.0,27181.0,1.4716124418071138e-05,6.068e-05,1.0,16480.0,3.301012926530156e-05
9.0,10.0,0.0,2426.0,0.0,5.935768791842038e-05,0.0,0.0,4812.0,4.033063916124226e-12,0.0,0.0,5893.0,3.086948938795204e-10,0.0,0.0,27181.0,8.829674650842683e-06,0.0,0.0,16480.0,1.9806077559180933e-05
9.0,11.0,0.000412201,2426.0,1.0,0.00020049501275105225,0.0,0.0,4812.0,2.4198383496745357e-12,0.0,0.0,5893.0,1.8521693632771223e-10,0.0,0.0,27181.0,5.297804790505609e-06,0.0,0.0,16480.0,1.188364653550856e-05
9.0,12.0,0.000412201,2426.0,1.0,0.00028517740765063136,0.0,0.0,4812.0,1.4519030098047215e-12,0.0,0.0,5893.0,1.1113016179662733e-10,0.0,0.0,27181.0,3.1786828743033654e-06,0.0,0.0,16480.0,7.130187921305136e-06
9.0,13.0,0.0,2426.0,0.0,0.0001711064445903788,0.0,0.0,4812.0,8.711418058828329e-13,0.0,0.0,5893.0,6.667809707797639e-11,0.0,0.0,27181.0,1.907209724582019e-06,0.0,0.0,16480.0,4.278112752783081e-06
9.0,14.0,0.0,2426.0,0.0,0.00010266386675422729,0.0,0.0,4812.0,5.226850835296997e-13,0.0,0.0,5893.0,4.0006858246785835e-11,3.679e-05,1.0,27181.0,1.586032583474921e-05,0.0,0.0,16480.0,2.566867651669849e-06
9.0,15.0,0.0,2426.0,0.0,6.159832005253637e-05,0.0,0.0,4812.0,3.1361105011781984e-13,0.00016969999999999998,1.0,5893.0,6.788002400411495e-05,0.0,0.0,27181.0,9.516195500849526e-06,0.0,0.0,16480.0,1.5401205910019093e-06
9.0,16.0,0.0,2426.0,0.0,3.695899203152182e-05,0.0,0.0,4812.0,1.881666300706919e-13,0.0,0.0,5893.0,4.0728014402468964e-05,3.679e-05,1.0,27181.0,2.0425717300509715e-05,6.068e-05,1.0,16480.0,2.5196072354601146e-05
9.0,17.0,0.000824402,2426.0,2.0,0.0003519361952189131,0.0,0.0,4812.0,1.1289997804241513e-13,0.0,0.0,5893.0,2.4436808641481376e-05,0.0,0.0,27181.0,1.2255430380305828e-05,6.068e-05,1.0,16480.0,3.938964341276069e-05
9.0,18.0,0.001236603,2426.0,3.0,0.0007058029171313479,0.0,0.0,4812.0,6.773998682544907e-14,0.000339399,2.0,5893.0,0.00015042168518488884,7.3581e-05,2.0,27181.0,3.6785658228183494e-05,0.00030339799999999997,5.0,16480.0,0.0001449929860476564
9.0,19.0,0.000412201,2426.0,1.0,0.0005883621502788088,0.0,0.0,4812.0,4.064399209526944e-14,0.001187897,7.0,5893.0,0.0005654118111109333,0.000147162,4.0,27181.0,8.093619493691009e-05,0.000546116,9.0,16480.0,0.00030544219162859386
9.0,20.0,0.0,2426.0,0.0,0.00035301729016728523,0.000831232,4.0,4812.0,0.00033249280002438646,0.001187897,7.0,5893.0,0.0008144058866665601,0.000257533,7.0,27181.0,0.00015157491696214607,0.000546116,9.0,16480.0,0.0004017117149771563
9.0,21.0,0.002061005,2426.0,5.0,0.0010362123741003712,0.00103904,5.0,4812.0,0.0006151116800146318,0.001187897,7.0,5893.0,0.0009638023319999362,0.000110371,3.0,27181.0,0.00013509335017728764,0.001213591,20.0,16480.0,0.0007264634289862939
9.0,22.0,0.000412201,2426.0,1.0,0.0007866078244602227,0.000415616,2.0,4812.0,0.000535313408008779,0.000678798,4.0,5893.0,0.0008498005991999617,0.000367905,10.0,27181.0,0.0002282180101063726,0.002002425,33.0,16480.0,0.0012368480573917763
9.0,23.0,0.001236603,2426.0,3.0,0.0009666058946761337,0.0,0.0,4812.0,0.00032118804480526744,0.001018197,6.0,5893.0,0.000917159159519977,0.000662229,18.0,27181.0,0.00040182240606382355,0.001881066,31.0,16480.0,0.001494535234435066
9.0,24.0,0.000412201,2426.0,1.0,0.0007448439368056801,0.0,0.0,4812.0,0.00019271282688316046,0.001357597,8.0,5893.0,0.0010933342957119862,0.000588648,16.0,27181.0,0.0004765526436382941,0.001031552,17.0,16480.0,0.0013093419406610396
