year,flu week,LN rate,LN pop,LN count,LN weighted rate,FL rate,FL count,FL pop,FL weighted rate,SA rate,SA count,SA pop,SA weighted rate
,,,,,0.0,,,,,,,,
1.0,1.0,0.0,19696.0,0.0,0.0,,,,0.0,,,,0.0
1.0,2.0,0.0,19696.0,0.0,0.0,0.0,0.0,90853.0,0.0,0.0,0.0,11394.0,0.0
1.0,3.0,0.0,19696.0,0.0,0.0,4.4027e-05,4.0,90853.0,1.76108e-05,0.0,0.0,11394.0,0.0
1.0,4.0,0.0,19696.0,0.0,0.0,8.8054e-05,8.0,90853.0,4.578808e-05,0.0,0.0,11394.0,0.0
1.0,5.0,0.0,19696.0,0.0,0.0,0.000121075,11.0,90853.0,7.5902848e-05,8.7765e-05,1.0,11394.0,3.5106e-05
1.0,6.0,0.000507717,19696.0,10.0,0.0002030868,0.000484299,44.0,90853.0,0.0002392613088,0.0,0.0,11394.0,2.10636e-05
1.0,7.0,0.00116775,19696.0,23.0,0.00058895208,0.00089155,81.0,90853.0,0.00050017678528,0.001053186,12.0,11394.0,0.00043391256000000004
1.0,8.0,0.002030869,19696.0,40.0,0.001165718848,0.0014088689999999999,128.0,90853.0,0.0008636536711679999,0.003159558,36.0,11394.0,0.001524170736
1.0,9.0,0.0,19696.0,0.0,0.0006994313087999999,0.0020142429999999998,183.0,90853.0,0.0013238894027007998,0.001579779,18.0,11394.0,0.0015464140415999998
1.0,10.0,0.000913891,19696.0,18.0,0.00078521518528,0.001243767,113.0,90853.0,0.00129184044162048,0.001579779,18.0,11394.0,0.0015597600249599997
1.0,11.0,0.000507717,19696.0,10.0,0.0006742159111679999,0.000737455,67.0,90853.0,0.001070086264972288,0.000526593,6.0,11394.0,0.0011464932149759998
1.0,12.0,0.000456946,19696.0,9.0,0.0005873079467008,0.000176109,16.0,90853.0,0.0007124953589833728,0.001053186,12.0,11394.0,0.0011091703289856
1.0,13.0,0.00020308700000000002,19696.0,4.0,0.00043361956802048004,8.8054e-05,8.0,90853.0,0.00046271881539002366,0.0006143580000000001,7.0,11394.0,0.00091124539739136
1.0,14.0,0.00030463,19696.0,6.0,0.00038202374081228803,2.2014e-05,2.0,90853.0,0.0002864368892340142,0.0006143580000000001,7.0,11394.0,0.0007924904384348161
1.0,15.0,5.0772e-05,19696.0,1.0,0.0002495230444873728,7.7048e-05,7.0,90853.0,0.00020268133354040853,0.000263296,3.0,11394.0,0.0005808126630608896
1.0,16.0,0.0,19696.0,0.0,0.00014971382669242369,1.1007e-05,1.0,90853.0,0.00012601160012424512,8.7765e-05,1.0,11394.0,0.00038359359783653375
1.0,17.0,5.0772e-05,19696.0,1.0,0.0001101370960154542,0.0,0.0,90853.0,7.560696007454706e-05,0.00017553099999999998,2.0,11394.0,0.0003003685587019202
1.0,18.0,5.0772e-05,19696.0,1.0,8.639105760927252e-05,3.302e-05,3.0,90853.0,5.8572176044728235e-05,8.7765e-05,1.0,11394.0,0.0002153271352211521
1.0,19.0,0.0,19696.0,0.0,5.1834634565563506e-05,0.0,0.0,90853.0,3.514330562683694e-05,0.0,0.0,11394.0,0.00012919628113269125
1.0,20.0,5.0772e-05,19696.0,1.0,5.14095807393381e-05,2.2014e-05,2.0,90853.0,2.989158337610216e-05,0.0,0.0,11394.0,7.751776867961475e-05
1.0,21.0,0.0,19696.0,0.0,3.084574844360286e-05,1.1007e-05,1.0,90853.0,2.2337750025661298e-05,0.0,0.0,11394.0,4.651066120776885e-05
1.0,22.0,0.0,19696.0,0.0,1.8507449066161712e-05,0.0,0.0,90853.0,1.3402650015396778e-05,8.7765e-05,1.0,11394.0,6.30123967246613e-05
1.0,23.0,0.0,19696.0,0.0,1.1104469439697028e-05,0.0,0.0,90853.0,8.041590009238067e-06,8.7765e-05,1.0,11394.0,7.291343803479677e-05
1.0,24.0,0.0,19696.0,0.0,6.662681663818217e-06,0.0,0.0,90853.0,4.82495400554284e-06,0.000263296,3.0,11394.0,0.00014906646282087806
1.0,25.0,0.0,19696.0,0.0,3.99760899829093e-06,1.1007e-05,1.0,90853.0,7.297772403325704e-06,0.0,0.0,11394.0,8.943987769252683e-05
1.0,26.0,0.0,19696.0,0.0,2.398565398974558e-06,0.0,0.0,90853.0,4.378663441995422e-06,0.0,0.0,11394.0,5.36639266155161e-05
1.0,27.0,0.0,19696.0,0.0,1.4391392393847347e-06,0.0,0.0,90853.0,2.6271980651972533e-06,8.7765e-05,1.0,11394.0,6.730435596930966e-05
1.0,28.0,0.0,19696.0,0.0,8.634835436308408e-07,0.0,0.0,90853.0,1.576318839118352e-06,0.0,0.0,11394.0,4.0382613581585796e-05
1.0,29.0,0.0,19696.0,0.0,5.180901261785045e-07,2.2014e-05,2.0,90853.0,9.751391303471012e-06,0.0,0.0,11394.0,2.4229568148951477e-05
1.0,30.0,0.0,19696.0,0.0,3.108540757071027e-07,3.302e-05,3.0,90853.0,1.9058834782082607e-05,0.0,0.0,11394.0,1.4537740889370885e-05
1.0,31.0,0.0,19696.0,0.0,1.8651244542426162e-07,0.0,0.0,90853.0,1.1435300869249565e-05,0.0,0.0,11394.0,8.722644533622531e-06
1.0,32.0,0.0,19696.0,0.0,1.1190746725455697e-07,0.0,0.0,90853.0,6.861180521549738e-06,0.00035106199999999997,4.0,11394.0,0.00014565838672017352
1.0,33.0,0.0,19696.0,0.0,6.714448035273418e-08,1.1007e-05,1.0,90853.0,8.519508312929843e-06,0.0,0.0,11394.0,8.739503203210411e-05
1.0,34.0,0.0,19696.0,0.0,4.028668821164051e-08,0.0,0.0,90853.0,5.111704987757906e-06,0.0,0.0,11394.0,5.2437019219262466e-05
1.0,35.0,0.0,19696.0,0.0,2.4172012926984305e-08,1.1007e-05,1.0,90853.0,7.469822992654744e-06,0.0,0.0,11394.0,3.146221153155748e-05
1.0,36.0,0.0,19696.0,0.0,1.4503207756190582e-08,0.0,0.0,90853.0,4.481893795592847e-06,0.0,0.0,11394.0,1.887732691893449e-05
1.0,37.0,0.0,19696.0,0.0,8.70192465371435e-09,0.0,0.0,90853.0,2.689136277355708e-06,0.0,0.0,11394.0,1.1326396151360693e-05
1.0,38.0,0.0,19696.0,0.0,5.22115479222861e-09,0.0,0.0,90853.0,1.6134817664134247e-06,0.0,0.0,11394.0,6.795837690816416e-06
1.0,39.0,0.0,19696.0,0.0,3.132692875337166e-09,0.0,0.0,90853.0,9.680890598480548e-07,0.0,0.0,11394.0,4.077502614489849e-06
1.0,40.0,0.0,19696.0,0.0,1.8796157252022995e-09,0.0,0.0,90853.0,5.808534359088329e-07,0.0,0.0,11394.0,2.4465015686939093e-06
1.0,41.0,0.0,19696.0,0.0,1.1277694351213796e-09,0.0,0.0,90853.0,3.485120615452997e-07,0.0,0.0,11394.0,1.4679009412163454e-06
1.0,42.0,0.0,19696.0,0.0,6.766616610728278e-10,0.0,0.0,90853.0,2.0910723692717982e-07,0.0,0.0,11394.0,8.807405647298073e-07
1.0,43.0,0.0,19696.0,0.0,4.0599699664369664e-10,0.0,0.0,90853.0,1.2546434215630787e-07,0.0,0.0,11394.0,5.284443388378844e-07
1.0,44.0,0.0,19696.0,0.0,2.4359819798621795e-10,0.0,0.0,90853.0,7.527860529378473e-08,0.0,0.0,11394.0,3.170666033027306e-07
1.0,45.0,0.0,19696.0,0.0,1.4615891879173078e-10,0.0,0.0,90853.0,4.516716317627084e-08,0.0,0.0,11394.0,1.9023996198163837e-07
1.0,46.0,0.0,19696.0,0.0,8.769535127503846e-11,0.0,0.0,90853.0,2.7100297905762503e-08,0.0,0.0,11394.0,1.1414397718898302e-07
1.0,47.0,0.0,19696.0,0.0,5.2617210765023076e-11,0.0,0.0,90853.0,1.6260178743457502e-08,0.0,0.0,11394.0,6.848638631338981e-08
1.0,48.0,0.0,19696.0,0.0,3.1570326459013845e-11,0.0,0.0,90853.0,9.7561072460745e-09,0.0,0.0,11394.0,4.1091831788033884e-08
1.0,49.0,0.0,19696.0,0.0,1.8942195875408307e-11,0.0,0.0,90853.0,5.8536643476447e-09,0.0,0.0,11394.0,2.465509907282033e-08
1.0,50.0,0.0,19696.0,0.0,1.1365317525244984e-11,0.0,0.0,90853.0,3.51219860858682e-09,0.0,0.0,11394.0,1.4793059443692197e-08
1.0,51.0,0.0,19696.0,0.0,6.81919051514699e-12,0.0,0.0,90853.0,2.107319165152092e-09,0.0,0.0,11394.0,8.875835666215318e-09
1.0,52.0,0.0,19696.0,0.0,4.091514309088194e-12,0.0,0.0,90853.0,1.2643914990912551e-09,0.0,0.0,11394.0,5.325501399729191e-09
1.0,53.0,0.0,19696.0,0.0,2.4549085854529163e-12,0.0,0.0,90853.0,7.58634899454753e-10,0.0,0.0,11394.0,3.1953008398375144e-09
2.0,1.0,0.0,19621.0,0.0,1.4729451512717497e-12,0.0,0.0,90853.0,4.551809396728518e-10,0.0,0.0,11394.0,1.9171805039025086e-09
2.0,2.0,0.0,19621.0,0.0,8.837670907630498e-13,0.0,0.0,91236.0,2.7310856380371105e-10,0.0,0.0,11392.0,1.1503083023415051e-09
2.0,3.0,0.0,19621.0,0.0,5.302602544578298e-13,0.0,0.0,91236.0,1.6386513828222663e-10,0.0,0.0,11392.0,6.90184981404903e-10
2.0,4.0,0.0,19621.0,0.0,3.181561526746979e-13,0.0,0.0,91236.0,9.831908296933597e-11,0.0,0.0,11392.0,4.141109888429418e-10
2.0,5.0,0.0,19621.0,0.0,1.9089369160481873e-13,0.0,0.0,91236.0,5.899144978160158e-11,0.0,0.0,11392.0,2.484665933057651e-10
2.0,6.0,0.0,19621.0,0.0,1.1453621496289124e-13,0.0,0.0,91236.0,3.539486986896094e-11,0.0,0.0,11392.0,1.4907995598345907e-10
2.0,7.0,0.0,19621.0,0.0,6.872172897773474e-14,0.0,0.0,91236.0,2.1236921921376566e-11,0.0,0.0,11392.0,8.944797359007544e-11
2.0,8.0,0.0,19621.0,0.0,4.123303738664084e-14,0.0,0.0,91236.0,1.274215315282594e-11,0.0,0.0,11392.0,5.366878415404526e-11
2.0,9.0,0.0,19621.0,0.0,2.4739822431984505e-14,0.0,0.0,91236.0,7.645291891695564e-12,0.0,0.0,11392.0,3.220127049242716e-11
2.0,10.0,0.0,19621.0,0.0,1.4843893459190704e-14,0.0,0.0,91236.0,4.587175135017338e-12,0.0,0.0,11392.0,1.9320762295456295e-11
2.0,11.0,0.0,19621.0,0.0,8.906336075514422e-15,0.0,0.0,91236.0,2.7523050810104026e-12,0.0,0.0,11392.0,1.1592457377273777e-11
2.0,12.0,0.0,19621.0,0.0,5.343801645308653e-15,0.0,0.0,91236.0,1.6513830486062414e-12,0.0,0.0,11392.0,6.955474426364266e-12
2.0,13.0,0.0,19621.0,0.0,3.2062809871851916e-15,0.0,0.0,91236.0,9.908298291637447e-13,0.0,0.0,11392.0,4.173284655818559e-12
2.0,14.0,0.0,19621.0,0.0,1.9237685923111147e-15,0.0,0.0,91236.0,5.944978974982468e-13,0.0,0.0,11392.0,2.5039707934911354e-12
2.0,15.0,0.0,19621.0,0.0,1.1542611553866688e-15,0.0,0.0,91236.0,3.566987384989481e-13,0.0,0.0,11392.0,1.5023824760946812e-12
2.0,16.0,0.0,19621.0,0.0,6.925566932320013e-16,0.0,0.0,91236.0,2.1401924309936883e-13,0.0,0.0,11392.0,9.014294856568087e-13
2.0,17.0,0.0,19621.0,0.0,4.155340159392007e-16,6.5764e-05,6.0,91236.0,2.6305600128411548e-05,0.0,0.0,11392.0,5.408576913940852e-13
2.0,18.0,0.0,19621.0,0.0,2.493204095635204e-16,0.00048226599999999997,44.0,91236.0,0.00020868976007704692,0.0,0.0,11392.0,3.245146148364511e-13
2.0,19.0,0.0,19621.0,0.0,1.4959224573811225e-16,0.00030689599999999997,28.0,91236.0,0.0002479722560462281,0.0,0.0,11392.0,1.9470876890187065e-13
2.0,20.0,0.0,19621.0,0.0,8.975534744286734e-17,0.000295936,27.0,91236.0,0.0002671577536277369,0.0,0.0,11392.0,1.168252613411224e-13
2.0,21.0,0.0,19621.0,0.0,5.3853208465720406e-17,6.5764e-05,6.0,91236.0,0.00018660025217664213,0.0,0.0,11392.0,7.009515680467344e-14
2.0,22.0,5.0966000000000006e-05,19621.0,1.0,2.0386400000032318e-05,2.1921e-05,2.0,91236.0,0.00012072855130598527,0.000263343,3.0,11392.0,0.0001053372000420571
2.0,23.0,0.000560624,19621.0,11.0,0.0002364814400000194,0.000657635,60.0,91236.0,0.00033549113078359114,0.0,0.0,11392.0,6.320232002523425e-05
2.0,24.0,0.0014270420000000001,19621.0,28.0,0.0007127056640000118,0.000624753,57.0,91236.0,0.00045119587847015474,0.0,0.0,11392.0,3.792139201514055e-05
2.0,25.0,0.0016309060000000001,19621.0,32.0,0.0010799857984000072,0.0012823889999999999,117.0,91236.0,0.0007836731270820928,0.0,0.0,11392.0,2.275283520908433e-05
2.0,26.0,0.0013251110000000001,19621.0,26.0,0.0011780358790400044,0.00093165,85.0,91236.0,0.0008428638762492557,0.0,0.0,11392.0,1.3651701125450597e-05
2.0,27.0,0.0010702819999999999,19621.0,21.0,0.0011349343274240026,0.000909729,83.0,91236.0,0.0008696099257495533,0.0,0.0,11392.0,8.191020675270357e-06
2.0,28.0,0.001223179,19621.0,24.0,0.0011702321964544016,0.000898768,82.0,91236.0,0.000881273155449732,0.0,0.0,11392.0,4.914612405162214e-06
2.0,29.0,0.001528974,19621.0,30.0,0.0013137289178726409,0.001271428,116.0,91236.0,0.0010373350932698392,0.0,0.0,11392.0,2.948767443097328e-06
2.0,30.0,0.0010193160000000001,19621.0,20.0,0.0011959637507235846,0.001260467,115.0,91236.0,0.0011265878559619034,0.0,0.0,11392.0,1.7692604658583967e-06
2.0,31.0,0.00061159,19621.0,12.0,0.0009622142504341507,0.0008768469999999999,80.0,91236.0,0.001026691513577142,0.0,0.0,11392.0,1.061556279515038e-06
2.0,32.0,0.00010193200000000001,19621.0,2.0,0.0006181013502604903,0.00056995,52.0,91236.0,0.0008439949081462851,0.0,0.0,11392.0,6.369337677090228e-07
2.0,33.0,0.0,19621.0,0.0,0.0003708608101562942,0.000602832,55.0,91236.0,0.000747529744887771,0.0,0.0,11392.0,3.821602606254137e-07
2.0,34.0,0.0,19621.0,0.0,0.0002225164860937765,6.5764e-05,6.0,91236.0,0.00047482344693266257,0.0,0.0,11392.0,2.292961563752482e-07
2.0,35.0,0.0,19621.0,0.0,0.00013350989165626588,0.0,0.0,91236.0,0.00028489406815959754,0.0,0.0,11392.0,1.375776938251489e-07
2.0,36.0,0.0,19621.0,0.0,8.010593499375953e-05,2.1921e-05,2.0,91236.0,0.00017970484089575853,0.0,0.0,11392.0,8.254661629508934e-08
2.0,37.0,0.0,19621.0,0.0,4.806356099625572e-05,3.2882e-05,3.0,91236.0,0.00012097570453745511,0.0,0.0,11392.0,4.9527969777053605e-08
2.0,38.0,0.0,19621.0,0.0,2.883813659775343e-05,3.2882e-05,3.0,91236.0,8.573822272247306e-05,0.0,0.0,11392.0,2.971678186623216e-08
2.0,39.0,0.0,19621.0,0.0,1.7302881958652057e-05,3.2882e-05,3.0,91236.0,6.459573363348382e-05,0.0,0.0,11392.0,1.7830069119739294e-08
2.0,40.0,0.0,19621.0,0.0,1.0381729175191233e-05,0.0,0.0,91236.0,3.8757440180090296e-05,0.0,0.0,11392.0,1.0698041471843577e-08
2.0,41.0,0.0,19621.0,0.0,6.22903750511474e-06,0.0,0.0,91236.0,2.3254464108054178e-05,0.0,0.0,11392.0,6.418824883106146e-09
2.0,42.0,0.0,19621.0,0.0,3.737422503068844e-06,0.0,0.0,91236.0,1.3952678464832506e-05,0.0,0.0,11392.0,3.851294929863687e-09
2.0,43.0,0.0,19621.0,0.0,2.242453501841306e-06,0.0,0.0,91236.0,8.371607078899503e-06,0.0,0.0,11392.0,2.3107769579182125e-09
2.0,44.0,0.0,19621.0,0.0,1.3454721011047837e-06,0.0,0.0,91236.0,5.022964247339702e-06,0.0,0.0,11392.0,1.3864661747509275e-09
2.0,45.0,0.0,19621.0,0.0,8.072832606628702e-07,0.0,0.0,91236.0,3.0137785484038212e-06,0.0,0.0,11392.0,8.318797048505565e-10
2.0,46.0,0.0,19621.0,0.0,4.843699563977221e-07,0.0,0.0,91236.0,1.8082671290422926e-06,0.0,0.0,11392.0,4.991278229103339e-10
2.0,47.0,0.0,19621.0,0.0,2.906219738386333e-07,0.0,0.0,91236.0,1.0849602774253755e-06,0.0,0.0,11392.0,2.994766937462003e-10
2.0,48.0,0.0,19621.0,0.0,1.7437318430317996e-07,0.0,0.0,91236.0,6.509761664552253e-07,0.0,0.0,11392.0,1.7968601624772018e-10
2.0,49.0,0.0,19621.0,0.0,1.0462391058190797e-07,0.0,0.0,91236.0,3.905856998731352e-07,0.0,0.0,11392.0,1.078116097486321e-10
2.0,50.0,0.0,19621.0,0.0,6.277434634914479e-08,0.0,0.0,91236.0,2.343514199238811e-07,0.0,0.0,11392.0,6.468696584917926e-11
2.0,51.0,0.0,19621.0,0.0,3.766460780948687e-08,0.0,0.0,91236.0,1.4061085195432865e-07,0.0,0.0,11392.0,3.8812179509507557e-11
2.0,52.0,0.0,19621.0,0.0,2.2598764685692123e-08,0.0,0.0,91236.0,8.43665111725972e-08,0.0,0.0,11392.0,2.3287307705704533e-11
3.0,1.0,0.0,19482.0,0.0,1.3559258811415273e-08,0.0,0.0,91236.0,5.0619906703558314e-08,0.0,0.0,11392.0,1.3972384623422719e-11
3.0,2.0,0.0,19482.0,0.0,8.135555286849163e-09,0.0,0.0,91576.0,3.037194402213499e-08,0.0,0.0,11366.0,8.383430774053631e-12
3.0,3.0,0.0,19482.0,0.0,4.8813331721094975e-09,0.0,0.0,91576.0,1.822316641328099e-08,0.0,0.0,11366.0,5.030058464432179e-12
3.0,4.0,0.0,19482.0,0.0,2.9287999032656983e-09,0.0,0.0,91576.0,1.0933899847968594e-08,0.0,0.0,11366.0,3.018035078659307e-12
3.0,5.0,0.0,19482.0,0.0,1.757279941959419e-09,0.0,0.0,91576.0,6.560339908781156e-09,0.0,0.0,11366.0,1.8108210471955842e-12
3.0,6.0,0.0,19482.0,0.0,1.0543679651756513e-09,0.0,0.0,91576.0,3.936203945268693e-09,0.0,0.0,11366.0,1.0864926283173505e-12
3.0,7.0,0.0,19482.0,0.0,6.326207791053907e-10,0.0,0.0,91576.0,2.361722367161216e-09,0.0,0.0,11366.0,6.518955769904103e-13
3.0,8.0,0.0,19482.0,0.0,3.795724674632344e-10,0.0,0.0,91576.0,1.4170334202967295e-09,0.0,0.0,11366.0,3.9113734619424613e-13
3.0,9.0,0.0,19482.0,0.0,2.2774348047794064e-10,0.0,0.0,91576.0,8.502200521780377e-10,0.0,0.0,11366.0,2.3468240771654765e-13
3.0,10.0,0.0,19482.0,0.0,1.3664608828676437e-10,0.0,0.0,91576.0,5.101320313068226e-10,0.0,0.0,11366.0,1.408094446299286e-13
3.0,11.0,0.0,19482.0,0.0,8.198765297205862e-11,0.0,0.0,91576.0,3.0607921878409354e-10,0.0,0.0,11366.0,8.448566677795716e-14
3.0,12.0,0.0,19482.0,0.0,4.9192591783235166e-11,0.0,0.0,91576.0,1.8364753127045612e-10,0.0,0.0,11366.0,5.069140006677429e-14
3.0,13.0,0.0,19482.0,0.0,2.95155550699411e-11,0.0,0.0,91576.0,1.1018851876227367e-10,0.0,0.0,11366.0,3.041484004006457e-14
3.0,14.0,0.0,19482.0,0.0,1.7709333041964658e-11,0.0,0.0,91576.0,6.61131112573642e-11,0.0,0.0,11366.0,1.8248904024038743e-14
3.0,15.0,0.0,19482.0,0.0,1.0625599825178794e-11,0.0,0.0,91576.0,3.966786675441852e-11,0.0,0.0,11366.0,1.0949342414423246e-14
3.0,16.0,0.0,19482.0,0.0,6.375359895107276e-12,0.0,0.0,91576.0,2.3800720052651112e-11,0.0,0.0,11366.0,6.569605448653947e-15
3.0,17.0,0.0,19482.0,0.0,3.825215937064365e-12,0.0,0.0,91576.0,1.4280432031590666e-11,0.0,0.0,11366.0,3.941763269192368e-15
3.0,18.0,0.0,19482.0,0.0,2.295129562238619e-12,0.0,0.0,91576.0,8.568259218954399e-12,0.0,0.0,11366.0,2.3650579615154205e-15
3.0,19.0,0.0,19482.0,0.0,1.3770777373431713e-12,0.0,0.0,91576.0,5.140955531372639e-12,0.0,0.0,11366.0,1.4190347769092523e-15
3.0,20.0,0.0,19482.0,0.0,8.262466424059027e-13,0.0,0.0,91576.0,3.0845733188235833e-12,0.0,0.0,11366.0,8.514208661455513e-16
3.0,21.0,0.0,19482.0,0.0,4.957479854435416e-13,0.0,0.0,91576.0,1.85074399129415e-12,0.0,0.0,11366.0,5.108525196873308e-16
3.0,22.0,0.0,19482.0,0.0,2.974487912661249e-13,0.0,0.0,91576.0,1.1104463947764899e-12,0.0,0.0,11366.0,3.0651151181239846e-16
3.0,23.0,0.0,19482.0,0.0,1.7846927475967496e-13,3.276e-05,3.0,91576.0,1.3104000666267838e-05,8.798200000000001e-05,1.0,11366.0,3.5192800000183914e-05
3.0,24.0,5.1328999999999996e-05,19482.0,1.0,2.0531600107081565e-05,0.0006770330000000001,62.0,91576.0,0.0002786756003997607,0.0,0.0,11366.0,2.111568000011035e-05
3.0,25.0,5.1328999999999996e-05,19482.0,1.0,3.285056006424894e-05,0.0008626710000000001,79.0,91576.0,0.0005122737602398565,0.0,0.0,11366.0,1.2669408000066209e-05
3.0,26.0,5.1328999999999996e-05,19482.0,1.0,4.024193603854936e-05,0.000185638,17.0,91576.0,0.0003816194561439139,0.0,0.0,11366.0,7.601644800039725e-06
3.0,27.0,0.000359306,19482.0,7.0,0.0001678675616231296,0.00101555,93.0,91576.0,0.0006351916736863484,0.0,0.0,11366.0,4.5609868800238345e-06
3.0,28.0,0.000307977,19482.0,6.0,0.00022391133697387776,0.0010701489999999998,98.0,91576.0,0.000809174604211809,0.0,0.0,11366.0,2.7365921280143005e-06
3.0,29.0,0.000718612,19482.0,14.0,0.00042179160218432663,0.00104831,96.0,91576.0,0.0009048287625270854,0.0,0.0,11366.0,1.6419552768085803e-06
3.0,30.0,0.000359306,19482.0,7.0,0.000396797361310596,0.00102647,94.0,91576.0,0.0009534852575162513,0.0,0.0,11366.0,9.851731660851482e-07
3.0,31.0,0.000205318,19482.0,4.0,0.00032020561678635756,0.000775312,71.0,91576.0,0.0008822159545097507,0.0,0.0,11366.0,5.911038996510889e-07
3.0,32.0,0.000102659,19482.0,2.0,0.00023318697007181452,0.0009172710000000001,84.0,91576.0,0.0008962379727058506,0.0,0.0,11366.0,3.5466233979065336e-07
3.0,33.0,5.1328999999999996e-05,19482.0,1.0,0.0001604437820430887,0.0008299119999999999,76.0,91576.0,0.0008697075836235103,0.0,0.0,11366.0,2.12797403874392e-07
3.0,34.0,5.1328999999999996e-05,19482.0,1.0,0.00011679786922585321,0.000567834,52.0,91576.0,0.0007489581501741061,0.0,0.0,11366.0,1.276784423246352e-07
3.0,35.0,0.0,19482.0,0.0,7.007872153551192e-05,0.00034943699999999997,32.0,91576.0,0.0005891496901044637,0.0,0.0,11366.0,7.660706539478112e-08
3.0,36.0,0.0,19482.0,0.0,4.204723292130715e-05,7.643899999999999e-05,7.0,91576.0,0.0003840654140626782,0.0,0.0,11366.0,4.5964239236868675e-08
3.0,37.0,0.0,19482.0,0.0,2.522833975278429e-05,8.7359e-05,8.0,91576.0,0.0002653828484376069,0.0,0.0,11366.0,2.7578543542121205e-08
3.0,38.0,5.1328999999999996e-05,19482.0,1.0,3.566860385167057e-05,0.000174718,16.0,91576.0,0.00022911690906256412,0.0,0.0,11366.0,1.654712612527272e-08
3.0,39.0,0.000153988,19482.0,3.0,8.299636231100236e-05,0.000218398,20.0,91576.0,0.00022482934543753848,0.0,0.0,11366.0,9.928275675163632e-09
3.0,40.0,0.0,19482.0,0.0,4.9797817386601415e-05,0.000131039,12.0,91576.0,0.00018731320726252308,0.0,0.0,11366.0,5.956965405098179e-09
3.0,41.0,0.0,19482.0,0.0,2.987869043196085e-05,0.0,0.0,91576.0,0.00011238792435751384,0.0,0.0,11366.0,3.5741792430589074e-09
3.0,42.0,0.0,19482.0,0.0,1.792721425917651e-05,0.0,0.0,91576.0,6.74327546145083e-05,0.0,0.0,11366.0,2.1445075458353443e-09
3.0,43.0,0.0,19482.0,0.0,1.0756328555505905e-05,0.0,0.0,91576.0,4.045965276870498e-05,0.0,0.0,11366.0,1.2867045275012065e-09
3.0,44.0,0.0,19482.0,0.0,6.453797133303543e-06,0.0,0.0,91576.0,2.427579166122299e-05,0.0,0.0,11366.0,7.720227165007239e-10
3.0,45.0,0.0,19482.0,0.0,3.872278279982126e-06,0.0,0.0,91576.0,1.4565474996733793e-05,0.0,0.0,11366.0,4.632136299004343e-10
3.0,46.0,0.0,19482.0,0.0,2.3233669679892754e-06,0.0,0.0,91576.0,8.739284998040276e-06,0.0,0.0,11366.0,2.7792817794026056e-10
3.0,47.0,0.0,19482.0,0.0,1.3940201807935651e-06,0.0,0.0,91576.0,5.243570998824166e-06,0.0,0.0,11366.0,1.6675690676415634e-10
3.0,48.0,0.0,19482.0,0.0,8.364121084761391e-07,0.0,0.0,91576.0,3.1461425992944993e-06,0.0,0.0,11366.0,1.000541440584938e-10
3.0,49.0,0.0,19482.0,0.0,5.018472650856835e-07,0.0,0.0,91576.0,1.8876855595766994e-06,0.0,0.0,11366.0,6.003248643509628e-11
3.0,50.0,0.0,19482.0,0.0,3.011083590514101e-07,0.0,0.0,91576.0,1.1326113357460195e-06,0.0,0.0,11366.0,3.601949186105777e-11
3.0,51.0,0.0,19482.0,0.0,1.8066501543084605e-07,0.0,0.0,91576.0,6.795668014476117e-07,0.0,0.0,11366.0,2.161169511663466e-11
3.0,52.0,0.0,19482.0,0.0,1.0839900925850762e-07,0.0,0.0,91576.0,4.07740080868567e-07,0.0,0.0,11366.0,1.2967017069980795e-11
4.0,1.0,0.0,19406.0,0.0,6.503940555510457e-08,0.0,0.0,91576.0,2.446440485211402e-07,0.0,0.0,11366.0,7.780210241988476e-12
4.0,2.0,0.0,19406.0,0.0,3.902364333306274e-08,0.0,0.0,92835.0,1.4678642911268412e-07,0.0,0.0,11300.0,4.6681261451930855e-12
4.0,3.0,0.0,19406.0,0.0,2.3414185999837644e-08,0.0,0.0,92835.0,8.807185746761047e-08,0.0,0.0,11300.0,2.8008756871158514e-12
4.0,4.0,0.0,19406.0,0.0,1.4048511599902587e-08,0.0,0.0,92835.0,5.284311448056628e-08,0.0,0.0,11300.0,1.6805254122695107e-12
4.0,5.0,0.0,19406.0,0.0,8.429106959941552e-09,0.0,0.0,92835.0,3.1705868688339767e-08,0.0,0.0,11300.0,1.0083152473617064e-12
4.0,6.0,0.0,19406.0,0.0,5.057464175964931e-09,0.0,0.0,92835.0,1.902352121300386e-08,0.0,0.0,11300.0,6.049891484170238e-13
4.0,7.0,0.0,19406.0,0.0,3.0344785055789585e-09,0.0,0.0,92835.0,1.1414112727802316e-08,0.0,0.0,11300.0,3.629934890502143e-13
4.0,8.0,0.0,19406.0,0.0,1.820687103347375e-09,0.0,0.0,92835.0,6.848467636681389e-09,0.0,0.0,11300.0,2.1779609343012857e-13
4.0,9.0,0.0,19406.0,0.0,1.092412262008425e-09,0.0,0.0,92835.0,4.109080582008833e-09,0.0,0.0,11300.0,1.3067765605807715e-13
4.0,10.0,0.0,19406.0,0.0,6.55447357205055e-10,0.0,0.0,92835.0,2.4654483492052998e-09,0.0,0.0,11300.0,7.840659363484628e-14
4.0,11.0,0.0,19406.0,0.0,3.93268414323033e-10,0.0,0.0,92835.0,1.4792690095231797e-09,0.0,0.0,11300.0,4.704395618090777e-14
4.0,12.0,0.0,19406.0,0.0,2.359610485938198e-10,0.0,0.0,92835.0,8.875614057139078e-10,0.0,0.0,11300.0,2.822637370854466e-14
4.0,13.0,0.0,19406.0,0.0,1.4157662915629188e-10,0.0,0.0,92835.0,5.325368434283446e-10,0.0,0.0,11300.0,1.6935824225126797e-14
4.0,14.0,0.0,19406.0,0.0,8.494597749377513e-11,0.0,0.0,92835.0,3.1952210605700677e-10,0.0,0.0,11300.0,1.0161494535076077e-14
4.0,15.0,0.000154591,19406.0,3.0,6.183645096758651e-05,0.0,0.0,92835.0,1.9171326363420406e-10,0.0,0.0,11300.0,6.096896721045646e-15
4.0,16.0,5.153e-05,19406.0,1.0,5.771387058055191e-05,0.0,0.0,92835.0,1.1502795818052244e-10,0.0,0.0,11300.0,3.6581380326273875e-15
4.0,17.0,0.00020612200000000002,19406.0,4.0,0.00011707712234833116,0.0,0.0,92835.0,6.901677490831346e-11,0.0,0.0,11300.0,2.1948828195764323e-15
4.0,18.0,0.00036071300000000003,19406.0,7.0,0.0002145314734089987,0.001044865,97.0,92835.0,0.000417946041410065,0.0,0.0,11300.0,1.3169296917458594e-15
4.0,19.0,0.0019581570000000003,19406.0,38.0,0.0009119816840453994,0.000635536,59.0,92835.0,0.000504982024846039,0.0,0.0,11300.0,7.901578150475156e-16
4.0,20.0,0.00226734,19406.0,44.0,0.0014541250104272397,0.000991006,92.0,92835.0,0.0006993916149076235,0.001858407,21.0,11300.0,0.0007433628000004742
4.0,21.0,0.002009688,19406.0,39.0,0.0016763502062563437,0.0008402000000000001,78.0,92835.0,0.0007557149689445741,0.0,0.0,11300.0,0.0004460176800002845
4.0,22.0,0.0,19406.0,0.0,0.0010058101237538062,0.0011741260000000002,109.0,92835.0,0.0009230793813667445,0.0009734510000000001,11.0,11300.0,0.0006569910080001707
4.0,23.0,0.0,19406.0,0.0,0.0006034860742522838,0.001238757,115.0,92835.0,0.0010493504288200469,0.00035398199999999997,4.0,11300.0,0.0005357874048001024
4.0,24.0,0.002061218,19406.0,40.0,0.0011865788445513704,0.001012549,94.0,92835.0,0.0010346298572920282,0.000530973,6.0,11300.0,0.0005338616428800615
4.0,25.0,0.0019581570000000003,19406.0,38.0,0.0014952101067308224,0.0006463080000000001,60.0,92835.0,0.000879301114375217,0.0,0.0,11300.0,0.0003203169857280369
4.0,26.0,0.000463774,19406.0,9.0,0.0010826356640384934,0.000527818,49.0,92835.0,0.0007387078686251302,0.0,0.0,11300.0,0.00019219019143682214
4.0,27.0,0.00025765200000000003,19406.0,5.0,0.0007526421984230961,0.000355469,33.0,92835.0,0.0005854123211750781,0.0,0.0,11300.0,0.00011531411486209328
4.0,28.0,0.001700505,19406.0,33.0,0.0011317873190538575,0.000355469,33.0,92835.0,0.0004934349927050468,8.8496e-05,1.0,11300.0,0.00010458686891725597
4.0,29.0,0.00041224400000000003,19406.0,8.0,0.0008439699914323145,0.000603221,56.0,92835.0,0.0005373493956230282,0.0,0.0,11300.0,6.275212135035358e-05
4.0,30.0,0.0,19406.0,0.0,0.0005063819948593886,0.00039855699999999996,37.0,92835.0,0.00048183243737381687,0.0,0.0,11300.0,3.765127281021215e-05
4.0,31.0,0.0,19406.0,0.0,0.0003038291969156332,0.000280067,26.0,92835.0,0.0004011262624242901,0.0,0.0,11300.0,2.2590763686127288e-05
4.0,32.0,0.0,19406.0,0.0,0.00018229751814937992,0.00010771799999999999,10.0,92835.0,0.0002837629574545741,0.0,0.0,11300.0,1.3554458211676373e-05
4.0,33.0,0.0,19406.0,0.0,0.00010937851088962795,4.3086999999999996e-05,4.0,92835.0,0.00018749257447274445,0.0,0.0,11300.0,8.132674927005824e-06
4.0,34.0,0.0,19406.0,0.0,6.562710653377677e-05,3.2315e-05,3.0,92835.0,0.00012542154468364667,0.0,0.0,11300.0,4.879604956203494e-06
4.0,35.0,5.153e-05,19406.0,1.0,5.998826392026606e-05,1.0772000000000001e-05,1.0,92835.0,7.956172681018801e-05,0.0,0.0,11300.0,2.9277629737220964e-06
4.0,36.0,0.0,19406.0,0.0,3.599295835215964e-05,1.0772000000000001e-05,1.0,92835.0,5.2045836086112806e-05,0.0,0.0,11300.0,1.7566577842332579e-06
4.0,37.0,0.0,19406.0,0.0,2.1595775011295783e-05,0.0,0.0,92835.0,3.122750165166768e-05,0.0,0.0,11300.0,1.0539946705399546e-06
4.0,38.0,0.0,19406.0,0.0,1.295746500677747e-05,0.0,0.0,92835.0,1.8736500991000606e-05,0.0,0.0,11300.0,6.323968023239728e-07
4.0,39.0,0.0,19406.0,0.0,7.774479004066482e-06,0.0,0.0,92835.0,1.1241900594600363e-05,0.0,0.0,11300.0,3.7943808139438366e-07
4.0,40.0,0.0,19406.0,0.0,4.664687402439889e-06,0.0,0.0,92835.0,6.7451403567602174e-06,0.0,0.0,11300.0,2.276628488366302e-07
4.0,41.0,0.0,19406.0,0.0,2.7988124414639334e-06,0.0,0.0,92835.0,4.047084214056131e-06,0.0,0.0,11300.0,1.3659770930197812e-07
4.0,42.0,0.0,19406.0,0.0,1.67928746487836e-06,0.0,0.0,92835.0,2.428250528433678e-06,0.0,0.0,11300.0,8.195862558118687e-08
4.0,43.0,0.0,19406.0,0.0,1.007572478927016e-06,0.0,0.0,92835.0,1.4569503170602067e-06,0.0,0.0,11300.0,4.917517534871212e-08
4.0,44.0,0.0,19406.0,0.0,6.045434873562095e-07,0.0,0.0,92835.0,8.74170190236124e-07,0.0,0.0,11300.0,2.9505105209227268e-08
4.0,45.0,0.0,19406.0,0.0,3.627260924137257e-07,0.0,0.0,92835.0,5.245021141416744e-07,0.0,0.0,11300.0,1.770306312553636e-08
4.0,46.0,0.0,19406.0,0.0,2.176356554482354e-07,0.0,0.0,92835.0,3.1470126848500463e-07,0.0,0.0,11300.0,1.0621837875321816e-08
4.0,47.0,0.0,19406.0,0.0,1.3058139326894124e-07,0.0,0.0,92835.0,1.8882076109100279e-07,0.0,0.0,11300.0,6.37310272519309e-09
4.0,48.0,0.0,19406.0,0.0,7.834883596136475e-08,0.0,0.0,92835.0,1.1329245665460167e-07,0.0,0.0,11300.0,3.823861635115854e-09
4.0,49.0,0.0,19406.0,0.0,4.7009301576818843e-08,0.0,0.0,92835.0,6.7975473992761e-08,0.0,0.0,11300.0,2.2943169810695125e-09
4.0,50.0,0.0,19406.0,0.0,2.8205580946091306e-08,0.0,0.0,92835.0,4.07852843956566e-08,0.0,0.0,11300.0,1.3765901886417075e-09
4.0,51.0,0.0,19406.0,0.0,1.6923348567654784e-08,0.0,0.0,92835.0,2.447117063739396e-08,0.0,0.0,11300.0,8.259541131850244e-10
4.0,52.0,0.0,19406.0,0.0,1.015400914059287e-08,0.0,0.0,92835.0,1.4682702382436376e-08,0.0,0.0,11300.0,4.955724679110146e-10
5.0,1.0,0.0,19157.0,0.0,6.092405484355722e-09,0.0,0.0,92835.0,8.809621429461825e-09,0.0,0.0,11300.0,2.9734348074660875e-10
5.0,2.0,0.0,19157.0,0.0,3.655443290613433e-09,0.0,0.0,94468.0,5.285772857677095e-09,0.0,0.0,11305.0,1.7840608844796524e-10
5.0,3.0,0.0,19157.0,0.0,2.19326597436806e-09,0.0,0.0,94468.0,3.171463714606257e-09,0.0,0.0,11305.0,1.0704365306877915e-10
5.0,4.0,0.0,19157.0,0.0,1.315959584620836e-09,0.0,0.0,94468.0,1.902878228763754e-09,0.0,0.0,11305.0,6.422619184126748e-11
5.0,5.0,0.0,19157.0,0.0,7.895757507725016e-10,0.0,0.0,94468.0,1.1417269372582523e-09,0.0,0.0,11305.0,3.853571510476049e-11
5.0,6.0,0.0,19157.0,0.0,4.737454504635009e-10,0.0,0.0,94468.0,6.850361623549514e-10,0.0,0.0,11305.0,2.3121429062856293e-11
5.0,7.0,0.0,19157.0,0.0,2.842472702781005e-10,0.0,0.0,94468.0,4.110216974129708e-10,0.0,0.0,11305.0,1.3872857437713775e-11
5.0,8.0,0.0,19157.0,0.0,1.7054836216686031e-10,0.0,0.0,94468.0,2.4661301844778245e-10,0.0,0.0,11305.0,8.323714462628265e-12
5.0,9.0,0.0,19157.0,0.0,1.0232901730011619e-10,0.0,0.0,94468.0,1.4796781106866947e-10,0.0,0.0,11305.0,4.994228677576959e-12
5.0,10.0,0.0,19157.0,0.0,6.139741038006971e-11,0.0,0.0,94468.0,8.878068664120168e-11,0.0,0.0,11305.0,2.996537206546175e-12
5.0,11.0,0.0,19157.0,0.0,3.6838446228041824e-11,2.1170999999999998e-05,2.0,94468.0,8.468453268411985e-06,0.0,0.0,11305.0,1.797922323927705e-12
5.0,12.0,0.0,19157.0,0.0,2.2103067736825092e-11,0.0,0.0,94468.0,5.0810719610471905e-06,0.0,0.0,11305.0,1.0787533943566228e-12
5.0,13.0,5.22e-05,19157.0,1.0,2.0880013261840644e-05,0.0,0.0,94468.0,3.048643176628314e-06,0.0,0.0,11305.0,6.472520366139737e-13
5.0,14.0,5.22e-05,19157.0,1.0,3.340800795710439e-05,0.0,0.0,94468.0,1.8291859059769883e-06,0.0,0.0,11305.0,3.883512219683842e-13
5.0,15.0,0.00026100099999999996,19157.0,5.0,0.00012444520477426262,1.0585999999999998e-05,1.0,94468.0,5.331911543586192e-06,0.0,0.0,11305.0,2.330107331810305e-13
5.0,16.0,0.00026100099999999996,19157.0,5.0,0.00017906752286455757,2.1170999999999998e-05,2.0,94468.0,1.1667546926151715e-05,0.0,0.0,11305.0,1.398064399086183e-13
5.0,17.0,5.22e-05,19157.0,1.0,0.00012832051371873456,0.00011644200000000001,11.0,94468.0,5.3577328155691035e-05,0.000265369,3.0,11305.0,0.00010614760008388387
5.0,18.0,5.22e-05,19157.0,1.0,9.787230823124074e-05,0.000232883,22.0,94468.0,0.00012529959689341463,0.0,0.0,11305.0,6.368856005033032e-05
5.0,19.0,0.000208801,19157.0,4.0,0.00014224378493874444,0.00028581099999999996,27.0,94468.0,0.00018950415813604875,0.000265369,3.0,11305.0,0.0001443607360301982
5.0,20.0,0.000156601,19157.0,3.0,0.00014798667096324668,0.00022229700000000002,21.0,94468.0,0.00020262129488162926,8.845600000000001e-05,1.0,11305.0,0.00012199884161811893
5.0,21.0,0.0001044,19157.0,2.0,0.000130552002577948,0.000306982,29.0,94468.0,0.00024436557692897754,0.0,0.0,11305.0,7.319930497087135e-05
5.0,22.0,0.000208801,19157.0,4.0,0.0001618516015467688,0.00020112599999999998,19.0,94468.0,0.00022706974615738652,0.0,0.0,11305.0,4.391958298252281e-05
5.0,23.0,5.22e-05,19157.0,1.0,0.00011799096092806128,0.000211712,20.0,94468.0,0.00022092664769443192,8.845600000000001e-05,1.0,11305.0,6.17341497895137e-05
5.0,24.0,5.22e-05,19157.0,1.0,9.167457655683677e-05,0.000137613,13.0,94468.0,0.00018760118861665915,0.0,0.0,11305.0,3.704048987370821e-05
5.0,25.0,0.0,19157.0,0.0,5.500474593410206e-05,9.527e-05,9.0,94468.0,0.00015066871316999549,0.0,0.0,11305.0,2.2224293924224927e-05
5.0,26.0,0.0,19157.0,0.0,3.3002847560461234e-05,0.000137613,13.0,94468.0,0.00014544642790199729,0.0,0.0,11305.0,1.3334576354534956e-05
5.0,27.0,0.0,19157.0,0.0,1.980170853627674e-05,3.1757e-05,3.0,94468.0,9.997065674119838e-05,0.0,0.0,11305.0,8.000745812720973e-06
5.0,28.0,0.0,19157.0,0.0,1.1881025121766045e-05,3.1757e-05,3.0,94468.0,7.268519404471903e-05,0.0,0.0,11305.0,4.8004474876325835e-06
5.0,29.0,0.0,19157.0,0.0,7.128615073059627e-06,1.0585999999999998e-05,1.0,94468.0,4.784551642683141e-05,0.0,0.0,11305.0,2.88026849257955e-06
5.0,30.0,0.0,19157.0,0.0,4.277169043835776e-06,2.1170999999999998e-05,2.0,94468.0,3.7175709856098844e-05,0.0,0.0,11305.0,1.7281610955477299e-06
5.0,31.0,0.0,19157.0,0.0,2.5663014263014656e-06,0.0,0.0,94468.0,2.2305425913659305e-05,0.0,0.0,11305.0,1.0368966573286378e-06
5.0,32.0,0.0,19157.0,0.0,1.5397808557808792e-06,1.0585999999999998e-05,1.0,94468.0,1.7617655548195582e-05,0.0,0.0,11305.0,6.221379943971827e-07
5.0,33.0,0.0,19157.0,0.0,9.238685134685275e-07,5.2928e-05,5.0,94468.0,3.174179332891735e-05,0.0,0.0,11305.0,3.7328279663830957e-07
5.0,34.0,0.0,19157.0,0.0,5.543211080811165e-07,0.0,0.0,94468.0,1.904507599735041e-05,0.0,0.0,11305.0,2.2396967798298574e-07
5.0,35.0,0.0,19157.0,0.0,3.3259266484866986e-07,1.0585999999999998e-05,1.0,94468.0,1.5661445598410246e-05,0.0,0.0,11305.0,1.3438180678979144e-07
5.0,36.0,0.0,19157.0,0.0,1.995555989092019e-07,3.1757e-05,3.0,94468.0,2.209966735904615e-05,0.0,0.0,11305.0,8.062908407387487e-08
5.0,37.0,0.0,19157.0,0.0,1.1973335934552113e-07,0.0,0.0,94468.0,1.325980041542769e-05,0.0,0.0,11305.0,4.837745044432492e-08
5.0,38.0,0.0,19157.0,0.0,7.184001560731267e-08,0.0,0.0,94468.0,7.955880249256614e-06,0.0,0.0,11305.0,2.902647026659495e-08
5.0,39.0,0.0,19157.0,0.0,4.3104009364387605e-08,2.1170999999999998e-05,2.0,94468.0,1.324192814955397e-05,0.0,0.0,11305.0,1.7415882159956968e-08
5.0,40.0,0.0,19157.0,0.0,2.586240561863256e-08,1.0585999999999998e-05,1.0,94468.0,1.217955688973238e-05,0.0,0.0,11305.0,1.0449529295974181e-08
5.0,41.0,0.0,19157.0,0.0,1.5517443371179537e-08,0.0,0.0,94468.0,7.307734133839428e-06,0.0,0.0,11305.0,6.269717577584508e-09
5.0,42.0,0.0,19157.0,0.0,9.310466022707722e-09,0.0,0.0,94468.0,4.384640480303657e-06,0.0,0.0,11305.0,3.761830546550705e-09
5.0,43.0,0.0,19157.0,0.0,5.5862796136246335e-09,0.0,0.0,94468.0,2.630784288182194e-06,0.0,0.0,11305.0,2.257098327930423e-09
5.0,44.0,0.0,19157.0,0.0,3.35176776817478e-09,0.0,0.0,94468.0,1.5784705729093163e-06,0.0,0.0,11305.0,1.3542589967582537e-09
5.0,45.0,0.0,19157.0,0.0,2.011060660904868e-09,0.0,0.0,94468.0,9.470823437455898e-07,0.0,0.0,11305.0,8.125553980549522e-10
5.0,46.0,0.0,19157.0,0.0,1.2066363965429208e-09,0.0,0.0,94468.0,5.682494062473538e-07,0.0,0.0,11305.0,4.875332388329713e-10
5.0,47.0,0.0,19157.0,0.0,7.239818379257524e-10,0.0,0.0,94468.0,3.409496437484123e-07,0.0,0.0,11305.0,2.925199432997828e-10
5.0,48.0,0.0,19157.0,0.0,4.3438910275545144e-10,0.0,0.0,94468.0,2.0456978624904736e-07,0.0,0.0,11305.0,1.7551196597986966e-10
5.0,49.0,0.0,19157.0,0.0,2.6063346165327086e-10,0.0,0.0,94468.0,1.227418717494284e-07,0.0,0.0,11305.0,1.0530717958792179e-10
5.0,50.0,0.0,19157.0,0.0,1.563800769919625e-10,0.0,0.0,94468.0,7.364512304965703e-08,0.0,0.0,11305.0,6.318430775275307e-11
5.0,51.0,0.0,19157.0,0.0,9.38280461951775e-11,0.0,0.0,94468.0,4.4187073829794216e-08,0.0,0.0,11305.0,3.7910584651651836e-11
5.0,52.0,0.0,19157.0,0.0,5.62968277171065e-11,0.0,0.0,94468.0,2.6512244297876528e-08,0.0,0.0,11305.0,2.27463507909911e-11
6.0,1.0,0.0,19014.0,0.0,3.37780966302639e-11,0.0,0.0,94468.0,1.5907346578725917e-08,0.0,0.0,11305.0,1.364781047459466e-11
6.0,2.0,0.0,19014.0,0.0,2.0266857978158338e-11,0.0,0.0,95738.0,9.54440794723555e-09,0.0,0.0,11286.0,8.188686284756795e-12
6.0,3.0,0.0,19014.0,0.0,1.2160114786895003e-11,0.0,0.0,95738.0,5.72664476834133e-09,0.0,0.0,11286.0,4.913211770854077e-12
6.0,4.0,0.0,19014.0,0.0,7.296068872137002e-12,0.0,0.0,95738.0,3.435986861004798e-09,0.0,0.0,11286.0,2.9479270625124463e-12
6.0,5.0,0.0,19014.0,0.0,4.377641323282201e-12,0.0,0.0,95738.0,2.061592116602879e-09,0.0,0.0,11286.0,1.7687562375074677e-12
6.0,6.0,0.0,19014.0,0.0,2.6265847939693204e-12,0.0,0.0,95738.0,1.2369552699617272e-09,0.0,0.0,11286.0,1.0612537425044806e-12
6.0,7.0,0.0,19014.0,0.0,1.5759508763815922e-12,0.0,0.0,95738.0,7.421731619770364e-10,0.0,0.0,11286.0,6.367522455026884e-13
6.0,8.0,0.0,19014.0,0.0,9.455705258289552e-13,0.0,0.0,95738.0,4.453038971862218e-10,0.0,0.0,11286.0,3.82051347301613e-13
6.0,9.0,0.0,19014.0,0.0,5.673423154973731e-13,1.0445e-05,1.0,95738.0,4.178267182338313e-06,0.0,0.0,11286.0,2.292308083809678e-13
6.0,10.0,0.0,19014.0,0.0,3.404053892984238e-13,0.0,0.0,95738.0,2.5069603094029876e-06,0.0,0.0,11286.0,1.3753848502858067e-13
6.0,11.0,0.0,19014.0,0.0,2.0424323357905429e-13,0.0,0.0,95738.0,1.5041761856417925e-06,0.0,0.0,11286.0,8.25230910171484e-14
6.0,12.0,0.0,19014.0,0.0,1.2254594014743257e-13,0.0,0.0,95738.0,9.025057113850755e-07,0.0,0.0,11286.0,4.951385461028904e-14
6.0,13.0,0.0,19014.0,0.0,7.352756408845954e-14,2.089e-05,2.0,95738.0,8.897503426831046e-06,0.0,0.0,11286.0,2.9708312766173425e-14
6.0,14.0,5.2593e-05,19014.0,1.0,2.103720004411654e-05,1.0445e-05,1.0,95738.0,9.516502056098628e-06,0.0,0.0,11286.0,1.7824987659704055e-14
6.0,15.0,0.0,19014.0,0.0,1.2622320026469924e-05,4.1781000000000005e-05,4.0,95738.0,2.2422301233659178e-05,0.0,0.0,11286.0,1.0694992595822433e-14
6.0,16.0,0.000262964,19014.0,5.0,0.00011275899201588198,2.089e-05,2.0,95738.0,2.180938074019551e-05,8.8605e-05,1.0,11286.0,3.544200000641699e-05
6.0,17.0,0.000315557,19014.0,6.0,0.00019387819520952918,0.000167123,16.0,95738.0,7.993482844411731e-05,0.0,0.0,11286.0,2.1265200003850193e-05
6.0,18.0,0.000473335,19014.0,9.0,0.0003056609171257175,0.000522259,50.0,95738.0,0.0002568644970664704,0.0,0.0,11286.0,1.2759120002310116e-05
6.0,19.0,0.000683707,19014.0,13.0,0.0004568793502754305,0.000553594,53.0,95738.0,0.0003755562982398822,0.0,0.0,11286.0,7.65547200138607e-06
6.0,20.0,0.0026822340000000004,19014.0,51.0,0.0013470212101652584,0.0006789360000000001,65.0,95738.0,0.0004969081789439293,0.0,0.0,11286.0,4.593283200831641e-06
6.0,21.0,0.0025770479999999998,19014.0,49.0,0.001839031926099155,0.001023627,98.0,95738.0,0.0007075957073663576,0.000354421,4.0,11286.0,0.000144524369920499
6.0,22.0,0.0018933420000000001,19014.0,36.0,0.001860755955659493,0.000919175,88.0,95738.0,0.0007922274244198146,0.00044302699999999997,5.0,11286.0,0.0002639254219522994
6.0,23.0,0.001051857,19014.0,20.0,0.0015371963733956957,0.0006893810000000001,66.0,95738.0,0.0007510888546518888,0.000354421,4.0,11286.0,0.0003001236531713796
6.0,24.0,0.000420743,19014.0,8.0,0.0010906150240374173,0.0005118130000000001,49.0,95738.0,0.0006553785127911333,8.8605e-05,1.0,11286.0,0.00021551619190282776
6.0,25.0,5.2593e-05,19014.0,1.0,0.0006754062144224503,0.000490923,47.0,95738.0,0.00058959630767468,8.8605e-05,1.0,11286.0,0.00016475171514169666
6.0,26.0,0.0,19014.0,0.0,0.0004052437286534702,0.000407362,39.0,95738.0,0.0005167025846048079,8.8605e-05,1.0,11286.0,0.000134293029085018
6.0,27.0,0.000105186,19014.0,2.0,0.0002852206371920821,0.0003238,31.0,95738.0,0.00043954155076288473,0.0,0.0,11286.0,8.057581745101079e-05
6.0,28.0,5.2593e-05,19014.0,1.0,0.00019216958231524925,0.00030291,29.0,95738.0,0.00038488893045773083,0.00017721099999999998,2.0,11286.0,0.00011922989047060648
6.0,29.0,0.0,19014.0,0.0,0.00011530174938914954,0.000313355,30.0,95738.0,0.0003562753582746385,0.000265816,3.0,11286.0,0.00017786433428236388
6.0,30.0,0.0,19014.0,0.0,6.918104963348973e-05,0.000167123,16.0,95738.0,0.0002806144149647831,0.0,0.0,11286.0,0.00010671860056941832
6.0,31.0,0.0,19014.0,0.0,4.1508629780093834e-05,0.00011489700000000001,11.0,95738.0,0.00021432744897886987,0.0,0.0,11286.0,6.403116034165099e-05
6.0,32.0,0.0,19014.0,0.0,2.49051778680563e-05,8.356100000000001e-05,8.0,95738.0,0.00016202086938732192,0.0,0.0,11286.0,3.8418696204990594e-05
6.0,33.0,0.0,19014.0,0.0,1.4943106720833779e-05,7.311600000000001e-05,7.0,95738.0,0.00012645892163239315,0.0,0.0,11286.0,2.3051217722994354e-05
6.0,34.0,0.0,19014.0,0.0,8.965864032500266e-06,7.311600000000001e-05,7.0,95738.0,0.0001051217529794359,0.0,0.0,11286.0,1.3830730633796613e-05
6.0,35.0,0.0,19014.0,0.0,5.379518419500159e-06,7.311600000000001e-05,7.0,95738.0,9.231945178766153e-05,0.0,0.0,11286.0,8.298438380277966e-06
6.0,36.0,0.0,19014.0,0.0,3.2277110517000956e-06,2.089e-05,2.0,95738.0,6.374767107259692e-05,0.0,0.0,11286.0,4.9790630281667796e-06
6.0,37.0,0.0,19014.0,0.0,1.9366266310200573e-06,2.089e-05,2.0,95738.0,4.660460264355815e-05,0.0,0.0,11286.0,2.9874378169000677e-06
6.0,38.0,0.0,19014.0,0.0,1.1619759786120344e-06,2.089e-05,2.0,95738.0,3.631876158613489e-05,0.0,0.0,11286.0,1.7924626901400406e-06
6.0,39.0,0.0,19014.0,0.0,6.971855871672206e-07,0.0,0.0,95738.0,2.1791256951680933e-05,0.0,0.0,11286.0,1.0754776140840242e-06
6.0,40.0,0.0,19014.0,0.0,4.1831135230033234e-07,3.1336e-05,3.0,95738.0,2.560915417100856e-05,0.0,0.0,11286.0,6.452865684504145e-07
6.0,41.0,0.0,19014.0,0.0,2.509868113801994e-07,0.0,0.0,95738.0,1.5365492502605135e-05,0.0,0.0,11286.0,3.8717194107024867e-07
6.0,42.0,0.0,19014.0,0.0,1.5059208682811963e-07,0.0,0.0,95738.0,9.21929550156308e-06,0.0,0.0,11286.0,2.323031646421492e-07
6.0,43.0,0.0,19014.0,0.0,9.035525209687178e-08,0.0,0.0,95738.0,5.5315773009378475e-06,0.0,0.0,11286.0,1.393818987852895e-07
6.0,44.0,0.0,19014.0,0.0,5.421315125812306e-08,0.0,0.0,95738.0,3.3189463805627083e-06,0.0,0.0,11286.0,8.362913927117371e-08
6.0,45.0,0.0,19014.0,0.0,3.2527890754873833e-08,0.0,0.0,95738.0,1.991367828337625e-06,0.0,0.0,11286.0,5.017748356270422e-08
6.0,46.0,0.0,19014.0,0.0,1.95167344529243e-08,0.0,0.0,95738.0,1.194820697002575e-06,0.0,0.0,11286.0,3.0106490137622534e-08
6.0,47.0,0.0,19014.0,0.0,1.171004067175458e-08,0.0,0.0,95738.0,7.168924182015449e-07,0.0,0.0,11286.0,1.806389408257352e-08
6.0,48.0,0.0,19014.0,0.0,7.026024403052747e-09,0.0,0.0,95738.0,4.301354509209269e-07,0.0,0.0,11286.0,1.0838336449544112e-08
6.0,49.0,0.0,19014.0,0.0,4.2156146418316484e-09,0.0,0.0,95738.0,2.580812705525561e-07,0.0,0.0,11286.0,6.503001869726467e-09
6.0,50.0,0.0,19014.0,0.0,2.529368785098989e-09,0.0,0.0,95738.0,1.5484876233153367e-07,0.0,0.0,11286.0,3.90180112183588e-09
6.0,51.0,0.0,19014.0,0.0,1.5176212710593932e-09,0.0,0.0,95738.0,9.290925739892019e-08,0.0,0.0,11286.0,2.341080673101528e-09
6.0,52.0,0.0,19014.0,0.0,9.105727626356358e-10,0.0,0.0,95738.0,5.574555443935211e-08,0.0,0.0,11286.0,1.4046484038609168e-09
7.0,1.0,0.0,19230.0,0.0,5.463436575813814e-10,0.0,0.0,95738.0,3.3447332663611266e-08,0.0,0.0,11286.0,8.4278904231655e-10
7.0,2.0,0.0,19230.0,0.0,3.2780619454882885e-10,0.0,0.0,97693.0,2.006839959816676e-08,0.0,0.0,11466.0,5.0567342538993e-10
7.0,3.0,0.0,19230.0,0.0,1.966837167292973e-10,0.0,0.0,97693.0,1.2041039758900055e-08,0.0,0.0,11466.0,3.03404055233958e-10
7.0,4.0,0.0,19230.0,0.0,1.1801023003757838e-10,0.0,0.0,97693.0,7.2246238553400326e-09,0.0,0.0,11466.0,1.8204243314037477e-10
7.0,5.0,0.0,19230.0,0.0,7.080613802254702e-11,0.0,0.0,97693.0,4.334774313204019e-09,0.0,0.0,11466.0,1.0922545988422486e-10
7.0,6.0,0.0,19230.0,0.0,4.2483682813528214e-11,0.0,0.0,97693.0,2.6008645879224114e-09,0.0,0.0,11466.0,6.553527593053491e-11
7.0,7.0,0.0,19230.0,0.0,2.549020968811693e-11,0.0,0.0,97693.0,1.5605187527534468e-09,0.0,0.0,11466.0,3.932116555832095e-11
7.0,8.0,0.0,19230.0,0.0,1.5294125812870158e-11,0.0,0.0,97693.0,9.363112516520681e-10,0.0,0.0,11466.0,2.3592699334992567e-11
7.0,9.0,0.0,19230.0,0.0,9.176475487722094e-12,0.0,0.0,97693.0,5.617867509912408e-10,0.0,0.0,11466.0,1.415561960099554e-11
7.0,10.0,0.0,19230.0,0.0,5.5058852926332565e-12,0.0,0.0,97693.0,3.3707205059474445e-10,0.0,0.0,11466.0,8.493371760597323e-12
7.0,11.0,0.0,19230.0,0.0,3.303531175579954e-12,0.0,0.0,97693.0,2.0224323035684665e-10,0.0,0.0,11466.0,5.096023056358394e-12
7.0,12.0,0.0,19230.0,0.0,1.9821187053479724e-12,0.0,0.0,97693.0,1.21345938214108e-10,0.0,0.0,11466.0,3.0576138338150365e-12
7.0,13.0,0.0,19230.0,0.0,1.1892712232087833e-12,1.0236e-05,1.0,97693.0,4.0944728075629284e-06,0.0,0.0,11466.0,1.834568300289022e-12
7.0,14.0,0.0,19230.0,0.0,7.1356273392527e-13,0.0,0.0,97693.0,2.456683684537757e-06,0.0,0.0,11466.0,1.100740980173413e-12
7.0,15.0,0.0,19230.0,0.0,4.28137640355162e-13,1.0236e-05,1.0,97693.0,5.568410210722654e-06,0.0,0.0,11466.0,6.604445881040478e-13
7.0,16.0,0.0,19230.0,0.0,2.568825842130972e-13,1.0236e-05,1.0,97693.0,7.435446126433593e-06,0.0,0.0,11466.0,3.962667528624287e-13
7.0,17.0,0.0,19230.0,0.0,1.5412955052785832e-13,0.0,0.0,97693.0,4.461267675860156e-06,0.0,0.0,11466.0,2.377600517174572e-13
7.0,18.0,0.0,19230.0,0.0,9.247773031671499e-14,1.0236e-05,1.0,97693.0,6.7711606055160936e-06,0.0,0.0,11466.0,1.426560310304743e-13
7.0,19.0,0.0,19230.0,0.0,5.548663819002899e-14,1.0236e-05,1.0,97693.0,8.157096363309656e-06,0.0,0.0,11466.0,8.559361861828457e-14
7.0,20.0,0.0,19230.0,0.0,3.329198291401739e-14,0.0,0.0,97693.0,4.8942578179857935e-06,0.0,0.0,11466.0,5.135617117097074e-14
7.0,21.0,0.0,19230.0,0.0,1.9975189748410433e-14,0.0,0.0,97693.0,2.936554690791476e-06,0.0,0.0,11466.0,3.081370270258244e-14
7.0,22.0,0.0,19230.0,0.0,1.198511384904626e-14,0.0,0.0,97693.0,1.7619328144748857e-06,0.0,0.0,11466.0,1.8488221621549465e-14
7.0,23.0,5.2002e-05,19230.0,1.0,2.080080000719107e-05,0.0,0.0,97693.0,1.0571596886849313e-06,0.0,0.0,11466.0,1.1092932972929678e-14
7.0,24.0,0.000104004,19230.0,2.0,5.4082080004314644e-05,2.0472e-05,2.0,97693.0,8.823095813210959e-06,0.0,0.0,11466.0,6.655759783757807e-15
7.0,25.0,0.00041601699999999997,19230.0,8.0,0.00019885604800258877,0.000327557,32.0,97693.0,0.00013631665748792658,0.0,0.0,11466.0,3.993455870254684e-15
7.0,26.0,0.00041601699999999997,19230.0,8.0,0.00028572042880155323,0.000501571,49.0,97693.0,0.000282418394492756,8.7214e-05,1.0,11466.0,3.488560000239607e-05
7.0,27.0,0.000156006,19230.0,3.0,0.00023383465728093195,0.00046062699999999997,45.0,97693.0,0.0003537018366956536,0.000523286,6.0,11466.0,0.00023024576000143764
7.0,28.0,0.000156006,19230.0,3.0,0.00020270319436855916,0.00053228,52.0,97693.0,0.00042513310201739216,0.000348857,4.0,11466.0,0.0002776902560008626
7.0,29.0,0.000364015,19230.0,7.0,0.0002672279166211355,0.000573224,56.0,97693.0,0.0004843694612104353,0.000348857,4.0,11466.0,0.0003061569536005176
7.0,30.0,0.000312012,19230.0,6.0,0.00028514154997268126,0.000696058,68.0,97693.0,0.0005690448767262611,0.000261643,3.0,11466.0,0.00028835137216031055
7.0,31.0,0.0007280289999999999,19230.0,14.0,0.0004622965299836087,0.001044087,102.0,97693.0,0.0007590617260357567,0.000174429,2.0,11466.0,0.00024278242329618633
7.0,32.0,0.000364015,19230.0,7.0,0.0004229839179901652,0.000972434,95.0,97693.0,0.000844410635621454,0.00043607199999999997,5.0,11466.0,0.0003200982539777118
7.0,33.0,0.0,19230.0,0.0,0.0002537903507940991,0.000245668,24.0,97693.0,0.0006049135813728724,8.7214e-05,1.0,11466.0,0.00022694455238662708
7.0,34.0,5.2002e-05,19230.0,1.0,0.00017307501047645945,0.000327557,32.0,97693.0,0.0004939709488237234,0.0,0.0,11466.0,0.00013616673143197625
7.0,35.0,0.0,19230.0,0.0,0.00010384500628587568,0.000163778,16.0,97693.0,0.000361893769294234,8.7214e-05,1.0,11466.0,0.00011658563885918574
7.0,36.0,5.2002e-05,19230.0,1.0,8.310780377152541e-05,8.1889e-05,8.0,97693.0,0.0002498918615765404,8.7214e-05,1.0,11466.0,0.00010483698331551142
7.0,37.0,5.2002e-05,19230.0,1.0,7.066548226291525e-05,3.0708000000000005e-05,3.0,97693.0,0.00016221831694592423,0.0,0.0,11466.0,6.290218998930685e-05
7.0,38.0,0.0,19230.0,0.0,4.2399289357749145e-05,1.0236e-05,1.0,97693.0,0.00010142539016755454,0.0,0.0,11466.0,3.7741313993584114e-05
7.0,39.0,0.0,19230.0,0.0,2.5439573614649488e-05,3.0708000000000005e-05,3.0,97693.0,7.313843410053272e-05,0.0,0.0,11466.0,2.2644788396150466e-05
7.0,40.0,0.0,19230.0,0.0,1.5263744168789693e-05,3.0708000000000005e-05,3.0,97693.0,5.616626046031964e-05,0.0,0.0,11466.0,1.3586873037690279e-05
7.0,41.0,0.0,19230.0,0.0,9.158246501273816e-06,0.0,0.0,97693.0,3.369975627619178e-05,0.0,0.0,11466.0,8.152123822614167e-06
7.0,42.0,0.0,19230.0,0.0,5.494947900764289e-06,0.0,0.0,97693.0,2.0219853765715068e-05,0.0,0.0,11466.0,4.8912742935685005e-06
7.0,43.0,0.0,19230.0,0.0,3.2969687404585735e-06,0.0,0.0,97693.0,1.213191225942904e-05,0.0,0.0,11466.0,2.9347645761411e-06
7.0,44.0,0.0,19230.0,0.0,1.978181244275144e-06,0.0,0.0,97693.0,7.279147355657424e-06,0.0,0.0,11466.0,1.76085874568466e-06
7.0,45.0,0.0,19230.0,0.0,1.1869087465650864e-06,0.0,0.0,97693.0,4.367488413394454e-06,0.0,0.0,11466.0,1.056515247410796e-06
7.0,46.0,0.0,19230.0,0.0,7.121452479390518e-07,0.0,0.0,97693.0,2.6204930480366726e-06,0.0,0.0,11466.0,6.339091484464777e-07
7.0,47.0,0.0,19230.0,0.0,4.2728714876343105e-07,0.0,0.0,97693.0,1.5722958288220036e-06,0.0,0.0,11466.0,3.803454890678866e-07
7.0,48.0,0.0,19230.0,0.0,2.563722892580586e-07,0.0,0.0,97693.0,9.433774972932021e-07,0.0,0.0,11466.0,2.2820729344073195e-07
7.0,49.0,0.0,19230.0,0.0,1.5382337355483516e-07,0.0,0.0,97693.0,5.660264983759212e-07,0.0,0.0,11466.0,1.3692437606443917e-07
7.0,50.0,0.0,19230.0,0.0,9.22940241329011e-08,0.0,0.0,97693.0,3.3961589902555273e-07,0.0,0.0,11466.0,8.21546256386635e-08
7.0,51.0,0.0,19230.0,0.0,5.537641447974065e-08,0.0,0.0,97693.0,2.0376953941533162e-07,0.0,0.0,11466.0,4.9292775383198104e-08
7.0,52.0,0.0,19230.0,0.0,3.322584868784439e-08,0.0,0.0,97693.0,1.2226172364919897e-07,0.0,0.0,11466.0,2.957566522991886e-08
8.0,1.0,0.0,19440.0,0.0,1.9935509212706632e-08,0.0,0.0,97693.0,7.335703418951938e-08,0.0,0.0,11466.0,1.7745399137951315e-08
8.0,2.0,0.0,19440.0,0.0,1.196130552762398e-08,0.0,0.0,100000.0,4.401422051371162e-08,0.0,0.0,11711.0,1.0647239482770789e-08
8.0,3.0,0.0,19440.0,0.0,7.1767833165743874e-09,0.0,0.0,100000.0,2.6408532308226973e-08,0.0,0.0,11711.0,6.388343689662473e-09
8.0,4.0,0.0,19440.0,0.0,4.306069989944633e-09,0.0,0.0,100000.0,1.5845119384936183e-08,0.0,0.0,11711.0,3.833006213797483e-09
8.0,5.0,0.0,19440.0,0.0,2.5836419939667793e-09,0.0,0.0,100000.0,9.50707163096171e-09,0.0,0.0,11711.0,2.29980372827849e-09
8.0,6.0,0.0,19440.0,0.0,1.5501851963800675e-09,0.0,0.0,100000.0,5.704242978577025e-09,0.0,0.0,11711.0,1.379882236967094e-09
8.0,7.0,0.0,19440.0,0.0,9.301111178280405e-10,0.0,0.0,100000.0,3.422545787146215e-09,0.0,0.0,11711.0,8.279293421802563e-10
8.0,8.0,0.0,19440.0,0.0,5.580666706968243e-10,0.0,0.0,100000.0,2.053527472287729e-09,0.0,0.0,11711.0,4.967576053081538e-10
8.0,9.0,0.0,19440.0,0.0,3.3484000241809456e-10,0.0,0.0,100000.0,1.2321164833726374e-09,0.0,0.0,11711.0,2.9805456318489224e-10
8.0,10.0,0.0,19440.0,0.0,2.0090400145085673e-10,0.0,0.0,100000.0,7.392698900235824e-10,0.0,0.0,11711.0,1.7883273791093533e-10
8.0,11.0,0.0,19440.0,0.0,1.2054240087051404e-10,2e-05,2.0,100000.0,8.000443561934015e-06,0.0,0.0,11711.0,1.0729964274656119e-10
8.0,12.0,0.0,19440.0,0.0,7.232544052230843e-11,0.0,0.0,100000.0,4.800266137160409e-06,0.0,0.0,11711.0,6.437978564793671e-11
8.0,13.0,0.0,19440.0,0.0,4.339526431338505e-11,0.0,0.0,100000.0,2.8801596822962456e-06,0.0,0.0,11711.0,3.8627871388762027e-11
8.0,14.0,0.0,19440.0,0.0,2.6037158588031032e-11,0.0,0.0,100000.0,1.7280958093777472e-06,0.0,0.0,11711.0,2.3176722833257216e-11
8.0,15.0,0.0,19440.0,0.0,1.562229515281862e-11,0.0,0.0,100000.0,1.0368574856266483e-06,0.0,0.0,11711.0,1.3906033699954329e-11
8.0,16.0,0.0,19440.0,0.0,9.373377091691171e-12,0.0,0.0,100000.0,6.22114491375989e-07,0.0,0.0,11711.0,8.343620219972597e-12
8.0,17.0,0.0,19440.0,0.0,5.6240262550147026e-12,2e-05,2.0,100000.0,8.373268694825595e-06,0.0,0.0,11711.0,5.006172131983558e-12
8.0,18.0,0.00015432100000000002,19440.0,3.0,6.172840337441575e-05,9e-05,9.0,100000.0,4.1023961216895355e-05,0.0,0.0,11711.0,3.0037032791901348e-12
8.0,19.0,0.000205761,19440.0,4.0,0.00011934144202464946,0.0004,40.0,100000.0,0.00018461437673013723,0.000256169,3.0,11711.0,0.00010246760180222198
8.0,20.0,0.00015432100000000002,19440.0,3.0,0.00013333326521478968,0.00047999999999999996,48.0,100000.0,0.00030276862603808235,0.0,0.0,11711.0,6.148056108133318e-05
8.0,21.0,0.0,19440.0,0.0,7.999995912887381e-05,0.00047999999999999996,48.0,100000.0,0.00037366117562284945,0.000256169,3.0,11711.0,0.0001393559366487999
8.0,22.0,0.00015432100000000002,19440.0,3.0,0.00010972837547732429,0.00091,91.0,100000.0,0.0005881967053737097,0.00017078,2.0,11711.0,0.00015192556198927995
8.0,23.0,0.00015432100000000002,19440.0,3.0,0.0001275654252863946,0.00134,134.0,100000.0,0.0008889180232242258,0.001110067,13.0,11711.0,0.000535182137193568
8.0,24.0,0.000257202,19440.0,5.0,0.00017942005517183676,0.00149,149.0,100000.0,0.0011293508139345355,0.000683118,8.0,11711.0,0.0005943564823161408
8.0,25.0,0.00046296300000000005,19440.0,9.0,0.0002928372331031021,0.0012,120.0,100000.0,0.0011576104883607211,0.000768508,9.0,11711.0,0.0006640170893896845
8.0,26.0,0.0005144030000000001,19440.0,10.0,0.0003814635398618613,0.001,100.0,100000.0,0.0010945662930164327,0.000683118,8.0,11711.0,0.0006716574536338107
8.0,27.0,0.00046296300000000005,19440.0,9.0,0.00041406332391711676,0.00072,72.0,100000.0,0.0009447397758098595,0.00017078,2.0,11711.0,0.0004713064721802864
8.0,28.0,0.000257202,19440.0,5.0,0.00035131879435027006,0.0005099999999999999,51.0,100000.0,0.0007708438654859157,0.000768508,9.0,11711.0,0.0005901870833081718
8.0,29.0,0.00015432100000000002,19440.0,3.0,0.00027251967661016203,0.00047999999999999996,48.0,100000.0,0.0006545063192915494,0.0,0.0,11711.0,0.00035411224998490307
8.0,30.0,0.0009773660000000001,19440.0,19.0,0.0005544582059660973,0.00044,44.0,100000.0,0.0005687037915749297,0.0,0.0,11711.0,0.00021246734999094184
8.0,31.0,0.00036008199999999996,19440.0,7.0,0.00047670772357965836,0.00023999999999999998,24.0,100000.0,0.0004372222749449578,0.00017078,2.0,11711.0,0.00019579240999456507
8.0,32.0,0.00015432100000000002,19440.0,3.0,0.000347753034147795,0.00028,28.0,100000.0,0.0003743333649669747,0.0,0.0,11711.0,0.00011747544599673903
8.0,33.0,0.000102881,19440.0,2.0,0.00024980422048867697,9e-05,9.0,100000.0,0.0002606000189801848,0.0,0.0,11711.0,7.048526759804342e-05
8.0,34.0,0.000102881,19440.0,2.0,0.00019103493229320618,4e-05,4.0,100000.0,0.0001723600113881109,0.0,0.0,11711.0,4.2291160558826046e-05
8.0,35.0,0.0,19440.0,0.0,0.0001146209593759237,0.00011,11.0,100000.0,0.00014741600683286653,0.0,0.0,11711.0,2.5374696335295626e-05
8.0,36.0,0.0,19440.0,0.0,6.877257562555422e-05,5e-05,5.0,100000.0,0.00010844960409971992,0.0,0.0,11711.0,1.5224817801177375e-05
8.0,37.0,0.0,19440.0,0.0,4.126354537533253e-05,1e-05,1.0,100000.0,6.906976245983195e-05,0.0,0.0,11711.0,9.134890680706424e-06
8.0,38.0,0.0,19440.0,0.0,2.4758127225199518e-05,1e-05,1.0,100000.0,4.544185747589917e-05,0.0,0.0,11711.0,5.480934408423854e-06
8.0,39.0,0.0,19440.0,0.0,1.485487633511971e-05,2.9999999999999997e-05,3.0,100000.0,3.92651144855395e-05,0.0,0.0,11711.0,3.2885606450543126e-06
8.0,40.0,0.0,19440.0,0.0,8.912925801071826e-06,0.0,0.0,100000.0,2.35590686913237e-05,0.0,0.0,11711.0,1.9731363870325877e-06
8.0,41.0,0.0,19440.0,0.0,5.3477554806430955e-06,0.0,0.0,100000.0,1.4135441214794219e-05,0.0,0.0,11711.0,1.1838818322195526e-06
8.0,42.0,0.0,19440.0,0.0,3.2086532883858572e-06,0.0,0.0,100000.0,8.481264728876531e-06,0.0,0.0,11711.0,7.103290993317316e-07
8.0,43.0,0.0,19440.0,0.0,1.925191973031514e-06,0.0,0.0,100000.0,5.088758837325919e-06,0.0,0.0,11711.0,4.2619745959903894e-07
8.0,44.0,0.0,19440.0,0.0,1.1551151838189084e-06,0.0,0.0,100000.0,3.053255302395551e-06,0.0,0.0,11711.0,2.5571847575942337e-07
8.0,45.0,0.0,19440.0,0.0,6.93069110291345e-07,0.0,0.0,100000.0,1.8319531814373306e-06,0.0,0.0,11711.0,1.5343108545565403e-07
8.0,46.0,0.0,19440.0,0.0,4.15841466174807e-07,0.0,0.0,100000.0,1.0991719088623983e-06,0.0,0.0,11711.0,9.205865127339241e-08
8.0,47.0,0.0,19440.0,0.0,2.4950487970488416e-07,0.0,0.0,100000.0,6.595031453174389e-07,0.0,0.0,11711.0,5.5235190764035444e-08
8.0,48.0,0.0,19440.0,0.0,1.497029278229305e-07,0.0,0.0,100000.0,3.9570188719046334e-07,0.0,0.0,11711.0,3.314111445842127e-08
8.0,49.0,0.0,19440.0,0.0,8.98217566937583e-08,0.0,0.0,100000.0,2.37421132314278e-07,0.0,0.0,11711.0,1.988466867505276e-08
8.0,50.0,0.0,19440.0,0.0,5.3893054016254975e-08,0.0,0.0,100000.0,1.424526793885668e-07,0.0,0.0,11711.0,1.1930801205031656e-08
8.0,51.0,0.0,19440.0,0.0,3.233583240975298e-08,0.0,0.0,100000.0,8.547160763314007e-08,0.0,0.0,11711.0,7.1584807230189935e-09
8.0,52.0,0.0,19440.0,0.0,1.940149944585179e-08,0.0,0.0,100000.0,5.128296457988404e-08,0.0,0.0,11711.0,4.295088433811396e-09
9.0,1.0,0.0,19652.0,0.0,1.1640899667511073e-08,0.0,0.0,100000.0,3.076977874793042e-08,0.0,0.0,11711.0,2.5770530602868376e-09
9.0,2.0,0.0,19652.0,0.0,6.984539800506643e-09,0.0,0.0,102361.0,1.846186724875825e-08,0.0,0.0,11961.0,1.5462318361721025e-09
9.0,3.0,0.0,19652.0,0.0,4.190723880303986e-09,0.0,0.0,102361.0,1.107712034925495e-08,0.0,0.0,11961.0,9.277391017032614e-10
9.0,4.0,0.0,19652.0,0.0,2.5144343281823914e-09,0.0,0.0,102361.0,6.64627220955297e-09,0.0,0.0,11961.0,5.566434610219568e-10
9.0,5.0,0.0,19652.0,0.0,1.5086605969094349e-09,0.0,0.0,102361.0,3.987763325731782e-09,0.0,0.0,11961.0,3.339860766131741e-10
9.0,6.0,0.0,19652.0,0.0,9.051963581456609e-10,0.0,0.0,102361.0,2.3926579954390693e-09,0.0,0.0,11961.0,2.0039164596790443e-10
9.0,7.0,0.0,19652.0,0.0,5.431178148873965e-10,0.0,0.0,102361.0,1.4355947972634416e-09,0.0,0.0,11961.0,1.2023498758074265e-10
9.0,8.0,5.0885e-05,19652.0,1.0,2.0354325870688935e-05,9.768999999999999e-06,1.0,102361.0,3.908461356878358e-06,0.0,0.0,11961.0,7.214099254844559e-11
9.0,9.0,5.0885e-05,19652.0,1.0,3.2566595522413364e-05,0.0,0.0,102361.0,2.3450768141270145e-06,0.0,0.0,11961.0,4.328459552906735e-11
9.0,10.0,0.0,19652.0,0.0,1.9539957313448017e-05,0.0,0.0,102361.0,1.4070460884762086e-06,0.0,0.0,11961.0,2.597075731744041e-11
9.0,11.0,0.0,19652.0,0.0,1.172397438806881e-05,9.768999999999999e-06,1.0,102361.0,4.751827653085725e-06,0.0,0.0,11961.0,1.5582454390464247e-11
9.0,12.0,0.0,19652.0,0.0,7.034384632841285e-06,2.9308e-05,3.0,102361.0,1.4574296591851437e-05,0.0,0.0,11961.0,9.349472634278548e-12
9.0,13.0,0.0,19652.0,0.0,4.220630779704771e-06,0.0,0.0,102361.0,8.744577955110861e-06,0.0,0.0,11961.0,5.609683580567129e-12
9.0,14.0,5.0885e-05,19652.0,1.0,2.2886378467822864e-05,9.768999999999999e-06,1.0,102361.0,9.154346773066517e-06,0.0,0.0,11961.0,3.365810148340277e-12
9.0,15.0,0.000101769,19652.0,2.0,5.4439427080693725e-05,0.00014654,15.0,102361.0,6.410860806383991e-05,0.0,0.0,11961.0,2.0194860890041662e-12
9.0,16.0,0.000203539,19652.0,4.0,0.00011407925624841623,4.8846999999999995e-05,5.0,102361.0,5.8003964838303945e-05,8.360299999999999e-05,1.0,11961.0,3.344120121169166e-05
9.0,17.0,0.000305308,19652.0,6.0,0.00019057075374904976,0.000175847,18.0,102361.0,0.00010514117890298237,8.360299999999999e-05,1.0,11961.0,5.3505920727015e-05
9.0,18.0,0.000254423,19652.0,5.0,0.00021611165224942985,0.000293079,30.0,102361.0,0.00018031630734178944,0.000167207,2.0,11961.0,9.8986352436209e-05
9.0,19.0,0.000152654,19652.0,3.0,0.00019072859134965792,0.000732698,75.0,102361.0,0.0004012689844050737,0.0,0.0,11961.0,5.93918114617254e-05
9.0,20.0,0.000407077,19652.0,8.0,0.00027726795480979475,0.0009183139999999999,94.0,102361.0,0.0006080869906430442,0.00041801699999999997,5.0,11961.0,0.00020284188687703524
9.0,21.0,0.000254423,19652.0,5.0,0.0002681299728858769,0.000869468,89.0,102361.0,0.0007126393943858266,0.001003241,12.0,11961.0,0.0005230015321262212
9.0,22.0,0.000254423,19652.0,5.0,0.0002626471837315261,0.000654543,67.0,102361.0,0.000689400836631496,0.000334414,4.0,11961.0,0.0004475665192757327
9.0,23.0,0.000203539,19652.0,4.0,0.00023900391023891566,0.000615466,63.0,102361.0,0.0006598269019788976,0.000585224,7.0,11961.0,0.0005026295115654396
9.0,24.0,0.0006615,19652.0,13.0,0.00040800234614334936,0.001211393,124.0,102361.0,0.0008804533411873386,0.000334414,4.0,11961.0,0.00043534330693926376
