year,flu week,MA rate,MA pop,MA count,MA weighted rate,BE rate,BE count,BE pop,BE weighted rate,SB rate,SB count,SB pop,SB weighted rate,JE rate,JE count,JE pop,JE weighted rate,GA rate,GA count,GA pop,GA weighted rate
,,,,,0.0,,,,,,,,,,,,,,,,
1.0,1.0,0.0,7697.0,0.0,0.0,,,,0.0,,,,0.0,,,,0.0,,,,0.0
1.0,2.0,0.0,7697.0,0.0,0.0,0.0,0.0,9253.0,0.0,0.000438417,15.0,34214.0,0.000438417,0.0,0.0,11406.0,0.0,8.928299999999999e-05,8.0,89603.0,8.928299999999999e-05
1.0,3.0,0.0,7697.0,0.0,0.0,0.000648438,6.0,9253.0,0.0002593752,0.000818378,28.0,34214.0,0.0005904014000000001,0.0,0.0,11406.0,0.0,0.00010044299999999999,9.0,89603.0,9.3747e-05
1.0,4.0,0.00025984099999999997,7697.0,2.0,0.00010393639999999999,0.000216146,2.0,9253.0,0.00024208352000000002,0.0008476060000000001,29.0,34214.0,0.0006932832400000001,0.0,0.0,11406.0,0.0,0.00033481,30.0,89603.0,0.0001901722
1.0,5.0,0.0,7697.0,0.0,6.236183999999999e-05,0.000648438,6.0,9253.0,0.000404625312,0.000730695,25.0,34214.0,0.0007082479440000001,0.0,0.0,11406.0,0.0,0.000502215,45.0,89603.0,0.00031498932
1.0,6.0,0.00519683,7697.0,40.0,0.0021161491040000003,0.003998703,37.0,9253.0,0.0018422563872000002,0.0,0.0,34214.0,0.0004249487664,0.0,0.0,11406.0,0.0,0.000703101,63.0,89603.0,0.000470233992
1.0,7.0,0.006236195999999999,7697.0,48.0,0.0037641678624,0.006268236999999999,58.0,9253.0,0.00361264863232,2.9228000000000002e-05,1.0,34214.0,0.00026666045984,0.0,0.0,11406.0,0.0,0.004497617,403.0,89603.0,0.0020811871952
1.0,8.0,0.012992075,7697.0,100.0,0.00745533071744,0.007997406,74.0,9253.0,0.005366551579392,0.000496873,17.0,34214.0,0.000358745475904,0.0,0.0,11406.0,0.0,0.0047096640000000006,422.0,89603.0,0.0031325779171200003
1.0,9.0,0.006236195999999999,7697.0,48.0,0.0069676768304639996,0.0018372420000000002,17.0,9253.0,0.0039548277476352004,0.0008476060000000001,29.0,34214.0,0.0005542896855424001,0.0,0.0,11406.0,0.0,0.0012722789999999999,114.0,89603.0,0.002388458350272
1.0,10.0,0.0005196830000000001,7697.0,4.0,0.004388479298278399,0.000540365,5.0,9253.0,0.00258904264858112,0.000175367,6.0,34214.0,0.00040272061132544005,0.0,0.0,11406.0,0.0,0.000803545,72.0,89603.0,0.0017544930101632001
1.0,11.0,0.0,7697.0,0.0,0.0026330875789670393,0.000216146,2.0,9253.0,0.0016398839891486718,0.000116911,4.0,34214.0,0.000288396766795264,0.0,0.0,11406.0,0.0,0.000122764,11.0,89603.0,0.00110180140609792
1.0,12.0,0.0,7697.0,0.0,0.0015798525473802235,0.000108073,1.0,9253.0,0.001027159593489203,8.7683e-05,3.0,34214.0,0.0002081112600771584,0.0,0.0,11406.0,0.0,1.116e-05,1.0,89603.0,0.000665544843658752
1.0,13.0,0.0,7697.0,0.0,0.000947911528428134,0.000324219,3.0,9253.0,0.0007459833560935218,2.9228000000000002e-05,1.0,34214.0,0.00013655795604629504,0.0,0.0,11406.0,0.0,0.0,0.0,89603.0,0.0003993269061952512
1.0,14.0,0.0,7697.0,0.0,0.0005687469170568804,0.000324219,3.0,9253.0,0.0005772776136561131,5.8456000000000004e-05,2.0,34214.0,0.00010531717362777703,0.0,0.0,11406.0,0.0,0.0,0.0,89603.0,0.00023959614371715072
1.0,15.0,0.0,7697.0,0.0,0.0003412481502341282,0.0,0.0,9253.0,0.0003463665681936678,2.9228000000000002e-05,1.0,34214.0,7.488150417666621e-05,0.0,0.0,11406.0,0.0,0.0,0.0,89603.0,0.00014375768623029042
1.0,16.0,0.0,7697.0,0.0,0.0002047488901404769,0.0,0.0,9253.0,0.00020781994091620068,0.0,0.0,34214.0,4.4928902505999724e-05,0.0,0.0,11406.0,0.0,0.0,0.0,89603.0,8.625461173817425e-05
1.0,17.0,0.0,7697.0,0.0,0.00012284933408428613,0.000216146,2.0,9253.0,0.00021115036454972042,0.0,0.0,34214.0,2.6957341503599833e-05,0.0,0.0,11406.0,0.0,0.0,0.0,89603.0,5.175276704290455e-05
1.0,18.0,0.0,7697.0,0.0,7.370960045057168e-05,0.0,0.0,9253.0,0.00012669021872983226,0.0,0.0,34214.0,1.6174404902159898e-05,0.0,0.0,11406.0,0.0,0.0,0.0,89603.0,3.105166022574273e-05
1.0,19.0,0.0,7697.0,0.0,4.4225760270343e-05,0.0,0.0,9253.0,7.601413123789935e-05,0.0,0.0,34214.0,9.704642941295939e-06,0.0,0.0,11406.0,0.0,0.0,0.0,89603.0,1.8630996135445634e-05
1.0,20.0,0.0,7697.0,0.0,2.65354561622058e-05,0.0,0.0,9253.0,4.560847874273961e-05,0.0,0.0,34214.0,5.8227857647775635e-06,0.0,0.0,11406.0,0.0,0.0,0.0,89603.0,1.117859768126738e-05
1.0,21.0,0.0,7697.0,0.0,1.5921273697323478e-05,0.0,0.0,9253.0,2.7365087245643767e-05,0.0,0.0,34214.0,3.493671458866538e-06,0.0,0.0,11406.0,0.0,0.0,0.0,89603.0,6.707158608760428e-06
1.0,22.0,0.0,7697.0,0.0,9.552764218394087e-06,0.0,0.0,9253.0,1.641905234738626e-05,0.0,0.0,34214.0,2.096202875319923e-06,0.0,0.0,11406.0,0.0,0.0,0.0,89603.0,4.024295165256256e-06
1.0,23.0,0.0,7697.0,0.0,5.731658531036452e-06,0.0,0.0,9253.0,9.851431408431755e-06,0.0,0.0,34214.0,1.2577217251919537e-06,0.0,0.0,11406.0,0.0,0.0,0.0,89603.0,2.4145770991537536e-06
1.0,24.0,0.0,7697.0,0.0,3.438995118621871e-06,0.000108073,1.0,9253.0,4.9140058845059055e-05,0.0,0.0,34214.0,7.546330351151723e-07,0.0,0.0,11406.0,0.0,0.0,0.0,89603.0,1.4487462594922521e-06
1.0,25.0,0.0,7697.0,0.0,2.0633970711731226e-06,0.0,0.0,9253.0,2.948403530703543e-05,0.0,0.0,34214.0,4.527798210691033e-07,0.0,0.0,11406.0,0.0,0.0,0.0,89603.0,8.692477556953513e-07
1.0,26.0,0.0,7697.0,0.0,1.2380382427038734e-06,0.0,0.0,9253.0,1.7690421184221257e-05,0.0,0.0,34214.0,2.71667892641462e-07,0.0,0.0,11406.0,0.0,0.0,0.0,89603.0,5.215486534172107e-07
1.0,27.0,0.0,7697.0,0.0,7.42822945622324e-07,0.0,0.0,9253.0,1.0614252710532754e-05,0.0,0.0,34214.0,1.6300073558487719e-07,0.0,0.0,11406.0,0.0,0.0,0.0,89603.0,3.1292919205032643e-07
1.0,28.0,0.0,7697.0,0.0,4.456937673733944e-07,0.0,0.0,9253.0,6.368551626319652e-06,0.0,0.0,34214.0,9.78004413509263e-08,0.0,0.0,11406.0,0.0,0.0,0.0,89603.0,1.8775751523019586e-07
1.0,29.0,0.0,7697.0,0.0,2.6741626042403664e-07,0.0,0.0,9253.0,3.821130975791791e-06,0.0,0.0,34214.0,5.868026481055578e-08,0.0,0.0,11406.0,0.0,0.0,0.0,89603.0,1.1265450913811751e-07
1.0,30.0,0.0,7697.0,0.0,1.60449756254422e-07,0.0,0.0,9253.0,2.2926785854750747e-06,0.0,0.0,34214.0,3.520815888633347e-08,0.0,0.0,11406.0,0.0,0.0,0.0,89603.0,6.759270548287051e-08
1.0,31.0,0.000129921,7697.0,1.0,5.2064669853752654e-05,0.0,0.0,9253.0,1.3756071512850448e-06,0.0,0.0,34214.0,2.112489533180008e-08,0.0,0.0,11406.0,0.0,0.0,0.0,89603.0,4.0555623289722304e-08
1.0,32.0,0.0,7697.0,0.0,3.123880191225159e-05,0.0,0.0,9253.0,8.253642907710269e-07,0.0,0.0,34214.0,1.2674937199080047e-08,0.0,0.0,11406.0,0.0,0.0,0.0,89603.0,2.4333373973833382e-08
1.0,33.0,0.0,7697.0,0.0,1.8743281147350955e-05,0.0,0.0,9253.0,4.952185744626161e-07,0.0,0.0,34214.0,7.604962319448028e-09,0.0,0.0,11406.0,0.0,4.4641e-05,4.0,89603.0,1.7871000024384302e-05
1.0,34.0,0.0,7697.0,0.0,1.1245968688410572e-05,0.0,0.0,9253.0,2.9713114467756964e-07,0.0,0.0,34214.0,4.562977391668817e-09,0.0,0.0,11406.0,0.0,0.0,0.0,89603.0,1.0722600014630581e-05
1.0,35.0,0.0,7697.0,0.0,6.747581213046344e-06,0.0,0.0,9253.0,1.7827868680654178e-07,0.0,0.0,34214.0,2.73778643500129e-09,0.0,0.0,11406.0,0.0,0.0,0.0,89603.0,6.433560008778348e-06
1.0,36.0,0.0,7697.0,0.0,4.048548727827806e-06,0.0,0.0,9253.0,1.0696721208392507e-07,0.0,0.0,34214.0,1.6426718610007739e-09,0.0,0.0,11406.0,0.0,0.0,0.0,89603.0,3.860136005267009e-06
1.0,37.0,0.0,7697.0,0.0,2.4291292366966833e-06,0.0,0.0,9253.0,6.418032725035503e-08,0.0,0.0,34214.0,9.856031166004643e-10,0.0,0.0,11406.0,0.0,0.0,0.0,89603.0,2.3160816031602053e-06
1.0,38.0,0.0,7697.0,0.0,1.45747754201801e-06,0.0,0.0,9253.0,3.850819635021302e-08,0.0,0.0,34214.0,5.913618699602785e-10,0.0,0.0,11406.0,0.0,0.0,0.0,89603.0,1.3896489618961232e-06
1.0,39.0,0.0,7697.0,0.0,8.744865252108059e-07,0.0,0.0,9253.0,2.310491781012781e-08,0.0,0.0,34214.0,3.548171219761671e-10,0.0,0.0,11406.0,0.0,0.0,0.0,89603.0,8.33789377137674e-07
1.0,40.0,0.0,7697.0,0.0,5.246919151264835e-07,0.0,0.0,9253.0,1.3862950686076685e-08,0.0,0.0,34214.0,2.1289027318570026e-10,0.0,0.0,11406.0,0.0,0.0,0.0,89603.0,5.002736262826043e-07
1.0,41.0,0.0,7697.0,0.0,3.148151490758901e-07,0.0,0.0,9253.0,8.31777041164601e-09,0.0,0.0,34214.0,1.2773416391142016e-10,0.0,0.0,11406.0,0.0,0.0,0.0,89603.0,3.001641757695626e-07
1.0,42.0,0.0,7697.0,0.0,1.8888908944553406e-07,0.0,0.0,9253.0,4.990662246987606e-09,0.0,0.0,34214.0,7.664049834685209e-11,0.0,0.0,11406.0,0.0,0.0,0.0,89603.0,1.8009850546173755e-07
1.0,43.0,0.0,7697.0,0.0,1.1333345366732043e-07,0.0,0.0,9253.0,2.994397348192563e-09,0.0,0.0,34214.0,4.5984299008111255e-11,0.0,0.0,11406.0,0.0,0.0,0.0,89603.0,1.0805910327704253e-07
1.0,44.0,0.0,7697.0,0.0,6.800007220039226e-08,0.0,0.0,9253.0,1.7966384089155377e-09,0.0,0.0,34214.0,2.7590579404866753e-11,0.0,0.0,11406.0,0.0,0.0,0.0,89603.0,6.483546196622551e-08
1.0,45.0,0.0,7697.0,0.0,4.080004332023535e-08,0.0,0.0,9253.0,1.0779830453493226e-09,0.0,0.0,34214.0,1.6554347642920052e-11,0.0,0.0,11406.0,0.0,0.0,0.0,89603.0,3.89012771797353e-08
1.0,46.0,0.0,7697.0,0.0,2.4480025992141208e-08,0.0,0.0,9253.0,6.467898272095935e-10,0.0,0.0,34214.0,9.93260858575203e-12,0.0,0.0,11406.0,0.0,0.0,0.0,89603.0,2.334076630784118e-08
1.0,47.0,0.0,7697.0,0.0,1.4688015595284724e-08,0.0,0.0,9253.0,3.880738963257561e-10,0.0,0.0,34214.0,5.959565151451218e-12,0.0,0.0,11406.0,0.0,0.0,0.0,89603.0,1.4004459784704708e-08
1.0,48.0,0.0,7697.0,0.0,8.812809357170834e-09,0.0,0.0,9253.0,2.3284433779545364e-10,0.0,0.0,34214.0,3.5757390908707304e-12,0.0,0.0,11406.0,0.0,0.0,0.0,89603.0,8.402675870822824e-09
1.0,49.0,0.0,7697.0,0.0,5.2876856143025e-09,0.0,0.0,9253.0,1.3970660267727219e-10,0.0,0.0,34214.0,2.145443454522438e-12,0.0,0.0,11406.0,0.0,0.0,0.0,89603.0,5.041605522493694e-09
1.0,50.0,0.0,7697.0,0.0,3.1726113685815e-09,0.0,0.0,9253.0,8.382396160636331e-11,0.0,0.0,34214.0,1.2872660727134627e-12,0.0,0.0,11406.0,0.0,0.0,0.0,89603.0,3.0249633134962165e-09
1.0,51.0,0.0,7697.0,0.0,1.9035668211489e-09,0.0,0.0,9253.0,5.0294376963817984e-11,0.0,0.0,34214.0,7.723596436280776e-13,0.0,0.0,11406.0,0.0,0.0,0.0,89603.0,1.8149779880977299e-09
1.0,52.0,0.0,7697.0,0.0,1.1421400926893399e-09,0.0,0.0,9253.0,3.017662617829079e-11,0.0,0.0,34214.0,4.634157861768466e-13,0.0,0.0,11406.0,0.0,0.0,0.0,89603.0,1.088986792858638e-09
1.0,53.0,0.0,7697.0,0.0,6.852840556136039e-10,0.0,0.0,9253.0,1.8105975706974473e-11,0.0,0.0,34214.0,2.7804947170610794e-13,0.0,0.0,11406.0,0.0,0.0,0.0,89603.0,6.533920757151827e-10
2.0,1.0,0.0,7643.0,0.0,4.1117043336816235e-10,0.0,0.0,9253.0,1.0863585424184684e-11,0.0,0.0,34214.0,1.6682968302366476e-13,0.0,0.0,11406.0,0.0,0.0,0.0,89603.0,3.9203524542910965e-10
2.0,2.0,0.0,7643.0,0.0,2.467022600208974e-10,0.0,0.0,9205.0,6.51815125451081e-12,0.0,0.0,34374.0,1.0009780981419886e-13,0.0,0.0,11371.0,0.0,0.0,0.0,91295.0,2.3522114725746577e-10
2.0,3.0,0.0,7643.0,0.0,1.4802135601253843e-10,0.0,0.0,9205.0,3.910890752706486e-12,0.0,0.0,34374.0,6.005868588851931e-14,0.0,0.0,11371.0,0.0,0.0,0.0,91295.0,1.4113268835447945e-10
2.0,4.0,0.0,7643.0,0.0,8.881281360752306e-11,0.0,0.0,9205.0,2.3465344516238915e-12,0.0,0.0,34374.0,3.603521153311158e-14,0.0,0.0,11371.0,0.0,0.0,0.0,91295.0,8.467961301268766e-11
2.0,5.0,0.0,7643.0,0.0,5.3287688164513836e-11,0.0,0.0,9205.0,1.4079206709743348e-12,0.0,0.0,34374.0,2.162112691986695e-14,0.0,0.0,11371.0,0.0,0.0,0.0,91295.0,5.0807767807612596e-11
2.0,6.0,0.0,7643.0,0.0,3.19726128987083e-11,0.0,0.0,9205.0,8.447524025846008e-13,0.0,0.0,34374.0,1.297267615192017e-14,0.0,0.0,11371.0,0.0,0.0,0.0,91295.0,3.0484660684567556e-11
2.0,7.0,0.0,7643.0,0.0,1.918356773922498e-11,0.0,0.0,9205.0,5.068514415507604e-13,0.0,0.0,34374.0,7.783605691152102e-15,0.0,0.0,11371.0,0.0,0.0,0.0,91295.0,1.8290796410740533e-11
2.0,8.0,0.0,7643.0,0.0,1.1510140643534987e-11,0.0,0.0,9205.0,3.0411086493045626e-13,0.0,0.0,34374.0,4.670163414691261e-15,0.0,0.0,11371.0,0.0,0.0,0.0,91295.0,1.0974477846444319e-11
2.0,9.0,0.0,7643.0,0.0,6.906084386120992e-12,0.0,0.0,9205.0,1.8246651895827376e-13,0.0,0.0,34374.0,2.8020980488147565e-15,0.0,0.0,11371.0,0.0,1.0954e-05,1.0,91295.0,4.381606584686708e-06
2.0,10.0,0.0,7643.0,0.0,4.143650631672595e-12,0.0,0.0,9205.0,1.0947991137496424e-13,0.0,0.0,34374.0,1.6812588292888538e-15,0.0,0.0,11371.0,0.0,0.0,0.0,91295.0,2.6289639508120247e-06
2.0,11.0,0.0,7643.0,0.0,2.4861903790035567e-12,0.0,0.0,9205.0,6.568794682497854e-14,0.0,0.0,34374.0,1.0087552975733123e-15,0.0,0.0,11371.0,0.0,1.0954e-05,1.0,91295.0,5.958978370487215e-06
2.0,12.0,0.0,7643.0,0.0,1.491714227402134e-12,0.0,0.0,9205.0,3.9412768094987126e-14,0.0,0.0,34374.0,6.052531785439873e-16,0.0,0.0,11371.0,0.0,1.0954e-05,1.0,91295.0,7.95698702229233e-06
2.0,13.0,0.0,7643.0,0.0,8.950285364412803e-13,0.0,0.0,9205.0,2.3647660856992276e-14,0.0,0.0,34374.0,3.631519071263924e-16,0.0,0.0,11371.0,0.0,0.0,0.0,91295.0,4.774192213375398e-06
2.0,14.0,0.0,7643.0,0.0,5.370171218647682e-13,0.0,0.0,9205.0,1.4188596514195365e-14,0.0,0.0,34374.0,2.1789114427583544e-16,0.0,0.0,11371.0,0.0,1.0954e-05,1.0,91295.0,7.2461153280252395e-06
2.0,15.0,0.0,7643.0,0.0,3.2221027311886093e-13,0.0,0.0,9205.0,8.513157908517218e-15,0.0,0.0,34374.0,1.3073468656550127e-16,0.0,0.0,11371.0,0.0,2.1907e-05,2.0,91295.0,1.3110469196815144e-05
2.0,16.0,0.0,7643.0,0.0,1.9332616387131655e-13,0.0,0.0,9205.0,5.107894745110331e-15,5.8184e-05,2.0,34374.0,2.3273600000078442e-05,0.0,0.0,11371.0,0.0,3.2860999999999996e-05,3.0,91295.0,2.1010681518089085e-05
2.0,17.0,0.0,7643.0,0.0,1.1599569832278993e-13,0.0,0.0,9205.0,3.0647368470661986e-15,0.0,0.0,34374.0,1.3964160000047064e-05,0.0,0.0,11371.0,0.0,3.2860999999999996e-05,3.0,91295.0,2.575080891085345e-05
2.0,18.0,0.0,7643.0,0.0,6.959741899367396e-14,0.0,0.0,9205.0,1.838842108239719e-15,0.0,0.0,34374.0,8.378496000028239e-06,0.0,0.0,11371.0,0.0,0.000602443,55.0,91295.0,0.0002564276853465121
2.0,19.0,0.0,7643.0,0.0,4.175845139620437e-14,0.0,0.0,9205.0,1.1033052649438314e-15,0.0,0.0,34374.0,5.027097600016943e-06,0.0,0.0,11371.0,0.0,0.000525768,48.0,91295.0,0.0003641638112079073
2.0,20.0,0.0,7643.0,0.0,2.5055070837722622e-14,0.0,0.0,9205.0,6.619831589662988e-16,0.0,0.0,34374.0,3.0162585600101655e-06,0.0,0.0,11371.0,0.0,1.0954e-05,1.0,91295.0,0.00022287988672474438
2.0,21.0,0.0,7643.0,0.0,1.5033042502633572e-14,0.0,0.0,9205.0,3.971898953797793e-16,0.0,0.0,34374.0,1.8097551360060992e-06,0.0,0.0,11371.0,0.0,0.00043814,40.0,91295.0,0.00030898393203484663
2.0,22.0,0.000130839,7643.0,1.0,5.2335600009019824e-05,0.0,0.0,9205.0,2.383139372278676e-16,2.9092e-05,1.0,34374.0,1.272265308160366e-05,0.0,0.0,11371.0,0.0,0.000383373,35.0,91295.0,0.000338739559220908
2.0,23.0,0.0,7643.0,0.0,3.1401360005411895e-05,0.0,0.0,9205.0,1.4298836233672054e-16,0.0,0.0,34374.0,7.633591848962195e-06,0.0,0.0,11371.0,0.0,0.000284791,26.0,91295.0,0.0003171601355325448
2.0,24.0,0.0,7643.0,0.0,1.8840816003247136e-05,0.00032591,3.0,9205.0,0.0001303640000000858,0.0,0.0,34374.0,4.580155109377317e-06,0.0,0.0,11371.0,0.0,0.000306698,28.0,91295.0,0.00031297528131952687
2.0,25.0,0.000130839,7643.0,1.0,6.364008960194828e-05,0.000543183,5.0,9205.0,0.0002954916000000515,0.0,0.0,34374.0,2.7480930656263903e-06,0.0,0.0,11371.0,0.0,0.000361466,33.0,91295.0,0.0003323715687917161
2.0,26.0,0.0,7643.0,0.0,3.8184053761168964e-05,0.00010863700000000001,1.0,9205.0,0.00022074976000003088,0.0,0.0,34374.0,1.6488558393758342e-06,0.000615601,7.0,11371.0,0.00024624040000000003,0.000427187,39.0,91295.0,0.00037029774127502965
2.0,27.0,0.0,7643.0,0.0,2.291043225670138e-05,0.001086366,10.0,9205.0,0.0005669962560000186,0.0,0.0,34374.0,9.893135036255005e-07,0.000791487,9.0,11371.0,0.00046433904000000003,0.000361466,33.0,91295.0,0.00036676504476501777
2.0,28.0,0.0,7643.0,0.0,1.3746259354020827e-05,0.003476372,32.0,9205.0,0.0017307465536000113,0.0,0.0,34374.0,5.935881021753003e-07,0.000967373,11.0,11371.0,0.000665552624,0.000284791,26.0,91295.0,0.0003339754268590107
2.0,29.0,0.0,7643.0,0.0,8.247755612412496e-06,0.000434546,4.0,9205.0,0.0012122663321600068,0.0,0.0,34374.0,3.5615286130518017e-07,0.001407088,16.0,11371.0,0.0009621667744,0.000175256,16.0,91295.0,0.0002704876561154064
2.0,30.0,0.0,7643.0,0.0,4.948653367447497e-06,0.00010863700000000001,1.0,9205.0,0.0007708145992960041,0.0,0.0,34374.0,2.136917167831081e-07,0.00175886,20.0,11371.0,0.0012808440646400001,0.000142396,13.0,91295.0,0.00021925099366924383
2.0,31.0,0.0,7643.0,0.0,2.9691920204684983e-06,0.0,0.0,9205.0,0.0004624887595776024,0.0,0.0,34374.0,1.2821503006986486e-07,0.0,0.0,11371.0,0.0007685064387840001,7.6675e-05,7.0,91295.0,0.0001622205962015463
2.0,32.0,0.0,7643.0,0.0,1.7815152122810988e-06,0.0,0.0,9205.0,0.00027749325574656143,0.0,0.0,34374.0,7.69290180419189e-08,0.0,0.0,11371.0,0.0004611038632704,4.3814e-05,4.0,91295.0,0.00011485795772092779
2.0,33.0,0.0,7643.0,0.0,1.0689091273686592e-06,0.0,0.0,9205.0,0.00016649595344793685,0.0,0.0,34374.0,4.615741082515134e-08,0.0,0.0,11371.0,0.00027666231796224,1.0954e-05,1.0,91295.0,7.329637463255668e-05
2.0,34.0,0.0,7643.0,0.0,6.413454764211955e-07,0.0,0.0,9205.0,9.989757206876211e-05,0.0,0.0,34374.0,2.7694446495090804e-08,0.0,0.0,11371.0,0.00016599739077734397,0.0,0.0,91295.0,4.3977824779534006e-05
2.0,35.0,0.0,7643.0,0.0,3.848072858527173e-07,0.0,0.0,9205.0,5.9938543241257264e-05,0.0,0.0,34374.0,1.661666789705448e-08,0.0,0.0,11371.0,9.959843446640638e-05,0.0,0.0,91295.0,2.6386694867720402e-05
2.0,36.0,0.0,7643.0,0.0,2.3088437151163036e-07,0.0,0.0,9205.0,3.5963125944754355e-05,0.0,0.0,34374.0,9.970000738232688e-09,0.0,0.0,11371.0,5.975906067984382e-05,0.0,0.0,91295.0,1.583201692063224e-05
2.0,37.0,0.0,7643.0,0.0,1.385306229069782e-07,0.0,0.0,9205.0,2.1577875566852613e-05,0.0,0.0,34374.0,5.982000442939613e-09,0.0,0.0,11371.0,3.5855436407906294e-05,0.0,0.0,91295.0,9.499210152379345e-06
2.0,38.0,0.0,7643.0,0.0,8.311837374418691e-08,0.0,0.0,9205.0,1.2946725340111568e-05,0.0,0.0,34374.0,3.5892002657637675e-09,0.0,0.0,11371.0,2.1513261844743776e-05,0.0,0.0,91295.0,5.699526091427607e-06
2.0,39.0,0.0,7643.0,0.0,4.987102424651215e-08,0.0,0.0,9205.0,7.76803520406694e-06,0.0,0.0,34374.0,2.1535201594582605e-09,0.0,0.0,11371.0,1.2907957106846265e-05,0.0,0.0,91295.0,3.419715654856564e-06
2.0,40.0,0.0,7643.0,0.0,2.992261454790729e-08,0.0,0.0,9205.0,4.660821122440164e-06,0.0,0.0,34374.0,1.2921120956749563e-09,0.0,0.0,11371.0,7.74477426410776e-06,0.0,0.0,91295.0,2.0518293929139383e-06
2.0,41.0,0.0,7643.0,0.0,1.7953568728744374e-08,0.0,0.0,9205.0,2.796492673464098e-06,0.0,0.0,34374.0,7.752672574049738e-10,0.0,0.0,11371.0,4.646864558464655e-06,0.0,0.0,91295.0,1.2310976357483629e-06
2.0,42.0,0.0,7643.0,0.0,1.0772141237246624e-08,0.0,0.0,9205.0,1.6778956040784588e-06,0.0,0.0,34374.0,4.6516035444298423e-10,0.0,0.0,11371.0,2.788118735078793e-06,0.0,0.0,91295.0,7.386585814490177e-07
2.0,43.0,0.0,7643.0,0.0,6.463284742347974e-09,0.0,0.0,9205.0,1.0067373624470753e-06,0.0,0.0,34374.0,2.7909621266579055e-10,0.0,0.0,11371.0,1.6728712410472757e-06,0.0,0.0,91295.0,4.431951488694106e-07
2.0,44.0,0.0,7643.0,0.0,3.877970845408784e-09,0.0,0.0,9205.0,6.040424174682451e-07,0.0,0.0,34374.0,1.6745772759947433e-10,0.0,0.0,11371.0,1.0037227446283654e-06,0.0,0.0,91295.0,2.659170893216463e-07
2.0,45.0,0.0,7643.0,0.0,2.3267825072452705e-09,0.0,0.0,9205.0,3.6242545048094706e-07,0.0,0.0,34374.0,1.004746365596846e-10,0.0,0.0,11371.0,6.022336467770192e-07,0.0,0.0,91295.0,1.595502535929878e-07
2.0,46.0,0.0,7643.0,0.0,1.3960695043471623e-09,0.0,0.0,9205.0,2.1745527028856823e-07,0.0,0.0,34374.0,6.028478193581075e-11,0.0,0.0,11371.0,3.6134018806621153e-07,0.0,0.0,91295.0,9.573015215579267e-08
2.0,47.0,0.0,7643.0,0.0,8.376417026082974e-10,0.0,0.0,9205.0,1.3047316217314093e-07,0.0,0.0,34374.0,3.617086916148645e-11,0.0,0.0,11371.0,2.1680411283972691e-07,0.0,0.0,91295.0,5.74380912934756e-08
2.0,48.0,0.0,7643.0,0.0,5.025850215649784e-10,0.0,0.0,9205.0,7.828389730388456e-08,0.0,0.0,34374.0,2.170252149689187e-11,0.0,0.0,11371.0,1.3008246770383614e-07,0.0,0.0,91295.0,3.446285477608536e-08
2.0,49.0,0.0,7643.0,0.0,3.0155101293898705e-10,0.0,0.0,9205.0,4.697033838233073e-08,0.0,0.0,34374.0,1.3021512898135121e-11,0.0,0.0,11371.0,7.804948062230168e-08,0.0,0.0,91295.0,2.0677712865651214e-08
2.0,50.0,0.0,7643.0,0.0,1.8093060776339223e-10,0.0,0.0,9205.0,2.8182203029398438e-08,0.0,0.0,34374.0,7.812907738881072e-12,0.0,0.0,11371.0,4.6829688373381007e-08,0.0,0.0,91295.0,1.2406627719390729e-08
2.0,51.0,0.0,7643.0,0.0,1.0855836465803533e-10,0.0,0.0,9205.0,1.6909321817639063e-08,0.0,0.0,34374.0,4.687744643328643e-12,0.0,0.0,11371.0,2.8097813024028602e-08,0.0,0.0,91295.0,7.443976631634437e-09
2.0,52.0,0.0,7643.0,0.0,6.513501879482119e-11,0.0,0.0,9205.0,1.0145593090583438e-08,0.0,0.0,34374.0,2.8126467859971856e-12,0.0,0.0,11371.0,1.685868781441716e-08,0.0,0.0,91295.0,4.466385978980662e-09
3.0,1.0,0.0,7664.0,0.0,3.908101127689271e-11,0.0,0.0,9205.0,6.087355854350063e-09,0.0,0.0,34374.0,1.6875880715983112e-12,0.0,0.0,11371.0,1.0115212688650296e-08,0.0,0.0,91295.0,2.6798315873883973e-09
3.0,2.0,0.0,7664.0,0.0,2.3448606766135627e-11,0.0,0.0,9356.0,3.6524135126100377e-09,0.0,0.0,34451.0,1.0125528429589867e-12,0.0,0.0,11317.0,6.069127613190177e-09,0.0,0.0,92506.0,1.6078989524330383e-09
3.0,3.0,0.0,7664.0,0.0,1.4069164059681375e-11,0.0,0.0,9356.0,2.1914481075660227e-09,0.0,0.0,34451.0,6.07531705775392e-13,0.0,0.0,11317.0,3.641476567914106e-09,0.0,0.0,92506.0,9.64739371459823e-10
3.0,4.0,0.0,7664.0,0.0,8.441498435808824e-12,0.0,0.0,9356.0,1.3148688645396136e-09,0.0,0.0,34451.0,3.645190234652352e-13,0.0,0.0,11317.0,2.1848859407484636e-09,0.0,0.0,92506.0,5.788436228758938e-10
3.0,5.0,0.0,7664.0,0.0,5.064899061485294e-12,0.0,0.0,9356.0,7.889213187237681e-10,0.0,0.0,34451.0,2.187114140791411e-13,0.0,0.0,11317.0,1.310931564449078e-09,0.0,0.0,92506.0,3.473061737255363e-10
3.0,6.0,0.0,7664.0,0.0,3.0389394368911765e-12,0.0,0.0,9356.0,4.733527912342608e-10,0.0,0.0,34451.0,1.3122684844748464e-13,0.0,0.0,11317.0,7.865589386694469e-10,0.0,0.0,92506.0,2.0838370423532177e-10
3.0,7.0,0.0,7664.0,0.0,1.8233636621347058e-12,0.0,0.0,9356.0,2.840116747405565e-10,0.0,0.0,34451.0,7.873610906849079e-14,0.0,0.0,11317.0,4.71935363201668e-10,0.0,0.0,92506.0,1.2503022254119307e-10
3.0,8.0,0.0,7664.0,0.0,1.0940181972808235e-12,0.0,0.0,9356.0,1.704070048443339e-10,0.0,0.0,34451.0,4.724166544109447e-14,0.0,0.0,11317.0,2.8316121792100084e-10,0.0,0.0,92506.0,7.501813352471584e-11
3.0,9.0,0.0,7664.0,0.0,6.564109183684941e-13,0.0,0.0,9356.0,1.0224420290660034e-10,0.0,0.0,34451.0,2.8344999264656682e-14,0.0,0.0,11317.0,1.698967307526005e-10,0.0,0.0,92506.0,4.50108801148295e-11
3.0,10.0,0.0,7664.0,0.0,3.9384655102109647e-13,0.0,0.0,9356.0,6.13465217439602e-11,0.0,0.0,34451.0,1.7006999558794007e-14,0.0,0.0,11317.0,1.0193803845156029e-10,0.0,0.0,92506.0,2.70065280688977e-11
3.0,11.0,0.0,7664.0,0.0,2.363079306126579e-13,0.0,0.0,9356.0,3.680791304637612e-11,0.0,0.0,34451.0,1.0204199735276405e-14,0.0,0.0,11317.0,6.116282307093617e-11,0.0,0.0,92506.0,1.6203916841338618e-11
3.0,12.0,0.0,7664.0,0.0,1.4178475836759473e-13,0.0,0.0,9356.0,2.208474782782567e-11,0.0,0.0,34451.0,6.1225198411658425e-15,0.0,0.0,11317.0,3.66976938425617e-11,0.0,0.0,92506.0,9.72235010480317e-12
3.0,13.0,0.0,7664.0,0.0,8.507085502055683e-14,0.0,0.0,9356.0,1.3250848696695402e-11,0.0,0.0,34451.0,3.673511904699505e-15,0.0,0.0,11317.0,2.201861630553702e-11,0.0,0.0,92506.0,5.8334100628819025e-12
3.0,14.0,0.0,7664.0,0.0,5.10425130123341e-14,0.0,0.0,9356.0,7.950509218017242e-12,0.0,0.0,34451.0,2.204107142819703e-15,0.0,0.0,11317.0,1.321116978332221e-11,2.162e-05,2.0,92506.0,8.648003500046038e-06
3.0,15.0,0.0,7664.0,0.0,3.0625507807400455e-14,0.0,0.0,9356.0,4.770305530810345e-12,0.0,0.0,34451.0,1.322464285691822e-15,0.0,0.0,11317.0,7.926701869993327e-12,0.0,0.0,92506.0,5.188802100027623e-06
3.0,16.0,0.0,7664.0,0.0,1.8375304684440273e-14,0.0,0.0,9356.0,2.862183318486207e-12,0.0,0.0,34451.0,7.934785714150932e-16,0.0,0.0,11317.0,4.7560211219959955e-12,0.0,0.0,92506.0,3.113281260016574e-06
3.0,17.0,0.0,7664.0,0.0,1.1025182810664163e-14,0.0,0.0,9356.0,1.7173099910917241e-12,0.0,0.0,34451.0,4.760871428490559e-16,0.0,0.0,11317.0,2.853612673197597e-12,0.0,0.0,92506.0,1.8679687560099443e-06
3.0,18.0,0.0,7664.0,0.0,6.615109686398498e-15,0.0,0.0,9356.0,1.0303859946550345e-12,0.0,0.0,34451.0,2.856522857094335e-16,0.0,0.0,11317.0,1.7121676039185583e-12,0.0,0.0,92506.0,1.1207812536059665e-06
3.0,19.0,0.0,7664.0,0.0,3.969065811839099e-15,0.0,0.0,9356.0,6.182315967930207e-13,0.0,0.0,34451.0,1.713913714256601e-16,0.0,0.0,11317.0,1.027300562351135e-12,0.0,0.0,92506.0,6.724687521635799e-07
3.0,20.0,0.0,7664.0,0.0,2.381439487103459e-15,0.0,0.0,9356.0,3.7093895807581237e-13,0.0,0.0,34451.0,1.0283482285539606e-16,8.8363e-05,1.0,11317.0,3.534520061638034e-05,0.0,0.0,92506.0,4.034812512981479e-07
3.0,21.0,0.0,7664.0,0.0,1.4288636922620752e-15,0.0,0.0,9356.0,2.225633748454874e-13,0.0,0.0,34451.0,6.170089371323764e-17,0.0,0.0,11317.0,2.1207120369828205e-05,1.081e-05,1.0,92506.0,4.566088750778889e-06
3.0,22.0,0.0,7664.0,0.0,8.573182153572451e-16,0.0,0.0,9356.0,1.3353802490729244e-13,2.9027e-05,1.0,34451.0,1.1610800000037021e-05,0.0,0.0,11317.0,1.2724272221896923e-05,2.162e-05,2.0,92506.0,1.1387653250467335e-05
3.0,23.0,0.0,7664.0,0.0,5.143909292143471e-16,0.00010688299999999999,1.0,9356.0,4.275320008012281e-05,0.0,0.0,34451.0,6.966480000022212e-06,0.0,0.0,11317.0,7.634563333138153e-06,1.081e-05,1.0,92506.0,1.1156591950280402e-05
3.0,24.0,0.0,7664.0,0.0,3.0863455752860825e-16,0.00010688299999999999,1.0,9356.0,6.840512004807367e-05,0.0,0.0,34451.0,4.179888000013327e-06,0.0,0.0,11317.0,4.580737999882892e-06,1.081e-05,1.0,92506.0,1.101795517016824e-05
3.0,25.0,0.0,7664.0,0.0,1.8518073451716494e-16,0.00021376700000000002,2.0,9356.0,0.0001265498720288442,0.0,0.0,34451.0,2.507932800007996e-06,0.0,0.0,11317.0,2.748442799929735e-06,1.081e-05,1.0,92506.0,1.0934773102100943e-05
3.0,26.0,0.0,7664.0,0.0,1.1110844071029897e-16,0.00032065,3.0,9356.0,0.00020418992321730655,0.0,0.0,34451.0,1.5047596800047976e-06,0.0,0.0,11317.0,1.6490656799578409e-06,5.4051e-05,5.0,92506.0,2.8181263861260566e-05
3.0,27.0,0.0,7664.0,0.0,6.666506442617938e-17,0.00010688299999999999,1.0,9356.0,0.0001652671539303839,0.0,0.0,34451.0,9.028558080028785e-07,0.0,0.0,11317.0,9.894394079747044e-07,5.4051e-05,5.0,92506.0,3.8529158316756335e-05
3.0,28.0,0.0,7664.0,0.0,3.9999038655707626e-17,0.0,0.0,9356.0,9.916029235823034e-05,0.0,0.0,34451.0,5.417134848017271e-07,0.0,0.0,11317.0,5.936636447848227e-07,2.162e-05,2.0,92506.0,3.17654949900538e-05
3.0,29.0,0.0,7664.0,0.0,2.3999423193424575e-17,0.0,0.0,9356.0,5.94961754149382e-05,0.0,0.0,34451.0,3.2502809088103624e-07,0.0,0.0,11317.0,3.561981868708936e-07,2.162e-05,2.0,92506.0,2.7707296994032277e-05
3.0,30.0,0.0,7664.0,0.0,1.4399653916054744e-17,0.0,0.0,9356.0,3.5697705248962915e-05,0.0,0.0,34451.0,1.9501685452862173e-07,0.0,0.0,11317.0,2.1371891212253616e-07,7.5671e-05,7.0,92506.0,4.689277819641937e-05
3.0,31.0,0.0,7664.0,0.0,8.639792349632846e-18,0.000748183,7.0,9356.0,0.00032069182314937777,0.0,0.0,34451.0,1.1701011271717303e-07,0.0,0.0,11317.0,1.282313472735217e-07,7.5671e-05,7.0,92506.0,5.840406691785162e-05
3.0,32.0,0.0,7664.0,0.0,5.183875409779707e-18,0.00096195,9.0,9356.0,0.0005771950938896267,0.0,0.0,34451.0,7.020606763030381e-08,0.0,0.0,11317.0,7.693880836411302e-08,7.5671e-05,7.0,92506.0,6.531084015071097e-05
3.0,33.0,0.0,7664.0,0.0,3.1103252458678244e-18,0.00010688299999999999,1.0,9356.0,0.000389070256333776,0.0,0.0,34451.0,4.2123640578182286e-08,0.0,0.0,11317.0,4.6163285018467816e-08,0.00012972100000000001,12.0,92506.0,9.107490409042659e-05
3.0,34.0,0.0,7664.0,0.0,1.8661951475206946e-18,0.00032065,3.0,9356.0,0.0003617021538002656,0.0,0.0,34451.0,2.5274184346909372e-08,0.0,0.0,11317.0,2.7697971011080688e-08,6.4861e-05,6.0,92506.0,8.058934245425595e-05
3.0,35.0,0.0,7664.0,0.0,1.1197170885124167e-18,0.00010688299999999999,1.0,9356.0,0.00025977449228015934,0.0,0.0,34451.0,1.516451060814562e-08,0.0,0.0,11317.0,1.6618782606648413e-08,0.0,0.0,92506.0,4.835360547255357e-05
3.0,36.0,0.0,7664.0,0.0,6.7183025310745e-19,0.00010688299999999999,1.0,9356.0,0.00019861789536809558,0.0,0.0,34451.0,9.098706364887372e-09,0.0,0.0,11317.0,9.971269563989048e-09,0.0,0.0,92506.0,2.9012163283532138e-05
3.0,37.0,0.0,7664.0,0.0,4.0309815186447e-19,0.00010688299999999999,1.0,9356.0,0.00016192393722085733,0.0,0.0,34451.0,5.4592238189324235e-09,0.0,0.0,11317.0,5.982761738393428e-09,0.0,0.0,92506.0,1.7407297970119283e-05
3.0,38.0,0.0,7664.0,0.0,2.41858891118682e-19,0.00010688299999999999,1.0,9356.0,0.0001399075623325144,0.0,0.0,34451.0,3.275534291359454e-09,0.0,0.0,11317.0,3.5896570430360567e-09,0.0,0.0,92506.0,1.0444378782071569e-05
3.0,39.0,0.0,7664.0,0.0,1.451153346712092e-19,0.00021376700000000002,2.0,9356.0,0.00016945133739950866,0.0,0.0,34451.0,1.9653205748156725e-09,0.0,0.0,11317.0,2.153794225821634e-09,0.0,0.0,92506.0,6.266627269242941e-06
3.0,40.0,0.0,7664.0,0.0,8.706920080272551e-20,0.0,0.0,9356.0,0.00010167080243970519,0.0,0.0,34451.0,1.1791923448894034e-09,0.0,0.0,11317.0,1.2922765354929804e-09,0.0,0.0,92506.0,3.759976361545764e-06
3.0,41.0,0.0,7664.0,0.0,5.2241520481635304e-20,0.0,0.0,9356.0,6.100248146382311e-05,0.0,0.0,34451.0,7.075154069336421e-10,0.0,0.0,11317.0,7.753659212957883e-10,0.0,0.0,92506.0,2.2559858169274586e-06
3.0,42.0,0.0,7664.0,0.0,3.134491228898118e-20,0.0,0.0,9356.0,3.660148887829386e-05,0.0,0.0,34451.0,4.245092441601852e-10,0.0,0.0,11317.0,4.652195527774729e-10,0.0,0.0,92506.0,1.353591490156475e-06
3.0,43.0,0.0,7664.0,0.0,1.8806947373388708e-20,0.0,0.0,9356.0,2.1960893326976316e-05,0.0,0.0,34451.0,2.5470554649611113e-10,0.0,0.0,11317.0,2.7913173166648376e-10,0.0,0.0,92506.0,8.12154894093885e-07
3.0,44.0,0.0,7664.0,0.0,1.1284168424033225e-20,0.0,0.0,9356.0,1.3176535996185789e-05,0.0,0.0,34451.0,1.5282332789766667e-10,0.0,0.0,11317.0,1.6747903899989026e-10,0.0,0.0,92506.0,4.87292936456331e-07
3.0,45.0,0.0,7664.0,0.0,6.770501054419934e-21,0.0,0.0,9356.0,7.905921597711473e-06,0.0,0.0,34451.0,9.16939967386e-11,0.0,0.0,11317.0,1.0048742339993416e-10,0.0,0.0,92506.0,2.923757618737986e-07
3.0,46.0,0.0,7664.0,0.0,4.06230063265196e-21,0.0,0.0,9356.0,4.743552958626884e-06,0.0,0.0,34451.0,5.501639804316e-11,0.0,0.0,11317.0,6.029245403996049e-11,0.0,0.0,92506.0,1.7542545712427915e-07
3.0,47.0,0.0,7664.0,0.0,2.437380379591176e-21,0.0,0.0,9356.0,2.8461317751761302e-06,0.0,0.0,34451.0,3.3009838825895996e-11,0.0,0.0,11317.0,3.617547242397629e-11,0.0,0.0,92506.0,1.0525527427456749e-07
3.0,48.0,0.0,7664.0,0.0,1.4624282277547056e-21,0.0,0.0,9356.0,1.707679065105678e-06,0.0,0.0,34451.0,1.9805903295537597e-11,0.0,0.0,11317.0,2.1705283454385774e-11,0.0,0.0,92506.0,6.315316456474049e-08
3.0,49.0,0.0,7664.0,0.0,8.774569366528233e-22,0.0,0.0,9356.0,1.0246074390634069e-06,0.0,0.0,34451.0,1.1883541977322559e-11,0.0,0.0,11317.0,1.3023170072631465e-11,0.0,0.0,92506.0,3.789189873884429e-08
3.0,50.0,0.0,7664.0,0.0,5.26474161991694e-22,0.0,0.0,9356.0,6.147644634380441e-07,0.0,0.0,34451.0,7.130125186393535e-12,0.0,0.0,11317.0,7.813902043578878e-12,0.0,0.0,92506.0,2.273513924330657e-08
3.0,51.0,0.0,7664.0,0.0,3.158844971950164e-22,0.0,0.0,9356.0,3.6885867806282645e-07,0.0,0.0,34451.0,4.278075111836121e-12,0.0,0.0,11317.0,4.688341226147327e-12,0.0,0.0,92506.0,1.3641083545983941e-08
3.0,52.0,0.0,7664.0,0.0,1.8953069831700983e-22,0.0,0.0,9356.0,2.2131520683769586e-07,0.0,0.0,34451.0,2.5668450671016725e-12,0.0,0.0,11317.0,2.8130047356883962e-12,0.0,0.0,92506.0,8.184650127590364e-09
4.0,1.0,0.0,7665.0,0.0,1.1371841899020589e-22,0.0,0.0,9356.0,1.3278912410261752e-07,0.0,0.0,34451.0,1.5401070402610034e-12,0.0,0.0,11317.0,1.6878028414130376e-12,0.0,0.0,92506.0,4.910790076554218e-09
4.0,2.0,0.0,7665.0,0.0,6.823105139412353e-23,0.0,0.0,9301.0,7.967347446157051e-08,0.0,0.0,34435.0,9.24064224156602e-13,0.0,0.0,11435.0,1.0126817048478225e-12,0.0,0.0,94421.0,2.946474045932531e-09
4.0,3.0,0.0,7665.0,0.0,4.093863083647411e-23,0.0,0.0,9301.0,4.780408467694231e-08,0.0,0.0,34435.0,5.544385344939611e-13,0.0,0.0,11435.0,6.076090229086935e-13,0.0,0.0,94421.0,1.7678844275595186e-09
4.0,4.0,0.0,7665.0,0.0,2.4563178501884468e-23,0.0,0.0,9301.0,2.8682450806165384e-08,0.0,0.0,34435.0,3.3266312069637663e-13,0.0,0.0,11435.0,3.6456541374521606e-13,0.0,0.0,94421.0,1.060730656535711e-09
4.0,5.0,0.0,7665.0,0.0,1.473790710113068e-23,0.0,0.0,9301.0,1.720947048369923e-08,0.0,0.0,34435.0,1.9959787241782598e-13,0.0,0.0,11435.0,2.1873924824712962e-13,0.0,0.0,94421.0,6.364383939214266e-10
4.0,6.0,0.0,7665.0,0.0,8.842744260678409e-24,0.0,0.0,9301.0,1.0325682290219538e-08,0.0,0.0,34435.0,1.197587234506956e-13,0.0,0.0,11435.0,1.3124354894827778e-13,0.0,0.0,94421.0,3.8186303635285595e-10
4.0,7.0,0.0,7665.0,0.0,5.305646556407045e-24,0.0,0.0,9301.0,6.195409374131722e-09,5.808e-05,2.0,34435.0,2.3232000071855235e-05,0.0,0.0,11435.0,7.874612936896667e-14,1.0590999999999999e-05,1.0,94421.0,4.2366291178218116e-06
4.0,8.0,0.0,7665.0,0.0,3.183387933844227e-24,0.0,0.0,9301.0,3.717245624479033e-09,0.0,0.0,34435.0,1.393920004311314e-05,0.0,0.0,11435.0,4.724767762138e-14,0.0,0.0,94421.0,2.541977470693087e-06
4.0,9.0,0.0,7665.0,0.0,1.910032760306536e-24,0.000107515,1.0,9301.0,4.300823034737469e-05,0.0,0.0,34435.0,8.363520025867883e-06,0.0,0.0,11435.0,2.8348606572828e-14,1.0590999999999999e-05,1.0,94421.0,5.7615864824158524e-06
4.0,10.0,0.0,7665.0,0.0,1.1460196561839216e-24,0.000215031,2.0,9301.0,0.00011181733820842481,0.0,0.0,34435.0,5.01811201552073e-06,0.0,0.0,11435.0,1.7009163943696798e-14,0.0,0.0,94421.0,3.4569518894495115e-06
4.0,11.0,0.0,7665.0,0.0,6.8761179371035295e-25,0.0,0.0,9301.0,6.709040292505489e-05,0.0,0.0,34435.0,3.010867209312438e-06,0.0,0.0,11435.0,1.0205498366218079e-14,0.0,0.0,94421.0,2.074171133669707e-06
4.0,12.0,0.0,7665.0,0.0,4.1256707622621176e-25,0.0,0.0,9301.0,4.0254241755032935e-05,0.0,0.0,34435.0,1.8065203255874628e-06,0.0,0.0,11435.0,6.123299019730847e-15,0.0,0.0,94421.0,1.2445026802018241e-06
4.0,13.0,0.0,7665.0,0.0,2.4754024573572703e-25,0.0,0.0,9301.0,2.415254505301976e-05,0.0,0.0,34435.0,1.0839121953524777e-06,0.0,0.0,11435.0,3.673979411838508e-15,1.0590999999999999e-05,1.0,94421.0,4.983101608121094e-06
4.0,14.0,0.0,7665.0,0.0,1.485241474414362e-25,0.0,0.0,9301.0,1.4491527031811854e-05,0.000464644,16.0,34435.0,0.0001865079473172115,0.0,0.0,11435.0,2.2043876471031047e-15,0.0,0.0,94421.0,2.9898609648726563e-06
4.0,15.0,0.0,7665.0,0.0,8.911448846486173e-26,0.0,0.0,9301.0,8.694916219087112e-06,0.000580804,20.0,34435.0,0.0003442263683903269,0.0,0.0,11435.0,1.3226325882618628e-15,2.1181999999999998e-05,2.0,94421.0,1.0266716578923594e-05
4.0,16.0,0.0,7665.0,0.0,5.346869307891704e-26,0.000322546,3.0,9301.0,0.00013423534973145226,0.000929287,32.0,34435.0,0.0005782506210341962,0.0,0.0,11435.0,7.935795529571176e-16,3.1773e-05,3.0,94421.0,1.886922994735416e-05
4.0,17.0,0.0005218530000000001,7665.0,4.0,0.00020874120000000004,0.000322546,3.0,9301.0,0.00020955960983887135,0.000551764,19.0,34435.0,0.0005676559726205177,0.0,0.0,11435.0,4.761477317742705e-16,0.000158863,15.0,94421.0,7.486673796841249e-05
4.0,18.0,0.000391389,7665.0,3.0,0.00028180032000000004,0.0013976989999999999,13.0,9301.0,0.0006848153659033228,0.001945695,67.0,34435.0,0.0011188715835723107,0.0,0.0,11435.0,2.856886390645623e-16,0.000180045,17.0,94421.0,0.0001169380427810475
4.0,19.0,0.000260926,7665.0,2.0,0.000273450592,0.0008601230000000001,8.0,9301.0,0.0007549384195419937,0.000348483,12.0,34435.0,0.0008107161501433864,0.000174902,2.0,11435.0,6.996080000017142e-05,0.001143813,108.0,94421.0,0.0005276880256686286
4.0,20.0,0.0005218530000000001,7665.0,4.0,0.00037281155520000003,0.000322546,3.0,9301.0,0.0005819814517251962,0.004646435,160.0,34435.0,0.0023450036900860317,0.000612156,7.0,11435.0,0.0002868388800001029,0.0009531780000000001,90.0,94421.0,0.0006978840154011773
4.0,21.0,0.000391389,7665.0,3.0,0.00038024253312,0.000430061,4.0,9301.0,0.0005212132710351177,0.0,0.0,34435.0,0.001407002214051619,0.00043725400000000004,5.0,11435.0,0.0003470049280000617,0.000995541,94.0,94421.0,0.0008169468092407064
4.0,22.0,0.0007827789999999999,7665.0,6.0,0.000541257119872,0.000322546,3.0,9301.0,0.00044174636262107067,0.0016262520000000001,56.0,34435.0,0.0014947021284309715,0.0006996060000000001,8.0,11435.0,0.0004880453568000371,0.001249722,118.0,94421.0,0.0009900568855444238
4.0,23.0,0.000260926,7665.0,2.0,0.00042912467192319993,0.000752607,7.0,9301.0,0.0005660906175726423,0.002555539,88.0,34435.0,0.0019190368770585827,8.7451e-05,1.0,11435.0,0.0003278076140800223,0.001578039,149.0,94421.0,0.0012252497313266545
4.0,24.0,0.000260926,7665.0,2.0,0.0003618452031539199,0.000107515,1.0,9301.0,0.0003826603705435854,0.0008712069999999999,30.0,34435.0,0.0014999049262351496,0.000174902,2.0,11435.0,0.0002666453684480134,3.1773e-05,3.0,94421.0,0.0007478590387959927
4.0,25.0,0.0,7665.0,0.0,0.00021710712189235195,0.000107515,1.0,9301.0,0.00027260222232615124,0.000638885,22.0,34435.0,0.0011554969557410898,8.7451e-05,1.0,11435.0,0.00019496762106880803,0.00040245300000000004,38.0,94421.0,0.0006096966232775956
4.0,26.0,0.0,7665.0,0.0,0.00013026427313541115,0.0,0.0,9301.0,0.00016356133339569075,0.000696965,24.0,34435.0,0.0009720841734446538,8.7451e-05,1.0,11435.0,0.00015196097264128482,0.000285953,27.0,94421.0,0.00048019917396655736
4.0,27.0,0.0,7665.0,0.0,7.815856388124669e-05,0.000107515,1.0,9301.0,0.00014114280003741443,0.000435603,15.0,34435.0,0.0007574917040667924,0.000174902,2.0,11435.0,0.00016113738358477088,0.000275362,26.0,94421.0,0.0003982643043799344
4.0,28.0,0.0,7665.0,0.0,4.689513832874801e-05,0.000107515,1.0,9301.0,0.00012769168002244865,0.000203282,7.0,34435.0,0.0005358078224400754,0.0,0.0,11435.0,9.668243015086253e-05,0.000317726,30.0,94421.0,0.00036604898262796066
4.0,29.0,0.0,7665.0,0.0,2.8137082997248805e-05,0.000215031,2.0,9301.0,0.0001626274080134692,0.00017424099999999997,6.0,34435.0,0.0003911810934640452,0.0,0.0,11435.0,5.800945809051751e-05,2.1181999999999998e-05,2.0,94421.0,0.00022810218957677642
4.0,30.0,0.0,7665.0,0.0,1.688224979834928e-05,0.000107515,1.0,9301.0,0.00014058244480808153,0.000203282,7.0,34435.0,0.0003160214560784271,0.0,0.0,11435.0,3.4805674854310505e-05,8.4727e-05,8.0,94421.0,0.00017075211374606582
4.0,31.0,0.0,7665.0,0.0,1.0129349879009568e-05,0.000107515,1.0,9301.0,0.00012735546688484893,0.000145201,5.0,34435.0,0.00024769327364705624,0.0,0.0,11435.0,2.0883404912586303e-05,0.0,0.0,94421.0,0.00010245126824763949
4.0,32.0,0.0,7665.0,0.0,6.077609927405741e-06,0.0,0.0,9301.0,7.641328013090936e-05,8.712100000000001e-05,3.0,34435.0,0.00018346436418823373,0.0,0.0,11435.0,1.253004294755178e-05,1.0590999999999999e-05,1.0,94421.0,6.57071609485837e-05
4.0,33.0,0.0,7665.0,0.0,3.6465659564434443e-06,0.0,0.0,9301.0,4.5847968078545614e-05,0.0,0.0,34435.0,0.00011007861851294023,0.0,0.0,11435.0,7.518025768531068e-06,0.00012709,12.0,94421.0,9.026029656915023e-05
4.0,34.0,0.0,7665.0,0.0,2.1879395738660663e-06,0.000107515,1.0,9301.0,7.051478084712736e-05,0.0,0.0,34435.0,6.604717110776413e-05,0.0,0.0,11435.0,4.510815461118641e-06,0.0,0.0,94421.0,5.415617794149014e-05
4.0,35.0,0.0,7665.0,0.0,1.3127637443196397e-06,0.0,0.0,9301.0,4.2308868508276414e-05,0.0,0.0,34435.0,3.962830266465848e-05,0.0,0.0,11435.0,2.706489276671184e-06,3.1773e-05,3.0,94421.0,4.5202906764894086e-05
4.0,36.0,0.0,7665.0,0.0,7.876582465917837e-07,0.0,0.0,9301.0,2.5385321104965847e-05,0.0,0.0,34435.0,2.3776981598795086e-05,0.0,0.0,11435.0,1.6238935660027105e-06,0.0,0.0,94421.0,2.712174405893645e-05
4.0,37.0,0.0,7665.0,0.0,4.725949479550702e-07,0.0,0.0,9301.0,1.5231192662979507e-05,0.0,0.0,34435.0,1.426618895927705e-05,0.0,0.0,11435.0,9.743361396016262e-07,0.0,0.0,94421.0,1.6273046435361868e-05
4.0,38.0,0.0,7665.0,0.0,2.835569687730421e-07,0.0,0.0,9301.0,9.138715597787704e-06,0.0,0.0,34435.0,8.559713375566229e-06,0.0,0.0,11435.0,5.846016837609757e-07,0.0,0.0,94421.0,9.76382786121712e-06
4.0,39.0,0.0,7665.0,0.0,1.7013418126382527e-07,0.0,0.0,9301.0,5.483229358672622e-06,0.0,0.0,34435.0,5.135828025339738e-06,0.0,0.0,11435.0,3.507610102565854e-07,0.0,0.0,94421.0,5.858296716730272e-06
4.0,40.0,0.0,7665.0,0.0,1.0208050875829516e-07,0.0,0.0,9301.0,3.289937615203573e-06,0.0,0.0,34435.0,3.0814968152038423e-06,0.0,0.0,11435.0,2.1045660615395125e-07,0.0,0.0,94421.0,3.514978030038163e-06
4.0,41.0,0.0,7665.0,0.0,6.124830525497709e-08,0.0,0.0,9301.0,1.973962569122144e-06,0.0,0.0,34435.0,1.8488980891223054e-06,0.0,0.0,11435.0,1.2627396369237075e-07,0.0,0.0,94421.0,2.1089868180228977e-06
4.0,42.0,0.0,7665.0,0.0,3.674898315298625e-08,0.0,0.0,9301.0,1.1843775414732864e-06,0.0,0.0,34435.0,1.1093388534733831e-06,0.0,0.0,11435.0,7.576437821542245e-08,0.0,0.0,94421.0,1.2653920908137385e-06
4.0,43.0,0.0,7665.0,0.0,2.204938989179175e-08,0.0,0.0,9301.0,7.106265248839718e-07,0.0,0.0,34435.0,6.656033120840299e-07,0.0,0.0,11435.0,4.5458626929253466e-08,0.0,0.0,94421.0,7.592352544882431e-07
4.0,44.0,0.0,7665.0,0.0,1.322963393507505e-08,0.0,0.0,9301.0,4.263759149303831e-07,0.0,0.0,34435.0,3.9936198725041794e-07,0.0,0.0,11435.0,2.727517615755208e-08,0.0,0.0,94421.0,4.555411526929458e-07
4.0,45.0,0.0,7665.0,0.0,7.93778036104503e-09,0.0,0.0,9301.0,2.558255489582298e-07,0.0,0.0,34435.0,2.3961719235025077e-07,0.0,0.0,11435.0,1.6365105694531248e-08,0.0,0.0,94421.0,2.733246916157675e-07
4.0,46.0,0.0,7665.0,0.0,4.762668216627018e-09,0.0,0.0,9301.0,1.5349532937493788e-07,0.0,0.0,34435.0,1.4377031541015045e-07,0.0,0.0,11435.0,9.819063416718748e-09,0.0,0.0,94421.0,1.639948149694605e-07
4.0,47.0,0.0,7665.0,0.0,2.8576009299762106e-09,0.0,0.0,9301.0,9.209719762496273e-08,0.0,0.0,34435.0,8.626218924609027e-08,0.0,0.0,11435.0,5.891438050031249e-09,0.0,0.0,94421.0,9.83968889816763e-08
4.0,48.0,0.0,7665.0,0.0,1.7145605579857262e-09,0.0,0.0,9301.0,5.525831857497763e-08,0.0,0.0,34435.0,5.1757313547654163e-08,0.0,0.0,11435.0,3.5348628300187492e-09,0.0,0.0,94421.0,5.903813338900577e-08
4.0,49.0,0.0,7665.0,0.0,1.0287363347914357e-09,0.0,0.0,9301.0,3.315499114498658e-08,0.0,0.0,34435.0,3.10543881285925e-08,0.0,0.0,11435.0,2.1209176980112496e-09,0.0,0.0,94421.0,3.542288003340346e-08
4.0,50.0,0.0,7665.0,0.0,6.172418008748615e-10,0.0,0.0,9301.0,1.9892994686991948e-08,0.0,0.0,34435.0,1.8632632877155498e-08,0.0,0.0,11435.0,1.2725506188067498e-09,0.0,0.0,94421.0,2.1253728020042076e-08
4.0,51.0,0.0,7665.0,0.0,3.7034508052491684e-10,0.0,0.0,9301.0,1.1935796812195168e-08,0.0,0.0,34435.0,1.1179579726293299e-08,0.0,0.0,11435.0,7.635303712840499e-10,0.0,0.0,94421.0,1.2752236812025246e-08
4.0,52.0,0.0,7665.0,0.0,2.222070483149501e-10,0.0,0.0,9301.0,7.161478087317101e-09,0.0,0.0,34435.0,6.707747835775979e-09,0.0,0.0,11435.0,4.581182227704299e-10,0.0,0.0,94421.0,7.651342087215148e-09
5.0,1.0,0.0,7777.0,0.0,1.3332422898897005e-10,0.0,0.0,9301.0,4.296886852390261e-09,0.0,0.0,34435.0,4.024648701465587e-09,0.0,0.0,11435.0,2.7487093366225795e-10,0.0,0.0,94421.0,4.590805252329089e-09
5.0,2.0,0.0,7777.0,0.0,7.999453739338203e-11,0.0,0.0,9333.0,2.5781321114341564e-09,0.0,0.0,34578.0,2.414789220879352e-09,0.0,0.0,11478.0,1.6492256019735476e-10,0.0,0.0,97029.0,2.754483151397453e-09
5.0,3.0,0.0,7777.0,0.0,4.799672243602921e-11,0.0,0.0,9333.0,1.5468792668604939e-09,0.0,0.0,34578.0,1.4488735325276112e-09,0.0,0.0,11478.0,9.895353611841286e-11,0.0,0.0,97029.0,1.6526898908384718e-09
5.0,4.0,0.0,7777.0,0.0,2.8798033461617526e-11,0.0,0.0,9333.0,9.281275601162963e-10,0.0,0.0,34578.0,8.693241195165667e-10,0.0,0.0,11478.0,5.937212167104771e-11,0.0,0.0,97029.0,9.91613934503083e-10
5.0,5.0,0.0,7777.0,0.0,1.7278820076970514e-11,0.0,0.0,9333.0,5.568765360697777e-10,0.0,0.0,34578.0,5.2159447170994e-10,0.0,0.0,11478.0,3.562327300262863e-11,0.0,0.0,97029.0,5.949683607018497e-10
5.0,6.0,0.0,7777.0,0.0,1.0367292046182309e-11,0.0,0.0,9333.0,3.341259216418666e-10,0.0,0.0,34578.0,3.12956683025964e-10,0.0,0.0,11478.0,2.1373963801577178e-11,0.0,0.0,97029.0,3.569810164211098e-10
5.0,7.0,0.0,7777.0,0.0,6.2203752277093855e-12,0.0,0.0,9333.0,2.0047555298511995e-10,0.0,0.0,34578.0,1.877740098155784e-10,0.0,0.0,11478.0,1.2824378280946306e-11,0.0,0.0,97029.0,2.1418860985266587e-10
5.0,8.0,0.0,7777.0,0.0,3.7322251366256315e-12,0.0,0.0,9333.0,1.2028533179107196e-10,0.0,0.0,34578.0,1.1266440588934703e-10,0.0,0.0,11478.0,7.694626968567783e-12,0.0,0.0,97029.0,1.2851316591159953e-10
5.0,9.0,0.0,7777.0,0.0,2.2393350819753786e-12,0.0,0.0,9333.0,7.217119907464317e-11,0.0,0.0,34578.0,6.759864353360822e-11,0.0,0.0,11478.0,4.61677618114067e-12,0.0,0.0,97029.0,7.710789954695971e-11
5.0,10.0,0.0,7777.0,0.0,1.3436010491852271e-12,0.0,0.0,9333.0,4.33027194447859e-11,0.0,0.0,34578.0,4.055918612016493e-11,0.0,0.0,11478.0,2.770065708684402e-12,0.0,0.0,97029.0,4.626473972817583e-11
5.0,11.0,0.0,7777.0,0.0,8.061606295111362e-13,0.0,0.0,9333.0,2.5981631666871538e-11,0.0,0.0,34578.0,2.4335511672098956e-11,0.0,0.0,11478.0,1.6620394252106412e-12,8.245e-05,8.0,97029.0,3.2980027758843834e-05
5.0,12.0,0.0,7777.0,0.0,4.836963777066818e-13,0.0,0.0,9333.0,1.5588979000122923e-11,0.0,0.0,34578.0,1.4601307003259374e-11,0.0,0.0,11478.0,9.972236551263848e-13,9.2756e-05,9.0,97029.0,5.6890416655306305e-05
5.0,13.0,0.0,7777.0,0.0,2.9021782662400904e-13,0.0,0.0,9333.0,9.353387400073754e-12,0.0,0.0,34578.0,8.760784201955624e-12,0.0,0.0,11478.0,5.983341930758309e-13,4.1225e-05,4.0,97029.0,5.062424999318378e-05
5.0,14.0,0.000257169,7777.0,2.0,0.00010286760017413072,0.0,0.0,9333.0,5.612032440044252e-12,0.0,0.0,34578.0,5.256470521173374e-12,0.0,0.0,11478.0,3.590005158454985e-13,0.000154593,15.0,97029.0,9.221174999591027e-05
5.0,15.0,0.000257169,7777.0,2.0,0.00016458816010447847,0.0,0.0,9333.0,3.3672194640265513e-12,0.0,0.0,34578.0,3.1538823127040244e-12,0.0,0.0,11478.0,2.154003095072991e-13,0.00021643,21.0,97029.0,0.00014189904999754616
5.0,16.0,0.0,7777.0,0.0,9.875289606268708e-05,0.0,0.0,9333.0,2.0203316784159307e-12,0.0,0.0,34578.0,1.8923293876224146e-12,0.0,0.0,11478.0,1.2924018570437945e-13,0.000185512,18.0,97029.0,0.00015934422999852772
5.0,17.0,0.0,7777.0,0.0,5.9251737637612245e-05,0.00010714700000000001,1.0,9333.0,4.285880121219901e-05,0.00011568,4.0,34578.0,4.627200113539764e-05,0.0,0.0,11478.0,7.754411142262768e-14,0.00040194199999999997,39.0,97029.0,0.00025638333799911665
5.0,18.0,0.000128584,7777.0,1.0,8.698464258256735e-05,0.00010714700000000001,1.0,9333.0,6.857408072731941e-05,0.000375962,13.0,34578.0,0.00017814800068123858,0.000174246,2.0,11478.0,6.969840004652646e-05,0.00073174,71.0,97029.0,0.00044652600279947
5.0,19.0,0.000128584,7777.0,1.0,0.00010362438554954041,0.001071467,10.0,9333.0,0.00046973124843639166,0.00043380199999999995,15.0,34578.0,0.00028040960040874314,0.00026137,3.0,11478.0,0.00014636704002791588,0.0005462280000000001,53.0,97029.0,0.00048640680167968205
5.0,20.0,0.000771506,7777.0,6.0,0.0003707770313297243,0.000535733,5.0,9333.0,0.000496131949061835,0.000318121,11.0,34578.0,0.0002954941602452459,8.7123e-05,1.0,11478.0,0.00012266942401674953,0.00041224800000000004,40.0,97029.0,0.00045674328100780927
5.0,21.0,0.000642921,7777.0,5.0,0.00047963461879783453,0.00010714700000000001,1.0,9333.0,0.000340537969437101,0.0006651630000000001,23.0,34578.0,0.00044336169614714755,8.7123e-05,1.0,11478.0,0.00010845085441004972,0.000329798,32.0,97029.0,0.00040596516860468555
5.0,22.0,0.00090009,7777.0,7.0,0.0006478167712787007,0.000214293,2.0,9333.0,0.00029003998166226056,0.001156805,40.0,34578.0,0.0007287390176882885,8.7123e-05,1.0,11478.0,9.991971264602982e-05,0.00021643,21.0,97029.0,0.0003301511011628113
5.0,23.0,0.000257169,7777.0,2.0,0.0004915576627672204,0.00032144,3.0,9333.0,0.0003025999889973563,0.000578402,20.0,34578.0,0.0006686042106129731,8.7123e-05,1.0,11478.0,9.480102758761789e-05,0.000278267,27.0,97029.0,0.0003093974606976868
5.0,24.0,0.000128584,7777.0,1.0,0.0003463681976603323,0.0,0.0,9333.0,0.00018155999339841377,0.00034704099999999997,12.0,34578.0,0.0005399789263677838,0.0,0.0,11478.0,5.688061655257073e-05,0.00010306200000000001,10.0,97029.0,0.00022686327641861207
5.0,25.0,0.0,7777.0,0.0,0.00020782091859619935,0.00010714700000000001,1.0,9333.0,0.00015179479603904828,0.000173521,6.0,34578.0,0.00039339575582067026,0.0,0.0,11478.0,3.412836993154243e-05,6.1837e-05,6.0,97029.0,0.00016085276585116724
5.0,26.0,0.000128584,7777.0,1.0,0.0001761261511577196,0.00010714700000000001,1.0,9333.0,0.00013393567762342895,0.000173521,6.0,34578.0,0.00030544585349240213,0.0,0.0,11478.0,2.047702195892546e-05,3.0919e-05,3.0,97029.0,0.00010887925951070035
5.0,27.0,0.0,7777.0,0.0,0.00010567569069463174,0.0,0.0,9333.0,8.036140657405737e-05,2.892e-05,1.0,34578.0,0.00019483551209544127,0.0,0.0,11478.0,1.2286213175355275e-05,4.1225e-05,4.0,97029.0,8.18175557064202e-05
5.0,28.0,0.0,7777.0,0.0,6.340541441677904e-05,0.00010714700000000001,1.0,9333.0,9.107564394443443e-05,8.676e-05,3.0,34578.0,0.00015160530725726477,0.0,0.0,11478.0,7.371727905213164e-06,2.0612e-05,2.0,97029.0,5.733533342385212e-05
5.0,29.0,0.0,7777.0,0.0,3.804324865006742e-05,0.000214293,2.0,9333.0,0.00014036258636666065,2.892e-05,1.0,34578.0,0.00010253118435435887,0.0,0.0,11478.0,4.423036743127898e-06,3.0919e-05,3.0,97029.0,4.676880005431127e-05
5.0,30.0,0.0,7777.0,0.0,2.2825949190040453e-05,0.0,0.0,9333.0,8.421755181999639e-05,2.892e-05,1.0,34578.0,7.308671061261531e-05,0.0,0.0,11478.0,2.653822045876739e-06,4.1225e-05,4.0,97029.0,4.455128003258676e-05
5.0,31.0,0.0,7777.0,0.0,1.3695569514024272e-05,0.0,0.0,9333.0,5.053053109199783e-05,5.784e-05,2.0,34578.0,6.698802636756918e-05,0.0,0.0,11478.0,1.5922932275260433e-06,1.0306e-05,1.0,97029.0,3.085316801955206e-05
5.0,32.0,0.0,7777.0,0.0,8.217341708414563e-06,0.00010714700000000001,1.0,9333.0,7.31771186551987e-05,2.892e-05,1.0,34578.0,5.176081582054151e-05,0.0,0.0,11478.0,9.55375936515626e-07,6.1837e-05,6.0,97029.0,4.324670081173124e-05
5.0,33.0,0.0,7777.0,0.0,4.930405025048738e-06,0.0,0.0,9333.0,4.390627119311922e-05,0.0,0.0,34578.0,3.1056489492324904e-05,0.0,0.0,11478.0,5.732255619093756e-07,0.0,0.0,97029.0,2.594802048703874e-05
5.0,34.0,0.0,7777.0,0.0,2.9582430150292423e-06,0.0,0.0,9333.0,2.634376271587153e-05,0.0,0.0,34578.0,1.8633893695394943e-05,0.0,0.0,11478.0,3.439353371456253e-07,0.0,0.0,97029.0,1.5568812292223245e-05
5.0,35.0,0.0,7777.0,0.0,1.7749458090175452e-06,0.0,0.0,9333.0,1.5806257629522917e-05,0.0,0.0,34578.0,1.1180336217236965e-05,0.0,0.0,11478.0,2.063612022873752e-07,0.0,0.0,97029.0,9.341287375333947e-06
5.0,36.0,0.0,7777.0,0.0,1.064967485410527e-06,0.0,0.0,9333.0,9.48375457771375e-06,0.0,0.0,34578.0,6.708201730342179e-06,0.0,0.0,11478.0,1.238167213724251e-07,0.0,0.0,97029.0,5.6047724252003685e-06
5.0,37.0,0.0,7777.0,0.0,6.389804912463162e-07,0.0,0.0,9333.0,5.690252746628249e-06,0.0,0.0,34578.0,4.024921038205307e-06,0.0,0.0,11478.0,7.429003282345507e-08,1.0306e-05,1.0,97029.0,7.485263455120221e-06
5.0,38.0,0.0,7777.0,0.0,3.8338829474778975e-07,0.0,0.0,9333.0,3.4141516479769495e-06,2.892e-05,1.0,34578.0,1.3982952622923186e-05,0.0,0.0,11478.0,4.457401969407304e-08,0.0,0.0,97029.0,4.491158073072133e-06
5.0,39.0,0.0,7777.0,0.0,2.3003297684867383e-07,0.0,0.0,9333.0,2.0484909887861697e-06,0.0,0.0,34578.0,8.38977157375391e-06,0.0,0.0,11478.0,2.6744411816443825e-08,1.0306e-05,1.0,97029.0,6.817094843843279e-06
5.0,40.0,0.0,7777.0,0.0,1.3801978610920428e-07,0.0,0.0,9333.0,1.2290945932717017e-06,0.0,0.0,34578.0,5.033862944252346e-06,0.0,0.0,11478.0,1.6046647089866293e-08,1.0306e-05,1.0,97029.0,8.212656906305968e-06
5.0,41.0,0.0,7777.0,0.0,8.281187166552257e-08,0.0,0.0,9333.0,7.37456755963021e-07,0.0,0.0,34578.0,3.0203177665514074e-06,0.0,0.0,11478.0,9.627988253919775e-09,0.0,0.0,97029.0,4.9275941437835805e-06
5.0,42.0,0.0,7777.0,0.0,4.968712299931354e-08,0.0,0.0,9333.0,4.4247405357781253e-07,0.0,0.0,34578.0,1.8121906599308444e-06,0.0,0.0,11478.0,5.776792952351864e-09,0.0,0.0,97029.0,2.956556486270148e-06
5.0,43.0,0.0,7777.0,0.0,2.9812273799588124e-08,0.0,0.0,9333.0,2.6548443214668753e-07,0.0,0.0,34578.0,1.0873143959585067e-06,0.0,0.0,11478.0,3.4660757714111185e-09,0.0,0.0,97029.0,1.7739338917620888e-06
5.0,44.0,0.0,7777.0,0.0,1.7887364279752874e-08,0.0,0.0,9333.0,1.592906592880125e-07,0.0,0.0,34578.0,6.52388637575104e-07,0.0,0.0,11478.0,2.079645462846671e-09,0.0,0.0,97029.0,1.0643603350572532e-06
5.0,45.0,0.0,7777.0,0.0,1.0732418567851724e-08,0.0,0.0,9333.0,9.557439557280751e-08,0.0,0.0,34578.0,3.9143318254506237e-07,0.0,0.0,11478.0,1.2477872777080024e-09,0.0,0.0,97029.0,6.386162010343519e-07
5.0,46.0,0.0,7777.0,0.0,6.439451140711034e-09,0.0,0.0,9333.0,5.73446373436845e-08,0.0,0.0,34578.0,2.3485990952703741e-07,0.0,0.0,11478.0,7.486723666248015e-10,0.0,0.0,97029.0,3.831697206206111e-07
5.0,47.0,0.0,7777.0,0.0,3.86367068442662e-09,0.0,0.0,9333.0,3.44067824062107e-08,0.0,0.0,34578.0,1.4091594571622245e-07,0.0,0.0,11478.0,4.4920341997488085e-10,0.0,0.0,97029.0,2.2990183237236663e-07
5.0,48.0,0.0,7777.0,0.0,2.318202410655972e-09,0.0,0.0,9333.0,2.064406944372642e-08,0.0,0.0,34578.0,8.454956742973346e-08,0.0,0.0,11478.0,2.695220519849285e-10,0.0,0.0,97029.0,1.3794109942341998e-07
5.0,49.0,0.0,7777.0,0.0,1.3909214463935831e-09,0.0,0.0,9333.0,1.2386441666235852e-08,0.0,0.0,34578.0,5.0729740457840077e-08,0.0,0.0,11478.0,1.617132311909571e-10,0.0,0.0,97029.0,8.276465965405198e-08
5.0,50.0,0.0,7777.0,0.0,8.345528678361498e-10,0.0,0.0,9333.0,7.431864999741511e-09,0.0,0.0,34578.0,3.043784427470404e-08,0.0,0.0,11478.0,9.702793871457425e-11,0.0,0.0,97029.0,4.965879579243119e-08
5.0,51.0,0.0,7777.0,0.0,5.007317207016899e-10,0.0,0.0,9333.0,4.4591189998449064e-09,0.0,0.0,34578.0,1.8262706564822426e-08,0.0,0.0,11478.0,5.821676322874455e-11,0.0,0.0,97029.0,2.9795277475458713e-08
5.0,52.0,0.0,7777.0,0.0,3.004390324210139e-10,0.0,0.0,9333.0,2.675471399906944e-09,0.0,0.0,34578.0,1.0957623938893455e-08,0.0,0.0,11478.0,3.493005793724673e-11,0.0,0.0,97029.0,1.7877166485275226e-08
6.0,1.0,0.0,7922.0,0.0,1.8026341945260833e-10,0.0,0.0,9333.0,1.6052828399441662e-09,0.0,0.0,34578.0,6.574574363336073e-09,0.0,0.0,11478.0,2.0958034762348035e-11,0.0,0.0,97029.0,1.0726299891165135e-08
6.0,2.0,0.0,7922.0,0.0,1.08158051671565e-10,0.0,0.0,9288.0,9.631697039664998e-10,0.0,0.0,34488.0,3.944744618001643e-09,0.0,0.0,11553.0,1.257482085740882e-11,0.0,0.0,100334.0,6.435779934699081e-09
6.0,3.0,0.0,7922.0,0.0,6.4894831002939e-11,0.0,0.0,9288.0,5.779018223798998e-10,0.0,0.0,34488.0,2.366846770800986e-09,0.0,0.0,11553.0,7.544892514445292e-12,0.0,0.0,100334.0,3.861467960819448e-09
6.0,4.0,0.0,7922.0,0.0,3.89368986017634e-11,0.0,0.0,9288.0,3.467410934279399e-10,0.0,0.0,34488.0,1.4201080624805916e-09,0.0,0.0,11553.0,4.5269355086671745e-12,0.0,0.0,100334.0,2.3168807764916687e-09
6.0,5.0,0.0,7922.0,0.0,2.3362139161058038e-11,0.0,0.0,9288.0,2.0804465605676394e-10,0.0,0.0,34488.0,8.520648374883549e-10,0.0,0.0,11553.0,2.7161613052003047e-12,0.0,0.0,100334.0,1.390128465895001e-09
6.0,6.0,0.0,7922.0,0.0,1.4017283496634822e-11,0.0,0.0,9288.0,1.2482679363405837e-10,0.0,0.0,34488.0,5.112389024930129e-10,0.0,0.0,11553.0,1.6296967831201828e-12,0.0,0.0,100334.0,8.340770795370006e-10
6.0,7.0,0.0,7922.0,0.0,8.410370097980893e-12,0.0,0.0,9288.0,7.489607618043502e-11,0.0,0.0,34488.0,3.067433414958077e-10,0.0,0.0,11553.0,9.778180698721097e-13,0.0,0.0,100334.0,5.004462477222004e-10
6.0,8.0,0.0,7922.0,0.0,5.046222058788535e-12,0.0,0.0,9288.0,4.493764570826101e-11,0.0,0.0,34488.0,1.8404600489748463e-10,0.0,0.0,11553.0,5.866908419232658e-13,0.0,0.0,100334.0,3.0026774863332024e-10
6.0,9.0,0.0,7922.0,0.0,3.027733235273121e-12,0.0,0.0,9288.0,2.6962587424956605e-11,0.0,0.0,34488.0,1.1042760293849077e-10,0.0,0.0,11553.0,3.520145051539595e-13,0.0,0.0,100334.0,1.8016064917999213e-10
6.0,10.0,0.0,7922.0,0.0,1.8166399411638725e-12,0.0,0.0,9288.0,1.6177552454973963e-11,0.0,0.0,34488.0,6.625656176309446e-11,0.0,0.0,11553.0,2.112087030923757e-13,0.0,0.0,100334.0,1.0809638950799528e-10
6.0,11.0,0.0,7922.0,0.0,1.0899839646983234e-12,0.0,0.0,9288.0,9.706531472984377e-12,2.8995999999999998e-05,1.0,34488.0,1.159843975393706e-05,0.0,0.0,11553.0,1.2672522185542542e-13,0.0,0.0,100334.0,6.485783370479717e-11
6.0,12.0,0.0,7922.0,0.0,6.53990378818994e-13,0.0,0.0,9288.0,5.823918883790626e-12,0.0,0.0,34488.0,6.959063852362235e-06,0.0,0.0,11553.0,7.603513311325525e-14,0.0,0.0,100334.0,3.89147002228783e-11
6.0,13.0,0.000126231,7922.0,1.0,5.049240039239423e-05,0.00010766600000000001,1.0,9288.0,4.306640349435134e-05,0.0,0.0,34488.0,4.175438311417341e-06,0.0,0.0,11553.0,4.5621079867953154e-14,2.99e-05,3.0,100334.0,1.1960023348820135e-05
6.0,14.0,0.0,7922.0,0.0,3.029544023543654e-05,0.0,0.0,9288.0,2.5839842096610804e-05,0.0,0.0,34488.0,2.5052629868504047e-06,0.0,0.0,11553.0,2.7372647920771892e-14,0.00016943400000000002,17.0,100334.0,7.494961400929209e-05
6.0,15.0,0.000126231,7922.0,1.0,6.866966414126193e-05,0.00010766600000000001,1.0,9288.0,5.857030525796649e-05,5.7991e-05,2.0,34488.0,2.4699557792110242e-05,8.6558e-05,1.0,11553.0,3.462320001642359e-05,0.000159467,16.0,100334.0,0.00010875656840557527
6.0,16.0,0.000126231,7922.0,1.0,9.169419848475716e-05,0.000322997,3.0,9288.0,0.00016434098315477988,5.7991e-05,2.0,34488.0,3.801613467526615e-05,0.0,0.0,11553.0,2.077392000985415e-05,0.00035880199999999997,36.0,100334.0,0.00020877474104334513
6.0,17.0,0.0,7922.0,0.0,5.5016519090854295e-05,0.00129199,12.0,9288.0,0.000615400589892868,2.8995999999999998e-05,1.0,34488.0,3.440808080515969e-05,0.0,0.0,11553.0,1.2464352005912489e-05,0.0005780690000000001,58.0,100334.0,0.0003564924446260071
6.0,18.0,0.000504923,7922.0,4.0,0.0002349791114545126,0.0023686479999999997,22.0,9288.0,0.0013166995539357208,0.000347947,12.0,34488.0,0.00015982364848309583,0.0,0.0,11553.0,7.478611203547493e-06,0.000388702,39.0,100334.0,0.00036937626677560425
6.0,19.0,0.000252461,7922.0,2.0,0.00024197186687270757,0.001830319,17.0,9288.0,0.0015221473323614324,0.00028995599999999996,10.0,34488.0,0.00021187658908985746,0.000173115,2.0,11553.0,7.37331667221285e-05,0.000368768,37.0,100334.0,0.0003691329600653626
6.0,20.0,0.00037869199999999997,7922.0,3.0,0.00029665992012362454,0.000538329,5.0,9288.0,0.0011286199994168594,0.00020296900000000003,7.0,34488.0,0.0002083135534539145,8.6558e-05,1.0,11553.0,7.88631000332771e-05,0.000508302,51.0,100334.0,0.00042480057603921755
6.0,21.0,0.001262307,7922.0,10.0,0.0006829187520741748,0.001830319,17.0,9288.0,0.0014092995996501157,0.000492925,17.0,34488.0,0.0003221581320723487,8.6558e-05,1.0,11553.0,8.194106001996626e-05,0.000428569,43.0,100334.0,0.00042630794562353055
6.0,22.0,0.001009846,7922.0,8.0,0.0008136896512445049,0.001399655,13.0,9288.0,0.0014054417597900695,0.0008988630000000001,31.0,34488.0,0.0005528400792434092,0.0,0.0,11553.0,4.9164636011979755e-05,0.000737537,74.0,100334.0,0.0005507995673741183
6.0,23.0,0.0,7922.0,0.0,0.0004882137907467029,0.00129199,12.0,9288.0,0.0013600610558740416,0.00072489,25.0,34488.0,0.0006216600475460456,8.6558e-05,1.0,11553.0,6.412198160718785e-05,0.0008372039999999999,84.0,100334.0,0.0006653613404244709
6.0,24.0,0.0,7922.0,0.0,0.00029292827444802173,0.000430663,4.0,9288.0,0.0009883018335244249,0.00020296900000000003,7.0,34488.0,0.00045418362852762734,0.0,0.0,11553.0,3.8473188964312706e-05,0.000488369,49.0,100334.0,0.0005945644042546826
6.0,25.0,0.000252461,7922.0,2.0,0.00027674136466881305,0.00021533200000000002,2.0,9288.0,0.0006791139001146549,0.00028995599999999996,10.0,34488.0,0.00038849257711657636,0.0,0.0,11553.0,2.3083913378587623e-05,0.000607969,61.0,100334.0,0.0005999262425528095
6.0,26.0,0.000252461,7922.0,2.0,0.00026702921880128786,0.00010766600000000001,1.0,9288.0,0.0004505347400687929,0.00040593800000000006,14.0,34488.0,0.0003954707462699459,0.0,0.0,11553.0,1.3850348027152573e-05,0.00017940099999999999,18.0,100334.0,0.0004317161455316857
6.0,27.0,0.00037869199999999997,7922.0,3.0,0.0003116943312807727,0.000322997,3.0,9288.0,0.0003995196440412757,0.000115982,4.0,34488.0,0.0002836752477619675,0.0,0.0,11553.0,8.310208816291544e-06,0.000149501,15.0,100334.0,0.00031883008731901143
6.0,28.0,0.00037869199999999997,7922.0,3.0,0.0003384933987684636,0.0,0.0,9288.0,0.0002397117864247654,5.7991e-05,2.0,34488.0,0.0001934015486571805,0.000259673,3.0,11553.0,0.00010885532528977492,0.00020930099999999998,21.0,100334.0,0.0002750184523914068
6.0,29.0,0.000126231,7922.0,1.0,0.00025358843926107815,0.00010766600000000001,1.0,9288.0,0.00018689347185485924,0.0,0.0,34488.0,0.0001160409291943083,8.6558e-05,1.0,11553.0,9.993639517386494e-05,0.00018936799999999998,19.0,100334.0,0.00024075827143484407
6.0,30.0,0.000126231,7922.0,1.0,0.0002026454635566469,0.0,0.0,9288.0,0.00011213608311291554,0.00014497799999999998,5.0,34488.0,0.00012761575751658497,0.0,0.0,11553.0,5.9961837104318965e-05,0.000129567,13.0,100334.0,0.00019628176286090642
6.0,31.0,0.0,7922.0,0.0,0.00012158727813398813,0.000322997,3.0,9288.0,0.0001964804498677493,5.7991e-05,2.0,34488.0,9.976585450995098e-05,0.0,0.0,11553.0,3.597710226259138e-05,7.973399999999999e-05,8.0,100334.0,0.00014966265771654383
6.0,32.0,0.0,7922.0,0.0,7.295236688039288e-05,0.0,0.0,9288.0,0.00011788826992064957,5.7991e-05,2.0,34488.0,8.305591270597059e-05,0.0,0.0,11553.0,2.1586261357554827e-05,7.973399999999999e-05,8.0,100334.0,0.0001216911946299263
6.0,33.0,0.0,7922.0,0.0,4.377142012823573e-05,0.0,0.0,9288.0,7.073296195238975e-05,0.0,0.0,34488.0,4.983354762358235e-05,8.6558e-05,1.0,11553.0,4.7574956814532893e-05,1.9933e-05,2.0,100334.0,8.098791677795577e-05
6.0,34.0,0.0,7922.0,0.0,2.6262852076941435e-05,0.0,0.0,9288.0,4.243977717143385e-05,0.0,0.0,34488.0,2.9900128574149406e-05,0.0,0.0,11553.0,2.8544974088719736e-05,6.9767e-05,7.0,100334.0,7.649955006677346e-05
6.0,35.0,0.0,7922.0,0.0,1.575771124616486e-05,0.00010766600000000001,1.0,9288.0,6.853026630286032e-05,0.00017397400000000003,6.0,34488.0,8.752967714448966e-05,0.0,0.0,11553.0,1.712698445323184e-05,0.000109634,11.0,100334.0,8.975333004006408e-05
6.0,36.0,0.0,7922.0,0.0,9.454626747698915e-06,0.0,0.0,9288.0,4.1118159781716194e-05,0.000115982,4.0,34488.0,9.89106062866938e-05,0.0,0.0,11553.0,1.0276190671939103e-05,3.9866999999999996e-05,4.0,100334.0,6.979879802403844e-05
6.0,37.0,0.0,7922.0,0.0,5.672776048619349e-06,0.00010766600000000001,1.0,9288.0,6.773729586902972e-05,8.698700000000001e-05,3.0,34488.0,9.414116377201629e-05,0.0,0.0,11553.0,6.165714403163462e-06,7.973399999999999e-05,8.0,100334.0,7.377287881442306e-05
6.0,38.0,0.0,7922.0,0.0,3.4036656291716096e-06,0.00021533200000000002,2.0,9288.0,0.00012677517752141785,0.000231965,8.0,34488.0,0.00014927069826320977,8.6558e-05,1.0,11553.0,3.8322628641898076e-05,4.9834e-05,5.0,100334.0,6.419732728865383e-05
6.0,39.0,0.0,7922.0,0.0,2.0421993775029655e-06,0.0,0.0,9288.0,7.60651065128507e-05,0.0,0.0,34488.0,8.956241895792585e-05,0.0,0.0,11553.0,2.2993577185138844e-05,2.99e-05,3.0,100334.0,5.04783963731923e-05
6.0,40.0,0.0,7922.0,0.0,1.2253196265017793e-06,0.0,0.0,9288.0,4.563906390771042e-05,0.0,0.0,34488.0,5.373745137475551e-05,0.0,0.0,11553.0,1.3796146311083306e-05,9.967e-06,1.0,100334.0,3.427383782391538e-05
6.0,41.0,0.0,7922.0,0.0,7.351917759010676e-07,0.0,0.0,9288.0,2.738343834462625e-05,0.0,0.0,34488.0,3.22424708248533e-05,0.0,0.0,11553.0,8.277687786649984e-06,0.0,0.0,100334.0,2.0564302694349225e-05
6.0,42.0,0.0,7922.0,0.0,4.4111506554064055e-07,0.0,0.0,9288.0,1.643006300677575e-05,0.0,0.0,34488.0,1.934548249491198e-05,0.0,0.0,11553.0,4.96661267198999e-06,0.0,0.0,100334.0,1.2338581616609535e-05
6.0,43.0,0.0,7922.0,0.0,2.646690393243843e-07,0.0,0.0,9288.0,9.85803780406545e-06,0.0,0.0,34488.0,1.1607289496947188e-05,0.0,0.0,11553.0,2.979967603193994e-06,0.0,0.0,100334.0,7.4031489699657204e-06
6.0,44.0,0.0,7922.0,0.0,1.5880142359463057e-07,0.0,0.0,9288.0,5.91482268243927e-06,0.0,0.0,34488.0,6.964373698168312e-06,0.0,0.0,11553.0,1.7879805619163962e-06,0.0,0.0,100334.0,4.441889381979432e-06
6.0,45.0,0.0,7922.0,0.0,9.528085415677834e-08,0.0,0.0,9288.0,3.5488936094635617e-06,0.0,0.0,34488.0,4.178624218900987e-06,0.0,0.0,11553.0,1.0727883371498377e-06,0.0,0.0,100334.0,2.665133629187659e-06
6.0,46.0,0.0,7922.0,0.0,5.7168512494067e-08,0.0,0.0,9288.0,2.129336165678137e-06,0.0,0.0,34488.0,2.507174531340592e-06,0.0,0.0,11553.0,6.436730022899026e-07,0.0,0.0,100334.0,1.5990801775125954e-06
6.0,47.0,0.0,7922.0,0.0,3.43011074964402e-08,0.0,0.0,9288.0,1.2776016994068822e-06,0.0,0.0,34488.0,1.504304718804355e-06,0.0,0.0,11553.0,3.8620380137394157e-07,0.0,0.0,100334.0,9.594481065075573e-07
6.0,48.0,0.0,7922.0,0.0,2.0580664497864122e-08,0.0,0.0,9288.0,7.665610196441293e-07,0.0,0.0,34488.0,9.02582831282613e-07,0.0,0.0,11553.0,2.3172228082436494e-07,0.0,0.0,100334.0,5.756688639045344e-07
6.0,49.0,0.0,7922.0,0.0,1.2348398698718473e-08,0.0,0.0,9288.0,4.5993661178647757e-07,0.0,0.0,34488.0,5.415496987695678e-07,0.0,0.0,11553.0,1.3903336849461897e-07,0.0,0.0,100334.0,3.454013183427206e-07
6.0,50.0,0.0,7922.0,0.0,7.409039219231084e-09,0.0,0.0,9288.0,2.7596196707188655e-07,0.0,0.0,34488.0,3.2492981926174066e-07,0.0,0.0,11553.0,8.342002109677138e-08,0.0,0.0,100334.0,2.0724079100563238e-07
6.0,51.0,0.0,7922.0,0.0,4.44542353153865e-09,0.0,0.0,9288.0,1.6557718024313193e-07,0.0,0.0,34488.0,1.9495789155704438e-07,0.0,0.0,11553.0,5.005201265806283e-08,0.0,0.0,100334.0,1.243444746033794e-07
6.0,52.0,0.0,7922.0,0.0,2.66725411892319e-09,0.0,0.0,9288.0,9.934630814587915e-08,0.0,0.0,34488.0,1.1697473493422663e-07,0.0,0.0,11553.0,3.00312075948377e-08,0.0,0.0,100334.0,7.460668476202764e-08
7.0,1.0,0.0,7969.0,0.0,1.600352471353914e-09,0.0,0.0,9288.0,5.960778488752749e-08,0.0,0.0,34488.0,7.018484096053598e-08,0.0,0.0,11553.0,1.801872455690262e-08,0.0,0.0,100334.0,4.476401085721658e-08
7.0,2.0,0.0,7969.0,0.0,9.602114828123482e-10,0.0,0.0,9444.0,3.576467093251649e-08,0.0,0.0,34467.0,4.211090457632158e-08,0.0,0.0,11770.0,1.081123473414157e-08,0.0,0.0,104072.0,2.6858406514329945e-08
7.0,3.0,0.000125486,7969.0,1.0,5.0194976126889693e-05,0.00010588700000000001,1.0,9444.0,4.237625880255952e-05,0.0,0.0,34467.0,2.526654274579295e-08,0.0,0.0,11770.0,6.486740840484942e-09,0.0,0.0,104072.0,1.6115043908597965e-08
7.0,4.0,0.0,7969.0,0.0,3.0116985676133813e-05,0.000211775,2.0,9444.0,0.00011013575528153572,0.0,0.0,34467.0,1.5159925647475767e-08,0.0,0.0,11770.0,3.892044504290965e-09,1.9217e-05,2.0,104072.0,7.69646902634516e-06
7.0,5.0,0.0,7969.0,0.0,1.8070191405680288e-05,0.0,0.0,9444.0,6.608145316892143e-05,0.0,0.0,34467.0,9.09595538848546e-09,0.0,0.0,11770.0,2.3352267025745788e-09,2.8825999999999998e-05,3.0,104072.0,1.6148281415807095e-05
7.0,6.0,0.0,7969.0,0.0,1.0842114843408172e-05,0.0,0.0,9444.0,3.964887190135286e-05,0.0,0.0,34467.0,5.4575732330912764e-09,0.0,0.0,11770.0,1.4011360215447472e-09,0.0,0.0,104072.0,9.688968849484256e-06
7.0,7.0,0.0,7969.0,0.0,6.505268906044903e-06,0.0,0.0,9444.0,2.3789323140811715e-05,0.0,0.0,34467.0,3.2745439398547656e-09,0.0,0.0,11770.0,8.406816129268483e-10,0.0,0.0,104072.0,5.813381309690554e-06
7.0,8.0,0.0,7969.0,0.0,3.903161343626942e-06,0.0,0.0,9444.0,1.4273593884487029e-05,0.0,0.0,34467.0,1.964726363912859e-09,0.0,0.0,11770.0,5.04408967756109e-10,9.608999999999999e-06,1.0,104072.0,7.3316287858143315e-06
7.0,9.0,0.0,7969.0,0.0,2.341896806176165e-06,0.0,0.0,9444.0,8.564156330692216e-06,0.0,0.0,34467.0,1.1788358183477154e-09,0.0,0.0,11770.0,3.026453806536654e-10,0.0,0.0,104072.0,4.398977271488599e-06
7.0,10.0,0.0,7969.0,0.0,1.405138083705699e-06,0.0,0.0,9444.0,5.13849379841533e-06,0.0,0.0,34467.0,7.073014910086292e-10,0.0,0.0,11770.0,1.8158722839219923e-10,0.0,0.0,104072.0,2.6393863628931594e-06
7.0,11.0,0.0,7969.0,0.0,8.430828502234194e-07,0.0,0.0,9444.0,3.0830962790491977e-06,0.0,0.0,34467.0,4.2438089460517754e-10,0.0,0.0,11770.0,1.0895233703531953e-10,9.608999999999999e-06,1.0,104072.0,5.4272318177358955e-06
7.0,12.0,0.0,7969.0,0.0,5.058497101340516e-07,0.0,0.0,9444.0,1.8498577674295186e-06,0.0,0.0,34467.0,2.546285367631065e-10,0.0,0.0,11770.0,6.537140222119171e-11,0.0,0.0,104072.0,3.256339090641537e-06
7.0,13.0,0.0,7969.0,0.0,3.0350982608043097e-07,0.0,0.0,9444.0,1.1099146604577112e-06,0.0,0.0,34467.0,1.527771220578639e-10,0.0,0.0,11770.0,3.922284133271503e-11,0.0,0.0,104072.0,1.953803454384922e-06
7.0,14.0,0.0,7969.0,0.0,1.8210589564825858e-07,0.0,0.0,9444.0,6.659487962746266e-07,0.0,0.0,34467.0,9.166627323471833e-11,0.0,0.0,11770.0,2.3533704799629017e-11,0.0,0.0,104072.0,1.1722820726309533e-06
7.0,15.0,0.0,7969.0,0.0,1.0926353738895514e-07,0.0,0.0,9444.0,3.99569277764776e-07,0.0,0.0,34467.0,5.4999763940831e-11,0.0,0.0,11770.0,1.412022287977741e-11,0.0,0.0,104072.0,7.033692435785719e-07
7.0,16.0,0.0,7969.0,0.0,6.555812243337308e-08,0.0,0.0,9444.0,2.397415666588656e-07,0.0,0.0,34467.0,3.2999858364498595e-11,0.0,0.0,11770.0,8.472133727866445e-12,0.0,0.0,104072.0,4.2202154614714314e-07
7.0,17.0,0.0,7969.0,0.0,3.933487346002385e-08,0.0,0.0,9444.0,1.4384493999531934e-07,0.0,0.0,34467.0,1.9799915018699156e-11,0.0,0.0,11770.0,5.083280236719867e-12,0.0,0.0,104072.0,2.5321292768828585e-07
7.0,18.0,0.0,7969.0,0.0,2.3600924076014308e-08,0.0,0.0,9444.0,8.63069639971916e-08,0.0,0.0,34467.0,1.1879949011219493e-11,0.0,0.0,11770.0,3.04996814203192e-12,0.0,0.0,104072.0,1.519277566129715e-07
7.0,19.0,0.0,7969.0,0.0,1.4160554445608584e-08,0.0,0.0,9444.0,5.178417839831496e-08,0.0,0.0,34467.0,7.127969406731696e-12,0.0,0.0,11770.0,1.829980885219152e-12,9.608999999999999e-06,1.0,104072.0,3.934756653967783e-06
7.0,20.0,0.0,7969.0,0.0,8.49633266736515e-09,0.0,0.0,9444.0,3.107050703898897e-08,2.9013e-05,1.0,34467.0,1.1605204276781646e-05,0.0,0.0,11770.0,1.0979885311314912e-12,9.608999999999999e-06,1.0,104072.0,6.20445399238067e-06
7.0,21.0,0.0,7969.0,0.0,5.09779960041909e-09,0.0,0.0,9444.0,1.8642304223393383e-08,2.9013e-05,1.0,34467.0,1.8568322566068988e-05,0.0,0.0,11770.0,6.587931186788947e-13,0.0,0.0,104072.0,3.7226723954284016e-06
7.0,22.0,0.0,7969.0,0.0,3.0586797602514536e-09,0.00010588700000000001,1.0,9444.0,4.2365985382534044e-05,2.9013e-05,1.0,34467.0,2.2746193539641394e-05,0.0,0.0,11770.0,3.952758712073368e-13,0.0,0.0,104072.0,2.233603437257041e-06
7.0,23.0,0.0,7969.0,0.0,1.835207856150872e-09,0.0,0.0,9444.0,2.5419591229520425e-05,0.0,0.0,34467.0,1.3647716123784836e-05,0.0,0.0,11770.0,2.371655227244021e-13,0.0,0.0,104072.0,1.3401620623542244e-06
7.0,24.0,0.000125486,7969.0,1.0,5.0195501124713696e-05,0.0,0.0,9444.0,1.5251754737712254e-05,5.8027e-05,2.0,34467.0,3.1399429674270903e-05,0.0,0.0,11770.0,1.4229931363464125e-13,1.9217e-05,2.0,104072.0,8.490897237412536e-06
7.0,25.0,0.0,7969.0,0.0,3.0117300674828215e-05,0.00010588700000000001,1.0,9444.0,5.150585284262736e-05,0.000145066,5.0,34467.0,7.686605780456255e-05,0.0,0.0,11770.0,8.537958818078475e-14,0.000192175,20.0,104072.0,8.196453834244753e-05
7.0,26.0,0.0,7969.0,0.0,1.807038040489693e-05,0.000317662,3.0,9444.0,0.00015796831170557642,0.000232106,8.0,34467.0,0.00013896203468273755,0.0,0.0,11770.0,5.122775290847085e-14,0.00016334799999999998,17.0,104072.0,0.00011451792300546851
7.0,27.0,0.000501945,7969.0,4.0,0.00021162022824293815,0.000423549,4.0,9444.0,0.00026420058702334586,0.000435199,15.0,34467.0,0.00025745682080964257,0.0,0.0,11770.0,3.073665174508251e-14,0.000259436,27.0,104072.0,0.0001724851538032811
7.0,28.0,0.000250973,7969.0,2.0,0.00022736133694576288,0.000635324,6.0,9444.0,0.0004126499522140075,0.00031914599999999997,11.0,34467.0,0.00028213249248578554,8.4962e-05,1.0,11770.0,3.3984800018441995e-05,0.000345914,36.0,104072.0,0.00024185669228196866
7.0,29.0,0.00100389,7969.0,8.0,0.0005379728021674577,0.001800085,17.0,9444.0,0.0009676239713284046,0.0006382919999999999,22.0,34467.0,0.0004245962954914713,0.000254885,3.0,11770.0,0.0001223448800110652,0.000672611,70.0,104072.0,0.00041415841536918124
7.0,30.0,0.000501945,7969.0,4.0,0.0005235616813004747,0.001058873,10.0,9444.0,0.0010041235827970428,0.000754345,26.0,34467.0,0.0005564957772948828,0.000424809,5.0,11770.0,0.0002433305280066391,0.0005380890000000001,56.0,104072.0,0.0004637306492215088
7.0,31.0,0.000501945,7969.0,4.0,0.0005149150087802848,0.0014824229999999999,14.0,9444.0,0.0011954433496782256,0.000348159,12.0,34467.0,0.0004731610663769297,0.000169924,2.0,11770.0,0.00021396791680398345,0.000442002,46.0,104072.0,0.0004550391895329053
7.0,32.0,0.000125486,7969.0,1.0,0.0003591434052681709,0.001376535,13.0,9444.0,0.0012678800098069353,5.8027e-05,2.0,34467.0,0.00030710743982615785,8.4962e-05,1.0,11770.0,0.00016236555008239007,0.000980091,102.0,104072.0,0.0006650599137197433
7.0,33.0,0.0,7969.0,0.0,0.00021548604316090254,0.001164761,11.0,9444.0,0.0012266324058841612,0.000696318,24.0,34467.0,0.0004627916638956947,0.0,0.0,11770.0,9.741933004943404e-05,0.000614959,64.0,104072.0,0.0006450195482318459
7.0,34.0,0.000125486,7969.0,1.0,0.00017948602589654153,0.000635324,6.0,9444.0,0.0009901090435304968,0.00031914599999999997,11.0,34467.0,0.0004053333983374168,0.0,0.0,11770.0,5.845159802966042e-05,0.00032669700000000003,34.0,104072.0,0.0005176905289391075
7.0,35.0,0.0,7969.0,0.0,0.00010769161553792491,0.000423549,4.0,9444.0,0.000763485026118298,0.00037717199999999995,13.0,34467.0,0.00039406883900245006,0.0,0.0,11770.0,3.507095881779625e-05,0.00015374,16.0,104072.0,0.0003721103173634645
7.0,36.0,0.0,7969.0,0.0,6.461496932275494e-05,0.0007412110000000001,7.0,9444.0,0.0007545754156709788,0.000116053,4.0,34467.0,0.00028286250340147,0.0,0.0,11770.0,2.104257529067775e-05,5.7651999999999996e-05,6.0,104072.0,0.00024632699041807866
7.0,37.0,0.0,7969.0,0.0,3.8768981593652964e-05,0.0,0.0,9444.0,0.0004527452494025873,5.8027e-05,2.0,34467.0,0.000192928302040882,0.0,0.0,11770.0,1.262554517440665e-05,5.7651999999999996e-05,6.0,104072.0,0.00017085699425084717
7.0,38.0,0.0,7969.0,0.0,2.326138895619178e-05,0.0,0.0,9444.0,0.0002716471496415524,0.0,0.0,34467.0,0.0001157569812245292,0.0,0.0,11770.0,7.575327104643989e-06,5.7651999999999996e-05,6.0,104072.0,0.0001255749965505083
7.0,39.0,0.0,7969.0,0.0,1.3956833373715067e-05,0.000211775,2.0,9444.0,0.00024769828978493143,5.8027e-05,2.0,34467.0,9.266498873471752e-05,0.0,0.0,11770.0,4.545196262786393e-06,1.9217e-05,2.0,104072.0,8.303179793030497e-05
7.0,40.0,0.0,7969.0,0.0,8.37410002422904e-06,0.0,0.0,9444.0,0.00014861897387095886,2.9013e-05,1.0,34467.0,6.720419324083051e-05,0.0,0.0,11770.0,2.727117757671836e-06,1.9217e-05,2.0,104072.0,5.750587875818299e-05
7.0,41.0,0.0,7969.0,0.0,5.024460014537424e-06,0.0,0.0,9444.0,8.917138432257531e-05,0.000203093,7.0,34467.0,0.00012155971594449831,0.0,0.0,11770.0,1.6362706546031016e-06,0.0,1.0,104072.0,3.450352725490979e-05
7.0,42.0,0.0,7969.0,0.0,3.0146760087224542e-06,0.0,0.0,9444.0,5.3502830593545186e-05,0.0,0.0,34467.0,7.293582956669899e-05,0.0,0.0,11770.0,9.817623927618608e-07,0.0,0.0,104072.0,2.0702116352945873e-05
7.0,43.0,0.0,7969.0,0.0,1.8088056052334724e-06,0.0,0.0,9444.0,3.210169835612711e-05,0.0,0.0,34467.0,4.376149774001939e-05,0.0,0.0,11770.0,5.890574356571165e-07,0.0,0.0,104072.0,1.2421269811767523e-05
7.0,44.0,0.0,7969.0,0.0,1.0852833631400835e-06,0.0,0.0,9444.0,1.9261019013676264e-05,0.0,0.0,34467.0,2.6256898644011632e-05,0.0,0.0,11770.0,3.534344613942699e-07,0.0,0.0,104072.0,7.452761887060513e-06
7.0,45.0,0.0,7969.0,0.0,6.511700178840501e-07,0.0,0.0,9444.0,1.1556611408205759e-05,0.0,0.0,34467.0,1.575413918640698e-05,0.0,0.0,11770.0,2.1206067683656192e-07,0.0,0.0,104072.0,4.471657132236308e-06
7.0,46.0,0.0,7969.0,0.0,3.9070201073043003e-07,0.0,0.0,9444.0,6.933966844923455e-06,0.0,0.0,34467.0,9.452483511844188e-06,0.0,0.0,11770.0,1.2723640610193714e-07,0.0,0.0,104072.0,2.6829942793417847e-06
7.0,47.0,0.0,7969.0,0.0,2.34421206438258e-07,0.0,0.0,9444.0,4.160380106954073e-06,0.0,0.0,34467.0,5.671490107106513e-06,0.0,0.0,11770.0,7.634184366116228e-08,0.0,0.0,104072.0,1.6097965676050707e-06
7.0,48.0,0.0,7969.0,0.0,1.406527238629548e-07,0.0,0.0,9444.0,2.4962280641724437e-06,0.0,0.0,34467.0,3.4028940642639076e-06,0.0,0.0,11770.0,4.580510619669737e-08,0.0,0.0,104072.0,9.658779405630424e-07
7.0,49.0,0.0,7969.0,0.0,8.439163431777287e-08,0.0,0.0,9444.0,1.497736838503466e-06,0.0,0.0,34467.0,2.0417364385583443e-06,0.0,0.0,11770.0,2.748306371801842e-08,0.0,0.0,104072.0,5.795267643378254e-07
7.0,50.0,0.0,7969.0,0.0,5.063498059066372e-08,0.0,0.0,9444.0,8.986421031020797e-07,0.0,0.0,34467.0,1.2250418631350065e-06,0.0,0.0,11770.0,1.648983823081105e-08,0.0,0.0,104072.0,3.4771605860269527e-07
7.0,51.0,0.0,7969.0,0.0,3.038098835439823e-08,0.0,0.0,9444.0,5.391852618612478e-07,0.0,0.0,34467.0,7.350251178810038e-07,0.0,0.0,11770.0,9.89390293848663e-09,0.0,0.0,104072.0,2.0862963516161715e-07
7.0,52.0,0.0,7969.0,0.0,1.8228593012638936e-08,0.0,0.0,9444.0,3.235111571167487e-07,0.0,0.0,34467.0,4.410150707286023e-07,0.0,0.0,11770.0,5.9363417630919786e-09,0.0,0.0,104072.0,1.2517778109697027e-07
8.0,1.0,0.0,8175.0,0.0,1.0937155807583361e-08,0.0,0.0,9444.0,1.9410669427004923e-07,0.0,0.0,34467.0,2.646090424371614e-07,0.0,0.0,11770.0,3.561805057855187e-09,0.0,0.0,104072.0,7.510666865818216e-08
8.0,2.0,0.0,8175.0,0.0,6.562293484550016e-09,0.0,0.0,9434.0,1.1646401656202953e-07,0.0,0.0,34602.0,1.5876542546229683e-07,0.0,0.0,11891.0,2.137083034713112e-09,0.0,0.0,107810.0,4.506400119490929e-08
8.0,3.0,0.0,8175.0,0.0,3.937376090730009e-09,0.0,0.0,9434.0,6.987840993721771e-08,0.0,0.0,34602.0,9.52592552773781e-08,0.0,0.0,11891.0,1.2822498208278672e-09,0.0,0.0,107810.0,2.7038400716945573e-08
8.0,4.0,0.0,8175.0,0.0,2.3624256544380055e-09,0.0,0.0,9434.0,4.192704596233062e-08,0.0,0.0,34602.0,5.715555316642685e-08,0.0,0.0,11891.0,7.693498924967203e-10,0.0,0.0,107810.0,1.6223040430167342e-08
8.0,5.0,0.0,8175.0,0.0,1.4174553926628033e-09,0.0,0.0,9434.0,2.5156227577398372e-08,0.0,0.0,34602.0,3.429333189985611e-08,0.0,0.0,11891.0,4.6160993549803215e-10,0.0,0.0,107810.0,9.733824258100405e-09
8.0,6.0,0.0,8175.0,0.0,8.504732355976819e-10,0.0,0.0,9434.0,1.509373654643902e-08,0.0,0.0,34602.0,2.0575999139913665e-08,0.0,0.0,11891.0,2.7696596129881927e-10,0.0,0.0,107810.0,5.840294554860243e-09
8.0,7.0,0.0,8175.0,0.0,5.102839413586091e-10,0.0,0.0,9434.0,9.056241927863413e-09,0.0,0.0,34602.0,1.2345599483948198e-08,0.0,0.0,11891.0,1.6617957677929156e-10,9.276e-06,1.0,107810.0,3.7139041767329165e-06
8.0,8.0,0.0,8175.0,0.0,3.0617036481516547e-10,0.0,0.0,9434.0,5.433745156718047e-09,0.0,0.0,34602.0,7.407359690368918e-09,0.0,0.0,11891.0,9.970774606757493e-11,0.0,0.0,107810.0,2.2283425060397497e-06
8.0,9.0,0.0,8175.0,0.0,1.8370221888909927e-10,0.0,0.0,9434.0,3.2602470940308282e-09,0.0,0.0,34602.0,4.444415814221351e-09,0.0,0.0,11891.0,5.982464764054496e-11,0.0,0.0,107810.0,1.3370055036238497e-06
8.0,10.0,0.0,8175.0,0.0,1.1022133133345956e-10,0.0,0.0,9434.0,1.9561482564184968e-09,0.0,0.0,34602.0,2.6666494885328104e-09,0.0,0.0,11891.0,3.589478858432697e-11,0.0,0.0,107810.0,8.022033021743098e-07
8.0,11.0,0.0,8175.0,0.0,6.613279880007573e-11,0.0,0.0,9434.0,1.173688953851098e-09,0.0,0.0,34602.0,1.5999896931196863e-09,0.0,0.0,11891.0,2.1536873150596184e-11,0.0,0.0,107810.0,4.813219813045858e-07
8.0,12.0,0.0,8175.0,0.0,3.967967928004544e-11,0.0,0.0,9434.0,7.042133723106587e-10,0.0,0.0,34602.0,9.599938158718118e-10,0.0,0.0,11891.0,1.292212389035771e-11,9.276e-06,1.0,107810.0,3.999193188782752e-06
8.0,13.0,0.0,8175.0,0.0,2.3807807568027263e-11,0.0,0.0,9434.0,4.2252802338639523e-10,0.0,0.0,34602.0,5.75996289523087e-10,8.4097e-05,1.0,11891.0,3.3638807753274335e-05,0.0,0.0,107810.0,2.399515913269651e-06
8.0,14.0,0.0,8175.0,0.0,1.4284684540816358e-11,0.0,0.0,9434.0,2.5351681403183715e-10,0.0,0.0,34602.0,3.455977737138522e-10,0.0,0.0,11891.0,2.01832846519646e-05,0.0,0.0,107810.0,1.4397095479617904e-06
8.0,15.0,0.0,8175.0,0.0,8.570810724489815e-12,0.0,0.0,9434.0,1.5211008841910228e-10,0.0,0.0,34602.0,2.0735866422831134e-10,0.0,0.0,11891.0,1.210997079117876e-05,0.0,0.0,107810.0,8.638257287770742e-07
8.0,16.0,0.0,8175.0,0.0,5.142486434693889e-12,0.000106,1.0,9434.0,4.240009126605305e-05,0.0,0.0,34602.0,1.2441519853698679e-10,0.0,0.0,11891.0,7.265982474707256e-06,3.7102e-05,4.0,107810.0,1.5359095437266244e-05
8.0,17.0,0.0,8175.0,0.0,3.085491860816333e-12,0.00021199900000000001,2.0,9434.0,0.00011023965475963185,0.0,0.0,34602.0,7.464911912219207e-11,0.0,0.0,11891.0,4.359589484824353e-06,8.348e-05,9.0,107810.0,4.2607457262359745e-05
8.0,18.0,0.000611621,8175.0,5.0,0.0002446484018512951,0.001483994,14.0,9434.0,0.0006597413928557792,0.0,0.0,34602.0,4.478947147331524e-11,0.0,0.0,11891.0,2.6157536908946116e-06,5.5653000000000004e-05,6.0,107810.0,4.782567435741585e-05
8.0,19.0,0.000733945,8175.0,6.0,0.0004403670411107771,0.002649989,25.0,9434.0,0.0014558404357134678,0.000231201,8.0,34602.0,9.24804268736829e-05,0.000252292,3.0,11891.0,0.00010248625221453677,0.00021333799999999998,23.0,107810.0,0.00011403060461444951
8.0,20.0,0.000978593,8175.0,8.0,0.0006556574246664663,0.000953996,9.0,9434.0,0.0012551026614280808,0.000289001,10.0,34602.0,0.00017108865612420975,0.0005045830000000001,6.0,11891.0,0.00026332495132872207,0.0008348019999999999,90.0,107810.0,0.0004023391627686697
8.0,21.0,0.0011009169999999999,8175.0,9.0,0.0008337612547998797,0.000847997,8.0,9434.0,0.0010922603968568484,0.000375701,13.0,34602.0,0.0002529335936745259,0.0005045830000000001,6.0,11891.0,0.0003598281707972333,0.000519432,56.0,107810.0,0.0004491762976612018
8.0,22.0,0.000978593,8175.0,8.0,0.0008916939528799278,0.0018019929999999998,17.0,9434.0,0.001376153438114109,0.000838102,29.0,34602.0,0.0004870009562047155,0.000168194,2.0,11891.0,0.00028317450247834,0.000751322,81.0,107810.0,0.0005700345785967212
8.0,23.0,0.0008562689999999999,8175.0,7.0,0.0008775239717279566,0.000741997,7.0,9434.0,0.0011224908628684653,0.000809202,28.0,34602.0,0.0006158813737228294,0.0005045830000000001,6.0,11891.0,0.00037173790148700405,0.0007420460000000001,80.0,107810.0,0.0006388391471580327
8.0,24.0,0.000611621,8175.0,5.0,0.0007711627830367739,0.001483994,14.0,9434.0,0.0012670921177210792,0.000751402,26.0,34602.0,0.0006700896242336976,0.00042048599999999997,5.0,11891.0,0.00039123714089220243,0.000556535,60.0,107810.0,0.0006059174882948196
8.0,25.0,0.0,8175.0,0.0,0.00046269766982206433,0.00021199900000000001,2.0,9434.0,0.0008450548706326475,0.001098202,38.0,34602.0,0.0008413345745402186,8.4097e-05,1.0,11891.0,0.00026838108453532144,0.000510157,55.0,107810.0,0.0005676132929768918
8.0,26.0,0.000244648,8175.0,2.0,0.0003754778018932386,0.00021199900000000001,2.0,9434.0,0.0005918325223795884,0.000982602,34.0,34602.0,0.0008978415447241312,0.0,0.0,11891.0,0.00016102865072119285,0.000463779,50.0,107810.0,0.0005260795757861351
8.0,27.0,0.000244648,8175.0,2.0,0.0003231458811359431,0.0005299980000000001,5.0,9434.0,0.0005670987134277531,0.000404601,14.0,34602.0,0.0007005453268344788,0.0,0.0,11891.0,9.661719043271571e-05,0.000556535,60.0,107810.0,0.0005382617454716811
8.0,28.0,0.00036697199999999997,8175.0,3.0,0.00034067632868156584,0.001271995,12.0,9434.0,0.0008490572280566518,0.000317901,11.0,34602.0,0.0005474875961006872,0.000168194,2.0,11891.0,0.00012524791425962942,0.00048233,52.0,107810.0,0.0005158890472830086
8.0,29.0,0.0,8175.0,0.0,0.0002044057972089395,0.0010599960000000001,10.0,9434.0,0.0009334327368339911,0.000375701,13.0,34602.0,0.0004787729576604123,0.000168194,2.0,11891.0,0.00014242634855577763,0.00045450300000000004,49.0,107810.0,0.0004913346283698051
8.0,30.0,0.0,8175.0,0.0,0.0001226434783253637,0.001165995,11.0,9434.0,0.0010264576421003947,0.000578001,20.0,34602.0,0.0005184641745962473,8.4097e-05,1.0,11891.0,0.00011909460913346658,0.000324645,35.0,107810.0,0.0004246587770218831
8.0,31.0,0.0,8175.0,0.0,7.358608699521821e-05,0.001377994,13.0,9434.0,0.0011670721852602367,0.000289001,10.0,34602.0,0.0004266789047577484,8.4097e-05,1.0,11891.0,0.00010509556548007995,0.00030609400000000003,33.0,107810.0,0.0003772328662131299
8.0,32.0,0.0,8175.0,0.0,4.415165219713092e-05,0.00042399800000000003,4.0,9434.0,0.0008698425111561421,0.000260101,9.0,34602.0,0.00036004774285464905,0.0,0.0,11891.0,6.305733928804796e-05,0.000435952,47.0,107810.0,0.00040072051972787795
8.0,33.0,0.0,8175.0,0.0,2.6490991318278552e-05,0.00021199900000000001,2.0,9434.0,0.0006067051066936852,0.00014450000000000002,5.0,34602.0,0.00027382864571278944,8.4097e-05,1.0,11891.0,7.147320357282877e-05,0.000380299,41.0,107810.0,0.0003925519118367268
8.0,34.0,0.0,8175.0,0.0,1.589459479096713e-05,0.000317999,3.0,9434.0,0.0004912226640162111,0.0,0.0,34602.0,0.00016429718742767366,0.0,0.0,11891.0,4.288392214369726e-05,0.000343196,37.0,107810.0,0.0003728095471020361
8.0,35.0,0.0,8175.0,0.0,9.536756874580278e-06,0.00042399800000000003,4.0,9434.0,0.0004643327984097267,0.0,0.0,34602.0,9.857831245660419e-05,0.0,0.0,11891.0,2.5730353286218357e-05,0.000343196,37.0,107810.0,0.00036096412826122165
8.0,36.0,0.0,8175.0,0.0,5.722054124748166e-06,0.000317999,3.0,9434.0,0.000405799279045836,0.0,0.0,34602.0,5.914698747396251e-05,0.0,0.0,11891.0,1.5438211971731014e-05,0.00013913399999999999,15.0,107810.0,0.000272232076956733
8.0,37.0,0.0,8175.0,0.0,3.4332324748488997e-06,0.000635997,6.0,9434.0,0.0004978783674275016,0.0,0.0,34602.0,3.548819248437751e-05,0.0,0.0,11891.0,9.262927183038609e-06,0.000157685,17.0,107810.0,0.00022641324617403977
8.0,38.0,0.0,8175.0,0.0,2.05993948490934e-06,0.000317999,3.0,9434.0,0.00042592662045650093,2.8899999999999998e-05,1.0,34602.0,3.28529154906265e-05,0.0,0.0,11891.0,5.557756309823165e-06,5.5653000000000004e-05,6.0,107810.0,0.00015810914770442386
8.0,39.0,0.0,8175.0,0.0,1.235963690945604e-06,0.00021199900000000001,2.0,9434.0,0.00034035557227390055,5.7799999999999995e-05,2.0,34602.0,4.28317492943759e-05,0.0,0.0,11891.0,3.334653785893899e-06,2.7827e-05,3.0,107810.0,0.0001059962886226543
8.0,40.0,0.0,8175.0,0.0,7.415782145673623e-07,0.0,0.0,9434.0,0.00020421334336434032,2.8899999999999998e-05,1.0,34602.0,3.725904957662554e-05,0.0,0.0,11891.0,2.000792271536339e-06,6.4929e-05,7.0,107810.0,8.956937317359258e-05
8.0,41.0,0.0,8175.0,0.0,4.449469287404174e-07,0.0,0.0,9434.0,0.00012252800601860418,0.0,0.0,34602.0,2.2355429745975322e-05,0.0,0.0,11891.0,1.2004753629218035e-06,5.5653000000000004e-05,6.0,107810.0,7.600282390415555e-05
8.0,42.0,0.0,8175.0,0.0,2.669681572442504e-07,0.0,0.0,9434.0,7.351680361116251e-05,0.0,0.0,34602.0,1.3413257847585192e-05,0.0,0.0,11891.0,7.20285217753082e-07,0.0,0.0,107810.0,4.5601694342493325e-05
8.0,43.0,0.0,8175.0,0.0,1.6018089434655025e-07,0.0,0.0,9434.0,4.411008216669751e-05,0.0,0.0,34602.0,8.047954708551115e-06,0.0,0.0,11891.0,4.321711306518492e-07,0.0,0.0,107810.0,2.7361016605495995e-05
8.0,44.0,0.0,8175.0,0.0,9.610853660793015e-08,0.0,0.0,9434.0,2.6466049300018505e-05,0.0,0.0,34602.0,4.828772825130669e-06,0.0,0.0,11891.0,2.593026783911095e-07,0.0,0.0,107810.0,1.6416609963297597e-05
8.0,45.0,0.0,8175.0,0.0,5.766512196475808e-08,0.0,0.0,9434.0,1.5879629580011102e-05,0.0,0.0,34602.0,2.8972636950784013e-06,0.0,0.0,11891.0,1.555816070346657e-07,0.0,0.0,107810.0,9.849965977978557e-06
8.0,46.0,0.0,8175.0,0.0,3.459907317885485e-08,0.0,0.0,9434.0,9.52777774800666e-06,0.0,0.0,34602.0,1.7383582170470407e-06,0.0,0.0,11891.0,9.334896422079941e-08,0.0,0.0,107810.0,5.909979586787134e-06
8.0,47.0,0.0,8175.0,0.0,2.075944390731291e-08,0.0,0.0,9434.0,5.716666648803996e-06,0.0,0.0,34602.0,1.0430149302282243e-06,0.0,0.0,11891.0,5.600937853247964e-08,0.0,0.0,107810.0,3.54598775207228e-06
8.0,48.0,0.0,8175.0,0.0,1.2455666344387746e-08,0.0,0.0,9434.0,3.4299999892823974e-06,0.0,0.0,34602.0,6.258089581369345e-07,0.0,0.0,11891.0,3.360562711948778e-08,0.0,0.0,107810.0,2.1275926512433677e-06
8.0,49.0,0.0,8175.0,0.0,7.473399806632647e-09,0.0,0.0,9434.0,2.0579999935694386e-06,0.0,0.0,34602.0,3.754853748821607e-07,0.0,0.0,11891.0,2.0163376271692668e-08,0.0,0.0,107810.0,1.2765555907460205e-06
8.0,50.0,0.0,8175.0,0.0,4.484039883979588e-09,0.0,0.0,9434.0,1.234799996141663e-06,0.0,0.0,34602.0,2.252912249292964e-07,0.0,0.0,11891.0,1.20980257630156e-08,0.0,0.0,107810.0,7.659333544476123e-07
8.0,51.0,0.0,8175.0,0.0,2.6904239303877527e-09,0.0,0.0,9434.0,7.408799976849978e-07,0.0,0.0,34602.0,1.3517473495757785e-07,0.0,0.0,11891.0,7.25881545780936e-09,0.0,0.0,107810.0,4.5956001266856735e-07
8.0,52.0,0.0,8175.0,0.0,1.6142543582326516e-09,0.0,0.0,9434.0,4.4452799861099865e-07,0.0,0.0,34602.0,8.11048409745467e-08,0.0,0.0,11891.0,4.355289274685616e-09,0.0,0.0,107810.0,2.757360076011404e-07
9.0,1.0,0.0,8386.0,0.0,9.685526149395909e-10,0.0,0.0,9434.0,2.667167991665992e-07,0.0,0.0,34602.0,4.866290458472802e-08,0.0,0.0,11891.0,2.6131735648113694e-09,0.0,0.0,107810.0,1.6544160456068425e-07
9.0,2.0,0.0,8386.0,0.0,5.811315689637546e-10,0.0,0.0,9424.0,1.600300794999595e-07,0.0,0.0,34738.0,2.919774275083681e-08,0.0,0.0,12013.0,1.5679041388868217e-09,0.0,0.0,111682.0,9.926496273641054e-08
9.0,3.0,0.0,8386.0,0.0,3.4867894137825274e-10,0.0,0.0,9424.0,9.60180476999757e-08,0.0,0.0,34738.0,1.7518645650502085e-08,0.0,0.0,12013.0,9.407424833320929e-10,0.0,0.0,111682.0,5.955897764184632e-08
9.0,4.0,0.0,8386.0,0.0,2.0920736482695164e-10,0.0,0.0,9424.0,5.761082861998542e-08,0.0,0.0,34738.0,1.051118739030125e-08,0.0,0.0,12013.0,5.644454899992557e-10,0.0,0.0,111682.0,3.5735386585107794e-08
9.0,5.0,0.0,8386.0,0.0,1.2552441889617097e-10,0.0,0.0,9424.0,3.456649717199125e-08,0.0,0.0,34738.0,6.30671243418075e-09,0.0,0.0,12013.0,3.386672939995534e-10,0.0,0.0,111682.0,2.1441231951064674e-08
9.0,6.0,0.0,8386.0,0.0,7.531465133770257e-11,0.0,0.0,9424.0,2.0739898303194748e-08,0.0,0.0,34738.0,3.784027460508449e-09,0.0,0.0,12013.0,2.0320037639973205e-10,0.0,0.0,111682.0,1.2864739170638805e-08
9.0,7.0,0.0,8386.0,0.0,4.518879080262154e-11,0.0,0.0,9424.0,1.2443938981916848e-08,0.0,0.0,34738.0,2.2704164763050695e-09,0.0,0.0,12013.0,1.2192022583983921e-10,0.0,0.0,111682.0,7.718843502383282e-09
9.0,8.0,0.0,8386.0,0.0,2.7113274481572924e-11,0.0,0.0,9424.0,7.466363389150109e-09,0.0,0.0,34738.0,1.3622498857830418e-09,0.0,0.0,12013.0,7.315213550390353e-11,0.0,0.0,111682.0,4.631306101429969e-09
9.0,9.0,0.0,8386.0,0.0,1.6267964688943752e-11,0.0,0.0,9424.0,4.479818033490065e-09,0.0,0.0,34738.0,8.173499314698251e-10,0.0,0.0,12013.0,4.389128130234211e-11,0.0,0.0,111682.0,2.778783660857981e-09
9.0,10.0,0.0,8386.0,0.0,9.760778813366251e-12,0.0,0.0,9424.0,2.6878908200940387e-09,0.0,0.0,34738.0,4.90409958881895e-10,8.3241e-05,1.0,12013.0,3.3296426334768786e-05,0.0,0.0,111682.0,1.6672701965147887e-09
9.0,11.0,0.0,8386.0,0.0,5.85646728801975e-12,0.0,0.0,9424.0,1.6127344920564231e-09,0.0,0.0,34738.0,2.94245975329137e-10,8.3241e-05,1.0,12013.0,5.327425580086127e-05,8.954e-06,1.0,111682.0,3.5826003621179087e-06
9.0,12.0,0.0,8386.0,0.0,3.5138803728118498e-12,0.0,0.0,9424.0,9.676406952338538e-10,0.0,0.0,34738.0,1.7654758519748218e-10,8.3241e-05,1.0,12013.0,6.526095348051677e-05,1.7908e-05,2.0,111682.0,9.312760217270745e-06
9.0,13.0,0.0,8386.0,0.0,2.1083282236871096e-12,0.0,0.0,9424.0,5.805844171403123e-10,2.8786999999999997e-05,1.0,34738.0,1.151490592855112e-05,0.00016648299999999998,2.0,12013.0,0.00010574977208831005,4.477e-05,5.0,111682.0,2.349565613036245e-05
9.0,14.0,0.0,8386.0,0.0,1.2649969342122657e-12,0.0,0.0,9424.0,3.4835065028418735e-10,0.0,0.0,34738.0,6.908943557130671e-06,8.3241e-05,1.0,12013.0,9.674626325298603e-05,0.0,0.0,111682.0,1.4097393678217469e-05
9.0,15.0,0.00011924200000000001,8386.0,1.0,4.769680075899817e-05,0.0,0.0,9424.0,2.0901039017051242e-10,0.0,0.0,34738.0,4.145366134278402e-06,0.0,0.0,12013.0,5.8047757951791616e-05,8.954e-06,1.0,111682.0,1.2040036206930481e-05
9.0,16.0,0.0,8386.0,0.0,2.86180804553989e-05,0.000318336,3.0,9424.0,0.0001273345254062341,0.0,0.0,34738.0,2.4872196805670415e-06,0.0,0.0,12013.0,3.482865477107497e-05,8.0586e-05,9.0,111682.0,3.9458421724158295e-05
9.0,17.0,0.000238483,8386.0,2.0,0.00011256404827323934,0.0007427839999999999,7.0,9424.0,0.00037351431524374043,0.0,0.0,34738.0,1.4923318083402248e-06,0.0,0.0,12013.0,2.0897192862644983e-05,0.00013431,15.0,111682.0,7.739905303449498e-05
9.0,18.0,0.000596209,8386.0,5.0,0.00030602202896394363,0.000636672,6.0,9424.0,0.00047877738914624425,0.00017272400000000002,6.0,34738.0,6.998499908500415e-05,0.0,0.0,12013.0,1.253831571758699e-05,0.000232803,26.0,111682.0,0.000139560631820697
9.0,19.0,0.000357725,8386.0,3.0,0.0003267032173783662,0.000212224,2.0,9424.0,0.00037215603348774654,0.00031666,11.0,34738.0,0.0001686549994510025,0.00016648299999999998,2.0,12013.0,7.411618943055218e-05,0.000259665,29.0,111682.0,0.0001876023790924182
9.0,20.0,0.000238483,8386.0,2.0,0.0002914151304270197,0.000106112,1.0,9424.0,0.0002657384200926479,0.00031666,11.0,34738.0,0.00022785699967060153,0.000416207,5.0,12013.0,0.0002109525136583313,0.000456653,51.0,111682.0,0.0002952226274554509
9.0,21.0,0.00011924200000000001,8386.0,1.0,0.00022254587825621183,0.000848895,8.0,9424.0,0.0004990010520555888,0.000921194,32.0,34738.0,0.0005051917998023609,0.00016648299999999998,2.0,12013.0,0.00019316470819499875,0.000331297,37.0,111682.0,0.0003096523764732705
9.0,22.0,0.00011924200000000001,8386.0,1.0,0.0001812243269537271,0.000424448,4.0,9424.0,0.00046917983123335327,0.00149694,52.0,34738.0,0.0009018910798814166,0.001248622,15.0,12013.0,0.0006153476249169993,0.0005820080000000001,65.0,111682.0,0.00041859462588396233
9.0,23.0,0.000357725,8386.0,3.0,0.00025182459617223625,0.001379455,13.0,9424.0,0.000833289898740012,0.002216623,77.0,34738.0,0.0014277838479288501,0.0015815879999999999,19.0,12013.0,0.0010018437749501996,0.000671548,75.0,111682.0,0.0005197759755303774
9.0,24.0,0.000357725,8386.0,3.0,0.00029418475770334176,0.0011672310000000001,11.0,9424.0,0.0009668663392440073,0.002389347,83.0,34738.0,0.00181240910875731,0.000749173,9.0,12013.0,0.0009007754649701198,0.000626778,70.0,111682.0,0.0005625767853182264
