year,flu week,MI rate,MI pop,MI count,MI weighted rate,SA rate,SA count,SA pop,SA weighted rate,MS rate,MS count,MS pop,MS weighted rate
,,,,,0.0,,,,,,,,
1.0,1.0,0.0,4223.0,0.0,0.0,,,,0.0,,,,0.0
1.0,2.0,0.0,4223.0,0.0,0.0,0.0,0.0,11394.0,0.0,0.0,0.0,109432.0,0.0
1.0,3.0,0.0,4223.0,0.0,0.0,0.0,0.0,11394.0,0.0,0.00017362400000000002,19.0,109432.0,1.73624e-05
1.0,4.0,0.0,4223.0,0.0,0.0,0.0,0.0,11394.0,0.0,0.001060019,116.0,109432.0,0.00012162806
1.0,5.0,0.0,4223.0,0.0,0.0,8.7765e-05,1.0,11394.0,8.7765e-06,0.00020103799999999998,22.0,109432.0,0.000129569054
1.0,6.0,0.0,4223.0,0.0,0.0,0.0,0.0,11394.0,7.89885e-06,0.000118795,13.0,109432.0,0.00012849164860000002
1.0,7.0,0.000236798,4223.0,1.0,2.3679800000000003e-05,0.001053186,12.0,11394.0,0.000112427565,0.0,0.0,109432.0,0.00011564248374000002
1.0,8.0,0.0,4223.0,0.0,2.1311820000000003e-05,0.003159558,36.0,11394.0,0.0004171406085,0.0,0.0,109432.0,0.00010407823536600002
1.0,9.0,0.0,4223.0,0.0,1.9180638000000005e-05,0.001579779,18.0,11394.0,0.00053340444765,0.000182762,20.0,109432.0,0.00011194661182940003
1.0,10.0,0.0,4223.0,0.0,1.7262574200000005e-05,0.001579779,18.0,11394.0,0.000638041902885,4.569e-05,5.0,109432.0,0.00010532095064646003
1.0,11.0,0.0,4223.0,0.0,1.5536316780000006e-05,0.000526593,6.0,11394.0,0.0006268970125965001,0.0,0.0,109432.0,9.478885558181403e-05
1.0,12.0,0.0,4223.0,0.0,1.3982685102000005e-05,0.001053186,12.0,11394.0,0.0006695259113368502,0.0,0.0,109432.0,8.530997002363263e-05
1.0,13.0,0.0,4223.0,0.0,1.2584416591800006e-05,0.0006143580000000001,7.0,11394.0,0.0006640091202031653,0.0,0.0,109432.0,7.677897302126937e-05
1.0,14.0,0.0,4223.0,0.0,1.1325974932620006e-05,0.0006143580000000001,7.0,11394.0,0.0006590440081828488,0.0,0.0,109432.0,6.910107571914244e-05
1.0,15.0,0.0,4223.0,0.0,1.0193377439358006e-05,0.000263296,3.0,11394.0,0.000619469207364564,0.0,0.0,109432.0,6.21909681472282e-05
1.0,16.0,0.0,4223.0,0.0,9.174039695422206e-06,8.7765e-05,1.0,11394.0,0.0005662987866281076,0.0,0.0,109432.0,5.597187133250538e-05
1.0,17.0,0.0,4223.0,0.0,8.256635725879986e-06,0.00017553099999999998,2.0,11394.0,0.0005272220079652969,0.0,0.0,109432.0,5.037468419925484e-05
1.0,18.0,0.0,4223.0,0.0,7.430972153291987e-06,8.7765e-05,1.0,11394.0,0.0004832763071687672,0.0,0.0,109432.0,4.533721577932936e-05
1.0,19.0,0.0,4223.0,0.0,6.6878749379627885e-06,0.0,0.0,11394.0,0.0004349486764518905,0.0,0.0,109432.0,4.080349420139642e-05
1.0,20.0,0.0,4223.0,0.0,6.01908744416651e-06,0.0,0.0,11394.0,0.00039145380880670146,0.0,0.0,109432.0,3.672314478125678e-05
1.0,21.0,0.0,4223.0,0.0,5.417178699749859e-06,0.0,0.0,11394.0,0.0003523084279260313,0.0,0.0,109432.0,3.3050830303131104e-05
1.0,22.0,0.0,4223.0,0.0,4.875460829774874e-06,8.7765e-05,1.0,11394.0,0.0003258540851334282,0.0,0.0,109432.0,2.9745747272817993e-05
1.0,23.0,0.0,4223.0,0.0,4.3879147467973865e-06,8.7765e-05,1.0,11394.0,0.0003020451766200854,0.0,0.0,109432.0,2.6771172545536193e-05
1.0,24.0,0.0,4223.0,0.0,3.949123272117648e-06,0.000263296,3.0,11394.0,0.0002981702589580769,0.0,0.0,109432.0,2.4094055290982574e-05
1.0,25.0,0.0,4223.0,0.0,3.5542109449058836e-06,0.0,0.0,11394.0,0.0002683532330622692,0.0,0.0,109432.0,2.1684649761884316e-05
1.0,26.0,0.0,4223.0,0.0,3.198789850415295e-06,0.0,0.0,11394.0,0.00024151790975604227,0.0,0.0,109432.0,1.9516184785695884e-05
1.0,27.0,0.0,4223.0,0.0,2.8789108653737656e-06,8.7765e-05,1.0,11394.0,0.00022614261878043805,0.0,0.0,109432.0,1.7564566307126295e-05
1.0,28.0,0.0,4223.0,0.0,2.591019778836389e-06,0.0,0.0,11394.0,0.00020352835690239424,0.0,0.0,109432.0,1.5808109676413664e-05
1.0,29.0,0.0,4223.0,0.0,2.33191780095275e-06,0.0,0.0,11394.0,0.0001831755212121548,0.0,0.0,109432.0,1.4227298708772298e-05
1.0,30.0,0.0,4223.0,0.0,2.098726020857475e-06,0.0,0.0,11394.0,0.00016485796909093933,0.0,0.0,109432.0,1.2804568837895068e-05
1.0,31.0,0.0,4223.0,0.0,1.8888534187717275e-06,0.0,0.0,11394.0,0.0001483721721818454,0.0,0.0,109432.0,1.1524111954105561e-05
1.0,32.0,0.0,4223.0,0.0,1.6999680768945547e-06,0.00035106199999999997,4.0,11394.0,0.00016864115496366085,0.0,0.0,109432.0,1.0371700758695005e-05
1.0,33.0,0.0,4223.0,0.0,1.5299712692050993e-06,0.0,0.0,11394.0,0.00015177703946729477,9.138e-06,1.0,109432.0,1.0248330682825504e-05
1.0,34.0,0.0,4223.0,0.0,1.3769741422845894e-06,0.0,0.0,11394.0,0.0001365993355205653,0.0,0.0,109432.0,9.223497614542953e-06
1.0,35.0,0.0,4223.0,0.0,1.2392767280561306e-06,0.0,0.0,11394.0,0.00012293940196850877,0.0,0.0,109432.0,8.301147853088658e-06
1.0,36.0,0.0,4223.0,0.0,1.1153490552505175e-06,0.0,0.0,11394.0,0.0001106454617716579,0.0,0.0,109432.0,7.471033067779792e-06
1.0,37.0,0.0,4223.0,0.0,1.0038141497254657e-06,0.0,0.0,11394.0,9.95809155944921e-05,0.0,0.0,109432.0,6.723929761001813e-06
1.0,38.0,0.0,4223.0,0.0,9.034327347529192e-07,0.0,0.0,11394.0,8.96228240350429e-05,0.0,0.0,109432.0,6.051536784901632e-06
1.0,39.0,0.0,4223.0,0.0,8.130894612776273e-07,0.0,0.0,11394.0,8.066054163153861e-05,0.0,0.0,109432.0,5.446383106411469e-06
1.0,40.0,0.0,4223.0,0.0,7.317805151498646e-07,0.0,0.0,11394.0,7.259448746838475e-05,0.0,0.0,109432.0,4.901744795770322e-06
1.0,41.0,0.0,4223.0,0.0,6.586024636348782e-07,0.0,0.0,11394.0,6.533503872154628e-05,0.0,0.0,109432.0,4.41157031619329e-06
1.0,42.0,0.0,4223.0,0.0,5.927422172713904e-07,0.0,0.0,11394.0,5.880153484939166e-05,0.0,0.0,109432.0,3.970413284573961e-06
1.0,43.0,0.0,4223.0,0.0,5.334679955442514e-07,0.0,0.0,11394.0,5.292138136445249e-05,0.0,0.0,109432.0,3.573371956116565e-06
1.0,44.0,0.0,4223.0,0.0,4.801211959898263e-07,0.0,0.0,11394.0,4.762924322800724e-05,0.0,0.0,109432.0,3.216034760504909e-06
1.0,45.0,0.0,4223.0,0.0,4.3210907639084367e-07,0.0,0.0,11394.0,4.2866318905206515e-05,0.0,0.0,109432.0,2.894431284454418e-06
1.0,46.0,0.0,4223.0,0.0,3.888981687517593e-07,0.0,0.0,11394.0,3.857968701468587e-05,0.0,0.0,109432.0,2.6049881560089763e-06
1.0,47.0,0.0,4223.0,0.0,3.500083518765834e-07,0.0,0.0,11394.0,3.472171831321728e-05,0.0,0.0,109432.0,2.344489340408079e-06
1.0,48.0,0.0,4223.0,0.0,3.1500751668892504e-07,0.0,0.0,11394.0,3.1249546481895555e-05,0.0,0.0,109432.0,2.110040406367271e-06
1.0,49.0,0.0,4223.0,0.0,2.8350676502003253e-07,0.0,0.0,11394.0,2.8124591833706e-05,0.0,0.0,109432.0,1.899036365730544e-06
1.0,50.0,0.0,4223.0,0.0,2.5515608851802927e-07,0.0,0.0,11394.0,2.53121326503354e-05,0.0,0.0,109432.0,1.7091327291574896e-06
1.0,51.0,0.0,4223.0,0.0,2.2964047966622635e-07,0.0,0.0,11394.0,2.278091938530186e-05,0.0,0.0,109432.0,1.5382194562417407e-06
1.0,52.0,0.0,4223.0,0.0,2.0667643169960373e-07,0.0,0.0,11394.0,2.0502827446771675e-05,0.0,0.0,109432.0,1.3843975106175665e-06
1.0,53.0,0.0,4223.0,0.0,1.8600878852964336e-07,0.0,0.0,11394.0,1.8452544702094507e-05,0.0,0.0,109432.0,1.2459577595558099e-06
2.0,1.0,0.0,4212.0,0.0,1.6740790967667903e-07,0.0,0.0,11394.0,1.6607290231885056e-05,0.0,0.0,109432.0,1.121361983600229e-06
2.0,2.0,0.0,4212.0,0.0,1.5066711870901114e-07,0.0,0.0,11392.0,1.4946561208696552e-05,0.0,0.0,110172.0,1.009225785240206e-06
2.0,3.0,0.0,4212.0,0.0,1.3560040683811002e-07,0.0,0.0,11392.0,1.3451905087826898e-05,0.0,0.0,110172.0,9.083032067161856e-07
2.0,4.0,0.0,4212.0,0.0,1.2204036615429902e-07,0.0,0.0,11392.0,1.2106714579044208e-05,0.0,0.0,110172.0,8.17472886044567e-07
2.0,5.0,0.0,4212.0,0.0,1.0983632953886912e-07,0.0,0.0,11392.0,1.0896043121139787e-05,0.0,0.0,110172.0,7.357255974401103e-07
2.0,6.0,0.0,4212.0,0.0,9.885269658498221e-08,0.0,0.0,11392.0,9.806438809025809e-06,0.0,0.0,110172.0,6.621530376960993e-07
2.0,7.0,0.0,4212.0,0.0,8.896742692648399e-08,0.0,0.0,11392.0,8.825794928123228e-06,0.0,0.0,110172.0,5.959377339264894e-07
2.0,8.0,0.0,4212.0,0.0,8.007068423383559e-08,0.0,0.0,11392.0,7.943215435310906e-06,0.0,0.0,110172.0,5.363439605338405e-07
2.0,9.0,0.0,4212.0,0.0,7.206361581045204e-08,0.0,0.0,11392.0,7.148893891779815e-06,0.0,0.0,110172.0,4.827095644804565e-07
2.0,10.0,0.0,4212.0,0.0,6.485725422940683e-08,0.0,0.0,11392.0,6.434004502601834e-06,0.0,0.0,110172.0,4.3443860803241087e-07
2.0,11.0,0.0,4212.0,0.0,5.8371528806466154e-08,0.0,0.0,11392.0,5.790604052341651e-06,0.0,0.0,110172.0,3.909947472291698e-07
2.0,12.0,0.0,4212.0,0.0,5.253437592581954e-08,0.0,0.0,11392.0,5.2115436471074855e-06,0.0,0.0,110172.0,3.518952725062528e-07
2.0,13.0,0.0,4212.0,0.0,4.728093833323759e-08,0.0,0.0,11392.0,4.690389282396737e-06,0.0,0.0,110172.0,3.1670574525562756e-07
2.0,14.0,0.0,4212.0,0.0,4.255284449991383e-08,0.0,0.0,11392.0,4.221350354157064e-06,9.077e-06,1.0,110172.0,1.1927351707300648e-06
2.0,15.0,0.0,4212.0,0.0,3.829756004992245e-08,0.0,0.0,11392.0,3.7992153187413574e-06,0.0,0.0,110172.0,1.0734616536570584e-06
2.0,16.0,0.0,4212.0,0.0,3.4467804044930206e-08,0.0,0.0,11392.0,3.4192937868672217e-06,9.077e-06,1.0,110172.0,1.8738154882913527e-06
2.0,17.0,0.0,4212.0,0.0,3.1021023640437185e-08,0.0,0.0,11392.0,3.0773644081804998e-06,9.077e-06,1.0,110172.0,2.5941339394622172e-06
2.0,18.0,0.0,4212.0,0.0,2.7918921276393466e-08,0.0,0.0,11392.0,2.7696279673624497e-06,9.077e-06,1.0,110172.0,3.2424205455159955e-06
2.0,19.0,0.0,4212.0,0.0,2.512702914875412e-08,0.0,0.0,11392.0,2.4926651706262046e-06,2.723e-05,3.0,110172.0,5.641178490964396e-06
2.0,20.0,0.0,4212.0,0.0,2.261432623387871e-08,0.0,0.0,11392.0,2.243398653563584e-06,9.077e-06,1.0,110172.0,5.984760641867956e-06
2.0,21.0,0.0,4212.0,0.0,2.0352893610490837e-08,0.0,0.0,11392.0,2.0190587882072256e-06,2.723e-05,3.0,110172.0,8.109284577681161e-06
2.0,22.0,0.0,4212.0,0.0,1.8317604249441755e-08,0.000263343,3.0,11392.0,2.8151452909386504e-05,1.8153e-05,2.0,110172.0,9.113656119913045e-06
2.0,23.0,0.0,4212.0,0.0,1.648584382449758e-08,0.0,0.0,11392.0,2.5336307618447855e-05,1.8153e-05,2.0,110172.0,1.0017590507921741e-05
2.0,24.0,0.0,4212.0,0.0,1.4837259442047821e-08,0.0,0.0,11392.0,2.280267685660307e-05,1.8153e-05,2.0,110172.0,1.0831131457129567e-05
2.0,25.0,0.0,4212.0,0.0,1.3353533497843039e-08,0.0,0.0,11392.0,2.0522409170942765e-05,0.0,0.0,110172.0,9.748018311416611e-06
2.0,26.0,0.0,4212.0,0.0,1.2018180148058735e-08,0.0,0.0,11392.0,1.847016825384849e-05,1.8153e-05,2.0,110172.0,1.0588516480274951e-05
2.0,27.0,0.0,4212.0,0.0,1.0816362133252863e-08,0.0,0.0,11392.0,1.662315142846364e-05,2.723e-05,3.0,110172.0,1.2252664832247456e-05
2.0,28.0,0.0,4212.0,0.0,9.734725919927576e-09,0.0,0.0,11392.0,1.4960836285617276e-05,0.0,0.0,110172.0,1.1027398349022711e-05
2.0,29.0,0.0,4212.0,0.0,8.761253327934819e-09,0.0,0.0,11392.0,1.3464752657055548e-05,3.6306999999999996e-05,4.0,110172.0,1.3555358514120441e-05
2.0,30.0,0.0,4212.0,0.0,7.885127995141337e-09,0.0,0.0,11392.0,1.2118277391349994e-05,0.0,0.0,110172.0,1.2199822662708398e-05
2.0,31.0,0.0,4212.0,0.0,7.096615195627203e-09,0.0,0.0,11392.0,1.0906449652214995e-05,0.0,0.0,110172.0,1.097984039643756e-05
2.0,32.0,0.0,4212.0,0.0,6.386953676064482e-09,0.0,0.0,11392.0,9.815804686993496e-06,0.0,0.0,110172.0,9.881856356793804e-06
2.0,33.0,0.0,4212.0,0.0,5.748258308458034e-09,0.0,0.0,11392.0,8.834224218294146e-06,0.0,0.0,110172.0,8.893670721114424e-06
2.0,34.0,0.0,4212.0,0.0,5.173432477612231e-09,0.0,0.0,11392.0,7.950801796464733e-06,0.0,0.0,110172.0,8.004303649002982e-06
2.0,35.0,0.0,4212.0,0.0,4.656089229851008e-09,0.0,0.0,11392.0,7.15572161681826e-06,0.0,0.0,110172.0,7.203873284102684e-06
2.0,36.0,0.0,4212.0,0.0,4.190480306865907e-09,0.0,0.0,11392.0,6.440149455136434e-06,0.0,0.0,110172.0,6.483485955692415e-06
2.0,37.0,0.0,4212.0,0.0,3.771432276179316e-09,0.0,0.0,11392.0,5.796134509622791e-06,0.0,0.0,110172.0,5.835137360123174e-06
2.0,38.0,0.0,4212.0,0.0,3.3942890485613844e-09,0.0,0.0,11392.0,5.216521058660512e-06,0.0,0.0,110172.0,5.251623624110857e-06
2.0,39.0,0.0,4212.0,0.0,3.054860143705246e-09,0.0,0.0,11392.0,4.694868952794461e-06,0.0,0.0,110172.0,4.7264612616997716e-06
2.0,40.0,0.0,4212.0,0.0,2.7493741293347214e-09,0.0,0.0,11392.0,4.2253820575150145e-06,0.0,0.0,110172.0,4.253815135529795e-06
2.0,41.0,0.0,4212.0,0.0,2.4744367164012493e-09,0.0,0.0,11392.0,3.802843851763513e-06,0.0,0.0,110172.0,3.828433621976816e-06
2.0,42.0,0.0,4212.0,0.0,2.2269930447611245e-09,0.0,0.0,11392.0,3.4225594665871617e-06,0.0,0.0,110172.0,3.4455902597791344e-06
2.0,43.0,0.0,4212.0,0.0,2.004293740285012e-09,0.0,0.0,11392.0,3.0803035199284457e-06,0.0,0.0,110172.0,3.101031233801221e-06
2.0,44.0,0.0,4212.0,0.0,1.803864366256511e-09,0.0,0.0,11392.0,2.772273167935601e-06,0.0,0.0,110172.0,2.790928110421099e-06
2.0,45.0,0.0,4212.0,0.0,1.62347792963086e-09,0.0,0.0,11392.0,2.495045851142041e-06,0.0,0.0,110172.0,2.5118352993789893e-06
2.0,46.0,0.0,4212.0,0.0,1.4611301366677741e-09,0.0,0.0,11392.0,2.245541266027837e-06,0.0,0.0,110172.0,2.2606517694410904e-06
2.0,47.0,0.0,4212.0,0.0,1.3150171230009969e-09,0.0,0.0,11392.0,2.0209871394250532e-06,0.0,0.0,110172.0,2.0345865924969814e-06
2.0,48.0,0.0,4212.0,0.0,1.1835154107008971e-09,0.0,0.0,11392.0,1.818888425482548e-06,0.0,0.0,110172.0,1.8311279332472834e-06
2.0,49.0,0.0,4212.0,0.0,1.0651638696308075e-09,0.0,0.0,11392.0,1.6369995829342931e-06,0.0,0.0,110172.0,1.6480151399225552e-06
2.0,50.0,0.0,4212.0,0.0,9.586474826677269e-10,0.0,0.0,11392.0,1.473299624640864e-06,0.0,0.0,110172.0,1.4832136259302997e-06
2.0,51.0,0.0,4212.0,0.0,8.627827344009542e-10,0.0,0.0,11392.0,1.3259696621767776e-06,0.0,0.0,110172.0,1.3348922633372698e-06
2.0,52.0,0.0,4212.0,0.0,7.765044609608589e-10,0.0,0.0,11392.0,1.1933726959590999e-06,0.0,0.0,110172.0,1.2014030370035429e-06
3.0,1.0,0.0,4121.0,0.0,6.988540148647729e-10,0.0,0.0,11392.0,1.07403542636319e-06,0.0,0.0,110172.0,1.0812627333031886e-06
3.0,2.0,0.0,4121.0,0.0,6.289686133782956e-10,0.0,0.0,11366.0,9.666318837268709e-07,0.0,0.0,111016.0,9.731364599728697e-07
3.0,3.0,0.0,4121.0,0.0,5.660717520404661e-10,0.0,0.0,11366.0,8.699686953541838e-07,0.0,0.0,111016.0,8.758228139755828e-07
3.0,4.0,0.0,4121.0,0.0,5.094645768364195e-10,0.0,0.0,11366.0,7.829718258187655e-07,0.0,0.0,111016.0,7.882405325780245e-07
3.0,5.0,0.0,4121.0,0.0,4.585181191527775e-10,0.0,0.0,11366.0,7.04674643236889e-07,0.0,0.0,111016.0,7.094164793202221e-07
3.0,6.0,0.0,4121.0,0.0,4.126663072374998e-10,0.0,0.0,11366.0,6.342071789132001e-07,0.0,0.0,111016.0,6.384748313881998e-07
3.0,7.0,0.0,4121.0,0.0,3.713996765137498e-10,0.0,0.0,11366.0,5.7078646102188e-07,0.0,0.0,111016.0,5.746273482493799e-07
3.0,8.0,0.0,4121.0,0.0,3.342597088623748e-10,0.0,0.0,11366.0,5.137078149196921e-07,0.0,0.0,111016.0,5.171646134244419e-07
3.0,9.0,0.0,4121.0,0.0,3.0083373797613735e-10,0.0,0.0,11366.0,4.6233703342772287e-07,0.0,0.0,111016.0,4.6544815208199776e-07
3.0,10.0,0.0,4121.0,0.0,2.707503641785236e-10,0.0,0.0,11366.0,4.161033300849506e-07,0.0,0.0,111016.0,4.18903336873798e-07
3.0,11.0,0.0,4121.0,0.0,2.436753277606713e-10,0.0,0.0,11366.0,3.7449299707645556e-07,0.0,0.0,111016.0,3.770130031864182e-07
3.0,12.0,0.0,4121.0,0.0,2.1930779498460417e-10,0.0,0.0,11366.0,3.3704369736881003e-07,0.0,0.0,111016.0,3.393117028677764e-07
3.0,13.0,0.0,4121.0,0.0,1.9737701548614375e-10,0.0,0.0,11366.0,3.0333932763192905e-07,0.0,0.0,111016.0,3.0538053258099877e-07
3.0,14.0,0.0,4121.0,0.0,1.7763931393752938e-10,0.0,0.0,11366.0,2.7300539486873616e-07,0.0,0.0,111016.0,2.748424793228989e-07
3.0,15.0,0.0,4121.0,0.0,1.5987538254377644e-10,0.0,0.0,11366.0,2.4570485538186254e-07,0.0,0.0,111016.0,2.4735823139060903e-07
3.0,16.0,0.0,4121.0,0.0,1.438878442893988e-10,0.0,0.0,11366.0,2.2113436984367628e-07,0.0,0.0,111016.0,2.2262240825154813e-07
3.0,17.0,0.0,4121.0,0.0,1.2949905986045894e-10,0.0,0.0,11366.0,1.9902093285930866e-07,0.0,0.0,111016.0,2.0036016742639331e-07
3.0,18.0,0.0,4121.0,0.0,1.1654915387441306e-10,0.0,0.0,11366.0,1.791188395733778e-07,0.0,0.0,111016.0,1.80324150683754e-07
3.0,19.0,0.0,4121.0,0.0,1.0489423848697176e-10,0.0,0.0,11366.0,1.6120695561604004e-07,0.0,0.0,111016.0,1.622917356153786e-07
3.0,20.0,0.0,4121.0,0.0,9.440481463827459e-11,0.0,0.0,11366.0,1.4508626005443605e-07,0.0,0.0,111016.0,1.4606256205384075e-07
3.0,21.0,0.0,4121.0,0.0,8.496433317444713e-11,0.0,0.0,11366.0,1.3057763404899245e-07,0.0,0.0,111016.0,1.3145630584845668e-07
3.0,22.0,0.0,4121.0,0.0,7.646789985700242e-11,0.0,0.0,11366.0,1.1751987064409321e-07,0.0,0.0,111016.0,1.1831067526361102e-07
3.0,23.0,0.0,4121.0,0.0,6.882110987130218e-11,8.798200000000001e-05,1.0,11366.0,8.903967883579686e-06,9.007999999999999e-06,1.0,111016.0,1.0072796077372498e-06
3.0,24.0,0.0,4121.0,0.0,6.193899888417197e-11,0.0,0.0,11366.0,8.013571095221717e-06,0.0,0.0,111016.0,9.065516469635248e-07
3.0,25.0,0.0,4121.0,0.0,5.5745098995754776e-11,0.0,0.0,11366.0,7.212213985699545e-06,0.0,0.0,111016.0,8.158964822671723e-07
3.0,26.0,0.000485319,4121.0,2.0,4.85319501705891e-05,0.0,0.0,11366.0,6.490992587129591e-06,1.8015e-05,2.0,111016.0,2.535806834040455e-06
3.0,27.0,0.0,4121.0,0.0,4.367875515353019e-05,0.0,0.0,11366.0,5.841893328416632e-06,0.0,0.0,111016.0,2.2822261506364094e-06
3.0,28.0,0.000970638,4121.0,4.0,0.00013637467963817718,0.0,0.0,11366.0,5.257703995574969e-06,0.0,0.0,111016.0,2.0540035355727687e-06
3.0,29.0,0.003882553,4121.0,16.0,0.0005109925116743594,0.0,0.0,11366.0,4.7319335960174725e-06,0.000153131,17.0,111016.0,1.716170318201549e-05
3.0,30.0,0.002911915,4121.0,12.0,0.0007510847605069234,0.0,0.0,11366.0,4.258740236415726e-06,0.0002342,26.0,111016.0,3.886553286381395e-05
3.0,31.0,0.0,4121.0,0.0,0.0006759762844562311,0.0,0.0,11366.0,3.832866212774153e-06,0.000216185,24.0,111016.0,5.6597479577432556e-05
3.0,32.0,0.002669255,4121.0,11.0,0.000875304156010608,0.0,0.0,11366.0,3.449579591496738e-06,0.0,0.0,111016.0,5.09377316196893e-05
3.0,33.0,0.002426595,4121.0,10.0,0.0010304332404095472,0.0,0.0,11366.0,3.104621632347064e-06,0.0,0.0,111016.0,4.584395845772037e-05
3.0,34.0,0.0016986170000000001,4121.0,7.0,0.0010972516163685925,0.0,0.0,11366.0,2.7941594691123578e-06,0.0,0.0,111016.0,4.1259562611948334e-05
3.0,35.0,0.0014559570000000001,4121.0,6.0,0.0011331221547317334,0.0,0.0,11366.0,2.514743522201122e-06,0.0,0.0,111016.0,3.71336063507535e-05
3.0,36.0,0.000970638,4121.0,4.0,0.00111687373925856,0.0,0.0,11366.0,2.2632691699810097e-06,0.0,0.0,111016.0,3.342024571567815e-05
3.0,37.0,0.002426595,4121.0,10.0,0.001247845865332704,0.0,0.0,11366.0,2.0369422529829088e-06,0.0,0.0,111016.0,3.0078221144110337e-05
3.0,38.0,0.000485319,4121.0,2.0,0.0011715931787994337,0.0,0.0,11366.0,1.833248027684618e-06,0.0,0.0,111016.0,2.7070399029699304e-05
3.0,39.0,0.0,4121.0,0.0,0.0010544338609194902,0.0,0.0,11366.0,1.6499232249161562e-06,0.0,0.0,111016.0,2.4363359126729376e-05
3.0,40.0,0.0,4121.0,0.0,0.0009489904748275413,0.0,0.0,11366.0,1.4849309024245406e-06,0.0,0.0,111016.0,2.192702321405644e-05
3.0,41.0,0.0,4121.0,0.0,0.0008540914273447871,0.0,0.0,11366.0,1.3364378121820866e-06,0.0,0.0,111016.0,1.9734320892650794e-05
3.0,42.0,0.0,4121.0,0.0,0.0007686822846103084,0.0,0.0,11366.0,1.202794030963878e-06,0.0,0.0,111016.0,1.7760888803385714e-05
3.0,43.0,0.0,4121.0,0.0,0.0006918140561492776,0.0,0.0,11366.0,1.0825146278674903e-06,0.0,0.0,111016.0,1.5984799923047145e-05
3.0,44.0,0.0,4121.0,0.0,0.0006226326505343498,0.0,0.0,11366.0,9.742631650807413e-07,0.0,0.0,111016.0,1.438631993074243e-05
3.0,45.0,0.0,4121.0,0.0,0.0005603693854809149,0.0,0.0,11366.0,8.768368485726672e-07,0.0,0.0,111016.0,1.2947687937668187e-05
3.0,46.0,0.0,4121.0,0.0,0.0005043324469328235,0.0,0.0,11366.0,7.891531637154005e-07,0.0,0.0,111016.0,1.1652919143901369e-05
3.0,47.0,0.0,4121.0,0.0,0.0004538992022395411,0.0,0.0,11366.0,7.102378473438604e-07,0.0,0.0,111016.0,1.0487627229511232e-05
3.0,48.0,0.0,4121.0,0.0,0.000408509282015587,0.0,0.0,11366.0,6.392140626094743e-07,0.0,0.0,111016.0,9.43886450656011e-06
3.0,49.0,0.0,4121.0,0.0,0.0003676583538140283,0.0,0.0,11366.0,5.752926563485269e-07,0.0,0.0,111016.0,8.494978055904099e-06
3.0,50.0,0.0,4121.0,0.0,0.0003308925184326255,0.0,0.0,11366.0,5.177633907136742e-07,0.0,0.0,111016.0,7.64548025031369e-06
3.0,51.0,0.0,4121.0,0.0,0.00029780326658936297,0.0,0.0,11366.0,4.659870516423068e-07,0.0,0.0,111016.0,6.88093222528232e-06
3.0,52.0,0.0,4121.0,0.0,0.00026802293993042665,0.0,0.0,11366.0,4.193883464780761e-07,0.0,0.0,111016.0,6.192839002754088e-06
4.0,1.0,0.0,4221.0,0.0,0.00024122064593738398,0.0,0.0,11366.0,3.7744951183026853e-07,0.0,0.0,111016.0,5.57355510247868e-06
4.0,2.0,0.0,4221.0,0.0,0.0002170985813436456,0.0,0.0,11300.0,3.3970456064724167e-07,0.0,0.0,111575.0,5.016199592230812e-06
4.0,3.0,0.0,4221.0,0.0,0.00019538872320928104,0.0,0.0,11300.0,3.057341045825175e-07,0.0,0.0,111575.0,4.514579633007731e-06
4.0,4.0,0.0,4221.0,0.0,0.00017584985088835294,0.0,0.0,11300.0,2.751606941242658e-07,0.0,0.0,111575.0,4.063121669706958e-06
4.0,5.0,0.0,4221.0,0.0,0.00015826486579951767,0.0,0.0,11300.0,2.476446247118392e-07,0.0,0.0,111575.0,3.6568095027362625e-06
4.0,6.0,0.0,4221.0,0.0,0.0001424383792195659,0.0,0.0,11300.0,2.2288016224065527e-07,0.0,0.0,111575.0,3.2911285524626362e-06
4.0,7.0,0.0,4221.0,0.0,0.00012819454129760931,0.0,0.0,11300.0,2.0059214601658975e-07,0.0,0.0,111575.0,2.9620156972163727e-06
4.0,8.0,0.0,4221.0,0.0,0.00011537508716784839,0.0,0.0,11300.0,1.8053293141493077e-07,0.0,0.0,111575.0,2.6658141274947355e-06
4.0,9.0,0.000473821,4221.0,2.0,0.00015121967845106355,0.0,0.0,11300.0,1.624796382734377e-07,0.0,0.0,111575.0,2.399232714745262e-06
4.0,10.0,0.0,4221.0,0.0,0.0001360977106059572,0.0,0.0,11300.0,1.4623167444609392e-07,1.7925e-05,2.0,111575.0,3.951809443270736e-06
4.0,11.0,0.0,4221.0,0.0,0.00012248793954536147,0.0,0.0,11300.0,1.3160850700148454e-07,0.0,0.0,111575.0,3.5566284989436623e-06
4.0,12.0,0.0,4221.0,0.0,0.00011023914559082532,0.0,0.0,11300.0,1.1844765630133609e-07,8.962999999999999e-06,1.0,111575.0,4.097265649049296e-06
4.0,13.0,0.0,4221.0,0.0,9.92152310317428e-05,0.0,0.0,11300.0,1.0660289067120248e-07,0.0,0.0,111575.0,3.6875390841443668e-06
4.0,14.0,0.0,4221.0,0.0,8.929370792856852e-05,0.0,0.0,11300.0,9.594260160408223e-08,8.962999999999999e-06,1.0,111575.0,4.2150851757299304e-06
4.0,15.0,0.000236911,4221.0,1.0,0.00010405543713571167,0.0,0.0,11300.0,8.634834144367401e-08,8.962999999999999e-06,1.0,111575.0,4.689876658156938e-06
4.0,16.0,0.000236911,4221.0,1.0,0.00011734099342214051,0.0,0.0,11300.0,7.771350729930661e-08,1.7925e-05,2.0,111575.0,6.013388992341245e-06
4.0,17.0,0.0,4221.0,0.0,0.00010560689407992646,0.0,0.0,11300.0,6.994215656937595e-08,2.6888e-05,3.0,111575.0,8.10085009310712e-06
4.0,18.0,0.0,4221.0,0.0,9.504620467193382e-05,0.0,0.0,11300.0,6.294794091243835e-08,0.000161326,18.0,111575.0,2.3423365083796408e-05
4.0,19.0,0.0,4221.0,0.0,8.554158420474044e-05,0.0,0.0,11300.0,5.6653146821194516e-08,0.00025095200000000003,28.0,111575.0,4.617622857541677e-05
4.0,20.0,0.000236911,4221.0,1.0,0.0001006785257842664,0.001858407,21.0,11300.0,0.0001858916878321391,0.00046605400000000003,52.0,111575.0,8.81640057178751e-05
4.0,21.0,0.000236911,4221.0,1.0,0.00011430177320583977,0.0,0.0,11300.0,0.0001673025190489252,0.00051983,58.0,111575.0,0.0001313306051460876
4.0,22.0,0.000236911,4221.0,1.0,0.0001265626958852558,0.0009734510000000001,11.0,11300.0,0.0002479173671440327,0.000448129,50.0,111575.0,0.00016301044463147885
4.0,23.0,0.0009476430000000001,4221.0,4.0,0.00020867072629673022,0.00035398199999999997,4.0,11300.0,0.0002585238304296294,0.000430204,48.0,111575.0,0.00018972980016833098
4.0,24.0,0.000473821,4221.0,2.0,0.0002351857536670572,0.000530973,6.0,11300.0,0.00028576874738666644,0.000483979,54.0,111575.0,0.0002191547201514979
4.0,25.0,0.0021321960000000003,4221.0,9.0,0.00042488677830035155,0.0,0.0,11300.0,0.0002571918726479998,0.00055568,62.0,111575.0,0.00025280724813634813
4.0,26.0,0.001658375,4221.0,7.0,0.0005482356004703165,0.0,0.0,11300.0,0.00023147268538319983,0.00024199,27.0,111575.0,0.00025172552332271335
4.0,27.0,0.004738214,4221.0,20.0,0.0009672334404232849,0.0,0.0,11300.0,0.00020832541684487986,0.000197177,22.0,111575.0,0.000246270670990442
4.0,28.0,0.0014214639999999999,4221.0,6.0,0.0010126564963809565,8.8496e-05,1.0,11300.0,0.00019634247516039187,0.000152364,17.0,111575.0,0.0002368800038913978
4.0,29.0,0.003790571,4221.0,16.0,0.0012904479467428609,0.0,0.0,11300.0,0.00017670822764435267,0.000215102,24.0,111575.0,0.00023470220350225806
4.0,30.0,0.001658375,4221.0,7.0,0.0013272406520685748,0.0,0.0,11300.0,0.0001590374048799174,0.00012547600000000002,14.0,111575.0,0.00022377958315203226
4.0,31.0,0.00331675,4221.0,14.0,0.0015261915868617175,0.0,0.0,11300.0,0.00014313366439192568,0.00012547600000000002,14.0,111575.0,0.00021394922483682904
4.0,32.0,0.0021321960000000003,4221.0,9.0,0.0015867920281755457,0.0,0.0,11300.0,0.00012882029795273313,0.000107551,12.0,111575.0,0.00020330940235314612
4.0,33.0,0.001658375,4221.0,7.0,0.0015939503253579912,0.0,0.0,11300.0,0.00011593826815745982,3.585e-05,4.0,111575.0,0.0001865634621178315
4.0,34.0,0.00355366,4221.0,15.0,0.0017899212928221921,0.0,0.0,11300.0,0.00010434444134171384,1.7925e-05,2.0,111575.0,0.00016969961590604835
4.0,35.0,0.002606018,4221.0,11.0,0.0018715309635399728,0.0,0.0,11300.0,9.390999720754246e-05,0.0,0.0,111575.0,0.0001527296543154435
4.0,36.0,0.0028429279999999998,4221.0,12.0,0.0019686706671859754,0.0,0.0,11300.0,8.451899748678822e-05,0.0,0.0,111575.0,0.00013745668888389916
4.0,37.0,0.001658375,4221.0,7.0,0.0019376411004673778,0.0,0.0,11300.0,7.60670977381094e-05,0.0,0.0,111575.0,0.00012371101999550924
4.0,38.0,0.002369107,4221.0,10.0,0.0019807876904206403,0.0,0.0,11300.0,6.846038796429846e-05,0.0,0.0,111575.0,0.00011133991799595833
4.0,39.0,0.0,4221.0,0.0,0.0017827089213785763,0.0,0.0,11300.0,6.16143491678686e-05,0.0,0.0,111575.0,0.00010020592619636249
4.0,40.0,0.0,4221.0,0.0,0.0016044380292407187,0.0,0.0,11300.0,5.5452914251081745e-05,0.0,0.0,111575.0,9.018533357672625e-05
4.0,41.0,0.0,4221.0,0.0,0.001443994226316647,0.0,0.0,11300.0,4.990762282597357e-05,0.0,0.0,111575.0,8.116680021905363e-05
4.0,42.0,0.0,4221.0,0.0,0.0012995948036849823,0.0,0.0,11300.0,4.491686054337622e-05,0.0,0.0,111575.0,7.305012019714827e-05
4.0,43.0,0.0,4221.0,0.0,0.001169635323316484,0.0,0.0,11300.0,4.0425174489038595e-05,0.0,0.0,111575.0,6.574510817743344e-05
4.0,44.0,0.0,4221.0,0.0,0.0010526717909848356,0.0,0.0,11300.0,3.6382657040134734e-05,0.0,0.0,111575.0,5.91705973596901e-05
4.0,45.0,0.0,4221.0,0.0,0.000947404611886352,0.0,0.0,11300.0,3.274439133612126e-05,0.0,0.0,111575.0,5.325353762372109e-05
4.0,46.0,0.0,4221.0,0.0,0.0008526641506977168,0.0,0.0,11300.0,2.9469952202509135e-05,0.0,0.0,111575.0,4.792818386134898e-05
4.0,47.0,0.0,4221.0,0.0,0.0007673977356279451,0.0,0.0,11300.0,2.6522956982258223e-05,0.0,0.0,111575.0,4.3135365475214084e-05
4.0,48.0,0.0,4221.0,0.0,0.0006906579620651506,0.0,0.0,11300.0,2.3870661284032402e-05,0.0,0.0,111575.0,3.8821828927692674e-05
4.0,49.0,0.0,4221.0,0.0,0.0006215921658586355,0.0,0.0,11300.0,2.1483595155629163e-05,0.0,0.0,111575.0,3.4939646034923405e-05
4.0,50.0,0.0,4221.0,0.0,0.000559432949272772,0.0,0.0,11300.0,1.9335235640066247e-05,0.0,0.0,111575.0,3.1445681431431066e-05
4.0,51.0,0.0,4221.0,0.0,0.0005034896543454949,0.0,0.0,11300.0,1.7401712076059624e-05,0.0,0.0,111575.0,2.830111328828796e-05
4.0,52.0,0.0,4221.0,0.0,0.00045314068891094537,0.0,0.0,11300.0,1.5661540868453664e-05,0.0,0.0,111575.0,2.5471001959459163e-05
5.0,1.0,0.0,4186.0,0.0,0.00040782662001985086,0.0,0.0,11300.0,1.4095386781608298e-05,0.0,0.0,111575.0,2.2923901763513247e-05
5.0,2.0,0.0,4186.0,0.0,0.0003670439580178658,0.0,0.0,11305.0,1.2685848103447467e-05,0.0,0.0,112462.0,2.0631511587161922e-05
5.0,3.0,0.0,4186.0,0.0,0.0003303395622160792,0.0,0.0,11305.0,1.1417263293102721e-05,0.0,0.0,112462.0,1.856836042844573e-05
5.0,4.0,0.0,4186.0,0.0,0.0002973056059944713,0.0,0.0,11305.0,1.027553696379245e-05,0.0,0.0,112462.0,1.6711524385601158e-05
5.0,5.0,0.0,4186.0,0.0,0.00026757504539502415,0.0,0.0,11305.0,9.247983267413204e-06,0.0,0.0,112462.0,1.5040371947041043e-05
5.0,6.0,0.0,4186.0,0.0,0.00024081754085552174,0.0,0.0,11305.0,8.323184940671884e-06,0.0,0.0,112462.0,1.353633475233694e-05
5.0,7.0,0.0,4186.0,0.0,0.00021673578676996956,0.0,0.0,11305.0,7.490866446604695e-06,0.0,0.0,112462.0,1.2182701277103246e-05
5.0,8.0,0.0,4186.0,0.0,0.00019506220809297262,0.0,0.0,11305.0,6.741779801944226e-06,0.0,0.0,112462.0,1.0964431149392921e-05
5.0,9.0,0.0,4186.0,0.0,0.00017555598728367537,0.0,0.0,11305.0,6.067601821749804e-06,0.0,0.0,112462.0,9.867988034453629e-06
5.0,10.0,0.0,4186.0,0.0,0.00015800038855530785,0.0,0.0,11305.0,5.460841639574823e-06,0.0,0.0,112462.0,8.881189231008267e-06
5.0,11.0,0.0,4186.0,0.0,0.00014220034969977707,0.0,0.0,11305.0,4.914757475617341e-06,8.892e-06,1.0,112462.0,8.882270307907441e-06
5.0,12.0,0.0,4186.0,0.0,0.00012798031472979936,0.0,0.0,11305.0,4.423281728055607e-06,0.0,0.0,112462.0,7.994043277116698e-06
5.0,13.0,0.0,4186.0,0.0,0.00011518228325681942,0.0,0.0,11305.0,3.9809535552500465e-06,0.0,0.0,112462.0,7.194638949405028e-06
5.0,14.0,0.0,4186.0,0.0,0.00010366405493113748,0.0,0.0,11305.0,3.582858199725042e-06,0.0,0.0,112462.0,6.475175054464525e-06
5.0,15.0,0.0,4186.0,0.0,9.329764943802373e-05,0.0,0.0,11305.0,3.224572379752538e-06,8.892e-06,1.0,112462.0,6.716857549018073e-06
5.0,16.0,0.0,4186.0,0.0,8.396788449422136e-05,0.0,0.0,11305.0,2.902115141777284e-06,8.892e-06,1.0,112462.0,6.934371794116266e-06
5.0,17.0,0.0,4186.0,0.0,7.557109604479923e-05,0.000265369,3.0,11305.0,2.9148803627599555e-05,0.000160054,18.0,112462.0,2.224633461470464e-05
5.0,18.0,0.0,4186.0,0.0,6.801398644031931e-05,0.0,0.0,11305.0,2.62339232648396e-05,9.7811e-05,11.0,112462.0,2.9802801153234177e-05
5.0,19.0,0.0,4186.0,0.0,6.121258779628737e-05,0.000265369,3.0,11305.0,5.0147430938355644e-05,0.000489054,55.0,112462.0,7.572792103791076e-05
5.0,20.0,0.0,4186.0,0.0,5.5091329016658636e-05,8.845600000000001e-05,1.0,11305.0,5.397828784452008e-05,0.000497946,56.0,112462.0,0.0001179497289341197
5.0,21.0,0.00023889200000000002,4186.0,1.0,7.347139611499278e-05,0.0,0.0,11305.0,4.8580459060068075e-05,0.000293432,33.0,112462.0,0.00013549795604070772
5.0,22.0,0.0,4186.0,0.0,6.61242565034935e-05,0.0,0.0,11305.0,4.372241315406127e-05,0.00023118900000000003,26.0,112462.0,0.00014506706043663695
5.0,23.0,0.0,4186.0,0.0,5.951183085314415e-05,8.845600000000001e-05,1.0,11305.0,4.8195771838655145e-05,0.000133378,15.0,112462.0,0.00014389815439297328
5.0,24.0,0.0,4186.0,0.0,5.3560647767829734e-05,0.0,0.0,11305.0,4.3376194654789635e-05,0.000106703,12.0,112462.0,0.00014017863895367596
5.0,25.0,0.00023889200000000002,4186.0,1.0,7.209378299104677e-05,0.0,0.0,11305.0,3.903857518931067e-05,7.1135e-05,8.0,112462.0,0.0001332742750583084
5.0,26.0,0.00023889200000000002,4186.0,1.0,8.877360469194209e-05,0.0,0.0,11305.0,3.5134717670379605e-05,4.4458999999999996e-05,5.0,112462.0,0.00012439274755247755
5.0,27.0,0.0,4186.0,0.0,7.989624422274788e-05,0.0,0.0,11305.0,3.162124590334165e-05,1.7784e-05,2.0,112462.0,0.00011373187279722979
5.0,28.0,0.0,4186.0,0.0,7.19066198004731e-05,0.0,0.0,11305.0,2.8459121313007484e-05,0.0,0.0,112462.0,0.00010235868551750681
5.0,29.0,0.0,4186.0,0.0,6.471595782042579e-05,0.0,0.0,11305.0,2.5613209181706736e-05,0.0,0.0,112462.0,9.212281696575614e-05
5.0,30.0,0.0,4186.0,0.0,5.8244362038383214e-05,0.0,0.0,11305.0,2.3051888263536062e-05,0.0,0.0,112462.0,8.291053526918052e-05
5.0,31.0,0.0,4186.0,0.0,5.2419925834544894e-05,0.0,0.0,11305.0,2.0746699437182455e-05,0.0,0.0,112462.0,7.461948174226247e-05
5.0,32.0,0.0,4186.0,0.0,4.7177933251090406e-05,0.0,0.0,11305.0,1.867202949346421e-05,8.892e-06,1.0,112462.0,6.804673356803622e-05
5.0,33.0,0.0,4186.0,0.0,4.246013992598137e-05,0.0,0.0,11305.0,1.680482654411779e-05,0.0,0.0,112462.0,6.12420602112326e-05
5.0,34.0,0.0,4186.0,0.0,3.821412593338323e-05,0.0,0.0,11305.0,1.5124343889706011e-05,0.0,0.0,112462.0,5.511785419010934e-05
5.0,35.0,0.0,4186.0,0.0,3.439271334004491e-05,0.0,0.0,11305.0,1.361190950073541e-05,0.0,0.0,112462.0,4.960606877109841e-05
5.0,36.0,0.0,4186.0,0.0,3.095344200604042e-05,0.0,0.0,11305.0,1.2250718550661869e-05,0.0,0.0,112462.0,4.464546189398857e-05
5.0,37.0,0.0,4186.0,0.0,2.7858097805436378e-05,0.0,0.0,11305.0,1.1025646695595683e-05,0.0,0.0,112462.0,4.0180915704589715e-05
5.0,38.0,0.0,4186.0,0.0,2.507228802489274e-05,0.0,0.0,11305.0,9.923082026036115e-06,8.892e-06,1.0,112462.0,3.705202413413074e-05
5.0,39.0,0.0,4186.0,0.0,2.256505922240347e-05,0.0,0.0,11305.0,8.930773823432504e-06,1.7784e-05,2.0,112462.0,3.512522172071767e-05
5.0,40.0,0.0,4186.0,0.0,2.0308553300163122e-05,0.0,0.0,11305.0,8.037696441089255e-06,0.000133378,15.0,112462.0,4.4950499548645906e-05
5.0,41.0,0.0,4186.0,0.0,1.827769797014681e-05,0.0,0.0,11305.0,7.233926796980329e-06,0.0,0.0,112462.0,4.045544959378132e-05
5.0,42.0,0.0,4186.0,0.0,1.6449928173132128e-05,0.0,0.0,11305.0,6.510534117282296e-06,0.0,0.0,112462.0,3.6409904634403184e-05
5.0,43.0,0.0,4186.0,0.0,1.4804935355818916e-05,0.0,0.0,11305.0,5.8594807055540665e-06,0.0,0.0,112462.0,3.276891417096287e-05
5.0,44.0,0.0,4186.0,0.0,1.3324441820237024e-05,0.0,0.0,11305.0,5.27353263499866e-06,0.0,0.0,112462.0,2.9492022753866582e-05
5.0,45.0,0.0,4186.0,0.0,1.1991997638213322e-05,0.0,0.0,11305.0,4.746179371498794e-06,0.0,0.0,112462.0,2.6542820478479924e-05
5.0,46.0,0.0,4186.0,0.0,1.0792797874391989e-05,0.0,0.0,11305.0,4.271561434348915e-06,0.0,0.0,112462.0,2.388853843063193e-05
5.0,47.0,0.0,4186.0,0.0,9.713518086952791e-06,0.0,0.0,11305.0,3.844405290914024e-06,0.0,0.0,112462.0,2.1499684587568737e-05
5.0,48.0,0.0,4186.0,0.0,8.742166278257512e-06,0.0,0.0,11305.0,3.4599647618226218e-06,0.0,0.0,112462.0,1.9349716128811864e-05
5.0,49.0,0.0,4186.0,0.0,7.86794965043176e-06,0.0,0.0,11305.0,3.1139682856403597e-06,0.0,0.0,112462.0,1.7414744515930677e-05
5.0,50.0,0.0,4186.0,0.0,7.081154685388585e-06,0.0,0.0,11305.0,2.8025714570763238e-06,0.0,0.0,112462.0,1.567327006433761e-05
5.0,51.0,0.0,4186.0,0.0,6.373039216849726e-06,0.0,0.0,11305.0,2.5223143113686913e-06,0.0,0.0,112462.0,1.4105943057903849e-05
5.0,52.0,0.0,4186.0,0.0,5.735735295164754e-06,0.0,0.0,11305.0,2.270082880231822e-06,0.0,0.0,112462.0,1.2695348752113464e-05
6.0,1.0,0.0,4184.0,0.0,5.162161765648279e-06,0.0,0.0,11305.0,2.04307459220864e-06,0.0,0.0,112462.0,1.1425813876902118e-05
6.0,2.0,0.0,4184.0,0.0,4.645945589083451e-06,0.0,0.0,11286.0,1.838767132987776e-06,0.0,0.0,113780.0,1.0283232489211906e-05
6.0,3.0,0.0,4184.0,0.0,4.181351030175106e-06,0.0,0.0,11286.0,1.6548904196889985e-06,0.0,0.0,113780.0,9.254909240290716e-06
6.0,4.0,0.0,4184.0,0.0,3.7632159271575957e-06,0.0,0.0,11286.0,1.4894013777200986e-06,0.0,0.0,113780.0,8.329418316261644e-06
6.0,5.0,0.0,4184.0,0.0,3.3868943344418362e-06,0.0,0.0,11286.0,1.3404612399480889e-06,0.0,0.0,113780.0,7.4964764846354805e-06
6.0,6.0,0.0,4184.0,0.0,3.0482049009976526e-06,0.0,0.0,11286.0,1.20641511595328e-06,0.0,0.0,113780.0,6.746828836171933e-06
6.0,7.0,0.000239006,4184.0,1.0,2.6643984410897886e-05,0.0,0.0,11286.0,1.0857736043579521e-06,0.0,0.0,113780.0,6.072145952554739e-06
6.0,8.0,0.0,4184.0,0.0,2.39795859698081e-05,0.0,0.0,11286.0,9.77196243922157e-07,0.0,0.0,113780.0,5.464931357299265e-06
6.0,9.0,0.0,4184.0,0.0,2.158162737282729e-05,0.0,0.0,11286.0,8.794766195299412e-07,0.0,0.0,113780.0,4.918438221569339e-06
6.0,10.0,0.0,4184.0,0.0,1.942346463554456e-05,0.0,0.0,11286.0,7.91528957576947e-07,0.0,0.0,113780.0,4.426594399412405e-06
6.0,11.0,0.0,4184.0,0.0,1.7481118171990105e-05,0.0,0.0,11286.0,7.123760618192523e-07,0.0,0.0,113780.0,3.983934959471164e-06
6.0,12.0,0.0,4184.0,0.0,1.5733006354791093e-05,0.0,0.0,11286.0,6.411384556373271e-07,0.0,0.0,113780.0,3.585541463524048e-06
6.0,13.0,0.0,4184.0,0.0,1.4159705719311984e-05,0.0,0.0,11286.0,5.770246100735944e-07,0.0,0.0,113780.0,3.226987317171643e-06
6.0,14.0,0.0,4184.0,0.0,1.2743735147380786e-05,0.0,0.0,11286.0,5.193221490662349e-07,2.6366999999999997e-05,3.0,113780.0,5.5409885854544785e-06
6.0,15.0,0.0,4184.0,0.0,1.1469361632642707e-05,0.0,0.0,11286.0,4.673899341596115e-07,0.0,0.0,113780.0,4.9868897269090305e-06
6.0,16.0,0.0,4184.0,0.0,1.0322425469378437e-05,8.8605e-05,1.0,11286.0,9.28115094074365e-06,8.7889e-05,10.0,113780.0,1.3277100754218128e-05
6.0,17.0,0.000239006,4184.0,1.0,3.3190782922440596e-05,0.0,0.0,11286.0,8.353035846669286e-06,0.000219722,25.0,113780.0,3.392159067879632e-05
6.0,18.0,0.0,4184.0,0.0,2.9871704630196536e-05,0.0,0.0,11286.0,7.517732262002358e-06,0.000290033,33.0,113780.0,5.9532731610916684e-05
6.0,19.0,0.000478011,4184.0,2.0,7.468563416717688e-05,0.0,0.0,11286.0,6.765959035802122e-06,0.000404289,46.0,113780.0,9.400835844982502e-05
6.0,20.0,0.000478011,4184.0,2.0,0.0001150181707504592,0.0,0.0,11286.0,6.08936313222191e-06,0.00041307800000000005,47.0,113780.0,0.00012591532260484251
6.0,21.0,0.000717017,4184.0,3.0,0.00017521805367541328,0.000354421,4.0,11286.0,4.0922526818999725e-05,0.0003955,45.0,113780.0,0.00015287379034435828
6.0,22.0,0.0,4184.0,0.0,0.00015769624830787196,0.00044302699999999997,5.0,11286.0,8.113297413709974e-05,0.000500967,57.0,113780.0,0.00018768311130992245
6.0,23.0,0.0,4184.0,0.0,0.00014192662347708478,0.000354421,4.0,11286.0,0.00010846177672338978,0.000544911,62.0,113780.0,0.0002234059001789302
6.0,24.0,0.0,4184.0,0.0,0.0001277339611293763,8.8605e-05,1.0,11286.0,0.00010647609905105081,0.0003955,45.0,113780.0,0.0002406153101610372
6.0,25.0,0.0,4184.0,0.0,0.00011496056501643868,8.8605e-05,1.0,11286.0,0.00010468898914594573,0.000140622,16.0,113780.0,0.00023061597914493347
6.0,26.0,0.0,4184.0,0.0,0.0001034645085147948,8.8605e-05,1.0,11286.0,0.00010308059023135116,0.00010546700000000001,12.0,113780.0,0.00021810108123044013
6.0,27.0,0.0,4184.0,0.0,9.311805766331532e-05,0.0,0.0,11286.0,9.277253120821604e-05,7.0311e-05,8.0,113780.0,0.00020332207310739612
6.0,28.0,0.0,4184.0,0.0,8.38062518969838e-05,0.00017721099999999998,2.0,11286.0,0.00010121637808739444,0.0,0.0,113780.0,0.0001829898657966565
6.0,29.0,0.0,4184.0,0.0,7.542562670728542e-05,0.000265816,3.0,11286.0,0.000117676340278655,1.7578e-05,2.0,113780.0,0.00016644867921699084
6.0,30.0,0.000239006,4184.0,1.0,9.178366403655689e-05,0.0,0.0,11286.0,0.0001059087062507895,3.5156e-05,4.0,113780.0,0.00015331941129529178
6.0,31.0,0.0,4184.0,0.0,8.26052976329012e-05,0.0,0.0,11286.0,9.531783562571055e-05,5.2733000000000005e-05,6.0,113780.0,0.0001432607701657626
6.0,32.0,0.0,4184.0,0.0,7.434476786961108e-05,0.0,0.0,11286.0,8.578605206313949e-05,6.1522e-05,7.0,113780.0,0.00013508689314918636
6.0,33.0,0.0,4184.0,0.0,6.691029108264998e-05,0.0,0.0,11286.0,7.720744685682554e-05,8.789e-06,1.0,113780.0,0.00012245710383426773
6.0,34.0,0.0,4184.0,0.0,6.021926197438498e-05,0.0,0.0,11286.0,6.948670217114299e-05,0.0,0.0,113780.0,0.00011021139345084096
6.0,35.0,0.0,4184.0,0.0,5.4197335776946486e-05,0.0,0.0,11286.0,6.253803195402869e-05,0.0,0.0,113780.0,9.919025410575687e-05
6.0,36.0,0.0,4184.0,0.0,4.877760219925184e-05,0.0,0.0,11286.0,5.628422875862582e-05,0.0,0.0,113780.0,8.927122869518118e-05
6.0,37.0,0.0,4184.0,0.0,4.3899841979326654e-05,0.0,0.0,11286.0,5.0655805882763234e-05,0.0,0.0,113780.0,8.034410582566307e-05
6.0,38.0,0.000239006,4184.0,1.0,6.341045778139399e-05,0.0,0.0,11286.0,4.559022529448691e-05,0.0,0.0,113780.0,7.230969524309676e-05
6.0,39.0,0.0,4184.0,0.0,5.706941200325459e-05,0.0,0.0,11286.0,4.103120276503822e-05,0.0,0.0,113780.0,6.50787257187871e-05
6.0,40.0,0.0,4184.0,0.0,5.1362470802929134e-05,0.0,0.0,11286.0,3.69280824885344e-05,0.0,0.0,113780.0,5.857085314690839e-05
6.0,41.0,0.0,4184.0,0.0,4.622622372263622e-05,0.0,0.0,11286.0,3.323527423968096e-05,0.0,0.0,113780.0,5.271376783221755e-05
6.0,42.0,0.0,4184.0,0.0,4.16036013503726e-05,0.0,0.0,11286.0,2.9911746815712867e-05,0.0,0.0,113780.0,4.7442391048995794e-05
6.0,43.0,0.0,4184.0,0.0,3.7443241215335345e-05,0.0,0.0,11286.0,2.692057213414158e-05,0.0,0.0,113780.0,4.269815194409622e-05
6.0,44.0,0.0,4184.0,0.0,3.3698917093801814e-05,0.0,0.0,11286.0,2.422851492072742e-05,0.0,0.0,113780.0,3.84283367496866e-05
6.0,45.0,0.0,4184.0,0.0,3.0329025384421633e-05,0.0,0.0,11286.0,2.180566342865468e-05,0.0,0.0,113780.0,3.458550307471794e-05
6.0,46.0,0.0,4184.0,0.0,2.729612284597947e-05,0.0,0.0,11286.0,1.9625097085789213e-05,0.0,0.0,113780.0,3.112695276724615e-05
6.0,47.0,0.0,4184.0,0.0,2.4566510561381525e-05,0.0,0.0,11286.0,1.766258737721029e-05,0.0,0.0,113780.0,2.8014257490521533e-05
6.0,48.0,0.0,4184.0,0.0,2.2109859505243374e-05,0.0,0.0,11286.0,1.589632863948926e-05,0.0,0.0,113780.0,2.521283174146938e-05
6.0,49.0,0.0,4184.0,0.0,1.9898873554719038e-05,0.0,0.0,11286.0,1.4306695775540335e-05,0.0,0.0,113780.0,2.2691548567322443e-05
6.0,50.0,0.0,4184.0,0.0,1.7908986199247136e-05,0.0,0.0,11286.0,1.2876026197986302e-05,0.0,0.0,113780.0,2.04223937105902e-05
6.0,51.0,0.0,4184.0,0.0,1.6118087579322423e-05,0.0,0.0,11286.0,1.1588423578187672e-05,0.0,0.0,113780.0,1.838015433953118e-05
6.0,52.0,0.0,4184.0,0.0,1.450627882139018e-05,0.0,0.0,11286.0,1.0429581220368905e-05,0.0,0.0,113780.0,1.654213890557806e-05
7.0,1.0,0.0,4125.0,0.0,1.3055650939251163e-05,0.0,0.0,11286.0,9.386623098332015e-06,0.0,0.0,113780.0,1.4887925015020256e-05
7.0,2.0,0.0,4125.0,0.0,1.1750085845326047e-05,0.0,0.0,11466.0,8.447960788498813e-06,0.0,0.0,115896.0,1.339913251351823e-05
7.0,3.0,0.0,4125.0,0.0,1.0575077260793444e-05,0.0,0.0,11466.0,7.603164709648932e-06,0.0,0.0,115896.0,1.2059219262166408e-05
7.0,4.0,0.0,4125.0,0.0,9.517569534714099e-06,0.0,0.0,11466.0,6.842848238684039e-06,5.1771e-05,6.0,115896.0,1.6030397335949767e-05
7.0,5.0,0.0,4125.0,0.0,8.565812581242689e-06,0.0,0.0,11466.0,6.158563414815635e-06,4.3142e-05,5.0,115896.0,1.874155760235479e-05
7.0,6.0,0.0,4125.0,0.0,7.70923132311842e-06,0.0,0.0,11466.0,5.542707073334072e-06,8.628e-06,1.0,115896.0,1.7730201842119314e-05
7.0,7.0,0.0,4125.0,0.0,6.938308190806577e-06,0.0,0.0,11466.0,4.988436366000665e-06,0.0,0.0,115896.0,1.595718165790738e-05
7.0,8.0,0.0,4125.0,0.0,6.244477371725919e-06,0.0,0.0,11466.0,4.489592729400599e-06,0.0,0.0,115896.0,1.4361463492116644e-05
7.0,9.0,0.0,4125.0,0.0,5.620029634553328e-06,0.0,0.0,11466.0,4.040633456460539e-06,0.0,0.0,115896.0,1.292531714290498e-05
7.0,10.0,0.0,4125.0,0.0,5.058026671097995e-06,0.0,0.0,11466.0,3.636570110814485e-06,8.628e-06,1.0,115896.0,1.2495585428614482e-05
7.0,11.0,0.0,4125.0,0.0,4.552224003988196e-06,0.0,0.0,11466.0,3.2729130997330365e-06,0.0,0.0,115896.0,1.1246026885753034e-05
7.0,12.0,0.0,4125.0,0.0,4.0970016035893764e-06,0.0,0.0,11466.0,2.945621789759733e-06,0.0,0.0,115896.0,1.012142419717773e-05
7.0,13.0,0.0,4125.0,0.0,3.687301443230439e-06,0.0,0.0,11466.0,2.6510596107837597e-06,0.0,0.0,115896.0,9.109281777459957e-06
7.0,14.0,0.0,4125.0,0.0,3.3185712989073948e-06,0.0,0.0,11466.0,2.3859536497053836e-06,0.0,0.0,115896.0,8.198353599713962e-06
7.0,15.0,0.0,4125.0,0.0,2.9867141690166554e-06,0.0,0.0,11466.0,2.1473582847348454e-06,0.0,0.0,115896.0,7.378518239742566e-06
7.0,16.0,0.0,4125.0,0.0,2.68804275211499e-06,0.0,0.0,11466.0,1.932622456261361e-06,0.0,0.0,115896.0,6.640666415768309e-06
7.0,17.0,0.0,4125.0,0.0,2.419238476903491e-06,0.0,0.0,11466.0,1.7393602106352248e-06,0.0,0.0,115896.0,5.9765997741914785e-06
7.0,18.0,0.0,4125.0,0.0,2.1773146292131418e-06,0.0,0.0,11466.0,1.5654241895717024e-06,0.0,0.0,115896.0,5.378939796772331e-06
7.0,19.0,0.0,4125.0,0.0,1.959583166291828e-06,0.0,0.0,11466.0,1.4088817706145323e-06,0.0,0.0,115896.0,4.841045817095098e-06
7.0,20.0,0.0,4125.0,0.0,1.763624849662645e-06,0.0,0.0,11466.0,1.267993593553079e-06,0.0,0.0,115896.0,4.356941235385588e-06
7.0,21.0,0.0,4125.0,0.0,1.5872623646963806e-06,0.0,0.0,11466.0,1.1411942341977712e-06,0.0,0.0,115896.0,3.92124711184703e-06
7.0,22.0,0.000242424,4125.0,1.0,2.5670936128226745e-05,0.0,0.0,11466.0,1.027074810777994e-06,8.628e-06,1.0,115896.0,4.391922400662327e-06
7.0,23.0,0.0,4125.0,0.0,2.310384251540407e-05,0.0,0.0,11466.0,9.243673297001947e-07,6.0398999999999995e-05,7.0,115896.0,9.992630160596093e-06
7.0,24.0,0.0,4125.0,0.0,2.0793458263863664e-05,0.0,0.0,11466.0,8.319305967301752e-07,7.7656e-05,9.0,115896.0,1.6758967144536485e-05
7.0,25.0,0.0,4125.0,0.0,1.8714112437477298e-05,0.0,0.0,11466.0,7.487375370571577e-07,6.9027e-05,8.0,115896.0,2.1985770430082836e-05
7.0,26.0,0.0,4125.0,0.0,1.6842701193729567e-05,8.7214e-05,1.0,11466.0,9.395263783351442e-06,0.000215711,25.0,115896.0,4.1358293387074556e-05
7.0,27.0,0.000484848,4125.0,2.0,6.364323107435662e-05,0.000523286,6.0,11466.0,6.07843374050163e-05,0.00018119700000000002,21.0,115896.0,5.53421640483671e-05
7.0,28.0,0.000242424,4125.0,1.0,8.152130796692096e-05,0.000348857,4.0,11466.0,8.959160366451467e-05,0.000371022,43.0,115896.0,8.69101476435304e-05
7.0,29.0,0.0,4125.0,0.0,7.336917717022887e-05,0.000348857,4.0,11466.0,0.00011551814329806322,0.000543591,63.0,115896.0,0.00013257823287917737
7.0,30.0,0.0,4125.0,0.0,6.603225945320598e-05,0.000261643,3.0,11466.0,0.0001301306289682569,0.000414164,48.0,115896.0,0.00016073680959125965
7.0,31.0,0.000242424,4125.0,1.0,8.367143350788538e-05,0.000174429,2.0,11466.0,0.00013456046607143122,0.0005608480000000001,65.0,115896.0,0.00020074792863213368
7.0,32.0,0.000242424,4125.0,1.0,9.954669015709685e-05,0.00043607199999999997,5.0,11466.0,0.0001647116194642881,0.000474563,55.0,115896.0,0.0002281294357689203
7.0,33.0,0.000242424,4125.0,1.0,0.00011383442114138717,8.7214e-05,1.0,11466.0,0.0001569618575178593,0.000293366,34.0,115896.0,0.00023465309219202827
7.0,34.0,0.0,4125.0,0.0,0.00010245097902724845,0.0,0.0,11466.0,0.00014126567176607336,0.000129426,15.0,115896.0,0.00022413038297282545
7.0,35.0,0.0,4125.0,0.0,9.22058811245236e-05,8.7214e-05,1.0,11466.0,0.00013586050458946604,0.00018119700000000002,21.0,115896.0,0.0002198370446755429
7.0,36.0,0.000242424,4125.0,1.0,0.00010722769301207125,8.7214e-05,1.0,11466.0,0.00013099585413051945,6.0398999999999995e-05,7.0,115896.0,0.00020389324020798864
7.0,37.0,0.0,4125.0,0.0,9.650492371086413e-05,0.0,0.0,11466.0,0.0001178962687174675,8.6284e-05,10.0,115896.0,0.0001921323161871898
7.0,38.0,0.0,4125.0,0.0,8.685443133977772e-05,0.0,0.0,11466.0,0.00010610664184572075,3.4514e-05,4.0,115896.0,0.00017637048456847082
7.0,39.0,0.0,4125.0,0.0,7.816898820579995e-05,0.0,0.0,11466.0,9.549597766114869e-05,3.4514e-05,4.0,115896.0,0.00016218483611162373
7.0,40.0,0.0,4125.0,0.0,7.035208938521995e-05,0.0,0.0,11466.0,8.594637989503381e-05,2.5885e-05,3.0,115896.0,0.00014855485250046135
7.0,41.0,0.0,4125.0,0.0,6.331688044669796e-05,0.0,0.0,11466.0,7.735174190553043e-05,1.7257e-05,2.0,115896.0,0.00013542506725041522
7.0,42.0,0.0,4125.0,0.0,5.6985192402028165e-05,0.0,0.0,11466.0,6.961656771497738e-05,0.0,0.0,115896.0,0.0001218825605253737
7.0,43.0,0.0,4125.0,0.0,5.128667316182535e-05,0.0,0.0,11466.0,6.265491094347965e-05,0.0,0.0,115896.0,0.00010969430447283633
7.0,44.0,0.0,4125.0,0.0,4.615800584564282e-05,0.0,0.0,11466.0,5.638941984913169e-05,0.0,0.0,115896.0,9.87248740255527e-05
7.0,45.0,0.0,4125.0,0.0,4.1542205261078537e-05,0.0,0.0,11466.0,5.075047786421852e-05,0.0,0.0,115896.0,8.885238662299743e-05
7.0,46.0,0.0,4125.0,0.0,3.738798473497068e-05,0.0,0.0,11466.0,4.567543007779667e-05,0.0,0.0,115896.0,7.996714796069769e-05
7.0,47.0,0.0,4125.0,0.0,3.3649186261473614e-05,0.0,0.0,11466.0,4.110788707001701e-05,0.0,0.0,115896.0,7.197043316462792e-05
7.0,48.0,0.0,4125.0,0.0,3.0284267635326255e-05,0.0,0.0,11466.0,3.699709836301531e-05,0.0,0.0,115896.0,6.477338984816513e-05
7.0,49.0,0.0,4125.0,0.0,2.7255840871793628e-05,0.0,0.0,11466.0,3.329738852671378e-05,0.0,0.0,115896.0,5.8296050863348613e-05
7.0,50.0,0.0,4125.0,0.0,2.4530256784614267e-05,0.0,0.0,11466.0,2.9967649674042404e-05,0.0,0.0,115896.0,5.2466445777013754e-05
7.0,51.0,0.0,4125.0,0.0,2.207723110615284e-05,0.0,0.0,11466.0,2.6970884706638164e-05,0.0,0.0,115896.0,4.721980119931238e-05
7.0,52.0,0.0,4125.0,0.0,1.9869507995537555e-05,0.0,0.0,11466.0,2.4273796235974347e-05,0.0,0.0,115896.0,4.2497821079381145e-05
8.0,1.0,0.0,4255.0,0.0,1.78825571959838e-05,0.0,0.0,11466.0,2.184641661237691e-05,0.0,0.0,115896.0,3.824803897144303e-05
8.0,2.0,0.0,4255.0,0.0,1.609430147638542e-05,0.0,0.0,11711.0,1.966177495113922e-05,0.0,0.0,117441.0,3.442323507429873e-05
8.0,3.0,0.0,4255.0,0.0,1.4484871328746878e-05,0.0,0.0,11711.0,1.76955974560253e-05,0.0,0.0,117441.0,3.0980911566868855e-05
8.0,4.0,0.0,4255.0,0.0,1.303638419587219e-05,0.0,0.0,11711.0,1.592603771042277e-05,0.0,0.0,117441.0,2.788282041018197e-05
8.0,5.0,0.0,4255.0,0.0,1.1732745776284971e-05,0.0,0.0,11711.0,1.4333433939380493e-05,0.0,0.0,117441.0,2.5094538369163774e-05
8.0,6.0,0.0,4255.0,0.0,1.0559471198656474e-05,0.0,0.0,11711.0,1.2900090545442445e-05,0.0,0.0,117441.0,2.2585084532247397e-05
8.0,7.0,0.0,4255.0,0.0,9.503524078790827e-06,0.0,0.0,11711.0,1.1610081490898201e-05,1.703e-05,2.0,117441.0,2.202957607902266e-05
8.0,8.0,0.0,4255.0,0.0,8.553171670911745e-06,0.0,0.0,11711.0,1.0449073341808381e-05,4.2575e-05,5.0,117441.0,2.4084118471120394e-05
8.0,9.0,0.0,4255.0,0.0,7.697854503820571e-06,0.0,0.0,11711.0,9.404166007627543e-06,3.406e-05,4.0,117441.0,2.5081706624008356e-05
8.0,10.0,0.0,4255.0,0.0,6.928069053438514e-06,0.0,0.0,11711.0,8.463749406864789e-06,4.2575e-05,5.0,117441.0,2.6831035961607523e-05
8.0,11.0,0.0,4255.0,0.0,6.2352621480946624e-06,0.0,0.0,11711.0,7.61737446617831e-06,4.2575e-05,5.0,117441.0,2.8405432365446773e-05
8.0,12.0,0.0,4255.0,0.0,5.611735933285197e-06,0.0,0.0,11711.0,6.855637019560479e-06,3.406e-05,4.0,117441.0,2.8970889128902098e-05
8.0,13.0,0.0,4255.0,0.0,5.050562339956677e-06,0.0,0.0,11711.0,6.170073317604431e-06,4.2575e-05,5.0,117441.0,3.033130021601189e-05
8.0,14.0,0.000235018,4255.0,1.0,2.804730610596101e-05,0.0,0.0,11711.0,5.553065985843988e-06,3.406e-05,4.0,117441.0,3.07041701944107e-05
8.0,15.0,0.0,4255.0,0.0,2.524257549536491e-05,0.0,0.0,11711.0,4.997759387259589e-06,4.2575e-05,5.0,117441.0,3.1891253174969626e-05
8.0,16.0,0.0,4255.0,0.0,2.271831794582842e-05,0.0,0.0,11711.0,4.497983448533631e-06,5.1089e-05,6.0,117441.0,3.381102785747266e-05
8.0,17.0,0.0,4255.0,0.0,2.044648615124558e-05,0.0,0.0,11711.0,4.048185103680268e-06,3.406e-05,4.0,117441.0,3.3835925071725396e-05
8.0,18.0,0.0,4255.0,0.0,1.8401837536121022e-05,0.0,0.0,11711.0,3.643366593312241e-06,0.000170298,20.0,117441.0,4.748213256455286e-05
8.0,19.0,0.000235018,4255.0,1.0,4.006345378250892e-05,0.000256169,3.0,11711.0,2.889592993398102e-05,0.000332082,39.0,117441.0,7.594211930809757e-05
8.0,20.0,0.0,4255.0,0.0,3.6057108404258034e-05,0.0,0.0,11711.0,2.600633694058292e-05,0.000391686,46.0,117441.0,0.00010751650737728781
8.0,21.0,0.000235018,4255.0,1.0,5.5953197563832235e-05,0.000256169,3.0,11711.0,4.9022603246524625e-05,0.00051941,61.0,117441.0,0.00014870585663955905
8.0,22.0,0.000470035,4255.0,2.0,9.736137780744903e-05,0.00017078,2.0,11711.0,6.119834292187217e-05,0.000476835,56.0,117441.0,0.00018151877097560316
8.0,23.0,0.0016451229999999999,4255.0,7.0,0.0002521375400267041,0.001110067,13.0,11711.0,0.00016608520862968493,0.00045129,53.0,117441.0,0.00020849589387804285
8.0,24.0,0.000235018,4255.0,1.0,0.0002504255860240337,0.000683118,8.0,11711.0,0.00021778848776671646,0.000391686,46.0,117441.0,0.00022681490449023858
8.0,25.0,0.0,4255.0,0.0,0.00022538302742163032,0.000768508,9.0,11711.0,0.0002728604389900448,0.000596044,70.0,117441.0,0.00026373781404121475
8.0,26.0,0.000235018,4255.0,1.0,0.0002263465246794673,0.000683118,8.0,11711.0,0.00031388619509104036,0.000349111,41.0,117441.0,0.00027227513263709325
8.0,27.0,0.0,4255.0,0.0,0.00020371187221152057,0.00017078,2.0,11711.0,0.00029957557558193634,0.00027247700000000003,32.0,117441.0,0.00027229531937338395
8.0,28.0,0.000235018,4255.0,1.0,0.0002068424849903685,0.000768508,9.0,11711.0,0.0003464688180237427,0.000289507,34.0,117441.0,0.00027401648743604555
8.0,29.0,0.000235018,4255.0,1.0,0.00020966003649133165,0.0,0.0,11711.0,0.00031182193622136844,0.000280992,33.0,117441.0,0.000274714038692441
8.0,30.0,0.0,4255.0,0.0,0.0001886940328421985,0.0,0.0,11711.0,0.0002806397425992316,0.000195843,23.0,117441.0,0.0002668269348231969
8.0,31.0,0.0,4255.0,0.0,0.00016982462955797864,0.00017078,2.0,11711.0,0.0002696537683393085,0.000170298,20.0,117441.0,0.0002571740413408772
8.0,32.0,0.0,4255.0,0.0,0.0001528421666021808,0.0,0.0,11711.0,0.00024268839150537764,0.00011920899999999999,14.0,117441.0,0.0002433775372067895
8.0,33.0,0.0,4255.0,0.0,0.00013755794994196272,0.0,0.0,11711.0,0.00021841955235483987,3.406e-05,4.0,117441.0,0.00022244578348611053
8.0,34.0,0.0,4255.0,0.0,0.00012380215494776646,0.0,0.0,11711.0,0.00019657759711935589,3.406e-05,4.0,117441.0,0.00020360720513749948
8.0,35.0,0.0,4255.0,0.0,0.00011142193945298981,0.0,0.0,11711.0,0.0001769198374074203,3.406e-05,4.0,117441.0,0.0001866524846237495
8.0,36.0,0.0,4255.0,0.0,0.00010027974550769082,0.0,0.0,11711.0,0.0001592278536666783,0.0,0.0,117441.0,0.00016798723616137456
8.0,37.0,0.0,4255.0,0.0,9.025177095692174e-05,0.0,0.0,11711.0,0.00014330506830001046,0.0,0.0,117441.0,0.00015118851254523712
8.0,38.0,0.0,4255.0,0.0,8.122659386122957e-05,0.0,0.0,11711.0,0.00012897456147000942,0.0,0.0,117441.0,0.0001360696612907134
8.0,39.0,0.0,4255.0,0.0,7.310393447510661e-05,0.0,0.0,11711.0,0.00011607710532300847,0.0,0.0,117441.0,0.00012246269516164206
8.0,40.0,0.0,4255.0,0.0,6.579354102759595e-05,0.0,0.0,11711.0,0.00010446939479070763,0.0,0.0,117441.0,0.00011021642564547785
8.0,41.0,0.0,4255.0,0.0,5.9214186924836354e-05,0.0,0.0,11711.0,9.402245531163687e-05,0.0,0.0,117441.0,9.919478308093007e-05
8.0,42.0,0.0,4255.0,0.0,5.3292768232352716e-05,0.0,0.0,11711.0,8.462020978047318e-05,0.0,0.0,117441.0,8.927530477283707e-05
8.0,43.0,0.0,4255.0,0.0,4.796349140911745e-05,0.0,0.0,11711.0,7.615818880242587e-05,0.0,0.0,117441.0,8.034777429555337e-05
8.0,44.0,0.0,4255.0,0.0,4.31671422682057e-05,0.0,0.0,11711.0,6.854236992218328e-05,0.0,0.0,117441.0,7.231299686599803e-05
8.0,45.0,0.0,4255.0,0.0,3.8850428041385135e-05,0.0,0.0,11711.0,6.168813292996495e-05,0.0,0.0,117441.0,6.508169717939823e-05
8.0,46.0,0.0,4255.0,0.0,3.4965385237246625e-05,0.0,0.0,11711.0,5.551931963696846e-05,0.0,0.0,117441.0,5.857352746145841e-05
8.0,47.0,0.0,4255.0,0.0,3.1468846713521966e-05,0.0,0.0,11711.0,4.9967387673271616e-05,0.0,0.0,117441.0,5.271617471531257e-05
8.0,48.0,0.0,4255.0,0.0,2.832196204216977e-05,0.0,0.0,11711.0,4.497064890594445e-05,0.0,0.0,117441.0,4.744455724378132e-05
8.0,49.0,0.0,4255.0,0.0,2.5489765837952793e-05,0.0,0.0,11711.0,4.047358401535001e-05,0.0,0.0,117441.0,4.270010151940319e-05
8.0,50.0,0.0,4255.0,0.0,2.2940789254157513e-05,0.0,0.0,11711.0,3.6426225613815004e-05,0.0,0.0,117441.0,3.8430091367462874e-05
8.0,51.0,0.0,4255.0,0.0,2.064671032874176e-05,0.0,0.0,11711.0,3.2783603052433505e-05,0.0,0.0,117441.0,3.4587082230716586e-05
8.0,52.0,0.0,4255.0,0.0,1.8582039295867585e-05,0.0,0.0,11711.0,2.9505242747190157e-05,0.0,0.0,117441.0,3.112837400764493e-05
9.0,1.0,0.0,4389.0,0.0,1.6723835366280827e-05,0.0,0.0,11711.0,2.655471847247114e-05,0.0,0.0,117441.0,2.8015536606880436e-05
9.0,2.0,0.0,4389.0,0.0,1.5051451829652745e-05,0.0,0.0,11961.0,2.3899246625224027e-05,0.0,0.0,119007.0,2.5213982946192394e-05
9.0,3.0,0.0,4389.0,0.0,1.354630664668747e-05,0.0,0.0,11961.0,2.1509321962701624e-05,0.0,0.0,119007.0,2.2692584651573156e-05
9.0,4.0,0.0,4389.0,0.0,1.2191675982018724e-05,0.0,0.0,11961.0,1.935838976643146e-05,0.0,0.0,119007.0,2.042332618641584e-05
9.0,5.0,0.0,4389.0,0.0,1.0972508383816851e-05,0.0,0.0,11961.0,1.7422550789788314e-05,0.0,0.0,119007.0,1.838099356777426e-05
9.0,6.0,0.0,4389.0,0.0,9.875257545435166e-06,0.0,0.0,11961.0,1.5680295710809483e-05,0.0,0.0,119007.0,1.6542894210996833e-05
9.0,7.0,0.0,4389.0,0.0,8.88773179089165e-06,0.0,0.0,11961.0,1.4112266139728534e-05,8.402999999999999e-06,1.0,119007.0,1.572890478989715e-05
9.0,8.0,0.0,4389.0,0.0,7.998958611802485e-06,0.0,0.0,11961.0,1.270103952575568e-05,1.6805999999999998e-05,2.0,119007.0,1.5836614310907436e-05
9.0,9.0,0.0,4389.0,0.0,7.199062750622236e-06,0.0,0.0,11961.0,1.1430935573180113e-05,1.6805999999999998e-05,2.0,119007.0,1.593355287981669e-05
9.0,10.0,0.0,4389.0,0.0,6.479156475560013e-06,0.0,0.0,11961.0,1.0287842015862101e-05,0.0,0.0,119007.0,1.4340197591835023e-05
9.0,11.0,0.0,4389.0,0.0,5.831240828004012e-06,0.0,0.0,11961.0,9.259057814275891e-06,8.402999999999999e-06,1.0,119007.0,1.374647783265152e-05
9.0,12.0,0.0,4389.0,0.0,5.248116745203611e-06,0.0,0.0,11961.0,8.333152032848302e-06,8.402999999999999e-06,1.0,119007.0,1.3212130049386368e-05
9.0,13.0,0.0,4389.0,0.0,4.72330507068325e-06,0.0,0.0,11961.0,7.499836829563472e-06,1.6805999999999998e-05,2.0,119007.0,1.3571517044447732e-05
9.0,14.0,0.000227837,4389.0,1.0,2.7034674563614926e-05,0.0,0.0,11961.0,6.749853146607125e-06,8.402999999999999e-06,1.0,119007.0,1.3054665340002958e-05
9.0,15.0,0.0,4389.0,0.0,2.4331207107253434e-05,0.0,0.0,11961.0,6.074867831946413e-06,0.0,0.0,119007.0,1.1749198806002663e-05
9.0,16.0,0.0,4389.0,0.0,2.189808639652809e-05,8.360299999999999e-05,1.0,11961.0,1.3827681048751772e-05,0.0,0.0,119007.0,1.0574278925402397e-05
9.0,17.0,0.0,4389.0,0.0,1.970827775687528e-05,8.360299999999999e-05,1.0,11961.0,2.0805212943876597e-05,5.0416999999999995e-05,6.0,119007.0,1.4558551032862157e-05
9.0,18.0,0.0006835119999999999,4389.0,3.0,8.608864998118775e-05,0.000167207,2.0,11961.0,3.544539164948894e-05,0.00011764100000000001,14.0,119007.0,2.4866795929575942e-05
9.0,19.0,0.0013670239999999999,4389.0,6.0,0.00021418218498306897,0.0,0.0,11961.0,3.190085248454005e-05,0.000151252,18.0,119007.0,3.7505316336618346e-05
9.0,20.0,0.0015948610000000002,4389.0,7.0,0.0003522500664847621,0.00041801699999999997,5.0,11961.0,7.051246723608604e-05,0.000302504,36.0,119007.0,6.400518470295651e-05
9.0,21.0,0.000227837,4389.0,1.0,0.0003398087598362859,0.001003241,12.0,11961.0,0.00016378532051247746,0.00016805799999999998,20.0,119007.0,7.441046623266086e-05
9.0,22.0,0.0,4389.0,0.0,0.0003058278838526573,0.000334414,4.0,11961.0,0.00018084818846122972,0.00023528099999999997,28.0,119007.0,9.049751960939479e-05
9.0,23.0,0.000455675,4389.0,2.0,0.00032081259546739156,0.000585224,7.0,11961.0,0.00022128576961510677,0.00026049,31.0,119007.0,0.0001074967676484553
9.0,24.0,0.000455675,4389.0,2.0,0.00033429883592065243,0.000334414,4.0,11961.0,0.0002325985926535961,0.00026049,31.0,119007.0,0.00012279609088360977
