year,month,MMWR week,week start date,BE count,BH count,BL count,BR count,CA count,CR count,CS count,CMHD count,CH count,CU count,DA count,DW count,DL count,FA count,FL count,GA count,GF count,GL count,GR count,HI count,JE count,LA count,LC count,LI count,LN count,MA count,MC count,ME count,MI count,MS count,PA count,PH count,PO count,PR count,PW count,PI count,RA count,RI count,RO count,RS count,SA count,SH count,SB count,ST count,SG count,TE count,TO count,TR count,VA count,WI count,YE count,MT Total count
2009,8,35,8/30/2009,0,0,0,0,0,0,1,1,0,0,1,0,0,0,0,8,0,3,0,26,0,10,46,0,0,0,0,0,0,0,0,0,2,2,0,10,1,0,4,3,0,0,15,0,0,0,0,0,0,0,3,136
2009,9,36,9/6/2009,6,0,0,0,0,0,2,0,0,6,0,0,10,0,4,9,0,6,0,26,0,13,51,0,0,0,0,0,0,19,0,0,0,0,0,0,0,0,4,8,0,0,28,0,0,0,0,0,0,0,0,192
2009,9,37,9/13/2009,2,0,0,0,0,0,2,0,0,0,1,0,1,0,8,30,0,9,0,25,0,9,101,0,0,0,0,0,0,116,1,0,0,0,1,0,1,0,3,1,0,0,29,0,0,0,0,0,0,0,1,341
2009,9,38,9/20/2009,6,0,0,0,0,0,13,14,0,0,0,0,3,0,11,45,0,2,0,25,0,8,50,2,0,2,0,0,0,22,0,1,0,0,0,0,8,0,11,3,1,1,25,0,0,0,0,0,0,0,0,253
2009,9,39,9/27/2009,37,0,0,0,0,0,9,6,0,0,0,0,60,0,44,63,0,2,0,32,0,22,140,3,0,0,4,1,0,13,1,0,0,0,0,0,16,0,10,2,0,0,0,0,0,4,0,0,0,0,0,469
2009,10,40,10/4/2009,58,0,0,0,0,0,0,14,0,23,0,0,712,0,81,403,1,0,1,63,0,48,177,3,10,40,0,4,0,0,4,0,0,2,0,0,0,1,5,4,12,0,1,0,27,3,1,0,0,0,4,1702
2009,10,41,10/11/2009,74,0,1,0,0,0,18,34,0,23,2,5,158,0,128,422,0,0,2,104,0,56,846,0,23,48,6,8,1,0,51,0,17,1,0,3,42,34,8,29,36,6,17,0,43,10,20,0,4,0,26,2306
2009,10,42,10/18/2009,17,200,2,0,0,0,7,26,7,74,6,20,71,40,183,114,1,0,3,65,0,50,565,0,40,100,5,0,0,20,75,0,19,9,0,2,0,35,25,38,18,4,29,0,27,0,30,0,7,1,39,1974
2009,10,43,10/25/2009,5,0,0,0,0,0,2,60,5,49,0,37,48,4,113,72,1,1,1,44,0,28,207,1,0,48,2,1,0,5,193,0,0,22,0,0,0,61,67,32,18,0,6,0,27,0,30,0,9,1,14,1214
2009,11,44,11/1/2009,2,0,0,0,0,0,1,32,3,38,3,0,35,28,67,11,1,0,0,29,0,12,0,0,18,4,6,0,0,0,144,0,0,5,0,0,0,35,127,22,6,0,4,0,19,0,10,0,19,0,4,685
2009,11,45,11/8/2009,1,0,0,0,0,0,1,14,13,29,4,15,0,9,16,1,0,0,0,23,0,10,207,0,10,0,20,0,0,0,12,0,0,7,0,0,0,2,130,3,12,4,3,0,17,0,0,0,29,3,2,597
2009,11,46,11/15/2009,3,0,0,0,0,0,0,2,2,13,0,0,15,0,8,0,0,0,0,33,0,10,44,0,9,0,11,0,0,0,9,0,0,5,0,0,0,8,41,3,7,0,1,0,16,0,0,0,8,0,39,287
2009,11,47,11/22/2009,3,0,0,0,0,0,1,0,2,0,0,0,11,0,2,0,0,0,0,14,0,3,5,0,4,0,4,0,0,0,7,0,0,0,0,0,0,0,14,7,7,0,2,0,4,0,0,0,6,0,14,110
2009,11,48,11/29/2009,0,0,0,0,0,0,0,0,0,0,0,0,11,0,7,0,0,0,0,44,0,9,52,0,6,0,1,0,0,0,3,0,0,0,0,0,0,0,19,5,3,0,1,0,5,0,0,0,4,0,4,174
2009,12,49,12/6/2009,0,0,0,0,0,0,2,1,4,0,0,1,0,0,1,0,0,0,0,30,0,0,29,0,1,0,0,0,0,0,0,0,0,0,0,0,0,0,7,1,1,0,0,0,8,0,0,0,0,1,10,97
2009,12,50,12/13/2009,2,0,0,0,0,0,0,0,4,0,0,0,0,0,0,0,0,0,0,46,0,1,12,0,0,0,0,0,0,0,0,0,0,0,0,0,0,0,4,0,2,0,0,0,11,0,0,0,0,0,4,86
2009,12,51,12/20/2009,0,0,0,0,0,0,0,2,0,0,0,0,0,0,3,0,0,0,0,23,0,4,14,0,1,0,0,0,0,0,0,0,0,0,0,0,0,0,4,3,1,1,0,0,13,0,1,0,0,0,4,74
2009,12,52,12/27/2009,0,0,0,0,0,0,2,4,0,0,0,0,0,0,0,0,0,0,0,25,0,8,7,0,1,0,0,0,0,0,0,0,0,0,0,0,0,0,1,6,0,0,0,0,11,0,0,0,0,0,1,66
2010,1,1,1/3/2010,0,0,0,0,0,0,0,2,1,3,0,0,0,0,2,0,0,0,0,43,0,0,16,0,0,0,0,0,0,0,0,0,0,0,0,0,0,0,3,1,0,0,0,0,7,0,0,0,0,0,0,78
2010,1,2,1/10/2010,0,0,0,0,0,0,0,0,0,4,0,1,0,0,1,0,0,0,0,45,0,5,13,0,1,0,0,0,0,0,0,0,0,2,0,0,0,0,1,3,0,0,0,0,9,0,0,0,0,0,0,85
2010,1,3,1/17/2010,0,0,0,0,0,0,0,1,0,3,0,2,0,0,0,0,0,0,0,48,0,4,29,0,0,0,1,0,0,0,0,0,0,0,0,0,0,0,3,1,1,0,0,0,8,0,0,0,0,0,0,101
2010,1,4,1/24/2010,0,0,0,0,0,0,0,0,0,3,0,0,0,0,0,0,0,0,0,48,0,6,14,0,0,0,0,0,0,0,0,0,0,0,0,0,0,0,2,2,1,0,0,0,10,0,0,0,0,0,1,87
2010,1,5,1/31/2010,1,0,0,0,0,0,0,2,0,6,0,1,13,0,0,0,0,0,0,41,0,8,24,0,0,0,0,0,0,0,0,0,0,0,0,0,0,0,0,1,3,0,0,0,7,0,0,0,0,0,0,107
2010,2,6,2/7/2010,0,0,0,0,0,0,0,3,0,4,0,0,4,1,1,0,0,0,0,60,0,9,17,0,0,0,0,0,0,0,0,0,0,0,0,0,0,0,7,0,0,0,0,0,10,0,0,0,0,0,2,118
2010,2,7,2/14/2010,0,0,0,0,0,0,0,3,0,7,0,0,4,0,0,0,0,0,0,34,0,7,18,0,0,0,0,0,0,0,0,0,0,0,0,0,0,0,3,1,0,0,0,0,6,0,0,0,0,0,0,83
2010,2,8,2/21/2010,0,0,0,0,0,0,0,0,0,4,0,0,0,0,0,0,0,0,0,37,0,3,0,0,0,0,0,0,0,0,0,0,0,0,0,0,2,0,2,1,1,0,0,0,5,0,0,0,0,0,0,55
2010,2,9,2/28/2010,0,0,0,0,0,0,0,0,0,1,0,0,4,0,0,0,0,0,0,26,0,8,0,0,0,0,0,0,0,0,0,0,0,0,0,0,0,0,0,1,0,0,0,0,7,0,0,0,0,0,0,47
2010,3,10,3/7/2010,0,0,0,0,0,0,0,0,0,0,0,0,0,0,2,0,0,0,0,47,0,4,32,0,0,0,0,0,0,0,0,0,0,0,0,0,0,0,1,0,0,0,0,0,7,0,0,0,0,0,1,94
2010,3,11,3/14/2010,0,0,0,0,0,0,0,1,1,1,0,0,0,0,3,0,0,0,0,52,0,7,35,0,0,0,0,1,0,0,0,0,0,0,0,0,0,0,1,101,0,0,0,0,0,0,0,0,0,0,1,204
2010,3,12,3/21/2010,0,0,0,0,0,0,0,13,0,4,0,0,0,0,0,0,0,0,0,48,0,0,23,0,0,0,0,0,0,0,0,0,0,0,0,0,0,0,1,0,0,0,0,0,0,0,0,0,0,0,0,89
2010,3,13,3/28/2010,0,0,0,0,0,0,0,1,0,0,0,0,5,0,0,0,0,0,0,34,0,0,6,0,0,1,0,0,0,0,0,0,0,0,0,0,0,0,1,2,4,0,0,0,0,0,0,0,0,0,0,54
2010,4,14,4/4/2010,0,0,0,0,0,0,0,0,0,1,0,0,1,0,1,4,0,0,0,18,0,4,14,0,0,0,0,0,0,1,0,0,0,0,0,0,0,0,1,5,0,0,0,0,0,0,0,0,0,0,0,50
2010,4,15,4/11/2010,0,0,0,0,0,0,0,0,0,1,0,0,1,0,0,0,0,0,0,21,0,7,21,0,0,0,0,1,0,0,0,0,0,0,0,0,0,0,1,0,0,0,0,0,0,0,0,0,0,0,0,53
2010,4,16,4/18/2010,0,0,0,0,0,0,0,2,0,2,0,0,0,0,1,0,0,0,0,25,0,0,9,0,0,0,0,0,0,0,0,0,0,0,0,0,0,0,0,0,0,0,0,0,0,0,0,0,0,0,0,39
2010,4,17,4/25/2010,0,0,0,0,0,0,0,0,0,0,0,0,0,0,0,0,0,0,0,0,0,0,6,0,0,0,0,0,0,0,0,0,0,1,0,0,0,0,0,0,0,0,0,0,0,0,0,0,0,0,0,7
2010,5,18,5/2/2010,0,0,0,0,0,0,0,0,0,1,0,0,0,0,0,0,0,0,0,0,0,0,9,0,0,0,0,0,0,0,0,0,0,0,0,0,0,0,1,0,0,0,0,0,0,0,0,0,0,0,0,11
2010,5,19,5/9/2010,0,0,0,0,0,0,0,0,0,0,0,0,0,0,0,0,0,0,0,0,0,0,6,0,0,0,0,0,0,0,0,0,0,1,0,0,0,0,0,0,0,0,0,0,0,0,0,0,0,0,0,7
2010,5,20,5/16/2010,0,0,0,0,0,0,0,0,0,0,0,0,0,0,0,0,0,0,0,0,0,0,6,0,0,0,0,0,0,0,0,0,0,0,0,0,0,0,0,0,0,0,0,0,0,0,0,0,0,0,0,6
2010,5,21,5/23/2010,0,0,0,0,0,0,0,0,0,0,0,0,0,0,0,0,0,0,0,0,0,0,6,0,0,0,0,0,0,0,0,0,0,1,0,0,0,0,0,0,0,0,0,0,0,0,0,0,0,0,0,7
2010,5,22,5/30/2010,-8888,-8888,-8888,-8888,-8888,-8888,-8888,-8888,-8888,-8888,-8888,-8888,-8888,-8888,-8888,-8888,-8888,-8888,-8888,-8888,-8888,-8888,-8888,-8888,-8888,-8888,-8888,-8888,-8888,-8888,-8888,-8888,-8888,-8888,-8888,-8888,-8888,-8888,-8888,-8888,-8888,-8888,-8888,-8888,-8888,-8888,-8888,-8888,-8888,-8888,-8888,0
2010,6,23,6/6/2010,-8888,-8888,-8888,-8888,-8888,-8888,-8888,-8888,-8888,-8888,-8888,-8888,-8888,-8888,-8888,-8888,-8888,-8888,-8888,-8888,-8888,-8888,-8888,-8888,-8888,-8888,-8888,-8888,-8888,-8888,-8888,-8888,-8888,-8888,-8888,-8888,-8888,-8888,-8888,-8888,-8888,-8888,-8888,-8888,-8888,-8888,-8888,-8888,-8888,-8888,-8888,0
2010,6,24,6/13/2010,-8888,-8888,-8888,-8888,-8888,-8888,-8888,-8888,-8888,-8888,-8888,-8888,-8888,-8888,-8888,-8888,-8888,-8888,-8888,-8888,-8888,-8888,-8888,-8888,-8888,-8888,-8888,-8888,-8888,-8888,-8888,-8888,-8888,-8888,-8888,-8888,-8888,-8888,-8888,-8888,-8888,-8888,-8888,-8888,-8888,-8888,-8888,-8888,-8888,-8888,-8888,0
2010,6,25,6/20/2010,-8888,-8888,-8888,-8888,-8888,-8888,-8888,-8888,-8888,-8888,-8888,-8888,-8888,-8888,-8888,-8888,-8888,-8888,-8888,-8888,-8888,-8888,-8888,-8888,-8888,-8888,-8888,-8888,-8888,-8888,-8888,-8888,-8888,-8888,-8888,-8888,-8888,-8888,-8888,-8888,-8888,-8888,-8888,-8888,-8888,-8888,-8888,-8888,-8888,-8888,-8888,0
2010,6,26,6/27/2010,-8888,-8888,-8888,-8888,-8888,-8888,-8888,-8888,-8888,-8888,-8888,-8888,-8888,-8888,-8888,-8888,-8888,-8888,-8888,-8888,-8888,-8888,-8888,-8888,-8888,-8888,-8888,-8888,-8888,-8888,-8888,-8888,-8888,-8888,-8888,-8888,-8888,-8888,-8888,-8888,-8888,-8888,-8888,-8888,-8888,-8888,-8888,-8888,-8888,-8888,-8888,0
2010,7,27,7/4/2010,-8888,-8888,-8888,-8888,-8888,-8888,-8888,-8888,-8888,-8888,-8888,-8888,-8888,-8888,-8888,-8888,-8888,-8888,-8888,-8888,-8888,-8888,-8888,-8888,-8888,-8888,-8888,-8888,-8888,-8888,-8888,-8888,-8888,-8888,-8888,-8888,-8888,-8888,-8888,-8888,-8888,-8888,-8888,-8888,-8888,-8888,-8888,-8888,-8888,-8888,-8888,0
2010,7,28,7/11/2010,-8888,-8888,-8888,-8888,-8888,-8888,-8888,-8888,-8888,-8888,-8888,-8888,-8888,-8888,-8888,-8888,-8888,-8888,-8888,-8888,-8888,-8888,-8888,-8888,-8888,-8888,-8888,-8888,-8888,-8888,-8888,-8888,-8888,-8888,-8888,-8888,-8888,-8888,-8888,-8888,-8888,-8888,-8888,-8888,-8888,-8888,-8888,-8888,-8888,-8888,-8888,0
2010,7,29,7/18/2010,-8888,-8888,-8888,-8888,-8888,-8888,-8888,-8888,-8888,-8888,-8888,-8888,-8888,-8888,-8888,-8888,-8888,-8888,-8888,-8888,-8888,-8888,-8888,-8888,-8888,-8888,-8888,-8888,-8888,-8888,-8888,-8888,-8888,-8888,-8888,-8888,-8888,-8888,-8888,-8888,-8888,-8888,-8888,-8888,-8888,-8888,-8888,-8888,-8888,-8888,-8888,0
2010,7,30,7/25/2010,-8888,-8888,-8888,-8888,-8888,-8888,-8888,-8888,-8888,-8888,-8888,-8888,-8888,-8888,-8888,-8888,-8888,-8888,-8888,-8888,-8888,-8888,-8888,-8888,-8888,-8888,-8888,-8888,-8888,-8888,-8888,-8888,-8888,-8888,-8888,-8888,-8888,-8888,-8888,-8888,-8888,-8888,-8888,-8888,-8888,-8888,-8888,-8888,-8888,-8888,-8888,0
2010,8,31,8/1/2010,-8888,-8888,-8888,-8888,-8888,-8888,-8888,-8888,-8888,-8888,-8888,-8888,-8888,-8888,-8888,-8888,-8888,-8888,-8888,-8888,-8888,-8888,-8888,-8888,-8888,-8888,-8888,-8888,-8888,-8888,-8888,-8888,-8888,-8888,-8888,-8888,-8888,-8888,-8888,-8888,-8888,-8888,-8888,-8888,-8888,-8888,-8888,-8888,-8888,-8888,-8888,0
2010,8,32,8/8/2010,-8888,-8888,-8888,-8888,-8888,-8888,-8888,-8888,-8888,-8888,-8888,-8888,-8888,-8888,-8888,-8888,-8888,-8888,-8888,-8888,-8888,-8888,-8888,-8888,-8888,-8888,-8888,-8888,-8888,-8888,-8888,-8888,-8888,-8888,-8888,-8888,-8888,-8888,-8888,-8888,-8888,-8888,-8888,-8888,-8888,-8888,-8888,-8888,-8888,-8888,-8888,0
2010,8,33,8/15/2010,-8888,-8888,-8888,-8888,-8888,-8888,-8888,-8888,-8888,-8888,-8888,-8888,-8888,-8888,-8888,-8888,-8888,-8888,-8888,-8888,-8888,-8888,-8888,-8888,-8888,-8888,-8888,-8888,-8888,-8888,-8888,-8888,-8888,-8888,-8888,-8888,-8888,-8888,-8888,-8888,-8888,-8888,-8888,-8888,-8888,-8888,-8888,-8888,-8888,-8888,-8888,0
2010,8,34,8/22/2010,-8888,-8888,-8888,-8888,-8888,-8888,-8888,-8888,-8888,-8888,-8888,-8888,-8888,-8888,-8888,-8888,-8888,-8888,-8888,-8888,-8888,-8888,-8888,-8888,-8888,-8888,-8888,-8888,-8888,-8888,-8888,-8888,-8888,-8888,-8888,-8888,-8888,-8888,-8888,-8888,-8888,-8888,-8888,-8888,-8888,-8888,-8888,-8888,-8888,-8888,-8888,0
2010,8,35,8/29/2010,-8888,-8888,-8888,-8888,-8888,-8888,-8888,-8888,-8888,-8888,-8888,-8888,-8888,-8888,-8888,-8888,-8888,-8888,-8888,-8888,-8888,-8888,-8888,-8888,-8888,-8888,-8888,-8888,-8888,-8888,-8888,-8888,-8888,-8888,-8888,-8888,-8888,-8888,-8888,-8888,-8888,-8888,-8888,-8888,-8888,-8888,-8888,-8888,-8888,-8888,-8888,0
2010,9,36,9/5/2010,-8888,-8888,-8888,-8888,-8888,-8888,-8888,-8888,-8888,-8888,-8888,-8888,-8888,-8888,-8888,-8888,-8888,-8888,-8888,-8888,-8888,-8888,-8888,-8888,-8888,-8888,-8888,-8888,-8888,-8888,-8888,-8888,-8888,-8888,-8888,-8888,-8888,-8888,-8888,-8888,-8888,-8888,-8888,-8888,-8888,-8888,-8888,-8888,-8888,-8888,-8888,0
2010,9,37,9/12/2010,-8888,-8888,-8888,-8888,-8888,-8888,-8888,-8888,-8888,-8888,-8888,-8888,-8888,-8888,-8888,-8888,-8888,-8888,-8888,-8888,-8888,-8888,-8888,-8888,-8888,-8888,-8888,-8888,-8888,-8888,-8888,-8888,-8888,-8888,-8888,-8888,-8888,-8888,-8888,-8888,-8888,-8888,-8888,-8888,-8888,-8888,-8888,-8888,-8888,-8888,-8888,0
2010,9,38,9/19/2010,-8888,-8888,-8888,-8888,-8888,-8888,-8888,-8888,-8888,-8888,-8888,-8888,-8888,-8888,-8888,-8888,-8888,-8888,-8888,-8888,-8888,-8888,-8888,-8888,-8888,-8888,-8888,-8888,-8888,-8888,-8888,-8888,-8888,-8888,-8888,-8888,-8888,-8888,-8888,-8888,-8888,-8888,-8888,-8888,-8888,-8888,-8888,-8888,-8888,-8888,-8888,0
2010,9,39,9/26/2010,-8888,-8888,-8888,-8888,-8888,-8888,-8888,-8888,-8888,-8888,-8888,-8888,-8888,-8888,-8888,-8888,-8888,-8888,-8888,-8888,-8888,-8888,-8888,-8888,-8888,-8888,-8888,-8888,-8888,-8888,-8888,-8888,-8888,-8888,-8888,-8888,-8888,-8888,-8888,-8888,-8888,-8888,-8888,-8888,-8888,-8888,-8888,-8888,-8888,-8888,-8888,0
2010,10,40,10/3/2010,0,0,0,0,0,0,0,0,0,0,0,0,0,0,0,0,0,0,0,0,0,0,0,0,0,0,0,0,0,0,0,0,0,0,0,0,0,0,0,0,0,0,0,0,0,0,0,0,0,0,0,0
2010,10,41,10/10/2010,0,0,0,0,0,0,0,0,0,0,0,0,0,0,0,0,0,0,0,0,0,0,0,0,0,0,0,0,0,0,0,0,0,0,0,0,0,0,0,0,0,0,0,0,0,0,0,0,0,0,0,0
2010,10,42,10/17/2010,0,0,0,0,0,0,0,0,0,0,0,0,0,0,0,0,0,0,0,0,0,0,0,0,0,0,0,0,0,0,0,0,0,0,0,0,0,0,0,0,0,0,0,0,0,0,0,0,0,0,0,0
2010,10,43,10/24/2010,0,0,0,0,0,0,0,0,0,0,0,0,0,0,0,1,0,0,0,0,0,0,0,0,0,0,0,0,0,0,0,0,0,0,0,0,0,0,0,0,0,0,0,0,0,0,0,0,0,0,0,1
2010,10,44,10/31/2010,0,0,0,0,0,0,0,0,0,0,0,0,0,0,0,0,0,0,0,0,0,0,0,0,0,0,0,0,0,0,0,0,0,0,0,0,0,0,0,0,0,0,0,0,0,0,0,0,0,0,0,0
2010,11,45,11/7/2010,0,0,0,0,0,0,0,0,0,0,0,0,0,0,0,1,0,0,0,0,0,0,0,0,0,0,0,0,0,0,0,0,0,0,0,0,0,0,0,0,0,0,0,0,0,0,0,0,0,0,0,1
2010,11,46,11/14/2010,0,0,0,0,0,0,0,0,0,0,0,0,0,0,0,1,0,0,0,0,0,0,0,0,0,0,0,0,0,0,0,0,0,0,0,0,0,0,0,0,0,0,0,0,0,0,0,0,0,0,0,1
2010,11,47,11/21/2010,0,0,0,0,0,0,0,1,0,0,0,0,0,0,0,0,0,0,0,0,0,0,0,0,0,0,0,0,0,0,0,0,0,0,0,0,0,0,0,0,0,0,0,0,0,0,0,0,0,0,0,1
2010,11,48,11/28/2010,0,0,0,0,0,0,0,4,0,0,0,0,0,0,0,1,0,0,0,0,0,0,0,0,0,0,0,0,0,1,0,0,0,0,0,0,0,0,0,0,0,0,0,0,0,0,0,0,0,0,1,7
2010,12,49,12/5/2010,0,0,0,0,0,0,0,5,0,0,0,0,0,0,0,2,0,0,0,0,0,0,0,0,0,0,0,0,0,0,0,0,0,0,0,0,0,0,0,0,0,0,0,0,0,0,0,0,0,0,1,8
2010,12,50,12/12/2010,0,0,0,0,0,0,0,3,0,0,0,0,0,0,0,3,0,0,0,0,0,0,1,0,0,0,0,0,0,1,6,0,0,0,0,0,0,0,0,0,0,0,2,0,0,0,0,0,0,0,2,18
2010,12,51,12/19/2010,0,0,0,0,0,0,0,1,0,0,0,0,0,0,6,3,0,0,0,0,0,1,21,0,0,0,0,0,0,1,4,0,0,0,0,0,0,0,0,0,0,0,0,0,0,0,0,0,0,0,3,40
2010,12,52,12/26/2010,0,0,1,0,3,1,1,3,0,0,0,0,0,0,44,55,0,0,0,0,0,0,17,0,0,0,0,0,0,1,7,0,0,0,0,0,0,0,0,0,0,0,0,0,0,0,0,0,0,0,2,135
2011,1,1,1/2/2011,0,0,0,0,0,0,0,3,0,0,0,0,0,0,28,48,0,0,0,0,0,1,38,0,0,0,0,0,0,3,7,0,5,0,0,0,0,0,0,0,0,0,0,0,0,0,0,0,0,0,0,133
2011,1,2,1/9/2011,0,1,0,0,0,0,10,7,0,0,0,0,0,1,27,1,0,0,0,0,0,0,30,0,0,0,0,0,0,1,4,0,0,0,0,0,3,0,0,0,0,0,0,0,0,0,0,0,0,0,1,86
2011,1,3,1/16/2011,0,0,0,0,0,0,2,3,0,0,0,0,1,1,6,40,0,0,0,0,0,0,19,0,0,0,0,0,0,3,0,1,1,0,0,0,2,0,2,0,0,0,0,0,0,0,0,0,0,0,4,85
2011,1,4,1/23/2011,0,0,0,0,0,0,9,11,1,0,0,1,0,0,2,35,0,0,0,0,0,0,28,0,0,0,0,0,0,2,0,1,5,0,0,0,3,0,1,4,3,0,1,0,0,0,0,0,4,0,3,114
2011,1,5,1/30/2011,0,0,0,0,0,0,15,11,0,0,0,12,0,0,60,26,0,0,0,2,0,0,31,0,1,1,0,0,0,2,7,1,1,0,0,0,5,0,9,4,0,2,0,0,0,0,4,0,2,0,2,198
2011,2,6,2/6/2011,3,0,1,0,0,0,39,18,1,0,0,0,1,0,57,28,0,0,0,3,0,0,42,0,11,0,0,0,0,2,10,0,0,0,0,0,4,0,15,24,0,1,0,0,0,0,2,0,1,0,2,265
2011,2,7,2/13/2011,5,0,0,0,0,0,15,15,0,11,0,0,0,1,117,33,0,1,0,0,0,0,57,0,28,0,0,0,0,0,13,0,8,0,0,0,11,0,19,32,0,0,0,0,0,0,0,0,2,3,2,373
2011,2,8,2/20/2011,1,3,4,0,0,0,20,15,1,5,0,0,0,0,85,39,0,5,0,2,7,0,125,1,32,1,0,0,0,2,7,0,6,0,0,0,8,0,15,23,0,3,0,0,0,5,1,0,0,0,5,421
2011,2,9,2/27/2011,10,0,0,0,3,0,18,2,1,10,0,0,0,1,83,33,0,6,0,0,9,0,1,0,26,0,0,0,0,3,6,0,15,0,0,0,0,2,12,18,0,1,0,0,0,0,10,0,8,0,1,279
2011,3,10,3/6/2011,32,0,0,0,0,0,32,45,3,6,1,0,0,1,82,26,0,4,0,0,11,0,139,0,21,0,0,1,0,0,14,0,0,0,0,1,6,2,14,21,0,0,0,0,0,0,32,0,24,0,0,518
2011,3,11,3/13/2011,4,0,0,0,0,0,32,17,4,3,3,0,0,1,116,16,0,0,0,0,16,0,131,0,24,0,0,0,0,4,12,0,0,0,0,0,0,0,19,30,0,0,0,0,0,0,0,0,18,0,2,452
2011,3,12,3/20/2011,1,0,0,1,1,0,26,11,8,15,1,0,0,0,115,13,0,0,0,0,20,0,69,0,30,0,0,0,0,0,10,0,0,0,0,0,0,0,17,21,0,0,0,0,0,2,1,0,4,0,2,368
2011,3,13,3/27/2011,0,0,0,0,1,0,19,0,4,28,2,0,0,0,80,7,0,0,0,0,0,0,79,0,20,0,0,0,0,0,11,0,0,0,0,0,0,0,7,21,0,0,0,0,6,0,2,0,6,0,1,294
2011,4,14,4/3/2011,0,0,0,0,0,0,8,7,1,0,0,0,0,0,52,4,0,0,0,0,0,0,0,0,12,0,1,0,0,0,7,0,0,0,0,0,0,0,5,2,0,0,0,0,2,0,1,0,1,0,2,105
2011,4,15,4/10/2011,0,0,0,0,0,0,8,3,0,28,0,0,0,0,55,1,0,0,0,0,0,24,71,0,2,0,4,0,0,0,1,0,0,0,0,0,0,0,4,5,0,0,0,0,2,0,0,0,0,0,0,208
2011,4,16,4/17/2011,0,0,0,0,0,0,5,1,0,0,0,0,0,0,6,0,0,0,0,0,0,0,0,0,0,0,0,0,0,0,2,0,0,0,0,0,0,0,2,2,0,0,0,0,4,0,0,0,0,0,0,22
2011,4,17,4/24/2011,0,4,0,0,0,0,0,0,0,0,0,0,0,0,0,0,0,0,0,0,0,0,0,0,0,0,0,0,0,0,0,0,0,0,0,0,0,0,1,0,0,0,0,0,0,0,0,0,0,0,0,5
2011,5,18,5/1/2011,0,0,0,0,0,0,0,2,0,0,0,0,0,1,2,0,0,0,0,0,0,0,0,0,0,0,0,0,0,0,0,0,0,0,0,0,0,0,0,1,0,0,0,0,0,0,0,0,0,0,0,6
2011,5,19,5/8/2011,0,2,0,0,0,0,1,2,0,0,0,0,0,0,3,0,0,0,0,0,0,0,0,0,0,0,0,0,0,0,0,0,0,0,0,0,0,0,0,0,0,0,0,0,0,0,0,0,0,0,0,8
2011,5,20,5/15/2011,0,0,0,0,0,0,0,0,0,0,0,0,0,0,3,0,0,0,0,0,0,0,2,0,0,0,0,0,0,0,0,0,0,0,0,0,0,0,0,0,0,0,0,0,0,0,0,0,0,0,0,5
2011,5,21,5/22/2011,0,0,0,0,0,0,0,0,0,0,0,0,0,0,3,0,0,0,0,0,0,0,0,0,0,0,0,0,0,0,0,0,0,0,0,0,0,0,0,0,0,0,0,0,0,0,0,0,0,0,0,3
2011,5,22,5/29/2011,0,0,0,0,0,0,0,2,0,0,0,0,0,0,0,0,0,0,0,0,0,0,0,0,0,0,0,0,0,0,0,0,0,0,0,0,0,0,0,0,0,0,0,0,0,0,0,0,0,0,0,2
2011,6,23,6/5/2011,-8888,-8888,-8888,-8888,-8888,-8888,-8888,-8888,-8888,-8888,-8888,-8888,-8888,-8888,-8888,-8888,-8888,-8888,-8888,-8888,-8888,-8888,-8888,-8888,-8888,-8888,-8888,-8888,-8888,-8888,-8888,-8888,-8888,-8888,-8888,-8888,-8888,-8888,-8888,-8888,-8888,-8888,-8888,-8888,-8888,-8888,-8888,-8888,-8888,-8888,-8888,0
2011,6,24,6/12/2011,-8888,-8888,-8888,-8888,-8888,-8888,-8888,-8888,-8888,-8888,-8888,-8888,-8888,-8888,-8888,-8888,-8888,-8888,-8888,-8888,-8888,-8888,-8888,-8888,-8888,-8888,-8888,-8888,-8888,-8888,-8888,-8888,-8888,-8888,-8888,-8888,-8888,-8888,-8888,-8888,-8888,-8888,-8888,-8888,-8888,-8888,-8888,-8888,-8888,-8888,-8888,0
2011,6,25,6/19/2011,-8888,-8888,-8888,-8888,-8888,-8888,-8888,-8888,-8888,-8888,-8888,-8888,-8888,-8888,-8888,-8888,-8888,-8888,-8888,-8888,-8888,-8888,-8888,-8888,-8888,-8888,-8888,-8888,-8888,-8888,-8888,-8888,-8888,-8888,-8888,-8888,-8888,-8888,-8888,-8888,-8888,-8888,-8888,-8888,-8888,-8888,-8888,-8888,-8888,-8888,-8888,0
2011,6,26,6/26/2011,-8888,-8888,-8888,-8888,-8888,-8888,-8888,-8888,-8888,-8888,-8888,-8888,-8888,-8888,-8888,-8888,-8888,-8888,-8888,-8888,-8888,-8888,-8888,-8888,-8888,-8888,-8888,-8888,-8888,-8888,-8888,-8888,-8888,-8888,-8888,-8888,-8888,-8888,-8888,-8888,-8888,-8888,-8888,-8888,-8888,-8888,-8888,-8888,-8888,-8888,-8888,0
2011,7,27,7/3/2011,-8888,-8888,-8888,-8888,-8888,-8888,-8888,-8888,-8888,-8888,-8888,-8888,-8888,-8888,-8888,-8888,-8888,-8888,-8888,-8888,-8888,-8888,-8888,-8888,-8888,-8888,-8888,-8888,-8888,-8888,-8888,-8888,-8888,-8888,-8888,-8888,-8888,-8888,-8888,-8888,-8888,-8888,-8888,-8888,-8888,-8888,-8888,-8888,-8888,-8888,-8888,0
2011,7,28,7/10/2011,-8888,-8888,-8888,-8888,-8888,-8888,-8888,-8888,-8888,-8888,-8888,-8888,-8888,-8888,-8888,-8888,-8888,-8888,-8888,-8888,-8888,-8888,-8888,-8888,-8888,-8888,-8888,-8888,-8888,-8888,-8888,-8888,-8888,-8888,-8888,-8888,-8888,-8888,-8888,-8888,-8888,-8888,-8888,-8888,-8888,-8888,-8888,-8888,-8888,-8888,-8888,0
2011,7,29,7/17/2011,-8888,-8888,-8888,-8888,-8888,-8888,-8888,-8888,-8888,-8888,-8888,-8888,-8888,-8888,-8888,-8888,-8888,-8888,-8888,-8888,-8888,-8888,-8888,-8888,-8888,-8888,-8888,-8888,-8888,-8888,-8888,-8888,-8888,-8888,-8888,-8888,-8888,-8888,-8888,-8888,-8888,-8888,-8888,-8888,-8888,-8888,-8888,-8888,-8888,-8888,-8888,0
2011,7,30,7/24/2011,-8888,-8888,-8888,-8888,-8888,-8888,-8888,-8888,-8888,-8888,-8888,-8888,-8888,-8888,-8888,-8888,-8888,-8888,-8888,-8888,-8888,-8888,-8888,-8888,-8888,-8888,-8888,-8888,-8888,-8888,-8888,-8888,-8888,-8888,-8888,-8888,-8888,-8888,-8888,-8888,-8888,-8888,-8888,-8888,-8888,-8888,-8888,-8888,-8888,-8888,-8888,0
2011,7,31,7/31/2011,-8888,-8888,-8888,-8888,-8888,-8888,-8888,-8888,-8888,-8888,-8888,-8888,-8888,-8888,-8888,-8888,-8888,-8888,-8888,-8888,-8888,-8888,-8888,-8888,-8888,-8888,-8888,-8888,-8888,-8888,-8888,-8888,-8888,-8888,-8888,-8888,-8888,-8888,-8888,-8888,-8888,-8888,-8888,-8888,-8888,-8888,-8888,-8888,-8888,-8888,-8888,0
2011,8,32,8/7/2011,-8888,-8888,-8888,-8888,-8888,-8888,-8888,-8888,-8888,-8888,-8888,-8888,-8888,-8888,-8888,-8888,-8888,-8888,-8888,-8888,-8888,-8888,-8888,-8888,-8888,-8888,-8888,-8888,-8888,-8888,-8888,-8888,-8888,-8888,-8888,-8888,-8888,-8888,-8888,-8888,-8888,-8888,-8888,-8888,-8888,-8888,-8888,-8888,-8888,-8888,-8888,0
2011,8,33,8/14/2011,-8888,-8888,-8888,-8888,-8888,-8888,-8888,-8888,-8888,-8888,-8888,-8888,-8888,-8888,-8888,-8888,-8888,-8888,-8888,-8888,-8888,-8888,-8888,-8888,-8888,-8888,-8888,-8888,-8888,-8888,-8888,-8888,-8888,-8888,-8888,-8888,-8888,-8888,-8888,-8888,-8888,-8888,-8888,-8888,-8888,-8888,-8888,-8888,-8888,-8888,-8888,0
2011,8,34,8/21/2011,-8888,-8888,-8888,-8888,-8888,-8888,-8888,-8888,-8888,-8888,-8888,-8888,-8888,-8888,-8888,-8888,-8888,-8888,-8888,-8888,-8888,-8888,-8888,-8888,-8888,-8888,-8888,-8888,-8888,-8888,-8888,-8888,-8888,-8888,-8888,-8888,-8888,-8888,-8888,-8888,-8888,-8888,-8888,-8888,-8888,-8888,-8888,-8888,-8888,-8888,-8888,0
2011,8,35,8/28/2011,-8888,-8888,-8888,-8888,-8888,-8888,-8888,-8888,-8888,-8888,-8888,-8888,-8888,-8888,-8888,-8888,-8888,-8888,-8888,-8888,-8888,-8888,-8888,-8888,-8888,-8888,-8888,-8888,-8888,-8888,-8888,-8888,-8888,-8888,-8888,-8888,-8888,-8888,-8888,-8888,-8888,-8888,-8888,-8888,-8888,-8888,-8888,-8888,-8888,-8888,-8888,0
2011,9,36,9/4/2011,-8888,-8888,-8888,-8888,-8888,-8888,-8888,-8888,-8888,-8888,-8888,-8888,-8888,-8888,-8888,-8888,-8888,-8888,-8888,-8888,-8888,-8888,-8888,-8888,-8888,-8888,-8888,-8888,-8888,-8888,-8888,-8888,-8888,-8888,-8888,-8888,-8888,-8888,-8888,-8888,-8888,-8888,-8888,-8888,-8888,-8888,-8888,-8888,-8888,-8888,-8888,0
2011,9,37,9/11/2011,-8888,-8888,-8888,-8888,-8888,-8888,-8888,-8888,-8888,-8888,-8888,-8888,-8888,-8888,-8888,-8888,-8888,-8888,-8888,-8888,-8888,-8888,-8888,-8888,-8888,-8888,-8888,-8888,-8888,-8888,-8888,-8888,-8888,-8888,-8888,-8888,-8888,-8888,-8888,-8888,-8888,-8888,-8888,-8888,-8888,-8888,-8888,-8888,-8888,-8888,-8888,0
2011,9,38,9/18/2011,-8888,-8888,-8888,-8888,-8888,-8888,-8888,-8888,-8888,-8888,-8888,-8888,-8888,-8888,-8888,-8888,-8888,-8888,-8888,-8888,-8888,-8888,-8888,-8888,-8888,-8888,-8888,-8888,-8888,-8888,-8888,-8888,-8888,-8888,-8888,-8888,-8888,-8888,-8888,-8888,-8888,-8888,-8888,-8888,-8888,-8888,-8888,-8888,-8888,-8888,-8888,0
2011,9,39,9/25/2011,-8888,-8888,-8888,-8888,-8888,-8888,-8888,-8888,-8888,-8888,-8888,-8888,-8888,-8888,-8888,-8888,-8888,-8888,-8888,-8888,-8888,-8888,-8888,-8888,-8888,-8888,-8888,-8888,-8888,-8888,-8888,-8888,-8888,-8888,-8888,-8888,-8888,-8888,-8888,-8888,-8888,-8888,-8888,-8888,-8888,-8888,-8888,-8888,-8888,-8888,-8888,0
2011,10,40,10/2/2011,0,0,0,0,0,0,0,0,0,0,0,0,0,0,0,0,0,0,0,0,0,0,0,0,0,0,0,0,0,0,0,0,0,0,0,0,0,0,0,0,0,0,0,0,0,0,0,0,0,0,0,0
2011,10,41,10/9/2011,0,0,0,0,0,0,0,0,0,0,0,0,0,0,0,0,0,0,0,0,0,0,0,0,0,0,0,0,0,0,0,0,0,0,0,0,0,0,0,0,0,0,0,0,0,0,0,0,0,0,0,0
2011,10,42,10/16/2011,0,0,0,0,0,0,0,0,0,0,0,0,0,0,0,0,0,0,0,0,0,0,0,0,0,0,0,0,0,0,0,0,0,0,0,0,0,0,0,0,0,0,0,0,0,0,0,0,0,0,0,0
2011,10,43,10/23/2011,0,0,0,0,0,0,0,0,0,0,0,0,0,0,0,0,0,0,0,0,0,0,0,0,0,0,0,0,0,0,0,0,0,0,0,0,0,0,0,0,0,0,0,0,0,0,0,0,0,0,0,0
2011,10,44,10/30/2011,0,0,0,0,0,0,0,0,0,0,0,0,0,0,0,0,0,0,0,0,0,0,0,0,0,0,0,0,0,0,0,0,0,0,0,0,0,0,0,0,0,0,0,0,0,0,0,0,0,0,0,0
2011,11,45,11/6/2011,0,0,0,0,0,0,0,0,0,0,0,0,0,0,0,0,0,0,0,0,0,0,0,0,0,0,0,0,0,0,0,0,0,0,0,0,0,0,0,0,0,0,0,0,0,0,0,0,0,0,0,0
2011,11,46,11/13/2011,0,0,0,0,0,0,0,0,0,0,0,0,0,0,0,0,0,0,0,0,0,0,0,0,0,0,0,0,0,0,0,0,0,0,0,0,0,0,0,0,0,0,0,0,0,0,0,0,0,0,0,0
2011,11,47,11/20/2011,0,0,0,0,0,0,0,0,0,0,0,0,0,0,0,0,0,0,0,0,0,0,0,0,0,0,0,0,0,0,0,0,0,0,0,0,0,0,0,0,0,0,0,0,0,0,0,0,0,0,0,0
2011,11,48,11/27/2011,0,0,0,0,0,0,0,0,0,0,0,0,0,0,0,2,0,0,0,0,0,0,0,0,0,0,0,0,0,0,0,0,0,0,0,0,0,0,0,0,0,0,0,0,0,0,0,0,0,0,0,2
2011,12,49,12/4/2011,0,0,0,0,0,0,0,0,0,0,0,0,0,0,0,0,0,0,0,0,0,1,0,0,0,0,0,0,0,0,0,0,0,0,0,0,0,0,0,0,0,0,0,0,0,0,0,0,0,0,0,1
2011,12,50,12/11/2011,0,0,0,0,0,0,0,0,0,0,0,0,0,0,0,0,0,0,0,0,0,0,0,0,0,0,0,0,0,0,0,0,0,0,0,0,0,0,0,0,0,0,0,0,0,0,0,0,0,0,0,0
2011,12,51,12/18/2011,0,0,0,0,0,0,0,0,0,0,0,0,0,0,0,0,0,0,0,0,0,0,0,0,0,0,0,0,0,0,0,0,0,0,0,0,0,0,0,0,0,0,0,0,0,0,0,0,0,0,0,0
2011,12,52,12/25/2011,0,0,0,0,0,0,0,0,0,0,0,0,0,0,0,0,0,0,0,0,0,0,0,0,0,0,0,0,0,0,0,0,0,0,0,0,0,0,0,0,0,0,0,0,0,0,0,0,0,0,0,0
2012,1,1,1/1/2012,0,0,0,0,0,0,0,0,0,0,0,0,0,0,0,0,0,0,0,0,0,0,0,0,0,0,0,0,0,0,0,0,0,0,0,0,0,0,0,0,0,0,0,0,0,0,0,0,0,0,0,0
2012,1,2,1/8/2012,0,0,0,0,0,0,0,2,0,0,0,0,0,0,0,0,0,0,0,0,1,0,1,0,0,0,0,0,0,0,0,0,0,0,0,0,0,0,1,0,0,0,0,0,0,0,0,0,0,0,0,5
2012,1,3,1/15/2012,0,0,0,0,0,0,1,2,0,0,0,0,0,0,0,1,0,0,0,0,0,0,21,0,0,0,0,0,0,0,0,0,0,0,0,0,0,0,9,0,0,0,0,0,0,0,0,0,0,0,0,34
2012,1,4,1/22/2012,0,0,0,0,0,0,0,2,0,0,0,0,0,0,0,2,0,0,0,0,0,0,19,0,0,0,0,0,0,0,0,0,0,0,0,0,0,0,5,0,0,0,1,0,0,0,0,0,0,0,0,29
2012,1,5,1/29/2012,1,1,0,0,0,0,0,0,0,0,0,0,0,0,3,1,0,0,0,0,0,0,14,0,0,0,0,0,0,1,0,0,2,0,0,0,1,0,6,0,1,0,0,0,0,0,4,0,0,0,0,35
2012,2,6,2/5/2012,1,0,0,0,0,0,0,3,0,0,0,0,0,0,62,1,0,0,0,0,0,0,10,0,0,0,0,0,0,0,0,0,1,0,0,0,0,0,1,4,0,0,0,0,0,0,2,0,0,0,1,86
2012,2,7,2/12/2012,2,0,0,0,0,0,2,0,0,1,0,0,0,0,79,1,0,0,0,0,0,0,7,0,1,0,0,0,0,0,0,1,0,0,0,0,1,0,8,4,0,0,0,0,0,0,0,0,0,0,2,109
2012,2,8,2/19/2012,3,0,0,0,0,0,0,1,0,1,0,0,0,0,17,5,0,0,0,1,0,0,2,0,1,0,0,0,0,2,0,0,2,0,0,0,2,0,4,13,0,0,0,0,0,0,2,0,0,0,0,56
2012,2,9,2/26/2012,1,0,0,0,0,0,0,9,0,1,0,0,0,0,93,5,0,2,0,0,0,0,5,0,1,0,0,0,2,0,0,0,1,0,0,0,2,1,4,7,0,0,0,0,0,0,3,0,0,0,0,137
2012,3,10,3/4/2012,0,0,0,0,0,0,1,4,0,2,0,0,1,0,98,2,0,1,0,0,0,0,9,0,7,0,0,0,0,0,3,0,1,0,0,0,0,2,2,0,0,0,0,0,0,0,5,0,2,0,2,142
2012,3,11,3/11/2012,0,2,0,0,0,0,1,3,0,5,0,0,0,3,96,2,0,3,0,0,0,0,7,0,6,0,0,0,4,17,7,0,2,0,0,0,0,0,0,0,0,0,0,0,0,0,4,0,0,0,2,164
2012,3,12,3/18/2012,0,1,0,0,0,0,2,0,0,19,0,0,4,0,94,7,0,1,0,0,0,0,15,0,14,0,0,0,16,26,5,0,0,0,0,0,7,0,7,0,0,3,0,0,0,0,3,0,0,0,1,225
2012,3,13,3/25/2012,7,1,0,0,0,0,7,4,0,26,0,0,4,0,71,7,0,3,0,0,0,0,22,0,7,0,0,0,12,24,20,0,0,0,0,0,0,0,0,0,0,5,0,0,0,0,3,0,0,0,0,223
2012,4,14,4/1/2012,9,0,0,0,0,0,4,4,0,48,0,0,0,0,84,7,0,0,0,0,0,0,0,0,4,0,0,0,0,0,5,0,0,11,0,0,4,1,2,0,0,0,0,0,0,0,0,0,0,0,0,183
2012,4,15,4/8/2012,1,0,0,0,0,0,5,4,0,50,0,0,0,0,76,12,0,0,0,0,0,0,11,0,2,0,0,0,11,0,2,0,2,0,0,0,0,1,8,0,0,0,0,0,0,1,0,0,0,0,3,189
2012,4,16,4/15/2012,3,0,0,0,0,0,5,2,5,56,0,0,0,0,52,6,0,0,0,0,0,0,2,0,1,0,8,0,10,0,8,0,3,0,0,0,0,13,12,0,0,0,0,0,0,0,2,0,1,0,3,192
2012,4,17,4/22/2012,1,0,0,0,0,0,5,0,1,56,0,0,0,0,32,0,0,0,0,0,0,0,0,0,1,0,7,0,7,0,0,0,0,0,0,0,0,1,7,0,0,0,0,0,0,0,0,0,0,0,1,119
2012,4,18,4/29/2012,1,0,0,0,0,0,4,0,0,60,0,0,0,0,7,0,0,0,0,89,0,0,2,0,0,0,0,0,6,0,0,0,0,0,0,0,0,0,7,0,0,0,0,0,0,0,0,0,1,0,0,177
2012,5,19,5/6/2012,1,0,0,0,0,0,0,0,0,60,0,0,0,0,8,0,0,0,0,0,0,0,0,0,0,0,0,0,4,0,0,0,0,0,0,0,0,0,3,0,0,0,0,0,0,0,0,0,0,0,1,77
2012,5,20,5/13/2012,1,0,0,0,0,0,0,0,0,60,0,0,0,0,16,0,0,0,0,0,0,0,1,0,0,0,0,0,10,0,0,0,0,0,0,0,0,0,0,0,0,0,0,0,0,0,0,0,0,0,1,89
2012,5,21,5/20/2012,2,0,0,0,0,0,0,4,0,60,0,0,0,0,20,0,0,3,0,0,0,0,5,0,1,0,0,0,2,0,0,0,0,0,0,0,1,0,1,0,0,0,0,0,0,0,0,0,0,0,0,99
2012,5,22,5/27/2012,0,0,0,0,0,0,0,4,0,0,0,0,0,0,12,0,0,0,0,0,0,0,0,0,3,0,0,0,0,0,0,0,0,0,0,0,0,0,0,0,0,0,0,0,0,0,0,0,0,0,0,19
2012,6,23,6/3/2012,-8888,-8888,-8888,-8888,-8888,-8888,-8888,-8888,-8888,-8888,-8888,-8888,-8888,-8888,-8888,-8888,-8888,-8888,-8888,-8888,-8888,-8888,-8888,-8888,-8888,-8888,-8888,-8888,-8888,-8888,-8888,-8888,-8888,-8888,-8888,-8888,-8888,-8888,-8888,-8888,-8888,-8888,-8888,-8888,-8888,-8888,-8888,-8888,-8888,-8888,-8888,0
2012,6,24,6/10/2012,-8888,-8888,-8888,-8888,-8888,-8888,-8888,-8888,-8888,-8888,-8888,-8888,-8888,-8888,-8888,-8888,-8888,-8888,-8888,-8888,-8888,-8888,-8888,-8888,-8888,-8888,-8888,-8888,-8888,-8888,-8888,-8888,-8888,-8888,-8888,-8888,-8888,-8888,-8888,-8888,-8888,-8888,-8888,-8888,-8888,-8888,-8888,-8888,-8888,-8888,-8888,0
2012,6,25,6/17/2012,-8888,-8888,-8888,-8888,-8888,-8888,-8888,-8888,-8888,-8888,-8888,-8888,-8888,-8888,-8888,-8888,-8888,-8888,-8888,-8888,-8888,-8888,-8888,-8888,-8888,-8888,-8888,-8888,-8888,-8888,-8888,-8888,-8888,-8888,-8888,-8888,-8888,-8888,-8888,-8888,-8888,-8888,-8888,-8888,-8888,-8888,-8888,-8888,-8888,-8888,-8888,0
2012,6,26,6/24/2012,-8888,-8888,-8888,-8888,-8888,-8888,-8888,-8888,-8888,-8888,-8888,-8888,-8888,-8888,-8888,-8888,-8888,-8888,-8888,-8888,-8888,-8888,-8888,-8888,-8888,-8888,-8888,-8888,-8888,-8888,-8888,-8888,-8888,-8888,-8888,-8888,-8888,-8888,-8888,-8888,-8888,-8888,-8888,-8888,-8888,-8888,-8888,-8888,-8888,-8888,-8888,0
2012,7,27,7/1/2012,-8888,-8888,-8888,-8888,-8888,-8888,-8888,-8888,-8888,-8888,-8888,-8888,-8888,-8888,-8888,-8888,-8888,-8888,-8888,-8888,-8888,-8888,-8888,-8888,-8888,-8888,-8888,-8888,-8888,-8888,-8888,-8888,-8888,-8888,-8888,-8888,-8888,-8888,-8888,-8888,-8888,-8888,-8888,-8888,-8888,-8888,-8888,-8888,-8888,-8888,-8888,0
2012,7,28,7/8/2012,-8888,-8888,-8888,-8888,-8888,-8888,-8888,-8888,-8888,-8888,-8888,-8888,-8888,-8888,-8888,-8888,-8888,-8888,-8888,-8888,-8888,-8888,-8888,-8888,-8888,-8888,-8888,-8888,-8888,-8888,-8888,-8888,-8888,-8888,-8888,-8888,-8888,-8888,-8888,-8888,-8888,-8888,-8888,-8888,-8888,-8888,-8888,-8888,-8888,-8888,-8888,0
2012,7,29,7/15/2012,-8888,-8888,-8888,-8888,-8888,-8888,-8888,-8888,-8888,-8888,-8888,-8888,-8888,-8888,-8888,-8888,-8888,-8888,-8888,-8888,-8888,-8888,-8888,-8888,-8888,-8888,-8888,-8888,-8888,-8888,-8888,-8888,-8888,-8888,-8888,-8888,-8888,-8888,-8888,-8888,-8888,-8888,-8888,-8888,-8888,-8888,-8888,-8888,-8888,-8888,-8888,0
2012,7,30,7/22/2012,-8888,-8888,-8888,-8888,-8888,-8888,-8888,-8888,-8888,-8888,-8888,-8888,-8888,-8888,-8888,-8888,-8888,-8888,-8888,-8888,-8888,-8888,-8888,-8888,-8888,-8888,-8888,-8888,-8888,-8888,-8888,-8888,-8888,-8888,-8888,-8888,-8888,-8888,-8888,-8888,-8888,-8888,-8888,-8888,-8888,-8888,-8888,-8888,-8888,-8888,-8888,0
2012,7,31,7/29/2012,-8888,-8888,-8888,-8888,-8888,-8888,-8888,-8888,-8888,-8888,-8888,-8888,-8888,-8888,-8888,-8888,-8888,-8888,-8888,-8888,-8888,-8888,-8888,-8888,-8888,-8888,-8888,-8888,-8888,-8888,-8888,-8888,-8888,-8888,-8888,-8888,-8888,-8888,-8888,-8888,-8888,-8888,-8888,-8888,-8888,-8888,-8888,-8888,-8888,-8888,-8888,0
2012,8,32,8/5/2012,-8888,-8888,-8888,-8888,-8888,-8888,-8888,-8888,-8888,-8888,-8888,-8888,-8888,-8888,-8888,-8888,-8888,-8888,-8888,-8888,-8888,-8888,-8888,-8888,-8888,-8888,-8888,-8888,-8888,-8888,-8888,-8888,-8888,-8888,-8888,-8888,-8888,-8888,-8888,-8888,-8888,-8888,-8888,-8888,-8888,-8888,-8888,-8888,-8888,-8888,-8888,0
2012,8,33,8/12/2012,-8888,-8888,-8888,-8888,-8888,-8888,-8888,-8888,-8888,-8888,-8888,-8888,-8888,-8888,-8888,-8888,-8888,-8888,-8888,-8888,-8888,-8888,-8888,-8888,-8888,-8888,-8888,-8888,-8888,-8888,-8888,-8888,-8888,-8888,-8888,-8888,-8888,-8888,-8888,-8888,-8888,-8888,-8888,-8888,-8888,-8888,-8888,-8888,-8888,-8888,-8888,0
2012,8,34,8/19/2012,-8888,-8888,-8888,-8888,-8888,-8888,-8888,-8888,-8888,-8888,-8888,-8888,-8888,-8888,-8888,-8888,-8888,-8888,-8888,-8888,-8888,-8888,-8888,-8888,-8888,-8888,-8888,-8888,-8888,-8888,-8888,-8888,-8888,-8888,-8888,-8888,-8888,-8888,-8888,-8888,-8888,-8888,-8888,-8888,-8888,-8888,-8888,-8888,-8888,-8888,-8888,0
2012,8,35,8/26/2012,-8888,-8888,-8888,-8888,-8888,-8888,-8888,-8888,-8888,-8888,-8888,-8888,-8888,-8888,-8888,-8888,-8888,-8888,-8888,-8888,-8888,-8888,-8888,-8888,-8888,-8888,-8888,-8888,-8888,-8888,-8888,-8888,-8888,-8888,-8888,-8888,-8888,-8888,-8888,-8888,-8888,-8888,-8888,-8888,-8888,-8888,-8888,-8888,-8888,-8888,-8888,0
2012,9,36,9/2/2012,-8888,-8888,-8888,-8888,-8888,-8888,-8888,-8888,-8888,-8888,-8888,-8888,-8888,-8888,-8888,-8888,-8888,-8888,-8888,-8888,-8888,-8888,-8888,-8888,-8888,-8888,-8888,-8888,-8888,-8888,-8888,-8888,-8888,-8888,-8888,-8888,-8888,-8888,-8888,-8888,-8888,-8888,-8888,-8888,-8888,-8888,-8888,-8888,-8888,-8888,-8888,0
2012,9,37,9/9/2012,-8888,-8888,-8888,-8888,-8888,-8888,-8888,-8888,-8888,-8888,-8888,-8888,-8888,-8888,-8888,-8888,-8888,-8888,-8888,-8888,-8888,-8888,-8888,-8888,-8888,-8888,-8888,-8888,-8888,-8888,-8888,-8888,-8888,-8888,-8888,-8888,-8888,-8888,-8888,-8888,-8888,-8888,-8888,-8888,-8888,-8888,-8888,-8888,-8888,-8888,-8888,0
2012,9,38,9/16/2012,-8888,-8888,-8888,-8888,-8888,-8888,-8888,-8888,-8888,-8888,-8888,-8888,-8888,-8888,-8888,-8888,-8888,-8888,-8888,-8888,-8888,-8888,-8888,-8888,-8888,-8888,-8888,-8888,-8888,-8888,-8888,-8888,-8888,-8888,-8888,-8888,-8888,-8888,-8888,-8888,-8888,-8888,-8888,-8888,-8888,-8888,-8888,-8888,-8888,-8888,-8888,0
2012,9,39,9/23/2012,-8888,-8888,-8888,-8888,-8888,-8888,-8888,-8888,-8888,-8888,-8888,-8888,-8888,-8888,-8888,-8888,-8888,-8888,-8888,-8888,-8888,-8888,-8888,-8888,-8888,-8888,-8888,-8888,-8888,-8888,-8888,-8888,-8888,-8888,-8888,-8888,-8888,-8888,-8888,-8888,-8888,-8888,-8888,-8888,-8888,-8888,-8888,-8888,-8888,-8888,-8888,0
2012,9,40,9/30/2012,0,0,0,0,0,0,0,1,0,1,0,0,0,0,0,0,0,0,0,0,0,0,0,0,0,0,0,0,0,0,1,0,0,0,0,0,0,0,0,0,0,0,0,0,0,0,0,0,0,0,0,3
2012,10,41,10/7/2012,0,0,4,0,0,0,0,0,0,1,0,0,0,0,0,1,0,0,0,0,0,0,0,0,0,0,0,0,0,0,0,0,0,0,0,0,0,0,0,0,0,0,2,0,0,0,0,0,0,0,0,8
2012,10,42,10/14/2012,0,0,2,0,0,0,0,1,0,8,0,0,1,0,0,0,0,0,0,1,0,0,0,0,0,0,0,0,0,0,2,4,0,0,0,0,0,0,0,0,0,0,0,0,0,0,0,0,0,0,0,19
2012,10,43,10/21/2012,1,0,0,0,0,0,0,6,0,0,0,0,6,0,0,1,0,0,0,0,0,0,10,0,0,0,0,0,0,0,2,0,0,0,0,0,0,0,0,0,0,0,0,0,0,0,0,0,0,0,0,26
2012,10,44,10/28/2012,2,1,0,0,0,0,0,2,0,0,0,0,3,0,0,0,0,0,0,0,0,0,0,0,0,0,0,0,2,2,6,0,0,0,0,0,0,0,0,0,0,0,0,0,0,0,0,0,0,0,0,18
2012,11,45,11/4/2012,0,0,0,0,0,0,0,1,0,0,0,0,4,0,0,0,0,0,0,0,0,0,37,0,0,0,0,0,0,0,4,2,0,0,0,0,0,0,0,0,0,0,0,1,0,0,0,0,0,0,0,49
2012,11,46,11/11/2012,0,1,0,0,0,0,0,1,0,0,0,0,0,0,0,0,0,0,0,0,0,0,16,0,0,0,0,0,0,1,4,0,0,0,0,0,0,0,0,0,0,0,0,0,0,0,0,0,0,0,0,23
2012,11,47,11/18/2012,0,0,0,0,0,0,0,0,0,1,0,1,2,0,0,1,0,0,0,0,0,0,6,0,0,0,1,0,0,0,6,0,0,0,0,0,1,0,0,0,0,0,0,0,0,0,0,0,0,0,0,19
2012,11,48,11/25/2012,0,5,0,0,0,0,1,3,0,0,0,0,12,1,0,0,0,0,0,0,0,0,30,0,0,0,0,0,0,1,8,0,0,0,0,0,0,0,0,0,0,0,16,0,0,0,0,0,0,0,0,77
2012,12,49,12/2/2012,0,1,0,0,5,0,5,2,0,2,0,0,1,4,0,2,0,0,0,0,0,0,4,0,0,0,0,0,0,1,0,1,0,0,0,0,0,2,0,0,0,0,20,0,0,0,0,0,0,0,0,50
2012,12,50,12/9/2012,3,5,0,0,8,0,10,0,0,1,2,6,8,0,0,3,0,1,0,1,0,4,0,1,3,0,1,0,1,2,2,0,0,0,0,0,0,9,4,1,0,2,32,2,0,0,0,0,0,1,0,113
2012,12,51,12/16/2012,3,3,0,0,0,0,17,2,1,7,6,24,15,19,0,15,0,1,1,8,0,8,4,3,1,0,2,0,1,3,9,1,3,0,0,0,4,11,14,1,0,2,19,4,0,0,0,0,0,0,0,212
2012,12,52,12/23/2012,13,2,0,0,0,0,24,8,3,21,1,25,46,31,97,17,0,1,1,3,0,15,10,15,4,4,5,2,0,18,19,10,7,0,1,0,10,2,14,4,0,0,67,3,3,10,2,0,5,0,0,523
2012,12,1,12/30/2012,8,0,0,0,51,0,48,19,1,26,3,9,13,0,59,108,0,7,0,0,2,7,39,6,7,3,1,1,0,28,13,3,4,19,1,0,0,0,14,0,0,0,12,4,1,4,0,0,5,0,490,1016
2013,1,2,1/6/2013,3,3,4,2,12,0,54,42,4,19,3,11,21,25,92,90,0,6,5,14,7,18,64,3,38,2,3,10,0,52,28,13,2,1,0,0,8,0,13,5,21,0,160,2,0,4,17,0,6,0,77,964
2013,1,3,1/13/2013,4,7,2,2,2,0,25,52,0,19,8,12,32,1,78,94,0,5,5,16,5,12,61,3,44,4,1,3,1,58,18,0,1,0,2,0,11,2,4,11,0,6,0,0,5,1,35,0,4,0,69,725
2013,1,4,1/20/2013,3,2,2,5,7,0,27,58,0,9,1,12,33,0,109,118,0,5,17,12,8,0,87,4,39,3,0,1,1,50,10,7,6,9,3,0,22,4,3,5,11,3,56,3,1,5,2,0,4,0,30,797
2013,1,5,1/27/2013,7,0,7,0,4,0,82,48,3,6,0,12,29,0,115,149,0,14,4,39,1,57,152,4,0,6,0,0,1,48,5,10,9,9,23,0,64,0,1,5,4,0,88,1,8,1,0,0,3,4,13,1036
2013,2,6,2/3/2013,1,0,16,2,1,0,72,28,3,2,0,43,13,0,94,3,0,7,0,1,2,30,197,1,0,2,0,0,4,54,7,20,2,17,22,0,72,0,1,13,6,2,30,0,5,4,0,0,6,1,44,828
2013,2,7,2/10/2013,1,0,2,0,0,0,59,30,3,1,1,25,11,0,60,38,0,11,0,3,1,44,61,4,40,2,0,1,2,62,2,6,8,5,26,0,9,0,1,5,0,20,22,7,3,0,12,0,6,2,16,612
2013,2,8,2/17/2013,0,0,1,0,0,0,40,52,3,17,2,41,11,0,49,27,0,10,1,2,1,63,71,5,38,0,0,1,9,27,1,3,4,4,14,0,12,1,2,3,0,24,24,5,6,0,16,2,5,0,17,614
2013,2,9,2/24/2013,1,1,8,0,0,0,135,23,11,10,0,24,18,0,33,26,0,3,0,4,2,43,37,2,9,0,0,0,7,22,5,12,2,0,12,0,5,3,2,1,0,15,15,0,3,2,28,0,3,1,12,540
2013,3,10,3/3/2013,1,0,1,0,0,0,46,11,7,2,7,13,16,0,33,30,0,9,0,2,0,56,51,1,5,0,0,0,20,17,0,0,0,0,0,0,2,0,0,4,1,2,7,0,2,1,11,0,2,0,8,368
2013,3,11,3/10/2013,2,0,0,0,1,0,128,0,9,10,0,15,16,0,56,2,0,9,0,0,0,14,33,1,33,0,0,0,6,24,0,3,4,0,0,0,2,0,0,3,0,1,6,0,0,1,10,0,2,0,4,395
2013,3,12,3/17/2013,1,0,0,0,0,0,134,0,5,0,1,6,17,0,37,8,0,8,0,0,0,0,49,0,8,0,0,0,16,14,3,3,0,0,4,0,0,0,0,4,0,0,7,0,1,0,1,0,0,1,2,330
2013,3,13,3/24/2013,1,1,0,0,0,0,82,3,6,1,1,1,13,0,26,0,0,5,0,3,0,36,25,1,0,0,0,0,7,14,1,0,0,0,1,0,2,0,0,1,0,1,5,1,2,2,0,0,0,1,5,248
2013,3,14,3/31/2013,0,2,0,0,0,0,104,0,0,1,2,0,13,0,10,1,0,6,0,1,0,36,36,0,0,0,0,0,14,12,0,0,3,0,2,0,2,1,0,1,0,0,3,0,0,0,3,0,0,0,6,259
2013,4,15,4/7/2013,0,0,0,0,0,0,96,0,0,1,0,0,4,1,4,12,0,0,0,0,0,36,12,0,0,0,0,0,9,4,0,0,0,0,1,0,0,0,0,0,0,0,0,1,0,1,6,0,0,0,2,190
2013,4,16,4/14/2013,1,0,1,0,0,0,52,0,0,0,0,0,6,0,3,0,0,0,0,0,0,0,17,0,0,0,0,0,7,2,0,0,0,0,0,0,0,0,0,0,0,0,0,1,0,0,0,0,0,0,3,93
2013,4,17,4/21/2013,0,0,0,0,1,0,88,3,0,0,0,0,2,0,1,3,0,0,0,0,0,0,9,0,0,0,0,0,15,0,0,0,0,0,0,0,0,0,0,0,0,0,0,0,0,0,0,0,0,0,3,125
2013,4,18,4/28/2013,0,0,0,0,1,0,75,0,3,2,0,0,0,0,1,0,0,0,0,0,0,0,3,0,1,0,0,0,11,0,0,1,0,0,1,0,0,0,0,0,0,0,0,0,0,0,0,0,0,0,2,101
2013,5,19,5/5/2013,0,0,0,0,0,0,60,2,0,0,0,0,0,0,0,0,0,0,0,32,0,0,6,0,0,0,0,0,12,0,0,0,0,0,0,0,0,0,0,0,0,0,0,0,0,0,0,0,0,0,2,114
2013,5,20,5/12/2013,0,0,0,0,0,0,30,0,0,0,0,0,1,0,0,0,0,0,0,0,0,0,4,0,0,0,0,0,7,0,0,0,0,0,0,0,0,0,0,0,0,0,0,0,0,0,0,0,0,0,2,44
2013,5,21,5/19/2013,0,0,0,0,0,0,20,0,0,0,0,0,0,0,0,0,0,0,0,0,0,0,5,0,0,0,0,0,10,0,0,0,0,0,0,0,0,0,0,0,0,0,0,0,0,0,0,0,0,0,1,36
2013,5,22,5/26/2013,0,0,0,0,0,0,0,0,0,0,0,0,0,0,0,0,0,0,0,0,0,0,0,0,0,0,0,0,0,0,0,0,0,0,0,0,0,0,0,0,0,0,0,0,0,0,0,0,0,0,0,0
2013,6,23,6/2/2013,-8888,-8888,-8888,-8888,-8888,-8888,-8888,-8888,-8888,-8888,-8888,-8888,-8888,-8888,-8888,-8888,-8888,-8888,-8888,-8888,-8888,-8888,-8888,-8888,-8888,-8888,-8888,-8888,-8888,-8888,-8888,-8888,-8888,-8888,-8888,-8888,-8888,-8888,-8888,-8888,-8888,-8888,-8888,-8888,-8888,-8888,-8888,-8888,-8888,-8888,-8888,0
2013,6,24,6/9/2013,-8888,-8888,-8888,-8888,-8888,-8888,-8888,-8888,-8888,-8888,-8888,-8888,-8888,-8888,-8888,-8888,-8888,-8888,-8888,-8888,-8888,-8888,-8888,-8888,-8888,-8888,-8888,-8888,-8888,-8888,-8888,-8888,-8888,-8888,-8888,-8888,-8888,-8888,-8888,-8888,-8888,-8888,-8888,-8888,-8888,-8888,-8888,-8888,-8888,-8888,-8888,0
2013,6,25,6/16/2013,-8888,-8888,-8888,-8888,-8888,-8888,-8888,-8888,-8888,-8888,-8888,-8888,-8888,-8888,-8888,-8888,-8888,-8888,-8888,-8888,-8888,-8888,-8888,-8888,-8888,-8888,-8888,-8888,-8888,-8888,-8888,-8888,-8888,-8888,-8888,-8888,-8888,-8888,-8888,-8888,-8888,-8888,-8888,-8888,-8888,-8888,-8888,-8888,-8888,-8888,-8888,0
2013,6,26,6/23/2013,-8888,-8888,-8888,-8888,-8888,-8888,-8888,-8888,-8888,-8888,-8888,-8888,-8888,-8888,-8888,-8888,-8888,-8888,-8888,-8888,-8888,-8888,-8888,-8888,-8888,-8888,-8888,-8888,-8888,-8888,-8888,-8888,-8888,-8888,-8888,-8888,-8888,-8888,-8888,-8888,-8888,-8888,-8888,-8888,-8888,-8888,-8888,-8888,-8888,-8888,-8888,0
2013,6,27,6/30/2013,-8888,-8888,-8888,-8888,-8888,-8888,-8888,-8888,-8888,-8888,-8888,-8888,-8888,-8888,-8888,-8888,-8888,-8888,-8888,-8888,-8888,-8888,-8888,-8888,-8888,-8888,-8888,-8888,-8888,-8888,-8888,-8888,-8888,-8888,-8888,-8888,-8888,-8888,-8888,-8888,-8888,-8888,-8888,-8888,-8888,-8888,-8888,-8888,-8888,-8888,-8888,0
2013,7,28,7/7/2013,-8888,-8888,-8888,-8888,-8888,-8888,-8888,-8888,-8888,-8888,-8888,-8888,-8888,-8888,-8888,-8888,-8888,-8888,-8888,-8888,-8888,-8888,-8888,-8888,-8888,-8888,-8888,-8888,-8888,-8888,-8888,-8888,-8888,-8888,-8888,-8888,-8888,-8888,-8888,-8888,-8888,-8888,-8888,-8888,-8888,-8888,-8888,-8888,-8888,-8888,-8888,0
2013,7,29,7/14/2013,-8888,-8888,-8888,-8888,-8888,-8888,-8888,-8888,-8888,-8888,-8888,-8888,-8888,-8888,-8888,-8888,-8888,-8888,-8888,-8888,-8888,-8888,-8888,-8888,-8888,-8888,-8888,-8888,-8888,-8888,-8888,-8888,-8888,-8888,-8888,-8888,-8888,-8888,-8888,-8888,-8888,-8888,-8888,-8888,-8888,-8888,-8888,-8888,-8888,-8888,-8888,0
2013,7,30,7/21/2013,-8888,-8888,-8888,-8888,-8888,-8888,-8888,-8888,-8888,-8888,-8888,-8888,-8888,-8888,-8888,-8888,-8888,-8888,-8888,-8888,-8888,-8888,-8888,-8888,-8888,-8888,-8888,-8888,-8888,-8888,-8888,-8888,-8888,-8888,-8888,-8888,-8888,-8888,-8888,-8888,-8888,-8888,-8888,-8888,-8888,-8888,-8888,-8888,-8888,-8888,-8888,0
2013,7,31,7/28/2013,-8888,-8888,-8888,-8888,-8888,-8888,-8888,-8888,-8888,-8888,-8888,-8888,-8888,-8888,-8888,-8888,-8888,-8888,-8888,-8888,-8888,-8888,-8888,-8888,-8888,-8888,-8888,-8888,-8888,-8888,-8888,-8888,-8888,-8888,-8888,-8888,-8888,-8888,-8888,-8888,-8888,-8888,-8888,-8888,-8888,-8888,-8888,-8888,-8888,-8888,-8888,0
2013,8,32,8/4/2013,-8888,-8888,-8888,-8888,-8888,-8888,-8888,-8888,-8888,-8888,-8888,-8888,-8888,-8888,-8888,-8888,-8888,-8888,-8888,-8888,-8888,-8888,-8888,-8888,-8888,-8888,-8888,-8888,-8888,-8888,-8888,-8888,-8888,-8888,-8888,-8888,-8888,-8888,-8888,-8888,-8888,-8888,-8888,-8888,-8888,-8888,-8888,-8888,-8888,-8888,-8888,0
2013,8,33,8/11/2013,-8888,-8888,-8888,-8888,-8888,-8888,-8888,-8888,-8888,-8888,-8888,-8888,-8888,-8888,-8888,-8888,-8888,-8888,-8888,-8888,-8888,-8888,-8888,-8888,-8888,-8888,-8888,-8888,-8888,-8888,-8888,-8888,-8888,-8888,-8888,-8888,-8888,-8888,-8888,-8888,-8888,-8888,-8888,-8888,-8888,-8888,-8888,-8888,-8888,-8888,-8888,0
2013,8,34,8/18/2013,-8888,-8888,-8888,-8888,-8888,-8888,-8888,-8888,-8888,-8888,-8888,-8888,-8888,-8888,-8888,-8888,-8888,-8888,-8888,-8888,-8888,-8888,-8888,-8888,-8888,-8888,-8888,-8888,-8888,-8888,-8888,-8888,-8888,-8888,-8888,-8888,-8888,-8888,-8888,-8888,-8888,-8888,-8888,-8888,-8888,-8888,-8888,-8888,-8888,-8888,-8888,0
2013,8,35,8/25/2013,-8888,-8888,-8888,-8888,-8888,-8888,-8888,-8888,-8888,-8888,-8888,-8888,-8888,-8888,-8888,-8888,-8888,-8888,-8888,-8888,-8888,-8888,-8888,-8888,-8888,-8888,-8888,-8888,-8888,-8888,-8888,-8888,-8888,-8888,-8888,-8888,-8888,-8888,-8888,-8888,-8888,-8888,-8888,-8888,-8888,-8888,-8888,-8888,-8888,-8888,-8888,0
2013,9,36,9/1/2013,-8888,-8888,-8888,-8888,-8888,-8888,-8888,-8888,-8888,-8888,-8888,-8888,-8888,-8888,-8888,-8888,-8888,-8888,-8888,-8888,-8888,-8888,-8888,-8888,-8888,-8888,-8888,-8888,-8888,-8888,-8888,-8888,-8888,-8888,-8888,-8888,-8888,-8888,-8888,-8888,-8888,-8888,-8888,-8888,-8888,-8888,-8888,-8888,-8888,-8888,-8888,0
2013,9,37,9/8/2013,-8888,-8888,-8888,-8888,-8888,-8888,-8888,-8888,-8888,-8888,-8888,-8888,-8888,-8888,-8888,-8888,-8888,-8888,-8888,-8888,-8888,-8888,-8888,-8888,-8888,-8888,-8888,-8888,-8888,-8888,-8888,-8888,-8888,-8888,-8888,-8888,-8888,-8888,-8888,-8888,-8888,-8888,-8888,-8888,-8888,-8888,-8888,-8888,-8888,-8888,-8888,0
2013,9,38,9/15/2013,-8888,-8888,-8888,-8888,-8888,-8888,-8888,-8888,-8888,-8888,-8888,-8888,-8888,-8888,-8888,-8888,-8888,-8888,-8888,-8888,-8888,-8888,-8888,-8888,-8888,-8888,-8888,-8888,-8888,-8888,-8888,-8888,-8888,-8888,-8888,-8888,-8888,-8888,-8888,-8888,-8888,-8888,-8888,-8888,-8888,-8888,-8888,-8888,-8888,-8888,-8888,0
2013,9,39,9/22/2013,-8888,-8888,-8888,-8888,-8888,-8888,-8888,-8888,-8888,-8888,-8888,-8888,-8888,-8888,-8888,-8888,-8888,-8888,-8888,-8888,-8888,-8888,-8888,-8888,-8888,-8888,-8888,-8888,-8888,-8888,-8888,-8888,-8888,-8888,-8888,-8888,-8888,-8888,-8888,-8888,-8888,-8888,-8888,-8888,-8888,-8888,-8888,-8888,-8888,-8888,-8888,0
2013,9,40,9/29/2013,-9999,-9999,-9999,0,-9999,-9999,-9999,-9999,-9999,0,0,0,-9999,0,0,0,-9999,0,-9999,0,0,0,0,-9999,0,-9999,-9999,0,-9999,-9999,0,-9999,0,0,0,-9999,0,0,0,-9999,-9999,0,0,0,0,-9999,0,0,-9999,-9999,0,0
2013,10,41,10/6/2013,-9999,0,-9999,0,0,0,0,0,0,0,0,0,0,0,0,0,-9999,0,-9999,0,0,0,0,-9999,0,-9999,0,0,0,0,0,-9999,0,0,0,-9999,0,0,0,-9999,0,0,0,0,0,-9999,0,0,0,-9999,0,0
2013,10,42,10/13/2013,0,0,0,0,0,0,0,0,0,0,0,0,0,0,0,0,-9999,0,-9999,0,0,0,0,0,0,0,0,0,0,0,0,0,0,0,0,-9999,0,0,0,-9999,0,0,0,0,0,0,0,0,0,-9999,0,0
2013,10,43,10/20/2013,0,0,0,0,0,0,0,0,-9999,0,0,0,0,0,0,0,-9999,0,-9999,0,0,0,0,0,0,0,0,0,0,0,0,-9999,0,0,0,-9999,0,0,0,0,0,0,0,0,0,0,0,0,0,0,0,0
2013,10,44,10/27/2013,0,0,0,0,0,0,0,0,0,0,0,0,0,0,0,0,-9999,0,-9999,0,0,0,0,0,0,0,0,0,0,0,0,-9999,0,0,0,-9999,0,0,0,0,0,0,0,0,0,0,0,0,0,0,1,1
2013,11,45,11/3/2013,0,0,0,0,0,-9999,0,0,0,0,0,0,1,0,2,8,-9999,0,-9999,0,0,0,0,0,0,0,0,0,0,1,0,-9999,0,0,0,-9999,0,0,-9999,0,0,0,0,0,0,0,0,-9999,0,-9999,0,12
2013,11,46,11/10/2013,0,0,0,0,0,0,0,0,0,0,0,0,-9999,0,0,9,-9999,0,-9999,0,0,0,0,0,0,0,0,0,0,-9999,1,-9999,0,-9999,-9999,-9999,0,0,0,0,0,0,0,0,0,0,0,0,0,-9999,0,10
2013,11,47,11/17/2013,0,0,0,0,0,-9999,0,0,0,0,0,0,1,0,0,4,-9999,0,-9999,0,0,0,0,0,0,0,0,0,0,-9999,0,-9999,0,0,-9999,-9999,0,0,0,0,0,0,0,0,0,0,0,-9999,0,-9999,0,5
2013,11,48,11/24/2013,0,0,0,0,0,0,0,0,0,0,0,0,0,0,0,15,-9999,0,-9999,0,0,0,0,0,1,0,0,0,0,0,0,-9999,0,0,0,-9999,0,0,0,0,0,0,0,0,0,0,0,0,0,0,0,16
2013,12,49,12/1/2013,0,0,0,0,0,0,9,0,0,1,0,0,0,0,1,21,-9999,0,-9999,0,0,2,8,0,1,2,0,0,0,1,3,-9999,0,0,0,-9999,0,0,0,0,0,0,0,0,0,0,0,0,0,0,2,51
2013,12,50,12/8/2013,0,0,0,0,0,0,12,0,1,1,0,6,-9999,0,2,18,-9999,0,-9999,0,0,8,18,0,5,2,0,0,0,1,-9999,-9999,0,0,0,-9999,1,0,1,3,0,0,0,0,0,0,0,0,0,0,16,95
2013,12,51,12/15/2013,-9999,0,0,3,2,0,34,3,1,0,0,2,0,3,11,39,-9999,1,1,0,0,9,34,0,5,0,6,1,0,18,3,-9999,0,0,0,-9999,3,0,2,11,3,0,4,2,1,2,0,0,0,-9999,61,265
2013,12,52,12/22/2013,1,0,0,0,5,-9999,33,4,1,0,2,0,0,6,22,71,-9999,2,-9999,0,2,12,92,2,-9999,0,6,1,0,11,8,2,3,0,1,-9999,11,0,0,9,0,0,13,4,2,0,0,0,0,0,125,451
2013,12,1,12/29/2013,10,6,2,0,5,0,52,14,3,3,0,1,1,1,27,53,-9999,0,-9999,0,3,9,82,0,1,1,2,1,0,55,7,0,11,0,3,-9999,19,2,2,23,3,0,15,4,1,7,0,2,0,-9999,92,523
2014,1,2,1/5/2014,5,6,2,0,6,0,43,16,6,10,0,2,3,0,21,40,-9999,8,1,13,1,4,51,1,4,1,0,0,0,56,6,0,2,0,4,-9999,10,2,6,23,1,3,11,0,2,0,3,0,0,0,82,455
2014,1,3,1/12/2014,1,16,5,0,1,0,21,17,7,7,0,4,5,2,29,32,-9999,6,-9999,13,1,3,33,1,3,6,0,3,0,33,4,0,3,0,7,-9999,14,1,2,16,0,0,23,1,1,0,0,1,0,0,48,370
2014,1,4,1/19/2014,2,17,2,0,0,0,29,10,3,5,0,1,3,1,19,21,-9999,6,-9999,2,1,0,13,0,-9999,5,0,1,1,26,3,3,2,0,1,-9999,13,1,1,18,0,1,40,0,0,1,1,0,0,0,36,289
2014,1,5,1/26/2014,3,6,0,0,0,0,23,2,3,2,0,2,3,1,20,27,-9999,3,-9999,5,1,1,13,0,4,7,0,0,0,15,2,0,2,0,0,-9999,4,0,0,4,1,0,20,0,0,1,2,0,0,1,18,196
2014,2,6,2/2/2014,0,2,1,0,0,1,9,0,0,2,0,1,4,0,13,10,-9999,2,0,0,0,2,15,0,1,2,0,0,0,12,1,1,0,0,0,-9999,1,0,0,3,0,0,12,0,0,0,1,0,0,0,7,103
2014,2,7,2/9/2014,1,0,0,1,0,0,6,1,0,1,0,1,0,1,9,6,-9999,2,-9999,0,0,2,5,0,1,1,0,0,0,8,3,3,0,0,0,-9999,1,0,3,0,0,0,6,0,0,1,1,0,0,0,3,67
2014,2,8,2/16/2014,1,0,0,1,0,0,5,0,4,-9999,0,0,0,0,13,3,-9999,0,-9999,0,0,-9999,4,0,0,0,0,1,1,5,1,1,0,0,0,-9999,5,0,1,1,0,1,6,1,0,0,0,0,0,0,0,55
2014,2,9,2/23/2014,0,0,1,0,0,0,6,2,4,0,0,0,0,0,3,4,-9999,3,-9999,0,0,1,1,1,0,1,0,0,1,2,0,0,0,0,0,-9999,0,0,0,0,0,1,1,0,0,2,0,0,0,0,2,36
2014,3,10,3/2/2014,1,0,0,0,0,0,3,0,4,0,0,0,0,0,3,2,-9999,4,0,1,0,0,5,0,0,0,0,1,0,0,0,0,0,0,0,-9999,1,0,0,0,0,0,3,-9999,0,1,0,-9999,1,0,0,30
2014,3,11,3/9/2014,2,0,0,0,0,0,6,2,-9999,0,0,0,-9999,0,1,3,-9999,1,-9999,1,0,1,2,0,0,0,0,0,0,0,0,0,-9999,0,0,-9999,0,0,0,0,0,0,1,0,-9999,1,0,0,0,0,2,23
2014,3,12,3/16/2014,0,0,0,0,0,0,4,1,0,0,0,0,0,0,2,4,-9999,2,-9999,0,0,0,0,0,-9999,0,0,0,0,-9999,0,0,0,0,0,-9999,1,0,0,0,0,0,1,-9999,0,2,0,0,1,0,3,21
2014,3,13,3/23/2014,0,0,0,0,0,0,2,0,0,0,0,0,0,0,0,1,0,0,0,0,0,0,1,0,0,0,0,2,0,0,0,0,-9999,0,0,-9999,0,0,0,1,0,0,2,0,0,1,0,0,0,0,1,11
2014,3,14,3/30/2014,1,0,0,0,0,0,3,0,0,1,0,0,0,-9999,1,6,0,2,0,1,0,0,1,0,0,0,0,0,0,1,1,0,-9999,0,0,-9999,0,0,0,3,-9999,0,1,-9999,0,0,0,0,0,1,1,24
2014,4,15,4/6/2014,0,3,0,0,0,0,0,0,0,0,0,0,0,-9999,5,0,-9999,1,-9999,-9999,0,-9999,1,0,0,0,0,1,0,0,0,0,0,-9999,0,-9999,0,0,0,0,0,-9999,0,-9999,0,-9999,0,0,0,0,0,11
2014,4,16,4/13/2014,-9999,0,0,0,0,-9999,2,0,-9999,0,2,0,0,0,0,0,0,0,0,-9999,0,0,0,0,0,0,0,0,0,0,1,0,0,-9999,0,-9999,0,0,0,0,0,0,0,-9999,0,0,0,0,0,0,3,8
2014,4,17,4/20/2014,0,0,0,0,0,-9999,0,0,0,0,1,0,0,0,1,0,0,0,-9999,-9999,0,0,0,0,0,0,0,0,0,0,0,0,0,0,0,-9999,0,0,0,0,0,0,0,0,0,0,0,0,0,0,1,3
2014,4,18,4/27/2014,-9999,0,0,0,0,-9999,0,0,1,0,0,0,-9999,-9999,3,0,-9999,0,0,0,0,-9999,1,-9999,0,0,0,0,-9999,0,0,0,0,0,0,-9999,1,0,0,-9999,0,0,0,-9999,0,0,0,0,0,0,1,7
2014,5,19,5/4/2014,0,0,0,0,1,NA,0,0,1,0,1,0,-9999,0,0,1,-9999,0,-9999,0,0,-9999,0,0,0,-9999,0,1,0,-9999,0,0,0,0,0,-9999,0,0,0,0,0,0,0,0,0,0,0,0,0,0,1,6
2014,5,20,5/11/2014,0,1,0,0,0,0,1,0,-9999,0,0,0,-9999,0,0,0,-9999,0,0,0,0,0,2,0,0,0,0,3,0,-9999,0,0,-9999,0,-9999,-9999,0,0,0,0,0,0,1,-9999,0,1,0,-9999,0,0,2,11
2014,5,21,5/18/2014,0,0,0,-9999,0,0,2,0,-9999,0,0,0,-9999,0,2,1,0,0,0,0,0,0,3,0,0,0,0,0,0,2,0,0,0,0,0,0,0,0,0,1,0,0,0,-9999,0,0,0,0,0,0,1,12
2014,5,22,5/25/2014,0,0,0,0,-9999,-9999,2,0,1,0,0,0,-9999,0,1,1,0,0,0,0,0,-9999,1,0,0,0,0,0,0,15,0,0,0,0,0,-9999,0,0,1,1,0,0,0,-9999,0,0,0,0,0,0,0,23
2014,6,23,6/1/2014,-8888,-8888,-8888,-8888,-8888,-8888,-8888,-8888,-8888,-8888,-8888,-8888,-8888,-8888,-8888,-8888,-8888,-8888,-8888,-8888,-8888,-8888,-8888,-8888,-8888,-8888,-8888,-8888,-8888,-8888,-8888,-8888,-8888,-8888,-8888,-8888,-8888,-8888,-8888,-8888,-8888,-8888,-8888,-8888,-8888,-8888,-8888,-8888,-8888,-8888,-8888,0
2014,6,24,6/8/2014,-8888,-8888,-8888,-8888,-8888,-8888,-8888,-8888,-8888,-8888,-8888,-8888,-8888,-8888,-8888,-8888,-8888,-8888,-8888,-8888,-8888,-8888,-8888,-8888,-8888,-8888,-8888,-8888,-8888,-8888,-8888,-8888,-8888,-8888,-8888,-8888,-8888,-8888,-8888,-8888,-8888,-8888,-8888,-8888,-8888,-8888,-8888,-8888,-8888,-8888,-8888,0
2014,6,25,6/15/2014,-8888,-8888,-8888,-8888,-8888,-8888,-8888,-8888,-8888,-8888,-8888,-8888,-8888,-8888,-8888,-8888,-8888,-8888,-8888,-8888,-8888,-8888,-8888,-8888,-8888,-8888,-8888,-8888,-8888,-8888,-8888,-8888,-8888,-8888,-8888,-8888,-8888,-8888,-8888,-8888,-8888,-8888,-8888,-8888,-8888,-8888,-8888,-8888,-8888,-8888,-8888,0
2014,6,26,6/22/2014,-8888,-8888,-8888,-8888,-8888,-8888,-8888,-8888,-8888,-8888,-8888,-8888,-8888,-8888,-8888,-8888,-8888,-8888,-8888,-8888,-8888,-8888,-8888,-8888,-8888,-8888,-8888,-8888,-8888,-8888,-8888,-8888,-8888,-8888,-8888,-8888,-8888,-8888,-8888,-8888,-8888,-8888,-8888,-8888,-8888,-8888,-8888,-8888,-8888,-8888,-8888,0
2014,6,27,6/29/2014,-8888,-8888,-8888,-8888,-8888,-8888,-8888,-8888,-8888,-8888,-8888,-8888,-8888,-8888,-8888,-8888,-8888,-8888,-8888,-8888,-8888,-8888,-8888,-8888,-8888,-8888,-8888,-8888,-8888,-8888,-8888,-8888,-8888,-8888,-8888,-8888,-8888,-8888,-8888,-8888,-8888,-8888,-8888,-8888,-8888,-8888,-8888,-8888,-8888,-8888,-8888,0
2014,7,28,7/6/2014,-8888,-8888,-8888,-8888,-8888,-8888,-8888,-8888,-8888,-8888,-8888,-8888,-8888,-8888,-8888,-8888,-8888,-8888,-8888,-8888,-8888,-8888,-8888,-8888,-8888,-8888,-8888,-8888,-8888,-8888,-8888,-8888,-8888,-8888,-8888,-8888,-8888,-8888,-8888,-8888,-8888,-8888,-8888,-8888,-8888,-8888,-8888,-8888,-8888,-8888,-8888,0
2014,7,29,7/13/2014,-8888,-8888,-8888,-8888,-8888,-8888,-8888,-8888,-8888,-8888,-8888,-8888,-8888,-8888,-8888,-8888,-8888,-8888,-8888,-8888,-8888,-8888,-8888,-8888,-8888,-8888,-8888,-8888,-8888,-8888,-8888,-8888,-8888,-8888,-8888,-8888,-8888,-8888,-8888,-8888,-8888,-8888,-8888,-8888,-8888,-8888,-8888,-8888,-8888,-8888,-8888,0
2014,7,30,7/20/2014,-8888,-8888,-8888,-8888,-8888,-8888,-8888,-8888,-8888,-8888,-8888,-8888,-8888,-8888,-8888,-8888,-8888,-8888,-8888,-8888,-8888,-8888,-8888,-8888,-8888,-8888,-8888,-8888,-8888,-8888,-8888,-8888,-8888,-8888,-8888,-8888,-8888,-8888,-8888,-8888,-8888,-8888,-8888,-8888,-8888,-8888,-8888,-8888,-8888,-8888,-8888,0
2014,7,31,7/27/2014,-8888,-8888,-8888,-8888,-8888,-8888,-8888,-8888,-8888,-8888,-8888,-8888,-8888,-8888,-8888,-8888,-8888,-8888,-8888,-8888,-8888,-8888,-8888,-8888,-8888,-8888,-8888,-8888,-8888,-8888,-8888,-8888,-8888,-8888,-8888,-8888,-8888,-8888,-8888,-8888,-8888,-8888,-8888,-8888,-8888,-8888,-8888,-8888,-8888,-8888,-8888,0
2014,8,32,8/3/2014,-8888,-8888,-8888,-8888,-8888,-8888,-8888,-8888,-8888,-8888,-8888,-8888,-8888,-8888,-8888,-8888,-8888,-8888,-8888,-8888,-8888,-8888,-8888,-8888,-8888,-8888,-8888,-8888,-8888,-8888,-8888,-8888,-8888,-8888,-8888,-8888,-8888,-8888,-8888,-8888,-8888,-8888,-8888,-8888,-8888,-8888,-8888,-8888,-8888,-8888,-8888,0
2014,8,33,8/10/2014,-8888,-8888,-8888,-8888,-8888,-8888,-8888,-8888,-8888,-8888,-8888,-8888,-8888,-8888,-8888,-8888,-8888,-8888,-8888,-8888,-8888,-8888,-8888,-8888,-8888,-8888,-8888,-8888,-8888,-8888,-8888,-8888,-8888,-8888,-8888,-8888,-8888,-8888,-8888,-8888,-8888,-8888,-8888,-8888,-8888,-8888,-8888,-8888,-8888,-8888,-8888,0
2014,8,34,8/17/2014,-8888,-8888,-8888,-8888,-8888,-8888,-8888,-8888,-8888,-8888,-8888,-8888,-8888,-8888,-8888,-8888,-8888,-8888,-8888,-8888,-8888,-8888,-8888,-8888,-8888,-8888,-8888,-8888,-8888,-8888,-8888,-8888,-8888,-8888,-8888,-8888,-8888,-8888,-8888,-8888,-8888,-8888,-8888,-8888,-8888,-8888,-8888,-8888,-8888,-8888,-8888,0
2014,8,35,8/24/2014,-8888,-8888,-8888,-8888,-8888,-8888,-8888,-8888,-8888,-8888,-8888,-8888,-8888,-8888,-8888,-8888,-8888,-8888,-8888,-8888,-8888,-8888,-8888,-8888,-8888,-8888,-8888,-8888,-8888,-8888,-8888,-8888,-8888,-8888,-8888,-8888,-8888,-8888,-8888,-8888,-8888,-8888,-8888,-8888,-8888,-8888,-8888,-8888,-8888,-8888,-8888,0
2014,8,36,8/31/2014,-8888,-8888,-8888,-8888,-8888,-8888,-8888,-8888,-8888,-8888,-8888,-8888,-8888,-8888,-8888,-8888,-8888,-8888,-8888,-8888,-8888,-8888,-8888,-8888,-8888,-8888,-8888,-8888,-8888,-8888,-8888,-8888,-8888,-8888,-8888,-8888,-8888,-8888,-8888,-8888,-8888,-8888,-8888,-8888,-8888,-8888,-8888,-8888,-8888,-8888,-8888,0
2014,9,37,9/7/2014,-8888,-8888,-8888,-8888,-8888,-8888,-8888,-8888,-8888,-8888,-8888,-8888,-8888,-8888,-8888,-8888,-8888,-8888,-8888,-8888,-8888,-8888,-8888,-8888,-8888,-8888,-8888,-8888,-8888,-8888,-8888,-8888,-8888,-8888,-8888,-8888,-8888,-8888,-8888,-8888,-8888,-8888,-8888,-8888,-8888,-8888,-8888,-8888,-8888,-8888,-8888,0
2014,9,38,9/14/2014,-8888,-8888,-8888,-8888,-8888,-8888,-8888,-8888,-8888,-8888,-8888,-8888,-8888,-8888,-8888,-8888,-8888,-8888,-8888,-8888,-8888,-8888,-8888,-8888,-8888,-8888,-8888,-8888,-8888,-8888,-8888,-8888,-8888,-8888,-8888,-8888,-8888,-8888,-8888,-8888,-8888,-8888,-8888,-8888,-8888,-8888,-8888,-8888,-8888,-8888,-8888,0
2014,9,39,9/21/2014,-8888,-8888,-8888,-8888,-8888,-8888,-8888,-8888,-8888,-8888,-8888,-8888,-8888,-8888,-8888,-8888,-8888,-8888,-8888,-8888,-8888,-8888,-8888,-8888,-8888,-8888,-8888,-8888,-8888,-8888,-8888,-8888,-8888,-8888,-8888,-8888,-8888,-8888,-8888,-8888,-8888,-8888,-8888,-8888,-8888,-8888,-8888,-8888,-8888,-8888,-8888,0
2014,9,40,9/28/2014,0,0,0,0,0,-9999,0,0,-9999,0,0,0,-9999,0,0,0,-9999,0,0,0,0,0,0,0,0,0,0,0,0,0,0,0,0,0,0,0,0,0,0,0,0,0,0,-9999,0,0,0,0,0,0,0,0
2014,10,41,10/5/2014,0,0,0,0,0,0,1,0,0,0,0,0,-9999,0,0,0,-9999,0,0,0,0,0,0,0,0,0,0,0,0,0,0,0,0,0,0,0,0,0,0,0,0,0,0,-9999,0,0,0,0,0,0,0,1
2014,10,42,10/12/2014,0,0,0,0,0,0,3,0,0,0,0,0,0,0,0,0,-9999,0,0,0,0,1,0,0,0,0,0,0,1,0,0,0,0,0,0,0,0,0,0,0,0,0,0,-9999,0,0,0,0,0,0,0,5
2014,10,43,10/19/2014,0,0,0,0,0,0,1,0,0,0,0,0,0,0,1,0,-9999,1,0,1,0,0,0,0,0,0,0,0,0,0,0,0,0,0,0,0,0,0,0,0,0,0,0,-9999,0,0,0,0,0,0,0,4
2014,10,44,10/26/2014,0,0,0,0,0,0,6,0,0,0,0,0,0,0,0,0,-9999,0,0,1,0,0,1,0,0,0,0,0,0,0,0,0,0,0,0,0,0,0,0,0,0,0,0,-9999,0,0,0,0,0,0,1,9
2014,11,45,11/2/2014,0,0,0,0,0,0,5,1,0,0,0,0,0,0,0,0,-9999,0,0,2,0,0,1,0,0,0,0,0,0,0,0,0,0,0,0,0,0,0,0,0,0,0,1,-9999,0,1,0,0,0,0,1,12
2014,11,46,11/9/2014,0,0,0,0,0,0,0,0,1,0,0,0,0,0,0,0,-9999,0,0,5,0,2,0,0,0,0,0,0,0,0,0,0,0,0,0,0,0,0,0,0,0,0,0,-9999,0,0,0,0,0,0,0,8
2014,11,47,11/16/2014,1,0,0,0,2,0,2,0,0,0,0,0,0,0,2,3,-9999,0,0,26,0,4,2,0,0,0,0,0,0,0,0,0,0,0,0,0,0,0,0,1,0,0,0,-9999,0,0,0,0,0,0,1,44
2014,11,48,11/23/2014,0,1,0,0,1,0,2,1,2,0,0,0,3,0,1,17,-9999,0,0,36,0,3,0,0,0,1,0,1,0,3,1,0,17,0,0,0,0,1,0,1,0,0,0,-9999,1,0,0,0,0,0,2,95
2014,11,49,11/30/2014,1,5,0,0,0,0,3,1,2,0,0,1,0,1,4,16,-9999,0,0,33,1,5,2,0,1,0,0,2,0,0,1,0,1,1,0,0,1,1,0,5,0,0,2,-9999,1,0,0,0,0,0,7,98
2014,12,50,12/7/2014,3,2,0,0,0,1,11,2,0,0,0,0,0,0,2,36,-9999,6,0,12,0,2,3,2,0,1,0,9,0,10,3,0,1,1,0,0,0,1,0,12,1,0,2,-9999,0,3,2,0,1,0,15,144
2014,12,51,12/14/2014,12,3,0,-9999,6,0,33,1,0,4,0,0,0,0,16,58,-9999,16,0,9,0,2,4,5,5,1,0,4,0,25,3,1,8,0,0,1,0,0,9,9,0,1,1,1,2,2,2,0,3,0,30,277
2014,12,52,12/21/2014,22,26,1,0,12,0,60,2,0,2,0,0,1,1,50,39,-9999,3,-9999,11,0,6,28,3,6,0,0,1,1,33,4,3,15,0,1,0,3,5,13,19,0,1,12,-9999,4,13,4,0,6,0,65,476
2014,12,53,12/28/2014,17,31,1,1,7,0,47,5,0,25,1,4,1,3,53,37,-9999,9,0,4,2,11,59,3,9,4,5,0,0,46,2,1,8,10,2,0,8,2,11,10,0,9,10,10,2,5,4,0,3,1,71,554
2015,1,1,1/4/2015,5,21,0,0,11,-9999,34,1,1,6,0,2,4,2,65,51,0,25,0,7,1,14,114,3,13,2,2,2,2,47,6,0,2,1,1,0,22,9,7,10,0,4,7,-9999,1,4,1,0,2,3,60,575
2015,1,2,1/11/2015,17,18,0,1,10,0,39,7,5,2,6,6,18,5,98,43,0,2,1,9,1,26,71,0,51,3,1,2,2,45,6,0,2,0,1,1,27,7,13,14,4,14,17,-9999,0,6,3,0,2,0,68,674
2015,1,3,1/18/2015,13,11,0,0,10,0,30,12,8,4,8,10,16,13,88,74,-9999,20,0,0,0,28,95,0,49,10,3,2,3,57,1,0,2,0,2,0,43,1,5,11,5,12,31,-9999,0,5,0,0,0,1,59,742
2015,1,4,1/25/2015,12,8,0,1,18,0,19,3,7,2,10,2,19,2,66,84,-9999,3,1,5,1,28,71,0,36,8,4,0,0,62,1,0,1,0,1,0,41,6,11,8,4,3,25,-9999,0,6,0,0,0,0,48,627
2015,2,5,2/1/2015,4,4,1,0,8,0,24,4,5,4,5,4,4,0,49,49,-9999,1,1,3,0,11,0,5,20,0,0,1,0,45,7,0,3,0,0,0,11,3,3,3,1,0,7,0,4,2,1,0,0,0,16,313
2015,2,6,2/8/2015,2,3,0,1,2,0,17,19,4,1,0,0,4,0,47,61,-9999,1,0,3,0,7,21,1,8,0,1,0,0,16,3,0,10,0,1,0,13,1,2,20,1,0,10,0,2,2,0,0,0,0,29,313
2015,2,7,2/15/2015,1,9,1,0,2,0,8,7,4,2,2,1,2,0,39,18,-9999,-9999,0,2,0,1,12,0,1,2,0,0,0,12,0,0,9,1,6,0,3,1,1,10,1,0,14,-9999,0,2,0,0,0,0,18,192
2015,2,8,2/22/2015,3,1,0,0,2,0,6,2,3,0,0,1,2,-9999,31,15,-9999,0,0,-9999,0,2,7,1,0,2,0,0,0,8,0,0,6,0,2,3,3,0,0,10,0,0,4,-9999,0,4,0,0,1,0,13,132
2015,3,9,3/1/2015,0,0,0,1,1,0,0,5,3,3,1,2,-9999,1,29,21,-9999,0,1,1,3,1,14,1,2,3,0,0,0,0,0,0,2,0,0,2,0,1,0,5,2,1,2,-9999,0,3,0,0,0,2,18,131
2015,3,10,3/8/2015,1,3,0,0,3,0,8,7,0,0,0,0,1,1,30,19,-9999,0,0,1,1,0,31,0,1,3,0,0,0,2,0,2,0,1,0,0,0,1,1,0,3,0,0,-9999,0,6,0,0,1,1,35,163
2015,3,11,3/15/2015,0,4,0,0,0,0,1,4,0,0,0,2,0,2,16,13,-9999,0,0,9,0,2,28,2,0,1,0,0,0,4,0,0,0,0,0,1,0,0,1,2,0,0,5,-9999,0,0,0,0,1,0,29,127
2015,3,12,3/22/2015,3,3,0,0,0,0,3,1,1,1,0,0,2,0,11,8,-9999,0,0,4,0,3,21,0,0,1,0,0,1,6,0,0,-9999,0,0,0,2,0,0,2,0,0,2,-9999,1,1,0,0,0,0,27,104
2015,3,13,3/29/2015,0,1,0,1,1,0,3,0,2,0,0,2,-9999,-9999,8,8,0,0,0,4,0,1,18,0,-9999,0,0,0,0,7,5,0,1,0,1,0,2,1,1,0,-9999,4,2,-9999,0,2,0,0,0,0,14,89
2015,4,14,4/5/2015,0,3,0,1,1,0,5,0,5,0,0,4,-9999,2,7,2,1,0,0,3,1,0,17,1,0,-9999,0,0,0,1,0,0,-9999,0,-9999,0,3,1,0,0,0,0,0,-9999,0,1,0,0,0,0,8,67
2015,4,15,4/12/2015,0,0,0,0,0,0,6,0,0,0,0,2,-9999,0,7,-9999,1,0,0,2,0,0,18,1,0,0,0,0,0,0,0,0,-9999,0,2,0,3,0,0,0,0,0,0,-9999,0,2,0,0,0,0,1,45
2015,4,16,4/19/2015,1,0,0,0,0,0,0,5,0,3,0,0,-9999,-9999,7,11,-9999,0,0,2,0,1,7,0,0,0,0,0,0,0,-9999,0,0,0,0,0,0,0,1,0,0,0,6,-9999,0,1,0,0,0,0,3,48
2015,4,17,4/26/2015,0,1,0,0,0,0,0,0,-9999,0,0,0,-9999,0,2,4,-9999,0,-9999,0,0,0,15,4,0,0,0,0,0,0,1,1,0,0,0,0,0,1,0,0,0,0,4,-9999,0,0,-9999,-9999,0,-9999,1,34
2015,5,18,5/3/2015,1,0,0,0,0,0,5,1,0,0,0,0,-9999,0,2,8,-9999,0,-9999,0,0,0,10,1,0,0,0,1,0,0,-9999,0,0,0,1,0,0,0,0,0,0,0,3,-9999,0,0,-9999,0,0,0,0,33
2015,5,19,5/10/2015,2,0,0,0,0,0,1,1,0,0,0,0,-9999,0,2,5,-9999,0,0,0,1,0,9,0,0,0,0,0,0,-9999,0,0,0,-9999,1,0,0,0,0,0,-9999,0,8,-9999,0,2,0,0,0,0,1,33
2015,5,20,5/17/2015,0,0,0,-9999,0,0,0,0,-9999,0,0,0,-9999,0,0,-9999,-9999,0,0,0,0,0,7,0,0,0,0,0,1,0,-9999,0,-9999,0,0,0,0,0,0,0,0,0,0,-9999,0,0,0,0,0,0,1,9
2015,5,21,5/24/2015,0,0,0,-9999,-9999,0,3,1,0,0,0,0,-9999,0,3,1,-9999,0,0,0,0,1,3,0,0,0,0,0,0,0,-9999,0,-9999,0,0,0,1,0,0,0,0,0,-9999,-9999,0,0,0,0,0,0,0,13
2015,5,22,5/31/2015,-8888,-8888,-8888,-8888,-8888,-8888,-8888,-8888,-8888,-8888,-8888,-8888,-8888,-8888,-8888,-8888,-8888,-8888,-8888,-8888,-8888,-8888,-8888,-8888,-8888,-8888,-8888,-8888,-8888,-8888,-8888,-8888,-8888,-8888,-8888,-8888,-8888,-8888,-8888,-8888,-8888,-8888,-8888,-8888,-8888,-8888,-8888,-8888,-8888,-8888,-8888,0
2015,6,23,6/7/2015,-8888,-8888,-8888,-8888,-8888,-8888,-8888,-8888,-8888,-8888,-8888,-8888,-8888,-8888,-8888,-8888,-8888,-8888,-8888,-8888,-8888,-8888,-8888,-8888,-8888,-8888,-8888,-8888,-8888,-8888,-8888,-8888,-8888,-8888,-8888,-8888,-8888,-8888,-8888,-8888,-8888,-8888,-8888,-8888,-8888,-8888,-8888,-8888,-8888,-8888,-8888,0
2015,6,24,6/14/2015,-8888,-8888,-8888,-8888,-8888,-8888,-8888,-8888,-8888,-8888,-8888,-8888,-8888,-8888,-8888,-8888,-8888,-8888,-8888,-8888,-8888,-8888,-8888,-8888,-8888,-8888,-8888,-8888,-8888,-8888,-8888,-8888,-8888,-8888,-8888,-8888,-8888,-8888,-8888,-8888,-8888,-8888,-8888,-8888,-8888,-8888,-8888,-8888,-8888,-8888,-8888,0
2015,6,25,6/21/2015,-8888,-8888,-8888,-8888,-8888,-8888,-8888,-8888,-8888,-8888,-8888,-8888,-8888,-8888,-8888,-8888,-8888,-8888,-8888,-8888,-8888,-8888,-8888,-8888,-8888,-8888,-8888,-8888,-8888,-8888,-8888,-8888,-8888,-8888,-8888,-8888,-8888,-8888,-8888,-8888,-8888,-8888,-8888,-8888,-8888,-8888,-8888,-8888,-8888,-8888,-8888,0
2015,6,26,6/28/2015,-8888,-8888,-8888,-8888,-8888,-8888,-8888,-8888,-8888,-8888,-8888,-8888,-8888,-8888,-8888,-8888,-8888,-8888,-8888,-8888,-8888,-8888,-8888,-8888,-8888,-8888,-8888,-8888,-8888,-8888,-8888,-8888,-8888,-8888,-8888,-8888,-8888,-8888,-8888,-8888,-8888,-8888,-8888,-8888,-8888,-8888,-8888,-8888,-8888,-8888,-8888,0
2015,7,27,7/5/2015,-8888,-8888,-8888,-8888,-8888,-8888,-8888,-8888,-8888,-8888,-8888,-8888,-8888,-8888,-8888,-8888,-8888,-8888,-8888,-8888,-8888,-8888,-8888,-8888,-8888,-8888,-8888,-8888,-8888,-8888,-8888,-8888,-8888,-8888,-8888,-8888,-8888,-8888,-8888,-8888,-8888,-8888,-8888,-8888,-8888,-8888,-8888,-8888,-8888,-8888,-8888,0
2015,7,28,7/12/2015,-8888,-8888,-8888,-8888,-8888,-8888,-8888,-8888,-8888,-8888,-8888,-8888,-8888,-8888,-8888,-8888,-8888,-8888,-8888,-8888,-8888,-8888,-8888,-8888,-8888,-8888,-8888,-8888,-8888,-8888,-8888,-8888,-8888,-8888,-8888,-8888,-8888,-8888,-8888,-8888,-8888,-8888,-8888,-8888,-8888,-8888,-8888,-8888,-8888,-8888,-8888,0
2015,7,29,7/19/2015,-8888,-8888,-8888,-8888,-8888,-8888,-8888,-8888,-8888,-8888,-8888,-8888,-8888,-8888,-8888,-8888,-8888,-8888,-8888,-8888,-8888,-8888,-8888,-8888,-8888,-8888,-8888,-8888,-8888,-8888,-8888,-8888,-8888,-8888,-8888,-8888,-8888,-8888,-8888,-8888,-8888,-8888,-8888,-8888,-8888,-8888,-8888,-8888,-8888,-8888,-8888,0
2015,7,30,7/26/2015,-8888,-8888,-8888,-8888,-8888,-8888,-8888,-8888,-8888,-8888,-8888,-8888,-8888,-8888,-8888,-8888,-8888,-8888,-8888,-8888,-8888,-8888,-8888,-8888,-8888,-8888,-8888,-8888,-8888,-8888,-8888,-8888,-8888,-8888,-8888,-8888,-8888,-8888,-8888,-8888,-8888,-8888,-8888,-8888,-8888,-8888,-8888,-8888,-8888,-8888,-8888,0
2015,8,31,8/2/2015,-8888,-8888,-8888,-8888,-8888,-8888,-8888,-8888,-8888,-8888,-8888,-8888,-8888,-8888,-8888,-8888,-8888,-8888,-8888,-8888,-8888,-8888,-8888,-8888,-8888,-8888,-8888,-8888,-8888,-8888,-8888,-8888,-8888,-8888,-8888,-8888,-8888,-8888,-8888,-8888,-8888,-8888,-8888,-8888,-8888,-8888,-8888,-8888,-8888,-8888,-8888,0
2015,8,32,8/9/2015,-8888,-8888,-8888,-8888,-8888,-8888,-8888,-8888,-8888,-8888,-8888,-8888,-8888,-8888,-8888,-8888,-8888,-8888,-8888,-8888,-8888,-8888,-8888,-8888,-8888,-8888,-8888,-8888,-8888,-8888,-8888,-8888,-8888,-8888,-8888,-8888,-8888,-8888,-8888,-8888,-8888,-8888,-8888,-8888,-8888,-8888,-8888,-8888,-8888,-8888,-8888,0
2015,8,33,8/16/2015,-8888,-8888,-8888,-8888,-8888,-8888,-8888,-8888,-8888,-8888,-8888,-8888,-8888,-8888,-8888,-8888,-8888,-8888,-8888,-8888,-8888,-8888,-8888,-8888,-8888,-8888,-8888,-8888,-8888,-8888,-8888,-8888,-8888,-8888,-8888,-8888,-8888,-8888,-8888,-8888,-8888,-8888,-8888,-8888,-8888,-8888,-8888,-8888,-8888,-8888,-8888,0
2015,8,34,8/23/2015,-8888,-8888,-8888,-8888,-8888,-8888,-8888,-8888,-8888,-8888,-8888,-8888,-8888,-8888,-8888,-8888,-8888,-8888,-8888,-8888,-8888,-8888,-8888,-8888,-8888,-8888,-8888,-8888,-8888,-8888,-8888,-8888,-8888,-8888,-8888,-8888,-8888,-8888,-8888,-8888,-8888,-8888,-8888,-8888,-8888,-8888,-8888,-8888,-8888,-8888,-8888,0
2015,8,35,8/30/2015,0,0,0,,0,0,0,0,0,0,0,0,0,0,0,0,0,0,0,0,0,0,0,0,0,0,0,0,0,0,0,0,0,0,0,0,0,0,0,0,0,0,0,0,0,0,0,0,0,0,0,0
2015,9,36,9/6/2015,1,0,0,0,0,0,0,0,0,0,0,0,0,0,0,0,0,0,0,0,0,0,0,0,0,0,0,0,0,0,0,0,0,0,0,0,0,0,0,0,0,0,0,0,0,0,0,0,0,0,0,1
2015,9,37,9/13/2015,2,0,0,1,0,0,1,0,0,0,0,0,0,0,0,2,0,0,0,0,0,0,2,0,0,1,0,0,0,6,0,0,0,0,0,0,1,0,0,0,0,0,0,0,0,0,0,0,0,0,0,16
2015,9,38,9/20/2015,0,0,0,0,0,0,0,0,0,0,0,0,0,0,0,3,0,0,0,0,0,0,1,0,0,0,0,0,0,5,0,0,0,0,0,0,0,0,0,0,0,0,0,0,0,0,0,0,0,0,1,10
2015,9,39,9/27/2015,0,0,0,0,0,0,0,0,0,0,0,0,0,0,0,0,0,0,0,0,0,0,1,0,0,0,0,0,0,1,0,0,-9999,0,0,0,0,0,0,0,0,0,0,-9999,0,0,0,0,0,0,0,2
2015,10,40,10/4/2015,-9999,1,0,0,0,0,0,0,0,0,0,0,0,0,0,0,0,0,0,0,0,-9999,0,0,0,0,0,0,0,0,0,0,-9999,0,0,0,0,0,0,0,0,0,0,-9999,0,0,0,0,0,0,0,1
2015,10,41,10/11/2015,-9999,0,0,0,0,0,0,0,0,0,1,0,0,0,0,1,0,0,0,0,0,0,1,-9999,0,0,0,0,0,0,0,0,0,0,0,0,0,0,0,0,0,0,0,-9999,0,0,0,0,0,0,0,3
2015,10,42,10/18/2015,0,0,0,0,0,0,0,0,0,0,0,0,0,0,0,0,0,0,0,0,0,0,0,0,0,0,0,0,0,0,0,0,0,0,0,0,0,0,0,0,0,0,0,-9999,0,0,0,0,0,0,0,0
2015,10,43,10/25/2015,0,0,0,0,0,0,0,0,0,0,0,0,0,0,0,0,0,0,0,0,0,0,0,0,0,0,0,0,0,1,0,0,0,0,0,0,0,0,0,0,0,0,0,-9999,0,0,0,0,0,0,0,1
2015,11,44,11/1/2015,0,0,0,0,0,0,0,0,0,0,0,0,0,0,0,1,0,0,0,0,0,0,0,0,0,0,0,0,0,0,0,0,0,0,0,0,0,0,0,0,0,0,0,0,0,0,0,0,0,0,0,1
2015,11,45,11/8/2015,0,0,0,0,0,0,0,0,0,0,0,0,0,-9999,0,0,0,0,-9999,0,0,0,0,0,0,0,0,0,0,0,0,0,0,0,0,0,0,0,0,0,0,0,0,0,0,0,0,0,0,0,0,0
2015,11,46,11/15/2015,0,0,0,0,0,0,0,0,-9999,0,0,0,0,0,1,0,0,0,0,0,0,0,0,0,0,0,0,0,0,0,0,0,0,0,0,0,0,0,0,0,0,0,0,-9999,0,0,0,0,0,0,0,1
2015,11,47,11/22/2015,0,0,0,0,0,0,0,0,0,0,0,0,0,0,0,0,0,0,0,0,0,0,0,0,0,0,0,0,0,0,1,0,0,0,0,0,0,0,0,0,0,0,0,-9999,0,0,0,0,0,0,0,1
2015,11,48,11/29/2015,0,0,0,0,0,0,0,0,0,0,0,0,0,0,1,0,0,0,0,0,0,0,0,0,0,0,0,0,0,0,0,0,0,0,0,0,0,0,0,0,0,0,0,0,0,0,0,0,0,0,1,2
2015,12,49,12/6/2015,0,0,0,0,0,0,0,0,-9999,0,0,0,0,0,1,0,0,0,0,0,0,0,0,0,0,0,0,0,0,0,0,0,0,0,0,0,0,0,0,0,0,0,0,0,0,0,0,0,0,0,0,1
2015,12,50,12/13/2015,0,0,0,0,0,0,0,0,0,0,0,0,1,0,0,0,-9999,0,0,0,0,-9999,1,0,0,0,0,0,0,0,0,0,0,0,0,0,0,0,0,0,0,0,0,0,0,0,0,0,0,0,1,3
2015,12,51,12/20/2015,0,0,0,-9999,0,0,0,0,0,0,0,0,0,0,1,0,0,0,0,0,0,0,-9999,0,-9999,0,0,0,0,0,1,0,0,0,0,0,0,0,0,0,0,0,0,0,0,0,0,0,0,0,1,3
2015,12,52,12/27/2015,0,0,0,-9999,0,0,0,0,0,0,0,0,0,-9999,1,1,0,0,0,1,0,0,0,0,0,0,0,0,0,-9999,0,0,-9999,0,0,0,0,0,0,0,0,0,0,-9999,0,0,0,0,0,0,0,3
2016,1,1,1/3/2016,0,0,0,-9999,1,0,0,0,0,0,0,0,0,0,0,1,0,0,-9999,0,0,0,0,0,0,0,0,0,0,0,0,0,-9999,0,0,0,0,0,0,0,0,0,1,-9999,0,0,0,0,0,0,0,3
2016,1,2,1/10/2016,0,0,0,-9999,1,0,1,0,0,0,0,0,0,0,0,0,0,0,0,0,0,0,1,0,0,0,0,0,0,0,0,0,0,0,0,0,0,0,0,0,0,0,1,0,0,0,0,0,0,0,2,6
2016,1,3,1/17/2016,1,0,0,-9999,2,0,0,0,0,0,0,0,0,0,0,0,0,0,0,0,0,0,4,-9999,0,0,0,0,0,1,0,0,-9999,0,0,0,0,0,0,0,0,0,1,-9999,0,0,0,0,0,0,0,9
2016,1,4,1/24/2016,0,0,0,-9999,0,0,1,0,0,0,0,0,2,0,0,0,0,1,0,0,0,1,9,0,0,0,0,0,1,7,0,0,0,0,0,0,1,0,0,0,0,0,0,-9999,0,0,0,0,0,0,1,24
2016,1,5,1/31/2016,0,0,0,-9999,0,0,7,0,-9999,0,1,0,0,0,2,2,0,0,0,0,0,2,13,0,1,0,0,0,0,9,0,0,1,0,0,0,2,0,3,0,0,0,2,-9999,0,0,0,0,0,0,2,47
2016,2,6,2/7/2016,1,1,0,1,3,0,10,0,0,0,2,0,0,0,32,20,0,0,0,1,0,0,23,0,2,1,0,0,0,8,0,0,4,0,0,0,2,0,1,3,0,0,5,-9999,0,0,0,0,2,0,17,139
2016,2,7,2/14/2016,3,5,2,-9999,6,0,6,1,1,5,1,0,0,0,49,17,0,1,0,7,0,3,26,0,8,0,0,0,0,25,0,2,1,0,1,0,4,1,4,0,1,0,8,-9999,0,0,0,0,3,0,23,214
2016,2,8,2/21/2016,4,5,5,-9999,3,0,15,4,3,1,5,3,1,0,45,27,0,0,0,4,0,5,26,0,8,0,0,0,0,21,4,0,3,2,0,1,3,0,1,2,6,2,15,-9999,1,0,1,0,0,0,31,257
2016,2,9,2/28/2016,6,5,3,-9999,5,0,40,2,3,1,1,2,1,0,52,36,0,1,0,9,1,8,44,3,3,4,0,0,2,43,23,0,2,0,1,0,7,0,4,7,4,2,11,-9999,0,2,1,0,5,0,43,387
2016,3,10,3/6/2016,17,14,0,0,2,0,41,9,3,0,1,2,2,2,56,70,1,1,0,5,3,10,88,2,3,2,0,0,1,63,0,0,2,1,0,1,17,1,12,7,4,5,22,-9999,0,1,2,0,2,0,38,513
2016,3,11,3/13/2016,10,15,1,0,2,0,45,13,2,4,1,6,1,2,68,56,0,4,0,12,5,24,87,0,7,8,0,0,0,48,-9999,0,3,0,0,0,22,1,9,3,3,5,26,-9999,1,6,1,0,4,0,36,541
2016,3,12,3/20/2016,14,20,0,0,9,0,58,9,3,4,0,5,3,1,102,46,0,5,0,17,2,27,77,1,6,4,0,2,0,65,19,0,4,0,0,0,26,0,2,7,2,1,12,4,1,12,0,1,0,0,52,623
2016,3,13,3/27/2016,13,22,3,0,5,0,43,7,13,12,0,5,4,2,95,102,0,5,0,8,1,26,71,1,14,4,0,1,1,55,12,1,1,0,6,0,15,1,3,11,5,1,2,1,3,3,4,0,0,0,45,627
2016,4,14,4/3/2016,11,26,0,0,2,0,37,2,0,7,0,8,15,0,24,64,2,5,0,16,0,46,34,0,7,1,1,0,1,34,4,3,1,3,9,0,21,1,4,9,1,0,24,-9999,0,4,2,0,2,0,54,485
2016,4,15,4/10/2016,6,11,0,0,4,0,23,0,0,1,0,9,15,0,32,34,0,7,0,5,0,21,17,1,0,0,0,1,1,15,7,0,2,0,-9999,0,6,2,14,5,0,1,11,1,0,1,0,0,3,1,40,297
2016,4,16,4/17/2016,4,20,0,0,5,0,17,4,1,4,1,6,8,0,16,16,0,1,0,8,0,6,5,4,1,1,0,0,0,21,-9999,0,0,-9999,1,2,7,1,5,4,1,0,13,-9999,0,3,0,0,2,0,24,212
2016,4,17,4/24/2016,7,7,0,-9999,0,0,13,2,0,0,2,3,11,0,8,6,0,3,0,3,0,9,7,0,0,0,0,0,0,7,3,1,-9999,0,1,0,2,0,1,5,1,0,4,-9999,0,2,0,0,0,0,14,122
2016,5,18,5/1/2016,0,5,0,-9999,0,0,13,2,0,0,1,3,0,0,3,6,0,1,0,1,0,2,2,0,1,0,0,0,1,10,-9999,1,1,0,0,0,1,0,0,2,0,0,2,1,1,1,0,0,0,0,5,66
2016,5,19,5/8/2016,0,8,0,0,0,0,2,0,0,0,0,3,0,0,1,6,0,1,0,3,0,0,0,0,1,0,0,0,0,4,1,0,1,0,0,0,3,0,0,3,0,0,0,0,0,0,0,0,0,0,6,43
2016,5,20,5/15/2016,2,6,0,0,0,0,1,0,0,0,0,1,0,0,3,2,0,3,0,0,0,0,0,7,0,0,0,1,0,4,0,0,-9999,0,0,0,2,0,0,0,0,0,2,0,0,0,0,0,0,0,4,38
2016,5,21,5/22/2016,0,3,0,0,1,0,0,0,0,0,0,0,0,0,3,2,0,3,0,0,0,0,0,0,0,0,0,1,0,3,0,0,0,0,0,0,0,0,0,0,0,0,1,0,0,0,0,0,0,0,3,20
2016,5,22,5/29/2016,0,0,0,0,-9999,0,0,0,0,0,0,0,0,0,0,,0,0,0,0,0,-9999,0,1,0,0,0,0,0,2,0,0,0,0,0,-9999,2,0,0,0,0,0,7,0,0,0,0,0,0,0,0,12
2016,6,23,6/5/2016,-8888,-8888,-8888,-8888,-8888,-8888,-8888,-8888,-8888,-8888,-8888,-8888,-8888,-8888,-8888,-8888,-8888,-8888,-8888,-8888,-8888,-8888,-8888,-8888,-8888,-8888,-8888,-8888,-8888,-8888,-8888,-8888,-8888,-8888,-8888,-8888,-8888,-8888,-8888,-8888,-8888,-8888,-8888,-8888,-8888,-8888,-8888,-8888,-8888,-8888,-8888,0
2016,6,24,6/12/2016,-8888,-8888,-8888,-8888,-8888,-8888,-8888,-8888,-8888,-8888,-8888,-8888,-8888,-8888,-8888,-8888,-8888,-8888,-8888,-8888,-8888,-8888,-8888,-8888,-8888,-8888,-8888,-8888,-8888,-8888,-8888,-8888,-8888,-8888,-8888,-8888,-8888,-8888,-8888,-8888,-8888,-8888,-8888,-8888,-8888,-8888,-8888,-8888,-8888,-8888,-8888,0
2016,6,25,6/19/2016,-8888,-8888,-8888,-8888,-8888,-8888,-8888,-8888,-8888,-8888,-8888,-8888,-8888,-8888,-8888,-8888,-8888,-8888,-8888,-8888,-8888,-8888,-8888,-8888,-8888,-8888,-8888,-8888,-8888,-8888,-8888,-8888,-8888,-8888,-8888,-8888,-8888,-8888,-8888,-8888,-8888,-8888,-8888,-8888,-8888,-8888,-8888,-8888,-8888,-8888,-8888,0
2016,6,26,6/26/2016,-8888,-8888,-8888,-8888,-8888,-8888,-8888,-8888,-8888,-8888,-8888,-8888,-8888,-8888,-8888,-8888,-8888,-8888,-8888,-8888,-8888,-8888,-8888,-8888,-8888,-8888,-8888,-8888,-8888,-8888,-8888,-8888,-8888,-8888,-8888,-8888,-8888,-8888,-8888,-8888,-8888,-8888,-8888,-8888,-8888,-8888,-8888,-8888,-8888,-8888,-8888,0
2016,7,27,7/3/2016,-8888,-8888,-8888,-8888,-8888,-8888,-8888,-8888,-8888,-8888,-8888,-8888,-8888,-8888,-8888,-8888,-8888,-8888,-8888,-8888,-8888,-8888,-8888,-8888,-8888,-8888,-8888,-8888,-8888,-8888,-8888,-8888,-8888,-8888,-8888,-8888,-8888,-8888,-8888,-8888,-8888,-8888,-8888,-8888,-8888,-8888,-8888,-8888,-8888,-8888,-8888,0
2016,7,28,7/10/2016,-8888,-8888,-8888,-8888,-8888,-8888,-8888,-8888,-8888,-8888,-8888,-8888,-8888,-8888,-8888,-8888,-8888,-8888,-8888,-8888,-8888,-8888,-8888,-8888,-8888,-8888,-8888,-8888,-8888,-8888,-8888,-8888,-8888,-8888,-8888,-8888,-8888,-8888,-8888,-8888,-8888,-8888,-8888,-8888,-8888,-8888,-8888,-8888,-8888,-8888,-8888,0
2016,7,29,7/17/2016,-8888,-8888,-8888,-8888,-8888,-8888,-8888,-8888,-8888,-8888,-8888,-8888,-8888,-8888,-8888,-8888,-8888,-8888,-8888,-8888,-8888,-8888,-8888,-8888,-8888,-8888,-8888,-8888,-8888,-8888,-8888,-8888,-8888,-8888,-8888,-8888,-8888,-8888,-8888,-8888,-8888,-8888,-8888,-8888,-8888,-8888,-8888,-8888,-8888,-8888,-8888,0
2016,7,30,7/24/2016,-8888,-8888,-8888,-8888,-8888,-8888,-8888,-8888,-8888,-8888,-8888,-8888,-8888,-8888,-8888,-8888,-8888,-8888,-8888,-8888,-8888,-8888,-8888,-8888,-8888,-8888,-8888,-8888,-8888,-8888,-8888,-8888,-8888,-8888,-8888,-8888,-8888,-8888,-8888,-8888,-8888,-8888,-8888,-8888,-8888,-8888,-8888,-8888,-8888,-8888,-8888,0
2016,7,31,7/31/2016,-8888,-8888,-8888,-8888,-8888,-8888,-8888,-8888,-8888,-8888,-8888,-8888,-8888,-8888,-8888,-8888,-8888,-8888,-8888,-8888,-8888,-8888,-8888,-8888,-8888,-8888,-8888,-8888,-8888,-8888,-8888,-8888,-8888,-8888,-8888,-8888,-8888,-8888,-8888,-8888,-8888,-8888,-8888,-8888,-8888,-8888,-8888,-8888,-8888,-8888,-8888,0
2016,8,32,8/7/2016,-8888,-8888,-8888,-8888,-8888,-8888,-8888,-8888,-8888,-8888,-8888,-8888,-8888,-8888,-8888,-8888,-8888,-8888,-8888,-8888,-8888,-8888,-8888,-8888,-8888,-8888,-8888,-8888,-8888,-8888,-8888,-8888,-8888,-8888,-8888,-8888,-8888,-8888,-8888,-8888,-8888,-8888,-8888,-8888,-8888,-8888,-8888,-8888,-8888,-8888,-8888,0
2016,8,33,8/14/2016,-8888,-8888,-8888,-8888,-8888,-8888,-8888,-8888,-8888,-8888,-8888,-8888,-8888,-8888,-8888,-8888,-8888,-8888,-8888,-8888,-8888,-8888,-8888,-8888,-8888,-8888,-8888,-8888,-8888,-8888,-8888,-8888,-8888,-8888,-8888,-8888,-8888,-8888,-8888,-8888,-8888,-8888,-8888,-8888,-8888,-8888,-8888,-8888,-8888,-8888,-8888,0
2016,8,34,8/21/2016,-8888,-8888,-8888,-8888,-8888,-8888,-8888,-8888,-8888,-8888,-8888,-8888,-8888,-8888,-8888,-8888,-8888,-8888,-8888,-8888,-8888,-8888,-8888,-8888,-8888,-8888,-8888,-8888,-8888,-8888,-8888,-8888,-8888,-8888,-8888,-8888,-8888,-8888,-8888,-8888,-8888,-8888,-8888,-8888,-8888,-8888,-8888,-8888,-8888,-8888,-8888,0
2016,8,35,8/28/2016,-8888,-8888,-8888,-8888,-8888,-8888,-8888,-8888,-8888,-8888,-8888,-8888,-8888,-8888,-8888,-8888,-8888,-8888,-8888,-8888,-8888,-8888,-8888,-8888,-8888,-8888,-8888,-8888,-8888,-8888,-8888,-8888,-8888,-8888,-8888,-8888,-8888,-8888,-8888,-8888,-8888,-8888,-8888,-8888,-8888,-8888,-8888,-8888,-8888,-8888,-8888,0
2016,9,36,9/4/2016,-8888,-8888,-8888,-8888,-8888,-8888,-8888,-8888,-8888,-8888,-8888,-8888,-8888,-8888,-8888,-8888,-8888,-8888,-8888,-8888,-8888,-8888,-8888,-8888,-8888,-8888,-8888,-8888,-8888,-8888,-8888,-8888,-8888,-8888,-8888,-8888,-8888,-8888,-8888,-8888,-8888,-8888,-8888,-8888,-8888,-8888,-8888,-8888,-8888,-8888,-8888,0
2016,9,37,9/11/2016,-8888,-8888,-8888,-8888,-8888,-8888,-8888,-8888,-8888,-8888,-8888,-8888,-8888,-8888,-8888,-8888,-8888,-8888,-8888,-8888,-8888,-8888,-8888,-8888,-8888,-8888,-8888,-8888,-8888,-8888,-8888,-8888,-8888,-8888,-8888,-8888,-8888,-8888,-8888,-8888,-8888,-8888,-8888,-8888,-8888,-8888,-8888,-8888,-8888,-8888,-8888,0
2016,9,38,9/18/2016,-8888,-8888,-8888,-8888,-8888,-8888,-8888,-8888,-8888,-8888,-8888,-8888,-8888,-8888,-8888,-8888,-8888,-8888,-8888,-8888,-8888,-8888,-8888,-8888,-8888,-8888,-8888,-8888,-8888,-8888,-8888,-8888,-8888,-8888,-8888,-8888,-8888,-8888,-8888,-8888,-8888,-8888,-8888,-8888,-8888,-8888,-8888,-8888,-8888,-8888,-8888,0
2016,9,39,9/25/2016,-8888,-8888,-8888,-8888,-8888,-8888,-8888,-8888,-8888,-8888,-8888,-8888,-8888,-8888,-8888,-8888,-8888,-8888,-8888,-8888,-8888,-8888,-8888,-8888,-8888,-8888,-8888,-8888,-8888,-8888,-8888,-8888,-8888,-8888,-8888,-8888,-8888,-8888,-8888,-8888,-8888,-8888,-8888,-8888,-8888,-8888,-8888,-8888,-8888,-8888,-8888,0
2016,10,40,10/2/2016,-9999,0,0,0,0,0,-9999,0,-9999,0,0,0,0,0,0,1,0,0,0,0,0,0,2,-9999,-9999,0,0,-9999,-9999,2,0,0,-9999,0,-9999,-9999,-9999,0,0,0,0,0,-9999,0,0,0,0,0,0,-9999,0,5
2016,10,41,10/9/2016,0,0,-9999,0,0,0,0,0,-9999,0,0,0,0,0,0,0,0,0,0,0,0,1,0,0,0,0,0,0,0,5,0,-9999,0,0,0,0,0,0,0,0,0,0,-9999,0,0,0,0,0,0,0,0,6
2016,10,42,10/16/2016,0,0,0,0,0,0,0,0,0,0,0,0,0,0,0,0,0,0,0,0,0,0,0,0,0,0,0,0,-9999,4,1,0,-9999,0,0,0,0,0,0,0,0,0,0,0,0,0,0,-9999,0,0,0,5
2016,10,43,10/23/2016,0,0,0,0,0,0,0,0,0,0,0,0,1,0,0,0,0,0,0,1,0,0,0,0,0,0,0,0,0,-9999,1,0,-9999,0,0,0,0,0,0,0,0,0,0,0,0,0,0,0,0,0,0,3
2016,10,44,10/30/2016,0,0,0,0,0,0,0,0,-9999,0,0,0,0,0,2,0,0,0,-9999,0,0,0,0,0,0,0,0,0,0,5,0,-9999,-9999,-9999,0,0,0,0,0,0,0,0,0,0,0,0,0,0,0,0,1,8
2016,11,45,11/6/2016,0,0,0,0,0,0,0,0,0,0,0,0,0,0,0,1,0,0,0,0,0,0,0,0,0,0,0,0,0,4,1,0,-9999,0,0,0,0,0,0,0,0,0,0,0,0,0,0,0,0,0,0,6
2016,11,46,11/13/2016,0,0,0,1,0,0,0,0,-9999,0,0,0,0,0,0,0,0,0,0,0,1,0,2,0,0,0,0,0,0,5,-9999,0,0,0,-9999,0,2,0,0,0,0,0,0,0,0,0,0,0,0,0,1,12
2016,11,47,11/20/2016,0,0,0,0,0,0,1,0,0,0,0,0,0,0,0,0,0,0,0,0,0,1,0,0,0,0,0,0,0,4,2,0,0,0,0,0,0,0,0,0,0,0,0,0,0,0,0,0,0,0,7,15
2016,11,48,11/27/2016,0,0,0,0,0,-9999,0,0,-9999,0,0,0,0,0,0,0,0,0,0,0,0,1,1,1,0,0,0,0,1,5,0,0,-9999,0,0,0,0,0,0,0,0,0,0,0,0,0,0,0,0,0,0,9
2016,12,49,12/4/2016,1,1,0,0,0,-9999,5,0,0,0,0,0,0,0,0,4,0,0,0,0,0,0,0,0,0,0,0,0,0,6,0,0,0,0,0,0,0,0,0,0,0,0,0,0,0,0,0,0,0,0,0,17
2016,12,50,12/11/2016,2,0,0,0,2,-9999,9,0,1,0,0,0,5,0,2,9,0,1,0,1,0,0,8,0,0,-9999,0,0,0,4,-9999,1,0,0,0,0,0,1,0,0,0,0,0,0,0,0,0,0,0,0,1,47
2016,12,51,12/18/2016,14,0,0,1,0,-9999,13,2,-9999,0,0,0,5,1,9,6,0,0,-9999,1,0,2,15,1,0,0,0,0,0,20,-9999,2,2,0,1,0,1,0,1,0,0,0,0,1,0,3,0,0,0,0,6,107
2016,12,52,12/25/2016,25,13,3,0,1,-9999,39,23,-9999,2,0,3,2,0,40,23,0,5,-9999,11,3,20,38,3,3,5,0,3,0,39,7,2,8,0,1,0,7,0,3,1,3,1,8,1,0,4,0,0,1,0,24,375
2017,1,1,1/1/2017,9,20,17,2,1,1,36,24,2,2,0,6,1,1,48,90,0,1,1,17,6,15,52,1,4,6,0,3,1,46,5,7,0,0,5,0,0,0,5,2,0,1,10,0,1,4,1,0,1,0,33,488
2017,1,2,1/8/2017,8,16,10,8,0,-9999,70,19,5,3,0,2,3,0,48,56,0,5,2,35,6,42,64,4,3,8,0,0,0,61,6,8,0,0,0,0,13,0,8,3,3,2,13,0,0,3,2,0,2,0,54,595
2017,1,3,1/15/2017,17,30,6,9,3,3,72,24,4,4,8,6,7,0,91,81,0,12,-9999,28,2,39,133,2,0,9,0,0,1,56,2,17,2,0,-9999,0,16,0,8,8,2,0,29,1,0,4,1,0,9,0,69,815
2017,1,4,1/22/2017,7,35,1,8,7,-9999,64,4,9,11,5,6,20,3,134,80,0,9,3,21,6,31,127,0,3,8,2,2,2,53,-9999,20,0,-9999,8,0,20,4,25,11,13,0,28,4,5,4,0,0,1,2,94,900
2017,1,5,1/29/2017,14,34,2,4,7,0,39,9,6,9,4,5,14,1,149,60,0,7,1,13,5,23,125,0,3,7,2,0,7,46,9,27,0,2,6,1,19,2,29,4,8,2,26,6,12,2,0,0,16,0,107,874
2017,2,6,2/5/2017,2,20,0,1,5,0,15,7,1,13,5,7,3,0,120,-9999,1,1,1,11,1,25,98,0,5,5,6,0,1,70,11,5,0,1,1,0,11,2,7,6,9,1,38,3,4,7,0,0,13,3,77,623
2017,2,7,2/12/2017,2,6,0,0,4,0,32,9,0,7,4,1,10,2,100,50,2,10,-9999,2,0,6,64,0,9,0,1,6,0,41,12,4,3,2,4,0,23,3,5,6,8,1,34,6,7,6,0,0,14,-9999,71,577
2017,2,8,2/19/2017,5,2,0,0,1,-9999,10,6,1,6,0,2,5,1,72,60,0,5,0,0,0,2,53,0,10,2,-9999,0,1,32,9,2,1,1,3,0,7,2,6,15,2,1,14,1,0,3,1,0,0,0,46,390
2017,2,9,2/26/2017,12,2,1,1,0,-9999,16,5,0,4,1,4,6,0,51,52,0,8,0,0,2,5,37,0,9,2,0,0,0,34,-9999,-9999,1,5,7,0,8,1,10,1,9,0,11,-9999,0,1,1,0,2,1,47,357
2017,3,10,3/5/2017,10,12,2,2,2,0,10,2,0,2,0,1,5,2,48,49,0,1,0,1,2,5,34,1,5,3,0,0,1,33,4,1,0,2,1,0,37,0,7,3,0,2,13,1,0,2,0,0,1,0,54,361
2017,3,11,3/12/2017,11,9,0,2,2,0,9,5,0,8,0,3,4,2,44,35,0,8,0,7,1,3,37,0,3,0,0,0,1,23,4,8,1,0,1,1,14,1,2,4,0,3,20,0,2,2,0,0,0,1,47,328
2017,3,12,3/19/2017,13,15,0,3,6,0,13,6,1,5,0,0,1,0,24,33,0,3,0,7,1,0,26,0,19,0,0,0,0,20,1,10,0,0,2,0,11,1,1,4,2,0,10,4,0,1,0,0,0,0,37,280
2017,3,13,3/26/2017,4,15,0,0,4,0,8,2,0,6,0,0,1,0,28,47,0,0,1,6,0,2,20,0,7,0,0,0,0,14,4,0,1,1,0,0,3,1,0,0,0,0,9,1,1,0,0,0,1,-9999,41,228
2017,4,14,4/2/2017,2,3,0,0,3,0,11,0,1,5,0,0,4,2,9,41,0,1,0,0,1,0,15,0,3,0,0,1,0,4,4,0,7,0,0,0,2,1,0,0,0,1,5,1,-9999,1,0,0,0,0,22,150
2017,4,15,4/9/2017,-9999,1,0,0,1,0,4,-9999,1,1,0,2,2,0,4,37,0,0,0,0,0,3,8,0,2,0,0,0,0,4,2,1,1,0,1,0,0,0,0,0,0,0,0,2,0,0,0,0,1,0,21,99
2017,4,16,4/16/2017,4,2,0,1,0,0,10,0,4,2,0,0,0,1,11,37,0,0,-9999,2,0,0,2,1,2,-9999,0,1,0,4,2,0,1,0,1,0,0,0,0,0,0,1,0,1,1,0,0,0,0,0,6,97
2017,4,17,4/23/2017,3,1,0,0,-9999,0,3,0,0,1,0,1,2,0,5,15,0,0,0,0,0,1,2,1,0,-9999,1,0,0,0,0,0,0,0,0,0,1,0,0,0,0,0,0,1,0,0,0,0,0,2,6,46
2017,4,18,4/30/2017,6,3,0,0,-9999,0,4,1,1,0,0,1,0,0,1,17,0,0,0,0,-9999,0,0,0,0,-9999,0,0,0,0,1,0,0,0,1,0,-9999,0,0,0,0,0,0,0,0,1,0,0,0,0,3,40
2017,5,19,5/7/2017,3,0,0,0,0,0,2,0,0,0,0,0,1,0,1,6,0,0,-9999,0,0,0,4,1,0,-9999,0,0,0,0,1,0,0,0,1,0,2,0,0,0,0,0,1,0,0,0,0,0,0,0,0,23
2017,5,20,5/14/2017,2,1,0,0,0,0,2,0,-9999,0,0,0,2,0,3,3,0,0,0,0,0,0,0,0,0,-9999,0,0,0,0,1,0,0,0,9,0,0,0,1,0,0,0,2,0,0,0,0,-9999,0,0,2,28
2017,5,21,5/21/2017,0,0,-9999,0,-9999,0,3,0,0,0,0,0,0,0,0,7,0,0,0,-9999,0,1,-9999,0,0,-9999,0,0,0,0,0,0,0,0,0,0,0,0,0,0,0,0,1,0,0,0,0,0,0,0,0,12
2017,5,22,5/28/2017,0,0,-9999,0,-9999,0,0,0,0,0,0,0,0,0,0,6,0,0,0,-9999,0,-9999,0,0,0,-9999,0,0,0,0,0,0,0,0,0,0,0,0,0,0,0,1,0,-9999,0,-9999,0,0,0,0,-9999,7
2017,6,23,6/4/2017,-8888,-8888,-8888,-8888,-8888,-8888,-8888,-8888,-8888,-8888,-8888,-8888,-8888,-8888,-8888,-8888,-8888,-8888,-8888,-8888,-8888,-8888,-8888,-8888,-8888,-8888,-8888,-8888,-8888,-8888,-8888,-8888,-8888,-8888,-8888,-8888,-8888,-8888,-8888,-8888,-8888,-8888,-8888,-8888,-8888,-8888,-8888,-8888,-8888,-8888,-8888,0
2017,6,24,6/11/2017,-8888,-8888,-8888,-8888,-8888,-8888,-8888,-8888,-8888,-8888,-8888,-8888,-8888,-8888,-8888,-8888,-8888,-8888,-8888,-8888,-8888,-8888,-8888,-8888,-8888,-8888,-8888,-8888,-8888,-8888,-8888,-8888,-8888,-8888,-8888,-8888,-8888,-8888,-8888,-8888,-8888,-8888,-8888,-8888,-8888,-8888,-8888,-8888,-8888,-8888,-8888,0
2017,6,25,6/18/2017,-8888,-8888,-8888,-8888,-8888,-8888,-8888,-8888,-8888,-8888,-8888,-8888,-8888,-8888,-8888,-8888,-8888,-8888,-8888,-8888,-8888,-8888,-8888,-8888,-8888,-8888,-8888,-8888,-8888,-8888,-8888,-8888,-8888,-8888,-8888,-8888,-8888,-8888,-8888,-8888,-8888,-8888,-8888,-8888,-8888,-8888,-8888,-8888,-8888,-8888,-8888,0
2017,6,26,6/25/2017,-8888,-8888,-8888,-8888,-8888,-8888,-8888,-8888,-8888,-8888,-8888,-8888,-8888,-8888,-8888,-8888,-8888,-8888,-8888,-8888,-8888,-8888,-8888,-8888,-8888,-8888,-8888,-8888,-8888,-8888,-8888,-8888,-8888,-8888,-8888,-8888,-8888,-8888,-8888,-8888,-8888,-8888,-8888,-8888,-8888,-8888,-8888,-8888,-8888,-8888,-8888,0
2017,7,27,7/2/2017,-8888,-8888,-8888,-8888,-8888,-8888,-8888,-8888,-8888,-8888,-8888,-8888,-8888,-8888,-8888,-8888,-8888,-8888,-8888,-8888,-8888,-8888,-8888,-8888,-8888,-8888,-8888,-8888,-8888,-8888,-8888,-8888,-8888,-8888,-8888,-8888,-8888,-8888,-8888,-8888,-8888,-8888,-8888,-8888,-8888,-8888,-8888,-8888,-8888,-8888,-8888,0
2017,7,28,7/9/2017,-8888,-8888,-8888,-8888,-8888,-8888,-8888,-8888,-8888,-8888,-8888,-8888,-8888,-8888,-8888,-8888,-8888,-8888,-8888,-8888,-8888,-8888,-8888,-8888,-8888,-8888,-8888,-8888,-8888,-8888,-8888,-8888,-8888,-8888,-8888,-8888,-8888,-8888,-8888,-8888,-8888,-8888,-8888,-8888,-8888,-8888,-8888,-8888,-8888,-8888,-8888,0
2017,7,29,7/16/2017,-8888,-8888,-8888,-8888,-8888,-8888,-8888,-8888,-8888,-8888,-8888,-8888,-8888,-8888,-8888,-8888,-8888,-8888,-8888,-8888,-8888,-8888,-8888,-8888,-8888,-8888,-8888,-8888,-8888,-8888,-8888,-8888,-8888,-8888,-8888,-8888,-8888,-8888,-8888,-8888,-8888,-8888,-8888,-8888,-8888,-8888,-8888,-8888,-8888,-8888,-8888,0
2017,7,30,7/23/2017,-8888,-8888,-8888,-8888,-8888,-8888,-8888,-8888,-8888,-8888,-8888,-8888,-8888,-8888,-8888,-8888,-8888,-8888,-8888,-8888,-8888,-8888,-8888,-8888,-8888,-8888,-8888,-8888,-8888,-8888,-8888,-8888,-8888,-8888,-8888,-8888,-8888,-8888,-8888,-8888,-8888,-8888,-8888,-8888,-8888,-8888,-8888,-8888,-8888,-8888,-8888,0
2017,7,31,7/30/2017,-8888,-8888,-8888,-8888,-8888,-8888,-8888,-8888,-8888,-8888,-8888,-8888,-8888,-8888,-8888,-8888,-8888,-8888,-8888,-8888,-8888,-8888,-8888,-8888,-8888,-8888,-8888,-8888,-8888,-8888,-8888,-8888,-8888,-8888,-8888,-8888,-8888,-8888,-8888,-8888,-8888,-8888,-8888,-8888,-8888,-8888,-8888,-8888,-8888,-8888,-8888,0
2017,8,32,8/6/2017,-8888,-8888,-8888,-8888,-8888,-8888,-8888,-8888,-8888,-8888,-8888,-8888,-8888,-8888,-8888,-8888,-8888,-8888,-8888,-8888,-8888,-8888,-8888,-8888,-8888,-8888,-8888,-8888,-8888,-8888,-8888,-8888,-8888,-8888,-8888,-8888,-8888,-8888,-8888,-8888,-8888,-8888,-8888,-8888,-8888,-8888,-8888,-8888,-8888,-8888,-8888,0
2017,8,33,8/13/2017,-8888,-8888,-8888,-8888,-8888,-8888,-8888,-8888,-8888,-8888,-8888,-8888,-8888,-8888,-8888,-8888,-8888,-8888,-8888,-8888,-8888,-8888,-8888,-8888,-8888,-8888,-8888,-8888,-8888,-8888,-8888,-8888,-8888,-8888,-8888,-8888,-8888,-8888,-8888,-8888,-8888,-8888,-8888,-8888,-8888,-8888,-8888,-8888,-8888,-8888,-8888,0
2017,8,34,8/20/2017,-8888,-8888,-8888,-8888,-8888,-8888,-8888,-8888,-8888,-8888,-8888,-8888,-8888,-8888,-8888,-8888,-8888,-8888,-8888,-8888,-8888,-8888,-8888,-8888,-8888,-8888,-8888,-8888,-8888,-8888,-8888,-8888,-8888,-8888,-8888,-8888,-8888,-8888,-8888,-8888,-8888,-8888,-8888,-8888,-8888,-8888,-8888,-8888,-8888,-8888,-8888,0
2017,8,35,8/27/2017,-8888,-8888,-8888,-8888,-8888,-8888,-8888,-8888,-8888,-8888,-8888,-8888,-8888,-8888,-8888,-8888,-8888,-8888,-8888,-8888,-8888,-8888,-8888,-8888,-8888,-8888,-8888,-8888,-8888,-8888,-8888,-8888,-8888,-8888,-8888,-8888,-8888,-8888,-8888,-8888,-8888,-8888,-8888,-8888,-8888,-8888,-8888,-8888,-8888,-8888,-8888,0
2017,9,36,9/3/2017,-8888,-8888,-8888,-8888,-8888,-8888,-8888,-8888,-8888,-8888,-8888,-8888,-8888,-8888,-8888,-8888,-8888,-8888,-8888,-8888,-8888,-8888,-8888,-8888,-8888,-8888,-8888,-8888,-8888,-8888,-8888,-8888,-8888,-8888,-8888,-8888,-8888,-8888,-8888,-8888,-8888,-8888,-8888,-8888,-8888,-8888,-8888,-8888,-8888,-8888,-8888,0
2017,9,37,9/10/2017,-8888,-8888,-8888,-8888,-8888,-8888,-8888,-8888,-8888,-8888,-8888,-8888,-8888,-8888,-8888,-8888,-8888,-8888,-8888,-8888,-8888,-8888,-8888,-8888,-8888,-8888,-8888,-8888,-8888,-8888,-8888,-8888,-8888,-8888,-8888,-8888,-8888,-8888,-8888,-8888,-8888,-8888,-8888,-8888,-8888,-8888,-8888,-8888,-8888,-8888,-8888,0
2017,9,38,9/17/2017,-8888,-8888,-8888,-8888,-8888,-8888,-8888,-8888,-8888,-8888,-8888,-8888,-8888,-8888,-8888,-8888,-8888,-8888,-8888,-8888,-8888,-8888,-8888,-8888,-8888,-8888,-8888,-8888,-8888,-8888,-8888,-8888,-8888,-8888,-8888,-8888,-8888,-8888,-8888,-8888,-8888,-8888,-8888,-8888,-8888,-8888,-8888,-8888,-8888,-8888,-8888,0
2017,9,39,9/24/2017,-8888,-8888,-8888,-8888,-8888,-8888,-8888,-8888,-8888,-8888,-8888,-8888,-8888,-8888,-8888,-8888,-8888,-8888,-8888,-8888,-8888,-8888,-8888,-8888,-8888,-8888,-8888,-8888,-8888,-8888,-8888,-8888,-8888,-8888,-8888,-8888,-8888,-8888,-8888,-8888,-8888,-8888,-8888,-8888,-8888,-8888,-8888,-8888,-8888,-8888,-8888,0
2017,10,40,10/1/2017,0,0,0,0,0,0,2,-9999,0,0,0,0,0,0,0,0,0,0,1,1,0,0,1,0,0,0,0,0,0,-9999,1,0,0,0,0,0,1,0,0,0,0,0,0,0,0,0,0,0,0,0,0,7
2017,10,41,10/8/2017,0,0,0,0,0,0,4,0,0,0,0,0,0,0,1,0,0,0,0,0,0,0,0,0,0,0,0,0,0,2,0,0,0,0,0,0,2,0,0,0,0,0,0,0,0,0,0,0,0,0,4,13
2017,10,42,10/15/2017,0,0,0,0,0,0,0,1,0,0,0,0,0,0,0,0,0,0,0,1,0,0,0,1,1,0,0,0,0,2,0,0,0,0,0,0,0,0,0,0,0,0,0,0,0,0,0,0,0,0,1,7
2017,10,43,10/22/2017,0,0,0,1,0,0,0,0,0,0,0,0,0,0,0,0,0,0,0,0,1,0,1,0,1,0,0,0,0,0,0,0,0,0,0,0,0,0,0,0,0,0,0,0,0,0,0,0,0,0,2,6
2017,10,44,10/29/2017,0,0,0,0,0,0,0,0,0,1,0,0,0,0,1,1,0,0,0,0,1,2,0,0,0,0,0,0,0,1,1,0,0,1,0,0,1,0,0,0,0,0,0,0,0,0,0,0,0,0,2,12
2017,11,45,11/5/2017,0,0,-9999,0,0,0,0,0,0,3,0,0,0,0,3,2,0,0,0,0,1,0,0,1,0,0,0,0,0,1,0,0,0,0,0,-9999,1,0,0,1,0,0,0,0,0,0,0,0,1,0,7,21
2017,11,46,11/12/2017,0,2,0,0,0,0,0,0,0,1,0,1,1,0,0,5,0,0,-9999,0,2,0,1,1,0,0,0,0,0,2,1,0,0,0,0,0,0,0,0,0,0,0,1,0,0,0,0,0,0,0,4,22
2017,11,47,11/19/2017,0,4,0,1,0,0,0,1,0,0,0,2,1,0,1,0,0,0,-9999,0,1,0,0,0,0,0,0,0,0,1,0,1,0,0,0,0,0,3,0,0,0,0,0,0,0,0,0,0,1,0,3,20
2017,11,48,11/26/2017,0,2,0,0,0,0,7,0,0,0,0,1,2,0,15,1,0,0,0,0,0,3,3,0,1,0,0,0,1,0,0,0,1,0,0,0,0,1,0,0,0,0,0,0,0,0,0,1,0,0,4,43
2017,12,49,12/3/2017,3,12,0,0,0,0,18,1,0,0,0,5,0,0,5,9,0,1,0,1,0,5,4,0,2,1,0,0,0,0,0,0,0,0,0,0,4,1,2,2,1,1,0,3,0,0,0,0,0,0,9,90
2017,12,50,12/10/2017,7,14,0,0,0,0,20,0,0,0,0,5,2,3,18,15,0,2,0,1,0,4,4,0,4,0,0,0,0,6,2,0,0,0,0,0,3,16,7,3,1,0,0,0,0,0,0,0,1,7,23,168
2017,12,51,12/17/2017,6,24,0,0,5,0,30,2,3,1,1,0,0,4,30,26,0,12,0,5,0,6,6,2,6,2,2,1,0,14,4,4,2,0,0,0,8,2,3,7,2,5,6,0,2,3,0,0,2,4,44,286
2017,12,52,12/24/2017,2,34,0,0,4,1,16,4,0,2,2,0,4,3,75,29,0,4,0,9,2,8,32,3,5,5,0,1,3,18,3,0,7,0,2,0,12,3,4,8,0,2,11,6,4,3,0,0,3,7,63,404
2017,12,1,12/31/2017,1,11,1,0,5,0,17,7,2,0,0,3,2,4,94,51,0,1,0,9,5,17,34,1,3,3,0,0,6,36,6,3,7,0,1,0,18,6,5,4,5,10,11,2,1,0,4,0,3,5,60,464
2018,1,2,1/7/2018,8,5,3,1,3,0,41,3,2,2,0,5,2,2,89,37,0,6,3,20,2,8,59,0,8,2,1,1,7,20,2,5,7,0,0,0,18,15,5,8,12,3,32,0,3,-9999,5,0,0,1,44,500
2018,1,3,1/14/2018,4,8,0,9,2,1,45,10,5,4,2,5,10,4,67,65,1,4,0,33,15,8,61,5,5,1,3,1,1,28,4,7,4,0,2,6,29,24,15,13,4,11,52,0,0,2,2,0,1,1,50,634
2018,1,4,1/21/2018,13,3,3,3,7,1,71,18,11,6,0,0,9,4,63,75,0,7,2,31,19,29,64,1,5,1,2,1,0,31,4,15,6,0,0,5,21,29,28,11,7,6,77,3,0,3,0,1,1,2,75,774
2018,1,5,1/28/2018,11,13,6,0,9,1,65,16,3,3,0,1,13,6,124,70,0,4,-9999,17,9,38,98,3,4,3,1,0,2,31,2,9,8,0,4,10,25,19,24,7,4,3,83,3,0,1,0,0,4,10,49,816
2018,2,6,2/4/2018,3,7,3,1,6,1,46,19,6,2,0,10,27,6,110,86,0,1,-9999,19,9,38,109,1,13,3,0,0,2,30,0,14,5,0,4,17,50,26,30,4,5,0,96,2,0,2,0,0,3,0,40,856
