year,flu week,PA rate,PA pop,PA count,PA weighted rate,GA rate,GA count,GA pop,GA weighted rate,ME rate,ME count,ME pop,ME weighted rate,SG rate,SG count,SG pop,SG weighted rate,CA rate,CA count,CA pop,CA weighted rate
,,,,,0.0,,,,,,,,,,,,,,,,
1.0,1.0,0.0,15597.0,0.0,0.0,,,,0.0,,,,0.0,,,,0.0,,,,0.0
1.0,2.0,0.0,15597.0,0.0,0.0,8.928299999999999e-05,8.0,89603.0,8.928299999999999e-05,0.0,0.0,1878.0,0.0,0.0,0.0,3618.0,0.0,0.0,0.0,10062.0,0.0
1.0,3.0,6.4115e-05,15597.0,1.0,2.5646000000000005e-05,0.00010044299999999999,9.0,89603.0,9.3747e-05,0.0,0.0,1878.0,0.0,0.0,0.0,3618.0,0.0,0.0,0.0,10062.0,0.0
1.0,4.0,0.0,15597.0,0.0,1.53876e-05,0.00033481,30.0,89603.0,0.0001901722,0.0,0.0,1878.0,0.0,0.0,0.0,3618.0,0.0,0.0,0.0,10062.0,0.0
1.0,5.0,6.4115e-05,15597.0,1.0,3.4878560000000006e-05,0.000502215,45.0,89603.0,0.00031498932,0.0,0.0,1878.0,0.0,0.0,0.0,3618.0,0.0,0.0,0.0,10062.0,0.0
1.0,6.0,0.00025646,15597.0,4.0,0.00012351113600000003,0.000703101,63.0,89603.0,0.000470233992,0.000532481,1.0,1878.0,0.0002129924,0.0,0.0,3618.0,0.0,0.0,0.0,10062.0,0.0
1.0,7.0,0.00326986,15597.0,51.0,0.0013820506816,0.004497617,403.0,89603.0,0.0020811871952,0.002129925,4.0,1878.0,0.00097976544,0.007462687,27.0,3618.0,0.0029850748,0.0,0.0,10062.0,0.0
1.0,8.0,0.004808617,15597.0,75.0,0.00275267720896,0.0047096640000000006,422.0,89603.0,0.0031325779171200003,0.004259850999999999,8.0,1878.0,0.0022917996639999997,0.011885018999999998,43.0,3618.0,0.00654505248,0.0,0.0,10062.0,0.0
1.0,9.0,0.012374175,15597.0,193.0,0.006601276325376,0.0012722789999999999,114.0,89603.0,0.002388458350272,0.0,0.0,1878.0,0.0013750797983999997,0.007462687,27.0,3618.0,0.006912106288,0.0,0.0,10062.0,0.0
1.0,10.0,0.009232545,15597.0,144.0,0.0076537837952256,0.000803545,72.0,89603.0,0.0017544930101632001,0.000532481,1.0,1878.0,0.00103804027904,0.007462687,27.0,3618.0,0.0071323385728,0.0,0.0,10062.0,0.0
1.0,11.0,0.0007693789999999999,15597.0,12.0,0.00490002187713536,0.000122764,11.0,89603.0,0.00110180140609792,0.0,0.0,1878.0,0.0006228241674239999,0.00525152,19.0,3618.0,0.00638001114368,0.0,0.0,10062.0,0.0
1.0,12.0,0.000577034,15597.0,9.0,0.003170826726281216,1.116e-05,1.0,89603.0,0.000665544843658752,0.0,0.0,1878.0,0.0003736945004543999,0.0046987290000000004,17.0,3618.0,0.005707498286208,0.0,0.0,10062.0,0.0
1.0,13.0,0.000448804,15597.0,7.0,0.0020820176357687296,0.0,0.0,89603.0,0.0003993269061952512,0.0,0.0,1878.0,0.00022421670027263993,0.004422333,16.0,3618.0,0.0051934321717248,0.0,0.0,10062.0,0.0
1.0,14.0,0.000192345,15597.0,3.0,0.0013261485814612375,0.0,0.0,89603.0,0.00023959614371715072,0.0,0.0,1878.0,0.00013453002016358397,0.001105583,4.0,3618.0,0.0035582925030348796,0.0,0.0,10062.0,0.0
1.0,15.0,0.0,15597.0,0.0,0.0007956891488767425,0.0,0.0,89603.0,0.00014375768623029042,0.0,0.0,1878.0,8.071801209815037e-05,0.001381979,5.0,3618.0,0.0026877671018209278,0.0,0.0,10062.0,0.0
1.0,16.0,0.0,15597.0,0.0,0.00047741348932604544,0.0,0.0,89603.0,8.625461173817425e-05,0.0,0.0,1878.0,4.843080725889022e-05,0.002211166,8.0,3618.0,0.0024971266610925567,0.0,0.0,10062.0,0.0
1.0,17.0,0.0,15597.0,0.0,0.00028644809359562725,0.0,0.0,89603.0,5.175276704290455e-05,0.0,0.0,1878.0,2.9058484355334132e-05,0.0030403540000000003,11.0,3618.0,0.0027144175966555342,0.0,0.0,10062.0,0.0
1.0,18.0,0.0,15597.0,0.0,0.00017186885615737635,0.0,0.0,89603.0,3.105166022574273e-05,0.0,0.0,1878.0,1.7435090613200477e-05,0.003593145,13.0,3618.0,0.003065908557993321,0.0,0.0,10062.0,0.0
1.0,19.0,0.0,15597.0,0.0,0.0001031213136944258,0.0,0.0,89603.0,1.8630996135445634e-05,0.0,0.0,1878.0,1.0461054367920287e-05,0.0030403540000000003,11.0,3618.0,0.0030556867347959924,0.0,0.0,10062.0,0.0
1.0,20.0,0.0,15597.0,0.0,6.187278821665547e-05,0.0,0.0,89603.0,1.117859768126738e-05,0.0,0.0,1878.0,6.2766326207521715e-06,0.001934771,7.0,3618.0,0.0026073204408775955,0.0,0.0,10062.0,0.0
1.0,21.0,0.0,15597.0,0.0,3.712367292999328e-05,0.0,0.0,89603.0,6.707158608760428e-06,0.0,0.0,1878.0,3.7659795724513026e-06,0.002487562,9.0,3618.0,0.0025594170645265573,0.0,0.0,10062.0,0.0
1.0,22.0,0.0,15597.0,0.0,2.2274203757995967e-05,0.0,0.0,89603.0,4.024295165256256e-06,0.0,0.0,1878.0,2.2595877434707814e-06,0.002211166,8.0,3618.0,0.0024201166387159342,0.0,0.0,10062.0,0.0
1.0,23.0,0.0,15597.0,0.0,1.3364522254797579e-05,0.0,0.0,89603.0,2.4145770991537536e-06,0.0,0.0,1878.0,1.3557526460824688e-06,0.002763958,10.0,3618.0,0.002557653183229561,0.0,0.0,10062.0,0.0
1.0,24.0,0.0,15597.0,0.0,8.018713352878548e-06,0.0,0.0,89603.0,1.4487462594922521e-06,0.0,0.0,1878.0,8.134515876494812e-07,0.001934771,7.0,3618.0,0.0023085003099377367,0.0,0.0,10062.0,0.0
1.0,25.0,0.0,15597.0,0.0,4.8112280117271285e-06,0.0,0.0,89603.0,8.692477556953513e-07,0.0,0.0,1878.0,4.880709525896887e-07,0.002763958,10.0,3618.0,0.002490683385962642,0.0,0.0,10062.0,0.0
1.0,26.0,0.0,15597.0,0.0,2.886736807036277e-06,0.0,0.0,89603.0,5.215486534172107e-07,0.0,0.0,1878.0,2.928425715538132e-07,0.001658375,6.0,3618.0,0.002157760031577585,0.0,0.0,10062.0,0.0
1.0,27.0,0.0,15597.0,0.0,1.7320420842217662e-06,0.0,0.0,89603.0,3.1292919205032643e-07,0.0,0.0,1878.0,1.757055429322879e-07,0.001381979,5.0,3618.0,0.001847447618946551,0.0,0.0,10062.0,0.0
1.0,28.0,0.0,15597.0,0.0,1.0392252505330597e-06,0.0,0.0,89603.0,1.8775751523019586e-07,0.0,0.0,1878.0,1.0542332575937274e-07,0.001934771,7.0,3618.0,0.0018823769713679308,0.0,0.0,10062.0,0.0
1.0,29.0,0.0,15597.0,0.0,6.235351503198358e-07,0.0,0.0,89603.0,1.1265450913811751e-07,0.0,0.0,1878.0,6.325399545562364e-08,0.001934771,7.0,3618.0,0.0019033345828207587,0.0,0.0,10062.0,0.0
1.0,30.0,0.0,15597.0,0.0,3.7412109019190146e-07,0.0,0.0,89603.0,6.759270548287051e-08,0.000532481,1.0,1878.0,0.00021303035239727337,0.0,0.0,3618.0,0.0011420007496924553,0.0,0.0,10062.0,0.0
1.0,31.0,0.0,15597.0,0.0,2.2447265411514086e-07,0.0,0.0,89603.0,4.0555623289722304e-08,0.0,0.0,1878.0,0.00012781821143836402,0.0,0.0,3618.0,0.0006852004498154731,0.0,0.0,10062.0,0.0
1.0,32.0,0.0,15597.0,0.0,1.346835924690845e-07,0.0,0.0,89603.0,2.4333373973833382e-08,0.0,0.0,1878.0,7.669092686301841e-05,0.0,0.0,3618.0,0.0004111202698892839,0.0,0.0,10062.0,0.0
1.0,33.0,0.0,15597.0,0.0,8.081015548145071e-08,4.4641e-05,4.0,89603.0,1.7871000024384302e-05,0.0,0.0,1878.0,4.6014556117811046e-05,0.0,0.0,3618.0,0.0002466721619335703,0.0,0.0,10062.0,0.0
1.0,34.0,0.0,15597.0,0.0,4.8486093288870424e-08,0.0,0.0,89603.0,1.0722600014630581e-05,0.000532481,1.0,1878.0,0.00024060113367068664,0.0,0.0,3618.0,0.00014800329716014218,0.0,0.0,10062.0,0.0
1.0,35.0,0.0,15597.0,0.0,2.9091655973322254e-08,0.0,0.0,89603.0,6.433560008778348e-06,0.0,0.0,1878.0,0.00014436068020241198,0.0,0.0,3618.0,8.88019782960853e-05,0.0,0.0,10062.0,0.0
1.0,36.0,0.0,15597.0,0.0,1.745499358399335e-08,0.0,0.0,89603.0,3.860136005267009e-06,0.0,0.0,1878.0,8.661640812144719e-05,0.0,0.0,3618.0,5.3281186977651176e-05,0.0,0.0,10062.0,0.0
1.0,37.0,0.0,15597.0,0.0,1.0472996150396011e-08,0.0,0.0,89603.0,2.3160816031602053e-06,0.0,0.0,1878.0,5.196984487286831e-05,0.0,0.0,3618.0,3.19687121865907e-05,0.0,0.0,10062.0,0.0
1.0,38.0,0.0,15597.0,0.0,6.283797690237606e-09,0.0,0.0,89603.0,1.3896489618961232e-06,0.0,0.0,1878.0,3.118190692372098e-05,0.0,0.0,3618.0,1.918122731195442e-05,0.0,0.0,10062.0,0.0
1.0,39.0,0.0,15597.0,0.0,3.770278614142564e-09,0.0,0.0,89603.0,8.33789377137674e-07,0.0,0.0,1878.0,1.8709144154232588e-05,0.0,0.0,3618.0,1.1508736387172652e-05,0.0,0.0,10062.0,0.0
1.0,40.0,0.0,15597.0,0.0,2.262167168485538e-09,0.0,0.0,89603.0,5.002736262826043e-07,0.0,0.0,1878.0,1.1225486492539552e-05,0.0,0.0,3618.0,6.905241832303591e-06,0.0,0.0,10062.0,0.0
1.0,41.0,0.0,15597.0,0.0,1.3573003010913227e-09,0.0,0.0,89603.0,3.001641757695626e-07,0.0,0.0,1878.0,6.735291895523731e-06,0.0,0.0,3618.0,4.143145099382155e-06,0.0,0.0,10062.0,0.0
1.0,42.0,0.0,15597.0,0.0,8.143801806547936e-10,0.0,0.0,89603.0,1.8009850546173755e-07,0.0,0.0,1878.0,4.0411751373142385e-06,0.0,0.0,3618.0,2.4858870596292925e-06,0.0,0.0,10062.0,0.0
1.0,43.0,0.0,15597.0,0.0,4.886281083928761e-10,0.0,0.0,89603.0,1.0805910327704253e-07,0.0,0.0,1878.0,2.424705082388543e-06,0.0,0.0,3618.0,1.4915322357775754e-06,0.0,0.0,10062.0,0.0
1.0,44.0,0.0,15597.0,0.0,2.931768650357257e-10,0.0,0.0,89603.0,6.483546196622551e-08,0.0,0.0,1878.0,1.454823049433126e-06,0.0,0.0,3618.0,8.949193414665452e-07,0.0,0.0,10062.0,0.0
1.0,45.0,0.0,15597.0,0.0,1.759061190214354e-10,0.0,0.0,89603.0,3.89012771797353e-08,0.0,0.0,1878.0,8.728938296598755e-07,0.0,0.0,3618.0,5.36951604879927e-07,0.0,0.0,10062.0,0.0
1.0,46.0,0.0,15597.0,0.0,1.0554367141286123e-10,0.0,0.0,89603.0,2.334076630784118e-08,0.0,0.0,1878.0,5.237362977959253e-07,0.0,0.0,3618.0,3.221709629279562e-07,0.0,0.0,10062.0,0.0
1.0,47.0,0.0,15597.0,0.0,6.332620284771674e-11,0.0,0.0,89603.0,1.4004459784704708e-08,0.0,0.0,1878.0,3.142417786775552e-07,0.0,0.0,3618.0,1.9330257775677372e-07,0.0,0.0,10062.0,0.0
1.0,48.0,0.0,15597.0,0.0,3.799572170863004e-11,0.0,0.0,89603.0,8.402675870822824e-09,0.0,0.0,1878.0,1.885450672065331e-07,0.0,0.0,3618.0,1.1598154665406422e-07,0.0,0.0,10062.0,0.0
1.0,49.0,0.0,15597.0,0.0,2.2797433025178023e-11,0.0,0.0,89603.0,5.041605522493694e-09,0.0,0.0,1878.0,1.1312704032391986e-07,0.0,0.0,3618.0,6.958892799243853e-08,0.0,0.0,10062.0,0.0
1.0,50.0,0.0,15597.0,0.0,1.3678459815106813e-11,0.0,0.0,89603.0,3.0249633134962165e-09,0.0,0.0,1878.0,6.78762241943519e-08,0.0,0.0,3618.0,4.175335679546312e-08,0.0,0.0,10062.0,0.0
1.0,51.0,0.0,15597.0,0.0,8.207075889064088e-12,0.0,0.0,89603.0,1.8149779880977299e-09,0.0,0.0,1878.0,4.072573451661114e-08,0.0,0.0,3618.0,2.505201407727787e-08,0.0,0.0,10062.0,0.0
1.0,52.0,0.0,15597.0,0.0,4.924245533438452e-12,0.0,0.0,89603.0,1.088986792858638e-09,0.0,0.0,1878.0,2.4435440709966686e-08,0.0,0.0,3618.0,1.503120844636672e-08,0.0,0.0,10062.0,0.0
1.0,53.0,0.0,15597.0,0.0,2.9545473200630713e-12,0.0,0.0,89603.0,6.533920757151827e-10,0.0,0.0,1878.0,1.466126442598001e-08,0.0,0.0,3618.0,9.018725067820032e-09,0.0,0.0,10062.0,0.0
2.0,1.0,0.0,15506.0,0.0,1.7727283920378427e-12,0.0,0.0,89603.0,3.9203524542910965e-10,0.0,0.0,1878.0,8.796758655588006e-09,0.0,0.0,3618.0,5.411235040692019e-09,0.0,0.0,10062.0,0.0
2.0,2.0,0.0,15506.0,0.0,1.0636370352227055e-12,0.0,0.0,91295.0,2.3522114725746577e-10,0.0,0.0,1877.0,5.2780551933528035e-09,0.0,0.0,3585.0,3.2467410244152112e-09,0.0,0.0,10090.0,0.0
2.0,3.0,0.0,15506.0,0.0,6.381822211336233e-13,0.0,0.0,91295.0,1.4113268835447945e-10,0.0,0.0,1877.0,3.166833116011682e-09,0.0,0.0,3585.0,1.9480446146491267e-09,0.0,0.0,10090.0,0.0
2.0,4.0,0.0,15506.0,0.0,3.8290933268017397e-13,0.0,0.0,91295.0,8.467961301268766e-11,0.0,0.0,1877.0,1.900099869607009e-09,0.0,0.0,3585.0,1.168826768789476e-09,0.0,0.0,10090.0,0.0
2.0,5.0,0.0,15506.0,0.0,2.297455996081044e-13,0.0,0.0,91295.0,5.0807767807612596e-11,0.0,0.0,1877.0,1.1400599217642054e-09,0.0,0.0,3585.0,7.012960612736856e-10,0.0,0.0,10090.0,0.0
2.0,6.0,0.0,15506.0,0.0,1.3784735976486264e-13,0.0,0.0,91295.0,3.0484660684567556e-11,0.0,0.0,1877.0,6.840359530585232e-10,0.0,0.0,3585.0,4.2077763676421136e-10,0.0,0.0,10090.0,0.0
2.0,7.0,0.0,15506.0,0.0,8.270841585891758e-14,0.0,0.0,91295.0,1.8290796410740533e-11,0.0,0.0,1877.0,4.1042157183511387e-10,0.0,0.0,3585.0,2.524665820585268e-10,0.0,0.0,10090.0,0.0
2.0,8.0,0.0,15506.0,0.0,4.962504951535055e-14,0.0,0.0,91295.0,1.0974477846444319e-11,0.0,0.0,1877.0,2.462529431010683e-10,0.0,0.0,3585.0,1.5147994923511608e-10,0.0,0.0,10090.0,0.0
2.0,9.0,0.0,15506.0,0.0,2.9775029709210326e-14,1.0954e-05,1.0,91295.0,4.381606584686708e-06,0.0,0.0,1877.0,1.4775176586064096e-10,0.0,0.0,3585.0,9.088796954106965e-11,0.0,0.0,10090.0,0.0
2.0,10.0,0.0,15506.0,0.0,1.7865017825526196e-14,0.0,0.0,91295.0,2.6289639508120247e-06,0.0,0.0,1877.0,8.865105951638457e-11,0.0,0.0,3585.0,5.4532781724641786e-11,0.0,0.0,10090.0,0.0
2.0,11.0,0.0,15506.0,0.0,1.0719010695315718e-14,1.0954e-05,1.0,91295.0,5.958978370487215e-06,0.0,0.0,1877.0,5.319063570983074e-11,0.0,0.0,3585.0,3.271966903478507e-11,0.0,0.0,10090.0,0.0
2.0,12.0,0.0,15506.0,0.0,6.4314064171894306e-15,1.0954e-05,1.0,91295.0,7.95698702229233e-06,0.0,0.0,1877.0,3.191438142589844e-11,0.0,0.0,3585.0,1.9631801420871044e-11,0.0,0.0,10090.0,0.0
2.0,13.0,0.0,15506.0,0.0,3.8588438503136585e-15,0.0,0.0,91295.0,4.774192213375398e-06,0.0,0.0,1877.0,1.9148628855539065e-11,0.0,0.0,3585.0,1.1779080852522626e-11,0.0,0.0,10090.0,0.0
2.0,14.0,0.0,15506.0,0.0,2.315306310188195e-15,1.0954e-05,1.0,91295.0,7.2461153280252395e-06,0.0,0.0,1877.0,1.1489177313323439e-11,0.0,0.0,3585.0,7.0674485115135755e-12,0.0,0.0,10090.0,0.0
2.0,15.0,0.00038694699999999995,15506.0,6.0,0.0001547788000013892,2.1907e-05,2.0,91295.0,1.3110469196815144e-05,0.0,0.0,1877.0,6.893506387994063e-12,0.0,0.0,3585.0,4.2404691069081455e-12,0.0,0.0,10090.0,0.0
2.0,16.0,0.000257965,15506.0,4.0,0.00019605328000083352,3.2860999999999996e-05,3.0,91295.0,2.1010681518089085e-05,0.0,0.0,1877.0,4.136103832796438e-12,0.0,0.0,3585.0,2.544281464144887e-12,0.0,0.0,10090.0,0.0
2.0,17.0,0.000451438,15506.0,7.0,0.0002982071680005001,3.2860999999999996e-05,3.0,91295.0,2.575080891085345e-05,0.0,0.0,1877.0,2.4816622996778627e-12,0.0,0.0,3585.0,1.5265688784869322e-12,0.0,0.0,10090.0,0.0
2.0,18.0,0.000451438,15506.0,7.0,0.0003594995008003001,0.000602443,55.0,91295.0,0.0002564276853465121,0.0,0.0,1877.0,1.4889973798067176e-12,0.0,0.0,3585.0,9.159413270921593e-13,0.000297324,3.0,10090.0,0.00011892960000000001
2.0,19.0,0.000257965,15506.0,4.0,0.00031888570048018,0.000525768,48.0,91295.0,0.0003641638112079073,0.0,0.0,1877.0,8.933984278840305e-13,0.0,0.0,3585.0,5.495647962552956e-13,0.0,0.0,10090.0,7.135776e-05
2.0,20.0,0.0,15506.0,0.0,0.00019133142028810802,1.0954e-05,1.0,91295.0,0.00022287988672474438,0.0,0.0,1877.0,5.360390567304183e-13,0.0,0.0,3585.0,3.2973887775317734e-13,0.0,0.0,10090.0,4.2814656e-05
2.0,21.0,0.0,15506.0,0.0,0.0001147988521728648,0.00043814,40.0,91295.0,0.00030898393203484663,0.0,0.0,1877.0,3.2162343403825097e-13,0.0,0.0,3585.0,1.978433266519064e-13,0.0,0.0,10090.0,2.56887936e-05
2.0,22.0,0.000451438,15506.0,7.0,0.0002494545113037189,0.000383373,35.0,91295.0,0.000338739559220908,0.0,0.0,1877.0,1.9297406042295057e-13,0.0,0.0,3585.0,1.1870599599114385e-13,0.0,0.0,10090.0,1.541327616e-05
2.0,23.0,0.000644912,15506.0,10.0,0.0004076375067822314,0.000284791,26.0,91295.0,0.0003171601355325448,0.0,0.0,1877.0,1.1578443625377034e-13,0.0,0.0,3585.0,7.12235975946863e-14,0.0,0.0,10090.0,9.247965696e-06
2.0,24.0,0.000838385,15506.0,13.0,0.0005799365040693389,0.000306698,28.0,91295.0,0.00031297528131952687,0.0,0.0,1877.0,6.94706617522622e-14,0.0,0.0,3585.0,4.273415855681178e-14,0.0,0.0,10090.0,5.5487794175999995e-06
2.0,25.0,0.000451438,15506.0,7.0,0.0005285371024416033,0.000361466,33.0,91295.0,0.0003323715687917161,0.0,0.0,1877.0,4.1682397051357315e-14,0.0,0.0,3585.0,2.5640495134087066e-14,0.0,0.0,10090.0,3.3292676505599995e-06
2.0,26.0,0.00038694699999999995,15506.0,6.0,0.00047190106146496197,0.000427187,39.0,91295.0,0.00037029774127502965,0.0,0.0,1877.0,2.500943823081439e-14,0.0,0.0,3585.0,1.5384297080452237e-14,0.0,0.0,10090.0,1.9975605903359995e-06
2.0,27.0,0.000902876,15506.0,14.0,0.0006442910368789773,0.000361466,33.0,91295.0,0.00036676504476501777,0.0,0.0,1877.0,1.5005662938488633e-14,0.0,0.0,3585.0,9.230578248271343e-15,0.000297324,3.0,10090.0,0.00012012813635420161
2.0,28.0,0.0007738939999999999,15506.0,12.0,0.0006961322221273863,0.000284791,26.0,91295.0,0.0003339754268590107,0.000532765,1.0,1877.0,0.00021310600000900342,0.0,0.0,3585.0,5.538346948962805e-15,0.0,0.0,10090.0,7.207688181252096e-05
2.0,29.0,0.000644912,15506.0,10.0,0.0006756441332764318,0.000175256,16.0,91295.0,0.0002704876561154064,0.0,0.0,1877.0,0.00012786360000540206,0.0,0.0,3585.0,3.323008169377683e-15,0.0,0.0,10090.0,4.3246129087512576e-05
2.0,30.0,0.000709403,15506.0,11.0,0.000689147679965859,0.000142396,13.0,91295.0,0.00021925099366924383,0.0,0.0,1877.0,7.671816000324123e-05,0.0,0.0,3585.0,1.9938049016266096e-15,9.910799999999999e-05,1.0,10090.0,6.559087745250754e-05
2.0,31.0,0.000451438,15506.0,7.0,0.0005940638079795154,7.6675e-05,7.0,91295.0,0.0001622205962015463,0.0,0.0,1877.0,4.6030896001944736e-05,0.00167364,6.0,3585.0,0.0006694560000011963,9.910799999999999e-05,1.0,10090.0,7.899772647150452e-05
2.0,32.0,6.4491e-05,15506.0,1.0,0.0003822346847877092,4.3814e-05,4.0,91295.0,0.00011485795772092779,0.0,0.0,1877.0,2.761853760116684e-05,0.00055788,2.0,3585.0,0.0006248256000007178,0.0,0.0,10090.0,4.739863588290271e-05
2.0,33.0,0.000128982,15506.0,2.0,0.0002809336108726255,1.0954e-05,1.0,91295.0,7.329637463255668e-05,0.0,0.0,1877.0,1.65711225607001e-05,0.00055788,2.0,3585.0,0.0005980473600004307,0.0,0.0,10090.0,2.8439181529741627e-05
2.0,34.0,0.0,15506.0,0.0,0.0001685601665235753,0.0,0.0,91295.0,4.3977824779534006e-05,0.0,0.0,1877.0,9.94267353642006e-06,0.00111576,4.0,3585.0,0.0008051324160002584,0.0,0.0,10090.0,1.7063508917844975e-05
2.0,35.0,0.0,15506.0,0.0,0.00010113609991414518,0.0,0.0,91295.0,2.6386694867720402e-05,0.0,0.0,1877.0,5.965604121852036e-06,0.0,0.0,3585.0,0.00048307944960015504,0.0,0.0,10090.0,1.0238105350706985e-05
2.0,36.0,0.0,15506.0,0.0,6.0681659948487104e-05,0.0,0.0,91295.0,1.583201692063224e-05,0.0,0.0,1877.0,3.579362473111221e-06,0.0,0.0,3585.0,0.000289847669760093,0.0,0.0,10090.0,6.142863210424191e-06
2.0,37.0,0.0,15506.0,0.0,3.640899596909226e-05,0.0,0.0,91295.0,9.499210152379345e-06,0.0,0.0,1877.0,2.1476174838667324e-06,0.0,0.0,3585.0,0.0001739086018560558,0.0,0.0,10090.0,3.6857179262545145e-06
2.0,38.0,0.0,15506.0,0.0,2.1845397581455356e-05,0.0,0.0,91295.0,5.699526091427607e-06,0.0,0.0,1877.0,1.2885704903200395e-06,0.0,0.0,3585.0,0.00010434516111363348,0.0,0.0,10090.0,2.2114307557527086e-06
2.0,39.0,0.0,15506.0,0.0,1.3107238548873214e-05,0.0,0.0,91295.0,3.419715654856564e-06,0.0,0.0,1877.0,7.731422941920237e-07,0.0,0.0,3585.0,6.260709666818009e-05,0.0,0.0,10090.0,1.3268584534516252e-06
2.0,40.0,0.0,15506.0,0.0,7.864343129323928e-06,0.0,0.0,91295.0,2.0518293929139383e-06,0.0,0.0,1877.0,4.638853765152142e-07,0.0,0.0,3585.0,3.756425800090805e-05,0.0,0.0,10090.0,7.96115072070975e-07
2.0,41.0,0.0,15506.0,0.0,4.718605877594356e-06,0.0,0.0,91295.0,1.2310976357483629e-06,0.0,0.0,1877.0,2.7833122590912854e-07,0.0,0.0,3585.0,2.2538554800544827e-05,0.0,0.0,10090.0,4.77669043242585e-07
2.0,42.0,0.0,15506.0,0.0,2.831163526556614e-06,0.0,0.0,91295.0,7.386585814490177e-07,0.0,0.0,1877.0,1.669987355454771e-07,0.0,0.0,3585.0,1.3523132880326895e-05,0.0,0.0,10090.0,2.86601425945551e-07
2.0,43.0,0.0,15506.0,0.0,1.6986981159339684e-06,0.0,0.0,91295.0,4.431951488694106e-07,0.0,0.0,1877.0,1.0019924132728626e-07,0.0,0.0,3585.0,8.113879728196137e-06,0.0,0.0,10090.0,1.719608555673306e-07
2.0,44.0,0.0,15506.0,0.0,1.019218869560381e-06,0.0,0.0,91295.0,2.659170893216463e-07,0.0,0.0,1877.0,6.011954479637176e-08,0.0,0.0,3585.0,4.868327836917682e-06,0.0,0.0,10090.0,1.0317651334039835e-07
2.0,45.0,0.0,15506.0,0.0,6.115313217362285e-07,0.0,0.0,91295.0,1.595502535929878e-07,0.0,0.0,1877.0,3.607172687782306e-08,0.0,0.0,3585.0,2.920996702150609e-06,0.0,0.0,10090.0,6.190590800423901e-08
2.0,46.0,0.0,15506.0,0.0,3.669187930417371e-07,0.0,0.0,91295.0,9.573015215579267e-08,0.0,0.0,1877.0,2.1643036126693834e-08,0.0,0.0,3585.0,1.7525980212903653e-06,0.0,0.0,10090.0,3.714354480254341e-08
2.0,47.0,0.0,15506.0,0.0,2.2015127582504224e-07,0.0,0.0,91295.0,5.74380912934756e-08,0.0,0.0,1877.0,1.29858216760163e-08,0.0,0.0,3585.0,1.0515588127742191e-06,0.0,0.0,10090.0,2.2286126881526044e-08
2.0,48.0,0.0,15506.0,0.0,1.3209076549502533e-07,0.0,0.0,91295.0,3.446285477608536e-08,0.0,0.0,1877.0,7.791493005609779e-09,0.0,0.0,3585.0,6.309352876645315e-07,0.0,0.0,10090.0,1.3371676128915625e-08
2.0,49.0,0.0,15506.0,0.0,7.92544592970152e-08,0.0,0.0,91295.0,2.0677712865651214e-08,0.0,0.0,1877.0,4.674895803365867e-09,0.0,0.0,3585.0,3.7856117259871887e-07,0.0,0.0,10090.0,8.023005677349375e-09
2.0,50.0,0.0,15506.0,0.0,4.7552675578209116e-08,0.0,0.0,91295.0,1.2406627719390729e-08,0.0,0.0,1877.0,2.80493748201952e-09,0.0,0.0,3585.0,2.271367035592313e-07,0.0,0.0,10090.0,4.813803406409624e-09
2.0,51.0,0.0,15506.0,0.0,2.853160534692547e-08,0.0,0.0,91295.0,7.443976631634437e-09,0.0,0.0,1877.0,1.682962489211712e-09,0.0,0.0,3585.0,1.3628202213553877e-07,0.0,0.0,10090.0,2.8882820438457747e-09
2.0,52.0,0.0,15506.0,0.0,1.711896320815528e-08,0.0,0.0,91295.0,4.466385978980662e-09,0.0,0.0,1877.0,1.0097774935270272e-09,0.0,0.0,3585.0,8.176921328132327e-08,0.0,0.0,10090.0,1.7329692263074647e-09
3.0,1.0,0.0,15590.0,0.0,1.0271377924893168e-08,0.0,0.0,91295.0,2.6798315873883973e-09,0.0,0.0,1877.0,6.058664961162163e-10,0.0,0.0,3585.0,4.906152796879396e-08,0.0,0.0,10090.0,1.0397815357844787e-09
3.0,2.0,0.0,15590.0,0.0,6.1628267549359006e-09,0.0,0.0,92506.0,1.6078989524330383e-09,0.0,0.0,1887.0,3.6351989766972977e-10,0.0,0.0,3582.0,2.9436916781276374e-08,0.0,0.0,10135.0,6.238689214706872e-10
3.0,3.0,0.0,15590.0,0.0,3.69769605296154e-09,0.0,0.0,92506.0,9.64739371459823e-10,0.0,0.0,1887.0,2.1811193860183785e-10,0.0,0.0,3582.0,1.7662150068765825e-08,0.0,0.0,10135.0,3.743213528824123e-10
3.0,4.0,0.0,15590.0,0.0,2.218617631776924e-09,0.0,0.0,92506.0,5.788436228758938e-10,0.0,0.0,1887.0,1.308671631611027e-10,0.0,0.0,3582.0,1.0597290041259495e-08,0.0,0.0,10135.0,2.2459281172944736e-10
3.0,5.0,0.0,15590.0,0.0,1.3311705790661544e-09,0.0,0.0,92506.0,3.473061737255363e-10,0.0,0.0,1887.0,7.852029789666163e-11,0.0,0.0,3582.0,6.358374024755697e-09,0.0,0.0,10135.0,1.3475568703766842e-10
3.0,6.0,0.0,15590.0,0.0,7.987023474396926e-10,0.0,0.0,92506.0,2.0838370423532177e-10,0.0,0.0,1887.0,4.7112178737996975e-11,0.0,0.0,3582.0,3.815024414853418e-09,0.0,0.0,10135.0,8.085341222260105e-11
3.0,7.0,0.0,15590.0,0.0,4.792214084638156e-10,0.0,0.0,92506.0,1.2503022254119307e-10,0.0,0.0,1887.0,2.8267307242798182e-11,0.0,0.0,3582.0,2.2890146489120507e-09,0.0,0.0,10135.0,4.851204733356063e-11
3.0,8.0,0.0,15590.0,0.0,2.8753284507828933e-10,0.0,0.0,92506.0,7.501813352471584e-11,0.0,0.0,1887.0,1.6960384345678908e-11,0.0,0.0,3582.0,1.3734087893472303e-09,0.0,0.0,10135.0,2.9107228400136375e-11
3.0,9.0,0.0,15590.0,0.0,1.725197070469736e-10,0.0,0.0,92506.0,4.50108801148295e-11,0.0,0.0,1887.0,1.0176230607407345e-11,0.0,0.0,3582.0,8.240452736083382e-10,0.0,0.0,10135.0,1.7464337040081825e-11
3.0,10.0,0.0,15590.0,0.0,1.0351182422818416e-10,0.0,0.0,92506.0,2.70065280688977e-11,0.0,0.0,1887.0,6.105738364444407e-12,0.0,0.0,3582.0,4.944271641650029e-10,0.0,0.0,10135.0,1.0478602224049095e-11
3.0,11.0,0.0,15590.0,0.0,6.21070945369105e-11,0.0,0.0,92506.0,1.6203916841338618e-11,0.0,0.0,1887.0,3.6634430186666445e-12,0.0,0.0,3582.0,2.966562984990018e-10,0.0,0.0,10135.0,6.287161334429457e-12
3.0,12.0,0.0,15590.0,0.0,3.7264256722146295e-11,0.0,0.0,92506.0,9.72235010480317e-12,0.0,0.0,1887.0,2.1980658111999865e-12,0.0,0.0,3582.0,1.7799377909940107e-10,0.0,0.0,10135.0,3.772296800657674e-12
3.0,13.0,0.0,15590.0,0.0,2.2358554033287777e-11,0.0,0.0,92506.0,5.8334100628819025e-12,0.0,0.0,1887.0,1.3188394867199919e-12,0.0,0.0,3582.0,1.0679626745964063e-10,0.0,0.0,10135.0,2.2633780803946043e-12
3.0,14.0,0.0,15590.0,0.0,1.3415132419972665e-11,2.162e-05,2.0,92506.0,8.648003500046038e-06,0.0,0.0,1887.0,7.913036920319951e-13,0.0,0.0,3582.0,6.407776047578437e-11,0.0,0.0,10135.0,1.3580268482367626e-12
3.0,15.0,0.0,15590.0,0.0,8.0490794519836e-12,0.0,0.0,92506.0,5.188802100027623e-06,0.0,0.0,1887.0,4.74782215219197e-13,0.0,0.0,3582.0,3.8446656285470623e-11,0.0,0.0,10135.0,8.148161089420575e-13
3.0,16.0,0.0,15590.0,0.0,4.829447671190159e-12,0.0,0.0,92506.0,3.113281260016574e-06,0.0,0.0,1887.0,2.848693291315182e-13,0.0,0.0,3582.0,2.3067993771282373e-11,0.0,0.0,10135.0,4.888896653652344e-13
3.0,17.0,0.0,15590.0,0.0,2.8976686027140956e-12,0.0,0.0,92506.0,1.8679687560099443e-06,0.0,0.0,1887.0,1.7092159747891092e-13,0.0,0.0,3582.0,1.3840796262769423e-11,0.0,0.0,10135.0,2.9333379921914064e-13
3.0,18.0,0.0,15590.0,0.0,1.7386011616284573e-12,0.0,0.0,92506.0,1.1207812536059665e-06,0.0,0.0,1887.0,1.0255295848734654e-13,0.0,0.0,3582.0,8.304477757661653e-12,0.0,0.0,10135.0,1.7600027953148438e-13
3.0,19.0,0.0,15590.0,0.0,1.0431606969770743e-12,0.0,0.0,92506.0,6.724687521635799e-07,0.0,0.0,1887.0,6.153177509240792e-14,0.0,0.0,3582.0,4.982686654596992e-12,0.0,0.0,10135.0,1.0560016771889062e-13
3.0,20.0,0.0,15590.0,0.0,6.258964181862445e-13,0.0,0.0,92506.0,4.034812512981479e-07,0.0,0.0,1887.0,3.691906505544475e-14,0.0,0.0,3582.0,2.989611992758195e-12,0.0,0.0,10135.0,6.336010063133437e-14
3.0,21.0,0.0,15590.0,0.0,3.755378509117467e-13,1.081e-05,1.0,92506.0,4.566088750778889e-06,0.0,0.0,1887.0,2.2151439033266847e-14,0.0,0.0,3582.0,1.793767195654917e-12,0.0,0.0,10135.0,3.801606037880062e-14
3.0,22.0,0.0,15590.0,0.0,2.2532271054704802e-13,2.162e-05,2.0,92506.0,1.1387653250467335e-05,0.0,0.0,1887.0,1.3290863419960107e-14,0.0,0.0,3582.0,1.0762603173929501e-12,0.0,0.0,10135.0,2.280963622728037e-14
3.0,23.0,0.0,15590.0,0.0,1.351936263282288e-13,1.081e-05,1.0,92506.0,1.1156591950280402e-05,0.0,0.0,1887.0,7.974518051976064e-15,0.0,0.0,3582.0,6.4575619043577e-13,0.0,0.0,10135.0,1.3685781736368222e-14
3.0,24.0,0.0,15590.0,0.0,8.111617579693729e-14,1.081e-05,1.0,92506.0,1.101795517016824e-05,0.0,0.0,1887.0,4.7847108311856385e-15,0.0,0.0,3582.0,3.87453714261462e-13,0.0,0.0,10135.0,8.211469041820933e-15
3.0,25.0,0.0,15590.0,0.0,4.866970547816237e-14,1.081e-05,1.0,92506.0,1.0934773102100943e-05,0.0,0.0,1887.0,2.870826498711383e-15,0.0,0.0,3582.0,2.324722285568772e-13,0.0,0.0,10135.0,4.92688142509256e-15
3.0,26.0,0.0,15590.0,0.0,2.920182328689742e-14,5.4051e-05,5.0,92506.0,2.8181263861260566e-05,0.0,0.0,1887.0,1.7224958992268298e-15,0.0,0.0,3582.0,1.394833371341263e-13,0.0,0.0,10135.0,2.9561288550555358e-15
3.0,27.0,0.000192431,15590.0,3.0,7.69724000175211e-05,5.4051e-05,5.0,92506.0,3.8529158316756335e-05,0.0,0.0,1887.0,1.0334975395360979e-15,0.0,0.0,3582.0,8.369000228047578e-14,0.0,0.0,10135.0,1.7736773130333214e-15
3.0,28.0,0.000449006,15590.0,7.0,0.00022578584001051267,2.162e-05,2.0,92506.0,3.17654949900538e-05,0.0,0.0,1887.0,6.200985237216587e-16,0.0,0.0,3582.0,5.0214001368285463e-14,0.0,0.0,10135.0,1.0642063878199928e-15
3.0,29.0,0.000320718,15590.0,5.0,0.0002637587040063076,2.162e-05,2.0,92506.0,2.7707296994032277e-05,0.0,0.0,1887.0,3.720591142329952e-16,0.0,0.0,3582.0,3.012840082097128e-14,0.0,0.0,10135.0,6.385238326919957e-16
3.0,30.0,0.001282874,15590.0,20.0,0.0006714048224037846,7.5671e-05,7.0,92506.0,4.689277819641937e-05,0.0,0.0,1887.0,2.232354685397971e-16,0.0,0.0,3582.0,1.8077040492582767e-14,0.0,0.0,10135.0,3.831142996151974e-16
3.0,31.0,0.000320718,15590.0,5.0,0.0005311300934422707,7.5671e-05,7.0,92506.0,5.840406691785162e-05,0.0,0.0,1887.0,1.3394128112387825e-16,0.0,0.0,3582.0,1.0846224295549659e-14,0.0,0.0,10135.0,2.2986857976911844e-16
3.0,32.0,0.00012828700000000001,15590.0,2.0,0.00036999285606536246,7.5671e-05,7.0,92506.0,6.531084015071097e-05,0.0,0.0,1887.0,8.036476867432694e-17,0.0,0.0,3582.0,6.5077345773297955e-15,0.0,0.0,10135.0,1.3792114786147105e-16
3.0,33.0,0.000513149,15590.0,8.0,0.00042725531363921744,0.00012972100000000001,12.0,92506.0,9.107490409042659e-05,0.0,0.0,1887.0,4.821886120459617e-17,0.0,0.0,3582.0,3.9046407463978774e-15,0.0,0.0,10135.0,8.275268871688263e-17
3.0,34.0,0.0,15590.0,0.0,0.00025635318818353046,6.4861e-05,6.0,92506.0,8.058934245425595e-05,0.0,0.0,1887.0,2.8931316722757696e-17,0.0,0.0,3582.0,2.3427844478387264e-15,0.0,0.0,10135.0,4.965161323012958e-17
3.0,35.0,0.0,15590.0,0.0,0.00015381191291011828,0.0,0.0,92506.0,4.835360547255357e-05,0.0,0.0,1887.0,1.7358790033654617e-17,0.0,0.0,3582.0,1.4056706687032358e-15,0.0,0.0,10135.0,2.979096793807775e-17
3.0,36.0,0.0,15590.0,0.0,9.228714774607096e-05,0.0,0.0,92506.0,2.9012163283532138e-05,0.0,0.0,1887.0,1.041527402019277e-17,0.0,0.0,3582.0,8.434024012219414e-16,0.0,0.0,10135.0,1.7874580762846648e-17
3.0,37.0,0.0,15590.0,0.0,5.537228864764257e-05,0.0,0.0,92506.0,1.7407297970119283e-05,0.0,0.0,1887.0,6.249164412115662e-18,0.0,0.0,3582.0,5.060414407331648e-16,0.0,0.0,10135.0,1.0724748457707988e-17
3.0,38.0,0.0,15590.0,0.0,3.322337318858554e-05,0.0,0.0,92506.0,1.0444378782071569e-05,0.0,0.0,1887.0,3.749498647269397e-18,0.0,0.0,3582.0,3.036248644398989e-16,0.0,0.0,10135.0,6.434849074624792e-18
3.0,39.0,0.0,15590.0,0.0,1.9934023913151325e-05,0.0,0.0,92506.0,6.266627269242941e-06,0.0,0.0,1887.0,2.2496991883616383e-18,0.0,0.0,3582.0,1.8217491866393933e-16,0.0,0.0,10135.0,3.8609094447748756e-18
3.0,40.0,0.0,15590.0,0.0,1.1960414347890795e-05,0.0,0.0,92506.0,3.759976361545764e-06,0.0,0.0,1887.0,1.3498195130169829e-18,0.0,0.0,3582.0,1.093049511983636e-16,0.0,0.0,10135.0,2.316545666864925e-18
3.0,41.0,0.0,15590.0,0.0,7.176248608734477e-06,0.0,0.0,92506.0,2.2559858169274586e-06,0.0,0.0,1887.0,8.098917078101897e-19,0.0,0.0,3582.0,6.558297071901816e-17,0.0,0.0,10135.0,1.3899274001189551e-18
3.0,42.0,0.0,15590.0,0.0,4.305749165240686e-06,0.0,0.0,92506.0,1.353591490156475e-06,0.0,0.0,1887.0,4.859350246861138e-19,0.0,0.0,3582.0,3.9349782431410895e-17,0.0,0.0,10135.0,8.33956440071373e-19
3.0,43.0,0.0,15590.0,0.0,2.5834494991444113e-06,0.0,0.0,92506.0,8.12154894093885e-07,0.0,0.0,1887.0,2.9156101481166827e-19,0.0,0.0,3582.0,2.3609869458846536e-17,0.0,0.0,10135.0,5.003738640428238e-19
3.0,44.0,0.0,15590.0,0.0,1.5500696994866468e-06,0.0,0.0,92506.0,4.87292936456331e-07,0.0,0.0,1887.0,1.7493660888700096e-19,0.0,0.0,3582.0,1.4165921675307922e-17,0.0,0.0,10135.0,3.002243184256943e-19
3.0,45.0,0.0,15590.0,0.0,9.30041819691988e-07,0.0,0.0,92506.0,2.923757618737986e-07,0.0,0.0,1887.0,1.0496196533220057e-19,0.0,0.0,3582.0,8.499553005184753e-18,0.0,0.0,10135.0,1.8013459105541658e-19
3.0,46.0,0.0,15590.0,0.0,5.580250918151927e-07,0.0,0.0,92506.0,1.7542545712427915e-07,0.0,0.0,1887.0,6.297717919932034e-20,0.0,0.0,3582.0,5.099731803110852e-18,0.0,0.0,10135.0,1.0808075463324994e-19
3.0,47.0,0.0,15590.0,0.0,3.3481505508911563e-07,0.0,0.0,92506.0,1.0525527427456749e-07,0.0,0.0,1887.0,3.7786307519592203e-20,0.0,0.0,3582.0,3.059839081866511e-18,0.0,0.0,10135.0,6.484845277994996e-20
3.0,48.0,0.0,15590.0,0.0,2.0088903305346939e-07,0.0,0.0,92506.0,6.315316456474049e-08,0.0,0.0,1887.0,2.2671784511755322e-20,0.0,0.0,3582.0,1.8359034491199066e-18,0.0,0.0,10135.0,3.8909071667969975e-20
3.0,49.0,0.0,15590.0,0.0,1.2053341983208162e-07,0.0,0.0,92506.0,3.789189873884429e-08,0.0,0.0,1887.0,1.360307070705319e-20,0.0,0.0,3582.0,1.1015420694719439e-18,0.0,0.0,10135.0,2.3345443000781983e-20
3.0,50.0,0.0,15590.0,0.0,7.232005189924897e-08,0.0,0.0,92506.0,2.273513924330657e-08,0.0,0.0,1887.0,8.161842424231914e-21,0.0,0.0,3582.0,6.609252416831663e-19,0.0,0.0,10135.0,1.400726580046919e-20
3.0,51.0,0.0,15590.0,0.0,4.339203113954938e-08,0.0,0.0,92506.0,1.3641083545983941e-08,0.0,0.0,1887.0,4.897105454539148e-21,0.0,0.0,3582.0,3.9655514500989975e-19,0.0,0.0,10135.0,8.404359480281514e-21
3.0,52.0,0.0,15590.0,0.0,2.603521868372963e-08,0.0,0.0,92506.0,8.184650127590364e-09,0.0,0.0,1887.0,2.9382632727234887e-21,0.0,0.0,3582.0,2.3793308700593984e-19,0.0,0.0,10135.0,5.042615688168908e-21
4.0,1.0,0.0,15691.0,0.0,1.5621131210237776e-08,0.0,0.0,92506.0,4.910790076554218e-09,0.0,0.0,1887.0,1.762957963634093e-21,0.0,0.0,3582.0,1.427598522035639e-19,0.0,0.0,10135.0,3.0255694129013447e-21
4.0,2.0,0.0,15691.0,0.0,9.372678726142665e-09,0.0,0.0,94421.0,2.946474045932531e-09,0.0,0.0,1903.0,1.0577747781804558e-21,0.0,0.0,3655.0,8.565591132213834e-20,0.0,0.0,10324.0,1.815341647740807e-21
4.0,3.0,0.0,15691.0,0.0,5.623607235685599e-09,0.0,0.0,94421.0,1.7678844275595186e-09,0.0,0.0,1903.0,6.346648669082735e-22,0.0,0.0,3655.0,5.1393546793283e-20,0.0,0.0,10324.0,1.0892049886444842e-21
4.0,4.0,0.0,15691.0,0.0,3.3741643414113593e-09,0.0,0.0,94421.0,1.060730656535711e-09,0.0,0.0,1903.0,3.8079892014496407e-22,0.0,0.0,3655.0,3.08361280759698e-20,0.0,0.0,10324.0,6.535229931866905e-22
4.0,5.0,6.3731e-05,15691.0,1.0,2.549442449860485e-05,0.0,0.0,94421.0,6.364383939214266e-10,0.0,0.0,1903.0,2.2847935208697845e-22,0.0,0.0,3655.0,1.850167684558188e-20,0.0,0.0,10324.0,3.921137959120143e-22
4.0,6.0,0.0,15691.0,0.0,1.529665469916291e-05,0.0,0.0,94421.0,3.8186303635285595e-10,0.0,0.0,1903.0,1.3708761125218706e-22,0.0,0.0,3655.0,1.1101006107349128e-20,0.0,0.0,10324.0,2.3526827754720857e-22
4.0,7.0,0.000127462,15691.0,2.0,6.0162792819497753e-05,1.0590999999999999e-05,1.0,94421.0,4.2366291178218116e-06,0.0,0.0,1903.0,8.225256675131223e-23,0.0,0.0,3655.0,6.6606036644094766e-21,0.0,0.0,10324.0,1.4116096652832514e-22
4.0,8.0,0.000127462,15691.0,2.0,8.708247569169865e-05,0.0,0.0,94421.0,2.541977470693087e-06,0.0,0.0,1903.0,4.9351540050787335e-23,0.0,0.0,3655.0,3.996362198645686e-21,0.0,0.0,10324.0,8.469657991699508e-23
4.0,9.0,0.000382385,15691.0,6.0,0.0002052034854150192,1.0590999999999999e-05,1.0,94421.0,5.7615864824158524e-06,0.0,0.0,1903.0,2.96109240304724e-23,0.0,0.0,3655.0,2.3978173191874116e-21,0.0,0.0,10324.0,5.0817947950197046e-23
4.0,10.0,0.000254923,15691.0,4.0,0.00022509129124901152,0.0,0.0,94421.0,3.4569518894495115e-06,0.0,0.0,1903.0,1.776655441828344e-23,0.0,0.0,3655.0,1.438690391512447e-21,0.0,0.0,10324.0,3.0490768770118227e-23
4.0,11.0,0.000254923,15691.0,4.0,0.00023702397474940692,0.0,0.0,94421.0,2.074171133669707e-06,0.0,0.0,1903.0,1.0659932650970064e-23,0.0,0.0,3655.0,8.632142349074682e-22,0.0,0.0,10324.0,1.8294461262070935e-23
4.0,12.0,0.000382385,15691.0,6.0,0.0002951683848496442,0.0,0.0,94421.0,1.2445026802018241e-06,0.0,0.0,1903.0,6.395959590582038e-24,0.0,0.0,3655.0,5.179285409444809e-22,0.0,0.0,10324.0,1.097667675724256e-23
4.0,13.0,0.000509846,15691.0,8.0,0.0003810394309097865,1.0590999999999999e-05,1.0,94421.0,4.983101608121094e-06,0.0,0.0,1903.0,3.837575754349223e-24,0.0,0.0,3655.0,3.1075712456668856e-22,0.0,0.0,10324.0,6.5860060543455364e-24
4.0,14.0,0.0,15691.0,0.0,0.00022862365854587187,0.0,0.0,94421.0,2.9898609648726563e-06,0.0,0.0,1903.0,2.3025454526095336e-24,0.0,0.0,3655.0,1.8645427474001313e-22,0.0,0.0,10324.0,3.951603632607322e-24
4.0,15.0,0.000127462,15691.0,2.0,0.00018815899512752312,2.1181999999999998e-05,2.0,94421.0,1.0266716578923594e-05,0.0,0.0,1903.0,1.3815272715657201e-24,0.0,0.0,3655.0,1.1187256484400787e-22,0.000484308,5.0,10324.0,0.00019372320000000002
4.0,16.0,0.0005735769999999999,15691.0,9.0,0.00034232619707651386,3.1773e-05,3.0,94421.0,1.886922994735416e-05,0.0,0.0,1903.0,8.28916362939432e-25,0.0,0.0,3655.0,6.712353890640472e-23,0.000774893,8.0,10324.0,0.00042619112000000003
4.0,17.0,0.001210885,15691.0,19.0,0.0006897497182459084,0.000158863,15.0,94421.0,7.486673796841249e-05,0.0,0.0,1903.0,4.9734981776365925e-25,0.0,0.0,3655.0,4.0274123343842833e-23,0.0,0.0,10324.0,0.000255714672
4.0,18.0,0.0008285,15691.0,13.0,0.0007452498309475451,0.000180045,17.0,94421.0,0.0001169380427810475,0.001050972,2.0,1903.0,0.00042038880000000006,0.000820793,3.0,3655.0,0.0003283172,0.0,0.0,10324.0,0.0001534288032
4.0,19.0,0.0017844620000000001,15691.0,28.0,0.0011609346985685272,0.001143813,108.0,94421.0,0.0005276880256686286,0.000525486,1.0,1903.0,0.00046242768000000006,0.000273598,1.0,3655.0,0.00030642952,0.004939946,51.0,10324.0,0.00206803568192
4.0,20.0,0.0011471539999999998,15691.0,18.0,0.0011554224191411163,0.0009531780000000001,90.0,94421.0,0.0006978840154011773,0.0052548609999999996,10.0,1903.0,0.0023794010079999997,0.0,0.0,3655.0,0.000183857712,0.00116234,12.0,10324.0,0.0017057574091519998
4.0,21.0,0.0006373080000000001,15691.0,10.0,0.0009481766514846698,0.000995541,94.0,94421.0,0.0008169468092407064,0.001576458,3.0,1903.0,0.0020582238047999997,0.001367989,5.0,3655.0,0.0006575102272,0.000193723,2.0,10324.0,0.0011009436454912
4.0,22.0,0.00031865400000000003,15691.0,5.0,0.0006963675908908019,0.001249722,118.0,94421.0,0.0009900568855444238,0.000525486,1.0,1903.0,0.00144512868288,0.000273598,1.0,3655.0,0.00050394533632,0.000678032,7.0,10324.0,0.00093177898729472
4.0,23.0,0.000446116,15691.0,7.0,0.0005962669545344812,0.001578039,149.0,94421.0,0.0012252497313266545,0.0,0.0,1903.0,0.0008670772097279999,0.0021887820000000002,8.0,3655.0,0.001177880001792,0.00038744699999999997,4.0,10324.0,0.000714046192376832
4.0,24.0,0.000127462,15691.0,2.0,0.0004087449727206887,3.1773e-05,3.0,94421.0,0.0007478590387959927,0.0,0.0,1903.0,0.0005202463258368,0.001367989,5.0,3655.0,0.0012539236010752,9.686200000000001e-05,1.0,10324.0,0.00046717251542609917
4.0,25.0,6.3731e-05,15691.0,1.0,0.0002707393836324132,0.00040245300000000004,38.0,94421.0,0.0006096966232775956,0.000525486,1.0,1903.0,0.00052234219550208,0.000820793,3.0,3655.0,0.00108067136064512,0.0,0.0,10324.0,0.0002803035092556595
4.0,26.0,0.00031865400000000003,15691.0,5.0,0.0002899052301794479,0.000285953,27.0,94421.0,0.00048019917396655736,0.000525486,1.0,1903.0,0.000523599717301248,0.0016415870000000001,6.0,3655.0,0.001305037616387072,0.0,0.0,10324.0,0.00016818210555339568
4.0,27.0,0.0,15691.0,0.0,0.00017394313810766875,0.000275362,26.0,94421.0,0.0003982643043799344,0.0,0.0,1903.0,0.0003141598303807488,0.000820793,3.0,3655.0,0.0011113397698322433,0.0,0.0,10324.0,0.0001009092633320374
4.0,28.0,0.0,15691.0,0.0,0.00010436588286460124,0.000317726,30.0,94421.0,0.00036604898262796066,0.0,0.0,1903.0,0.00018849589822844928,0.000547196,2.0,3655.0,0.000885682261899346,0.0,0.0,10324.0,6.054555799922244e-05
4.0,29.0,0.000191192,15691.0,3.0,0.00013909632971876077,2.1181999999999998e-05,2.0,94421.0,0.00022810218957677642,0.0,0.0,1903.0,0.00011309753893706956,0.0,0.0,3655.0,0.0005314093571396075,9.686200000000001e-05,1.0,10324.0,7.507213479953346e-05
4.0,30.0,6.3731e-05,15691.0,1.0,0.00010895019783125647,8.4727e-05,8.0,94421.0,0.00017075211374606582,0.0,0.0,1903.0,6.785852336224174e-05,0.000273598,1.0,3655.0,0.00042828481428376457,0.0,0.0,10324.0,4.504328087972008e-05
4.0,31.0,0.0,15691.0,0.0,6.537011869875388e-05,0.0,0.0,94421.0,0.00010245126824763949,0.0,0.0,1903.0,4.0715114017345043e-05,0.000547196,2.0,3655.0,0.00047584928857025876,0.0,0.0,10324.0,2.7025968527832048e-05
4.0,32.0,0.0,15691.0,0.0,3.922207121925232e-05,1.0590999999999999e-05,1.0,94421.0,6.57071609485837e-05,0.0,0.0,1903.0,2.4429068410407025e-05,0.0,0.0,3655.0,0.00028550957314215524,0.0,0.0,10324.0,1.6215581116699228e-05
4.0,33.0,0.0,15691.0,0.0,2.3533242731551394e-05,0.00012709,12.0,94421.0,9.026029656915023e-05,0.0,0.0,1903.0,1.4657441046244215e-05,0.0,0.0,3655.0,0.00017130574388529314,0.0,0.0,10324.0,9.729348670019536e-06
4.0,34.0,0.0,15691.0,0.0,1.4119945638930837e-05,0.0,0.0,94421.0,5.415617794149014e-05,0.0,0.0,1903.0,8.794464627746529e-06,0.0,0.0,3655.0,0.00010278344633117588,0.0,0.0,10324.0,5.837609202011721e-06
4.0,35.0,0.0,15691.0,0.0,8.471967383358502e-06,3.1773e-05,3.0,94421.0,4.5202906764894086e-05,0.0,0.0,1903.0,5.2766787766479174e-06,0.0,0.0,3655.0,6.167006779870553e-05,9.686200000000001e-05,1.0,10324.0,4.224736552120704e-05
4.0,36.0,0.0,15691.0,0.0,5.083180430015101e-06,0.0,0.0,94421.0,2.712174405893645e-05,0.0,0.0,1903.0,3.1660072659887503e-06,0.0,0.0,3655.0,3.700204067922332e-05,9.686200000000001e-05,1.0,10324.0,6.409321931272423e-05
4.0,37.0,0.0,15691.0,0.0,3.0499082580090606e-06,0.0,0.0,94421.0,1.6273046435361868e-05,0.0,0.0,1903.0,1.89960435959325e-06,0.0,0.0,3655.0,2.220122440753399e-05,0.0,0.0,10324.0,3.845593158763454e-05
4.0,38.0,0.0,15691.0,0.0,1.8299449548054363e-06,0.0,0.0,94421.0,9.76382786121712e-06,0.0,0.0,1903.0,1.13976261575595e-06,0.0,0.0,3655.0,1.3320734644520394e-05,0.0,0.0,10324.0,2.3073558952580724e-05
4.0,39.0,0.0,15691.0,0.0,1.0979669728832618e-06,0.0,0.0,94421.0,5.858296716730272e-06,0.0,0.0,1903.0,6.838575694535699e-07,0.0,0.0,3655.0,7.992440786712236e-06,0.0,0.0,10324.0,1.3844135371548433e-05
4.0,40.0,0.0,15691.0,0.0,6.587801837299571e-07,0.0,0.0,94421.0,3.514978030038163e-06,0.0,0.0,1903.0,4.103145416721419e-07,0.0,0.0,3655.0,4.795464472027341e-06,0.0,0.0,10324.0,8.30648122292906e-06
4.0,41.0,0.0,15691.0,0.0,3.952681102379742e-07,0.0,0.0,94421.0,2.1089868180228977e-06,0.0,0.0,1903.0,2.4618872500328515e-07,0.0,0.0,3655.0,2.877278683216405e-06,0.0,0.0,10324.0,4.983888733757436e-06
4.0,42.0,0.0,15691.0,0.0,2.371608661427845e-07,0.0,0.0,94421.0,1.2653920908137385e-06,0.0,0.0,1903.0,1.477132350019711e-07,0.0,0.0,3655.0,1.7263672099298428e-06,0.0,0.0,10324.0,2.9903332402544613e-06
4.0,43.0,0.0,15691.0,0.0,1.422965196856707e-07,0.0,0.0,94421.0,7.592352544882431e-07,0.0,0.0,1903.0,8.862794100118266e-08,0.0,0.0,3655.0,1.0358203259579056e-06,0.0,0.0,10324.0,1.7941999441526768e-06
4.0,44.0,0.0,15691.0,0.0,8.537791181140242e-08,0.0,0.0,94421.0,4.555411526929458e-07,0.0,0.0,1903.0,5.3176764600709597e-08,0.0,0.0,3655.0,6.214921955747434e-07,0.0,0.0,10324.0,1.076519966491606e-06
4.0,45.0,0.0,15691.0,0.0,5.122674708684145e-08,0.0,0.0,94421.0,2.733246916157675e-07,0.0,0.0,1903.0,3.1906058760425754e-08,0.0,0.0,3655.0,3.7289531734484603e-07,0.0,0.0,10324.0,6.459119798949637e-07
4.0,46.0,0.0,15691.0,0.0,3.073604825210487e-08,0.0,0.0,94421.0,1.639948149694605e-07,0.0,0.0,1903.0,1.914363525625545e-08,0.0,0.0,3655.0,2.237371904069076e-07,0.0,0.0,10324.0,3.8754718793697817e-07
4.0,47.0,0.0,15691.0,0.0,1.8441628951262923e-08,0.0,0.0,94421.0,9.83968889816763e-08,0.0,0.0,1903.0,1.148618115375327e-08,0.0,0.0,3655.0,1.3424231424414456e-07,0.0,0.0,10324.0,2.325283127621869e-07
4.0,48.0,0.0,15691.0,0.0,1.1064977370757754e-08,0.0,0.0,94421.0,5.903813338900577e-08,0.0,0.0,1903.0,6.891708692251961e-09,0.0,0.0,3655.0,8.054538854648673e-08,0.0,0.0,10324.0,1.3951698765731212e-07
4.0,49.0,0.0,15691.0,0.0,6.638986422454652e-09,0.0,0.0,94421.0,3.542288003340346e-08,0.0,0.0,1903.0,4.135025215351176e-09,0.0,0.0,3655.0,4.832723312789204e-08,0.0,0.0,10324.0,8.371019259438727e-08
4.0,50.0,0.0,15691.0,0.0,3.983391853472791e-09,0.0,0.0,94421.0,2.1253728020042076e-08,0.0,0.0,1903.0,2.4810151292107057e-09,0.0,0.0,3655.0,2.8996339876735222e-08,0.0,0.0,10324.0,5.022611555663236e-08
4.0,51.0,0.0,15691.0,0.0,2.3900351120836747e-09,0.0,0.0,94421.0,1.2752236812025246e-08,0.0,0.0,1903.0,1.4886090775264234e-09,0.0,0.0,3655.0,1.739780392604113e-08,0.0,0.0,10324.0,3.0135669333979416e-08
4.0,52.0,0.0,15691.0,0.0,1.4340210672502047e-09,0.0,0.0,94421.0,7.651342087215148e-09,0.0,0.0,1903.0,8.93165446515854e-10,0.0,0.0,3655.0,1.0438682355624678e-08,0.0,0.0,10324.0,1.808140160038765e-08
5.0,1.0,0.0,15901.0,0.0,8.604126403501228e-10,0.0,0.0,94421.0,4.590805252329089e-09,0.0,0.0,1903.0,5.358992679095124e-10,0.0,0.0,3655.0,6.263209413374807e-09,0.0,0.0,10324.0,1.084884096023259e-08
5.0,2.0,0.0,15901.0,0.0,5.162475842100737e-10,0.0,0.0,97029.0,2.754483151397453e-09,0.0,0.0,1854.0,3.215395607457074e-10,0.0,0.0,3637.0,3.757925648024884e-09,0.0,0.0,10423.0,6.5093045761395534e-09
5.0,3.0,0.0,15901.0,0.0,3.097485505260442e-10,0.0,0.0,97029.0,1.6526898908384718e-09,0.0,0.0,1854.0,1.9292373644742445e-10,0.0,0.0,3637.0,2.2547553888149303e-09,0.0,0.0,10423.0,3.9055827456837316e-09
5.0,4.0,0.0,15901.0,0.0,1.8584913031562652e-10,0.0,0.0,97029.0,9.91613934503083e-10,0.0,0.0,1854.0,1.1575424186845466e-10,0.0,0.0,3637.0,1.352853233288958e-09,0.0,0.0,10423.0,2.343349647410239e-09
5.0,5.0,0.0,15901.0,0.0,1.115094781893759e-10,0.0,0.0,97029.0,5.949683607018497e-10,0.0,0.0,1854.0,6.945254512107279e-11,0.0,0.0,3637.0,8.117119399733749e-10,0.0,0.0,10423.0,1.4060097884461434e-09
5.0,6.0,0.0,15901.0,0.0,6.690568691362553e-11,0.0,0.0,97029.0,3.569810164211098e-10,0.0,0.0,1854.0,4.167152707264367e-11,0.0,0.0,3637.0,4.870271639840249e-10,0.0,0.0,10423.0,8.43605873067686e-10
5.0,7.0,0.0,15901.0,0.0,4.014341214817532e-11,0.0,0.0,97029.0,2.1418860985266587e-10,0.0,0.0,1854.0,2.5002916243586202e-11,0.0,0.0,3637.0,2.9221629839041495e-10,0.0,0.0,10423.0,5.061635238406116e-10
5.0,8.0,0.0,15901.0,0.0,2.4086047288905192e-11,0.0,0.0,97029.0,1.2851316591159953e-10,0.0,0.0,1854.0,1.500174974615172e-11,0.0,0.0,3637.0,1.7532977903424896e-10,0.0,0.0,10423.0,3.0369811430436693e-10
5.0,9.0,0.0,15901.0,0.0,1.4451628373343115e-11,0.0,0.0,97029.0,7.710789954695971e-11,0.0,0.0,1854.0,9.001049847691032e-12,0.0,0.0,3637.0,1.0519786742054938e-10,0.0,0.0,10423.0,1.8221886858262015e-10
5.0,10.0,0.0,15901.0,0.0,8.670977024005868e-12,0.0,0.0,97029.0,4.626473972817583e-11,0.0,0.0,1854.0,5.400629908614619e-12,0.0,0.0,3637.0,6.311872045232963e-11,0.0,0.0,10423.0,1.0933132114957208e-10
5.0,11.0,6.2889e-05,15901.0,1.0,2.5155605202586216e-05,8.245e-05,8.0,97029.0,3.2980027758843834e-05,0.0,0.0,1854.0,3.2403779451687713e-12,0.0,0.0,3637.0,3.787123227139777e-11,0.0,0.0,10423.0,6.559879268974325e-11
5.0,12.0,0.0,15901.0,0.0,1.5093363121551729e-05,9.2756e-05,9.0,97029.0,5.6890416655306305e-05,0.0,0.0,1854.0,1.9442267671012627e-12,0.0,0.0,3637.0,2.2722739362838664e-11,0.0,0.0,10423.0,3.9359275613845946e-11
5.0,13.0,0.0,15901.0,0.0,9.056017872931036e-06,4.1225e-05,4.0,97029.0,5.062424999318378e-05,0.0,0.0,1854.0,1.1665360602607576e-12,0.0,0.0,3637.0,1.3633643617703197e-11,0.0,0.0,10423.0,2.3615565368307567e-11
5.0,14.0,0.000188667,15901.0,3.0,8.090041072375862e-05,0.000154593,15.0,97029.0,9.221174999591027e-05,0.0,0.0,1854.0,6.999216361564546e-13,0.0,0.0,3637.0,8.180186170621918e-12,0.0,0.0,10423.0,1.416933922098454e-11
5.0,15.0,0.000188667,15901.0,3.0,0.00012400704643425518,0.00021643,21.0,97029.0,0.00014189904999754616,0.0,0.0,1854.0,4.199529816938727e-13,0.0,0.0,3637.0,4.908111702373151e-12,0.0,0.0,10423.0,8.501603532590724e-12
5.0,16.0,0.000188667,15901.0,3.0,0.0001498710278605531,0.000185512,18.0,97029.0,0.00015934422999852772,0.0,0.0,1854.0,2.519717890163236e-13,0.0,0.0,3637.0,2.9448670214238903e-12,0.0,0.0,10423.0,5.100962119554434e-12
5.0,17.0,0.000503113,15901.0,8.0,0.0002911678167163319,0.00040194199999999997,39.0,97029.0,0.00025638333799911665,0.000539374,1.0,1854.0,0.0002157496001511831,0.000274952,1.0,3637.0,0.00010998080176692023,0.000191883,2.0,10423.0,7.675320306057728e-05
5.0,18.0,0.000440224,15901.0,7.0,0.00035079029002979913,0.00073174,71.0,97029.0,0.00044652600279947,0.000539374,1.0,1854.0,0.0003451993600907099,0.000549904,2.0,3637.0,0.0002859500810601522,0.000479708,5.0,10423.0,0.0002379351218363464
5.0,19.0,0.000377335,15901.0,6.0,0.0003614081740178795,0.0005462280000000001,53.0,97029.0,0.00048640680167968205,0.000539374,1.0,1854.0,0.00042286921605442596,0.000274952,1.0,3637.0,0.0002815508486360913,0.000479708,5.0,10423.0,0.0003346442731018078
5.0,20.0,0.000251557,15901.0,4.0,0.0003174677044107277,0.00041224800000000004,40.0,97029.0,0.00045674328100780927,0.0,0.0,1854.0,0.00025372152963265554,0.000549904,2.0,3637.0,0.00038889210918165477,0.00057565,6.0,10423.0,0.0004310465638610847
5.0,21.0,0.000188667,15901.0,3.0,0.0002659474226464366,0.000329798,32.0,97029.0,0.00040596516860468555,0.001618123,3.0,1854.0,0.0007994821177795933,0.000274952,1.0,3637.0,0.00034331606550899285,9.594200000000001e-05,1.0,10423.0,0.00029700473831665084
5.0,22.0,0.000125778,15901.0,2.0,0.00020987965358786197,0.00021643,21.0,97029.0,0.0003301511011628113,0.000539374,1.0,1854.0,0.0006954388706677559,0.0,0.0,3637.0,0.00020598963930539571,0.0,0.0,10423.0,0.0001782028429899905
5.0,23.0,6.2889e-05,15901.0,1.0,0.0001510833921527172,0.000278267,27.0,97029.0,0.0003093974606976868,0.0,0.0,1854.0,0.00041726332240065356,0.0,0.0,3637.0,0.00012359378358323743,0.0,0.0,10423.0,0.0001069217057939943
5.0,24.0,0.000188667,15901.0,3.0,0.0001661168352916303,0.00010306200000000001,10.0,97029.0,0.00022686327641861207,0.0,0.0,1854.0,0.0002503579934403921,0.0,0.0,3637.0,7.415627014994245e-05,0.0,0.0,10423.0,6.415302347639657e-05
5.0,25.0,6.2889e-05,15901.0,1.0,0.00012482570117497817,6.1837e-05,6.0,97029.0,0.00016085276585116724,0.0,0.0,1854.0,0.00015021479606423525,0.0,0.0,3637.0,4.449376208996547e-05,0.0,0.0,10423.0,3.849181408583794e-05
5.0,26.0,0.0,15901.0,0.0,7.48954207049869e-05,3.0919e-05,3.0,97029.0,0.00010887925951070035,0.000539374,1.0,1854.0,0.0003058784776385412,0.0,0.0,3637.0,2.669625725397928e-05,0.0,0.0,10423.0,2.3095088451502763e-05
5.0,27.0,0.0,15901.0,0.0,4.4937252422992136e-05,4.1225e-05,4.0,97029.0,8.18175557064202e-05,0.0,0.0,1854.0,0.0001835270865831247,0.0,0.0,3637.0,1.6017754352387568e-05,0.0,0.0,10423.0,1.3857053070901656e-05
5.0,28.0,0.0,15901.0,0.0,2.696235145379528e-05,2.0612e-05,2.0,97029.0,5.733533342385212e-05,0.000539374,1.0,1854.0,0.00032586585194987485,0.0,0.0,3637.0,9.61065261143254e-06,0.0,0.0,10423.0,8.314231842540993e-06
5.0,29.0,0.0,15901.0,0.0,1.6177410872277168e-05,3.0919e-05,3.0,97029.0,4.676880005431127e-05,0.0,0.0,1854.0,0.0001955195111699249,0.0,0.0,3637.0,5.766391566859524e-06,0.0,0.0,10423.0,4.988539105524596e-06
5.0,30.0,0.0,15901.0,0.0,9.7064465233663e-06,4.1225e-05,4.0,97029.0,4.455128003258676e-05,0.0,0.0,1854.0,0.00011731170670195493,0.0,0.0,3637.0,3.459834940115714e-06,0.0,0.0,10423.0,2.9931234633147573e-06
5.0,31.0,6.2889e-05,15901.0,1.0,3.097946791401978e-05,1.0306e-05,1.0,97029.0,3.085316801955206e-05,0.001078749,2.0,1854.0,0.000501886624021173,0.0,0.0,3637.0,2.0759009640694283e-06,0.0,0.0,10423.0,1.7958740779888543e-06
5.0,32.0,0.0,15901.0,0.0,1.8587680748411868e-05,6.1837e-05,6.0,97029.0,4.324670081173124e-05,0.0,0.0,1854.0,0.00030113197441270374,0.0,0.0,3637.0,1.245540578441657e-06,0.0,0.0,10423.0,1.0775244467933126e-06
5.0,33.0,6.2889e-05,15901.0,1.0,3.630820844904712e-05,0.0,0.0,97029.0,2.594802048703874e-05,0.000539374,1.0,1854.0,0.00039642878464762226,0.0,0.0,3637.0,7.473243470649942e-07,0.0,0.0,10423.0,6.465146680759876e-07
5.0,34.0,0.0,15901.0,0.0,2.178492506942827e-05,0.0,0.0,97029.0,1.5568812292223245e-05,0.0,0.0,1854.0,0.00023785727078857335,0.0,0.0,3637.0,4.483946082389965e-07,0.0,0.0,10423.0,3.8790880084559254e-07
5.0,35.0,0.0,15901.0,0.0,1.3070955041656961e-05,0.0,0.0,97029.0,9.341287375333947e-06,0.0,0.0,1854.0,0.000142714362473144,0.0,0.0,3637.0,2.6903676494339787e-07,0.0,0.0,10423.0,2.3274528050735552e-07
5.0,36.0,0.0,15901.0,0.0,7.842573024994177e-06,0.0,0.0,97029.0,5.6047724252003685e-06,0.0,0.0,1854.0,8.56286174838864e-05,0.0,0.0,3637.0,1.6142205896603872e-07,0.0,0.0,10423.0,1.396471683044133e-07
5.0,37.0,0.0,15901.0,0.0,4.7055438149965055e-06,1.0306e-05,1.0,97029.0,7.485263455120221e-06,0.000539374,1.0,1854.0,0.00026712677049033187,0.0,0.0,3637.0,9.685323537962323e-08,9.594200000000001e-05,1.0,10423.0,3.846058830098266e-05
5.0,38.0,0.0,15901.0,0.0,2.8233262889979033e-06,0.0,0.0,97029.0,4.491158073072133e-06,0.001618123,3.0,1854.0,0.0008075252622941991,0.0,0.0,3637.0,5.811194122777394e-08,0.0,0.0,10423.0,2.3076352980589592e-05
5.0,39.0,0.0,15901.0,0.0,1.6939957733987418e-06,1.0306e-05,1.0,97029.0,6.817094843843279e-06,0.0,0.0,1854.0,0.0004845151573765194,0.0,0.0,3637.0,3.486716473666436e-08,0.0,0.0,10423.0,1.3845811788353754e-05
5.0,40.0,0.0,15901.0,0.0,1.016397464039245e-06,1.0306e-05,1.0,97029.0,8.212656906305968e-06,0.0,0.0,1854.0,0.00029070909442591164,0.0,0.0,3637.0,2.0920298841998614e-08,0.0,0.0,10423.0,8.307487073012252e-06
5.0,41.0,0.0,15901.0,0.0,6.09838478423547e-07,0.0,0.0,97029.0,4.9275941437835805e-06,0.0,0.0,1854.0,0.00017442545665554698,0.0,0.0,3637.0,1.2552179305199167e-08,0.0,0.0,10423.0,4.984492243807351e-06
5.0,42.0,0.0,15901.0,0.0,3.6590308705412815e-07,0.0,0.0,97029.0,2.956556486270148e-06,0.0,0.0,1854.0,0.00010465527399332818,0.0,0.0,3637.0,7.5313075831195e-09,0.0,0.0,10423.0,2.9906953462844107e-06
5.0,43.0,0.0,15901.0,0.0,2.195418522324769e-07,0.0,0.0,97029.0,1.7739338917620888e-06,0.0,0.0,1854.0,6.27931643959969e-05,0.0,0.0,3637.0,4.5187845498717e-09,0.0,0.0,10423.0,1.7944172077706462e-06
5.0,44.0,0.0,15901.0,0.0,1.3172511133948612e-07,0.0,0.0,97029.0,1.0643603350572532e-06,0.0,0.0,1854.0,3.767589863759814e-05,0.0,0.0,3637.0,2.7112707299230197e-09,0.0,0.0,10423.0,1.0766503246623876e-06
5.0,45.0,0.0,15901.0,0.0,7.903506680369167e-08,0.0,0.0,97029.0,6.386162010343519e-07,0.0,0.0,1854.0,2.2605539182558882e-05,0.0,0.0,3637.0,1.6267624379538118e-09,0.0,0.0,10423.0,6.459901947974325e-07
5.0,46.0,0.0,15901.0,0.0,4.7421040082215e-08,0.0,0.0,97029.0,3.831697206206111e-07,0.0,0.0,1854.0,1.356332350953533e-05,0.0,0.0,3637.0,9.76057462772287e-10,0.0,0.0,10423.0,3.875941168784595e-07
5.0,47.0,0.0,15901.0,0.0,2.8452624049328998e-08,0.0,0.0,97029.0,2.2990183237236663e-07,0.0,0.0,1854.0,8.137994105721197e-06,0.0,0.0,3637.0,5.856344776633722e-10,0.0,0.0,10423.0,2.3255647012707569e-07
5.0,48.0,0.0,15901.0,0.0,1.7071574429597398e-08,0.0,0.0,97029.0,1.3794109942341998e-07,0.0,0.0,1854.0,4.882796463432718e-06,0.0,0.0,3637.0,3.5138068659802333e-10,0.0,0.0,10423.0,1.395338820762454e-07
5.0,49.0,0.0,15901.0,0.0,1.0242944657758439e-08,0.0,0.0,97029.0,8.276465965405198e-08,0.0,0.0,1854.0,2.929677878059631e-06,0.0,0.0,3637.0,2.1082841195881398e-10,0.0,0.0,10423.0,8.372032924574725e-08
5.0,50.0,0.0,15901.0,0.0,6.1457667946550635e-09,0.0,0.0,97029.0,4.965879579243119e-08,0.0,0.0,1854.0,1.7578067268357784e-06,0.0,0.0,3637.0,1.2649704717528837e-10,0.0,0.0,10423.0,5.023219754744835e-08
5.0,51.0,0.0,15901.0,0.0,3.687460076793038e-09,0.0,0.0,97029.0,2.9795277475458713e-08,0.0,0.0,1854.0,1.054684036101467e-06,0.0,0.0,3637.0,7.589822830517303e-11,0.0,0.0,10423.0,3.013931852846901e-08
5.0,52.0,0.0,15901.0,0.0,2.2124760460758227e-09,0.0,0.0,97029.0,1.7877166485275226e-08,0.0,0.0,1854.0,6.328104216608802e-07,0.0,0.0,3637.0,4.5538936983103814e-11,0.0,0.0,10423.0,1.8083591117081404e-08
6.0,1.0,0.0,15963.0,0.0,1.3274856276454936e-09,0.0,0.0,97029.0,1.0726299891165135e-08,0.0,0.0,1854.0,3.796862529965281e-07,0.0,0.0,3637.0,2.7323362189862286e-11,0.0,0.0,10423.0,1.0850154670248842e-08
6.0,2.0,0.0,15963.0,0.0,7.964913765872961e-10,0.0,0.0,100334.0,6.435779934699081e-09,0.0,0.0,1819.0,2.2781175179791687e-07,0.0,0.0,3619.0,1.6394017313917372e-11,0.0,0.0,10389.0,6.5100928021493054e-09
6.0,3.0,0.0,15963.0,0.0,4.778948259523777e-10,0.0,0.0,100334.0,3.861467960819448e-09,0.0,0.0,1819.0,1.3668705107875012e-07,0.0,0.0,3619.0,9.836410388350424e-12,0.0,0.0,10389.0,3.906055681289583e-09
6.0,4.0,0.0,15963.0,0.0,2.867368955714266e-10,0.0,0.0,100334.0,2.3168807764916687e-09,0.0,0.0,1819.0,8.201223064725007e-08,0.0,0.0,3619.0,5.901846233010254e-12,0.0,0.0,10389.0,2.3436334087737496e-09
6.0,5.0,0.0,15963.0,0.0,1.7204213734285597e-10,0.0,0.0,100334.0,1.390128465895001e-09,0.0,0.0,1819.0,4.920733838835004e-08,0.0,0.0,3619.0,3.541107739806152e-12,0.0,0.0,10389.0,1.4061800452642498e-09
6.0,6.0,0.0,15963.0,0.0,1.0322528240571357e-10,0.0,0.0,100334.0,8.340770795370006e-10,0.0,0.0,1819.0,2.9524403033010025e-08,0.0,0.0,3619.0,2.124664643883691e-12,0.0,0.0,10389.0,8.437080271585498e-10
6.0,7.0,0.0,15963.0,0.0,6.193516944342814e-11,0.0,0.0,100334.0,5.004462477222004e-10,0.0,0.0,1819.0,1.7714641819806014e-08,0.0,0.0,3619.0,1.2747987863302146e-12,0.0,0.0,10389.0,5.062248162951299e-10
6.0,8.0,0.0,15963.0,0.0,3.716110166605688e-11,0.0,0.0,100334.0,3.0026774863332024e-10,0.0,0.0,1819.0,1.0628785091883608e-08,0.0,0.0,3619.0,7.648792717981288e-13,0.0,0.0,10389.0,3.0373488977707794e-10
6.0,9.0,0.0,15963.0,0.0,2.2296660999634126e-11,0.0,0.0,100334.0,1.8016064917999213e-10,0.0,0.0,1819.0,6.377271055130164e-09,0.0,0.0,3619.0,4.589275630788772e-13,0.0,0.0,10389.0,1.8224093386624675e-10
6.0,10.0,0.0,15963.0,0.0,1.3377996599780474e-11,0.0,0.0,100334.0,1.0809638950799528e-10,0.0,0.0,1819.0,3.826362633078099e-09,0.0,0.0,3619.0,2.753565378473263e-13,0.0,0.0,10389.0,1.0934456031974804e-10
6.0,11.0,0.0,15963.0,0.0,8.026797959868284e-12,0.0,0.0,100334.0,6.485783370479717e-11,0.0,0.0,1819.0,2.295817579846859e-09,0.0,0.0,3619.0,1.6521392270839578e-13,0.0,0.0,10389.0,6.560673619184882e-11
6.0,12.0,0.0,15963.0,0.0,4.81607877592097e-12,0.0,0.0,100334.0,3.89147002228783e-11,0.0,0.0,1819.0,1.3774905479081154e-09,0.0,0.0,3619.0,9.912835362503747e-14,0.0,0.0,10389.0,3.936404171510929e-11
6.0,13.0,6.2645e-05,15963.0,1.0,2.5058002889647265e-05,2.99e-05,3.0,100334.0,1.1960023348820135e-05,0.0,0.0,1819.0,8.264943287448692e-10,0.0,0.0,3619.0,5.947701217502248e-14,0.00019251099999999997,2.0,10389.0,7.700442361842503e-05
6.0,14.0,6.2645e-05,15963.0,1.0,4.009280173378836e-05,0.00016943400000000002,17.0,100334.0,7.494961400929209e-05,0.000549753,1.0,1819.0,0.00021990169589659729,0.000276319,1.0,3619.0,0.00011052760003568621,9.625600000000001e-05,1.0,10389.0,8.470505417105502e-05
6.0,15.0,0.000187935,15963.0,3.0,9.922968104027303e-05,0.000159467,16.0,100334.0,0.00010875656840557527,0.001099505,2.0,1819.0,0.0005717430175379584,0.000276319,1.0,3619.0,0.00017684416002141173,0.0,0.0,10389.0,5.082303250263301e-05
6.0,16.0,0.000187935,15963.0,3.0,0.0001347118086241638,0.00035880199999999997,36.0,100334.0,0.00020877474104334513,0.004947774,9.0,1819.0,0.0023221554105227753,0.0,0.0,3619.0,0.00010610649601284704,0.0,0.0,10389.0,3.0493819501579804e-05
6.0,17.0,0.000250579,15963.0,4.0,0.0001810586851744983,0.0005780690000000001,58.0,100334.0,0.0003564924446260071,0.00219901,4.0,1819.0,0.002272897246313665,0.0005526390000000001,2.0,3619.0,0.00028471949760770825,0.000577534,6.0,10389.0,0.0002493098917009479
6.0,18.0,0.00012529,15963.0,2.0,0.000158751211104699,0.000388702,39.0,100334.0,0.00036937626677560425,0.000549753,1.0,1819.0,0.001583639547788199,0.0011052780000000001,4.0,3619.0,0.000612942898564625,0.001155068,12.0,10389.0,0.0006116131350205687
6.0,19.0,0.00037586900000000003,15963.0,6.0,0.0002455983266628194,0.000368768,37.0,100334.0,0.0003691329600653626,0.0,0.0,1819.0,0.0009501837286729194,0.0005526390000000001,2.0,3619.0,0.000588821339138775,0.00067379,7.0,10389.0,0.0006364838810123412
6.0,20.0,0.00037586900000000003,15963.0,6.0,0.00029770659599769164,0.000508302,51.0,100334.0,0.00042480057603921755,0.001099505,2.0,1819.0,0.0010099122372037516,0.000276319,1.0,3619.0,0.000463820403483265,0.001058812,11.0,10389.0,0.0008054151286074048
6.0,21.0,6.2645e-05,15963.0,1.0,0.00020368195759861498,0.000428569,43.0,100334.0,0.00042630794562353055,0.001099505,2.0,1819.0,0.001045749342322251,0.0,0.0,3619.0,0.000278292242089959,0.000962557,10.0,10389.0,0.0008682718771644429
6.0,22.0,6.2645e-05,15963.0,1.0,0.00014726717455916898,0.000737537,74.0,100334.0,0.0005507995673741183,0.001099505,2.0,1819.0,0.0010672516053933504,0.0,0.0,3619.0,0.0001669753452539754,0.000962557,10.0,10389.0,0.0009059859262986657
6.0,23.0,0.00043851400000000004,15963.0,7.0,0.0002637659047355014,0.0008372039999999999,84.0,100334.0,0.0006653613404244709,0.0,0.0,1819.0,0.0006403509632360102,0.0,0.0,3619.0,0.00010018520715238524,0.0017326020000000002,18.0,10389.0,0.0012366323557791996
6.0,24.0,0.000187935,15963.0,3.0,0.00023343354284130087,0.000488369,49.0,100334.0,0.0005945644042546826,0.000549753,1.0,1819.0,0.0006041117779416062,0.0011052780000000001,4.0,3619.0,0.0005022223242914313,0.000770045,8.0,10389.0,0.0010499974134675198
6.0,25.0,0.0,15963.0,0.0,0.00014006012570478053,0.000607969,61.0,100334.0,0.0005999262425528095,0.0,0.0,1819.0,0.00036246706676496367,0.0005526390000000001,2.0,3619.0,0.0005223889945748588,0.00019251099999999997,2.0,10389.0,0.0007070028480805118
6.0,26.0,0.0,15963.0,0.0,8.403607542286832e-05,0.00017940099999999999,18.0,100334.0,0.0004317161455316857,0.0,0.0,1819.0,0.0002174802400589782,0.0,0.0,3619.0,0.0003134333967449153,0.00019251099999999997,2.0,10389.0,0.000501206108848307
6.0,27.0,0.0,15963.0,0.0,5.042164525372099e-05,0.000149501,15.0,100334.0,0.00031883008731901143,0.0,0.0,1819.0,0.00013048814403538692,0.0,0.0,3619.0,0.00018806003804694918,0.00019251099999999997,2.0,10389.0,0.0003777280653089842
6.0,28.0,0.0,15963.0,0.0,3.025298715223259e-05,0.00020930099999999998,21.0,100334.0,0.0002750184523914068,0.0,0.0,1819.0,7.829288642123215e-05,0.0,0.0,3619.0,0.0001128360228281695,9.625600000000001e-05,1.0,10389.0,0.0002651392391853905
6.0,29.0,0.0,15963.0,0.0,1.8151792291339553e-05,0.00018936799999999998,19.0,100334.0,0.00024075827143484407,0.0,0.0,1819.0,4.697573185273929e-05,0.0,0.0,3619.0,6.77016136969017e-05,0.000288767,3.0,10389.0,0.00027459034351123433
6.0,30.0,0.0,15963.0,0.0,1.0891075374803732e-05,0.000129567,13.0,100334.0,0.00019628176286090642,0.0,0.0,1819.0,2.8185439111643574e-05,0.0,0.0,3619.0,4.062096821814102e-05,0.0,0.0,10389.0,0.0001647542061067406
6.0,31.0,0.000313224,15963.0,5.0,0.00013182424522488226,7.973399999999999e-05,8.0,100334.0,0.00014966265771654383,0.0,0.0,1819.0,1.6911263466986144e-05,0.000276319,1.0,3619.0,0.0001349001809308846,0.0,0.0,10389.0,9.885252366404435e-05
6.0,32.0,0.0,15963.0,0.0,7.909454713492935e-05,7.973399999999999e-05,8.0,100334.0,0.0001216911946299263,0.0,0.0,1819.0,1.0146758080191686e-05,0.0,0.0,3619.0,8.094010855853077e-05,9.625600000000001e-05,1.0,10389.0,9.78139141984266e-05
6.0,33.0,0.0,15963.0,0.0,4.745672828095761e-05,1.9933e-05,2.0,100334.0,8.098791677795577e-05,0.0,0.0,1819.0,6.088054848115012e-06,0.0,0.0,3619.0,4.856406513511846e-05,9.625600000000001e-05,1.0,10389.0,9.719074851905596e-05
6.0,34.0,0.0,15963.0,0.0,2.8474036968574563e-05,6.9767e-05,7.0,100334.0,7.649955006677346e-05,0.0,0.0,1819.0,3.652832908869007e-06,0.0,0.0,3619.0,2.9138439081071074e-05,0.0,0.0,10389.0,5.8314449111433573e-05
6.0,35.0,6.2645e-05,15963.0,1.0,4.2142422181144737e-05,0.000109634,11.0,100334.0,8.975333004006408e-05,0.0,0.0,1819.0,2.191699745321404e-06,0.0,0.0,3619.0,1.7483063448642643e-05,0.0,0.0,10389.0,3.498866946686014e-05
6.0,36.0,0.0,15963.0,0.0,2.528545330868684e-05,3.9866999999999996e-05,4.0,100334.0,6.979879802403844e-05,0.0,0.0,1819.0,1.3150198471928423e-06,0.0,0.0,3619.0,1.0489838069185585e-05,0.0,0.0,10389.0,2.0993201680116083e-05
6.0,37.0,0.0,15963.0,0.0,1.5171271985212104e-05,7.973399999999999e-05,8.0,100334.0,7.377287881442306e-05,0.000549753,1.0,1819.0,0.00022069021190831574,0.0,0.0,3619.0,6.293902841511351e-06,0.0,0.0,10389.0,1.2595921008069649e-05
6.0,38.0,0.0,15963.0,0.0,9.102763191127263e-06,4.9834e-05,5.0,100334.0,6.419732728865383e-05,0.0,0.0,1819.0,0.00013241412714498944,0.0,0.0,3619.0,3.7763417049068104e-06,0.0,0.0,10389.0,7.557552604841789e-06
6.0,39.0,0.0,15963.0,0.0,5.461657914676358e-06,2.99e-05,3.0,100334.0,5.04783963731923e-05,0.0,0.0,1819.0,7.944847628699367e-05,0.0,0.0,3619.0,2.265805022944086e-06,0.0,0.0,10389.0,4.534531562905073e-06
6.0,40.0,0.0,15963.0,0.0,3.2769947488058143e-06,9.967e-06,1.0,100334.0,3.427383782391538e-05,0.0,0.0,1819.0,4.76690857721962e-05,0.0,0.0,3619.0,1.3594830137664517e-06,0.0,0.0,10389.0,2.7207189377430436e-06
6.0,41.0,0.0,15963.0,0.0,1.9661968492834886e-06,0.0,0.0,100334.0,2.0564302694349225e-05,0.0,0.0,1819.0,2.8601451463317718e-05,0.0,0.0,3619.0,8.15689808259871e-07,0.0,0.0,10389.0,1.632431362645826e-06
6.0,42.0,0.0,15963.0,0.0,1.179718109570093e-06,0.0,0.0,100334.0,1.2338581616609535e-05,0.0,0.0,1819.0,1.716087087799063e-05,0.0,0.0,3619.0,4.894138849559226e-07,0.0,0.0,10389.0,9.794588175874956e-07
6.0,43.0,0.0,15963.0,0.0,7.078308657420558e-07,0.0,0.0,100334.0,7.4031489699657204e-06,0.0,0.0,1819.0,1.0296522526794378e-05,0.0,0.0,3619.0,2.936483309735536e-07,0.0,0.0,10389.0,5.876752905524973e-07
6.0,44.0,0.0,15963.0,0.0,4.2469851944523346e-07,0.0,0.0,100334.0,4.441889381979432e-06,0.0,0.0,1819.0,6.177913516076627e-06,0.0,0.0,3619.0,1.7618899858413214e-07,0.0,0.0,10389.0,3.5260517433149836e-07
6.0,45.0,0.0,15963.0,0.0,2.5481911166714004e-07,0.0,0.0,100334.0,2.665133629187659e-06,0.0,0.0,1819.0,3.706748109645976e-06,0.0,0.0,3619.0,1.0571339915047929e-07,0.0,0.0,10389.0,2.1156310459889902e-07
6.0,46.0,0.0,15963.0,0.0,1.52891467000284e-07,0.0,0.0,100334.0,1.5990801775125954e-06,0.0,0.0,1819.0,2.2240488657875856e-06,0.0,0.0,3619.0,6.342803949028756e-08,0.0,0.0,10389.0,1.269378627593394e-07
6.0,47.0,0.0,15963.0,0.0,9.17348802001704e-08,0.0,0.0,100334.0,9.594481065075573e-07,0.0,0.0,1819.0,1.3344293194725512e-06,0.0,0.0,3619.0,3.805682369417254e-08,0.0,0.0,10389.0,7.616271765560364e-08
6.0,48.0,0.0,15963.0,0.0,5.504092812010224e-08,0.0,0.0,100334.0,5.756688639045344e-07,0.0,0.0,1819.0,8.006575916835307e-07,0.0,0.0,3619.0,2.2834094216503522e-08,0.0,0.0,10389.0,4.569763059336219e-08
6.0,49.0,0.0,15963.0,0.0,3.302455687206134e-08,0.0,0.0,100334.0,3.454013183427206e-07,0.0,0.0,1819.0,4.803945550101184e-07,0.0,0.0,3619.0,1.3700456529902113e-08,0.0,0.0,10389.0,2.741857835601731e-08
6.0,50.0,0.0,15963.0,0.0,1.9814734123236802e-08,0.0,0.0,100334.0,2.0724079100563238e-07,0.0,0.0,1819.0,2.88236733006071e-07,0.0,0.0,3619.0,8.220273917941268e-09,0.0,0.0,10389.0,1.6451147013610387e-08
6.0,51.0,0.0,15963.0,0.0,1.188884047394208e-08,0.0,0.0,100334.0,1.243444746033794e-07,0.0,0.0,1819.0,1.729420398036426e-07,0.0,0.0,3619.0,4.93216435076476e-09,0.0,0.0,10389.0,9.870688208166232e-09
6.0,52.0,0.0,15963.0,0.0,7.133304284365248e-09,0.0,0.0,100334.0,7.460668476202764e-08,0.0,0.0,1819.0,1.0376522388218556e-07,0.0,0.0,3619.0,2.959298610458856e-09,0.0,0.0,10389.0,5.92241292489974e-09
7.0,1.0,0.0,16098.0,0.0,4.279982570619149e-09,0.0,0.0,100334.0,4.476401085721658e-08,0.0,0.0,1819.0,6.225913432931133e-08,0.0,0.0,3619.0,1.7755791662753135e-09,0.0,0.0,10389.0,3.5534477549398437e-09
7.0,2.0,0.0,16098.0,0.0,2.567989542371489e-09,0.0,0.0,104072.0,2.6858406514329945e-08,0.0,0.0,1842.0,3.73554805975868e-08,0.0,0.0,3628.0,1.0653474997651881e-09,0.0,0.0,10498.0,2.132068652963906e-09
7.0,3.0,0.0,16098.0,0.0,1.5407937254228934e-09,0.0,0.0,104072.0,1.6115043908597965e-08,0.0,0.0,1842.0,2.241328835855208e-08,0.0,0.0,3628.0,6.392084998591129e-10,0.0,0.0,10498.0,1.2792411917783435e-09
7.0,4.0,0.0,16098.0,0.0,9.24476235253736e-10,1.9217e-05,2.0,104072.0,7.69646902634516e-06,0.0,0.0,1842.0,1.3447973015131248e-08,0.0,0.0,3628.0,3.8352509991546773e-10,0.0,0.0,10498.0,7.675447150670061e-10
7.0,5.0,0.0,16098.0,0.0,5.546857411522415e-10,2.8825999999999998e-05,3.0,104072.0,1.6148281415807095e-05,0.0,0.0,1842.0,8.068783809078749e-09,0.0,0.0,3628.0,2.3011505994928064e-10,0.0,0.0,10498.0,4.605268290402036e-10
7.0,6.0,0.0,16098.0,0.0,3.328114446913449e-10,0.0,0.0,104072.0,9.688968849484256e-06,0.0,0.0,1842.0,4.841270285447249e-09,0.0,0.0,3628.0,1.3806903596956837e-10,0.0,0.0,10498.0,2.763160974241222e-10
7.0,7.0,0.0,16098.0,0.0,1.9968686681480692e-10,0.0,0.0,104072.0,5.813381309690554e-06,0.0,0.0,1842.0,2.9047621712683493e-09,0.0,0.0,3628.0,8.284142158174102e-11,0.0,0.0,10498.0,1.657896584544733e-10
7.0,8.0,0.0,16098.0,0.0,1.1981212008888416e-10,9.608999999999999e-06,1.0,104072.0,7.3316287858143315e-06,0.0,0.0,1842.0,1.7428573027610094e-09,0.0,0.0,3628.0,4.970485294904461e-11,0.0,0.0,10498.0,9.947379507268398e-11
7.0,9.0,0.0,16098.0,0.0,7.188727205333049e-11,0.0,0.0,104072.0,4.398977271488599e-06,0.0,0.0,1842.0,1.0457143816566055e-09,0.0,0.0,3628.0,2.9822911769426766e-11,0.0,0.0,10498.0,5.968427704361038e-11
7.0,10.0,0.0,16098.0,0.0,4.313236323199829e-11,0.0,0.0,104072.0,2.6393863628931594e-06,0.0,0.0,1842.0,6.274286289939633e-10,0.0,0.0,3628.0,1.789374706165606e-11,0.0,0.0,10498.0,3.581056622616623e-11
7.0,11.0,0.0,16098.0,0.0,2.5879417939198973e-11,9.608999999999999e-06,1.0,104072.0,5.4272318177358955e-06,0.0,0.0,1842.0,3.7645717739637795e-10,0.0,0.0,3628.0,1.0736248236993636e-11,0.0,0.0,10498.0,2.1486339735699737e-11
7.0,12.0,0.0,16098.0,0.0,1.5527650763519385e-11,0.0,0.0,104072.0,3.256339090641537e-06,0.0,0.0,1842.0,2.2587430643782676e-10,0.0,0.0,3628.0,6.441748942196181e-12,0.0,0.0,10498.0,1.2891803841419842e-11
7.0,13.0,6.212e-05,16098.0,1.0,2.4848009316590458e-05,0.0,0.0,104072.0,1.953803454384922e-06,0.0,0.0,1842.0,1.3552458386269606e-10,0.0,0.0,3628.0,3.865049365317708e-12,0.0,0.0,10498.0,7.735082304851906e-12
7.0,14.0,0.0,16098.0,0.0,1.4908805589954274e-05,0.0,0.0,104072.0,1.1722820726309533e-06,0.0,0.0,1842.0,8.131475031761764e-11,0.0,0.0,3628.0,2.3190296191906248e-12,0.0,0.0,10498.0,4.641049382911144e-12
7.0,15.0,0.0,16098.0,0.0,8.945283353972564e-06,0.0,0.0,104072.0,7.033692435785719e-07,0.0,0.0,1842.0,4.878885019057058e-11,0.0,0.0,3628.0,1.3914177715143749e-12,0.0,0.0,10498.0,2.784629629746686e-12
7.0,16.0,0.0,16098.0,0.0,5.367170012383538e-06,0.0,0.0,104072.0,4.2202154614714314e-07,0.0,0.0,1842.0,2.927331011434235e-11,0.0,0.0,3628.0,8.348506629086249e-13,0.0,0.0,10498.0,1.6707777778480115e-12
7.0,17.0,6.212e-05,16098.0,1.0,2.806830200743012e-05,0.0,0.0,104072.0,2.5321292768828585e-07,0.0,0.0,1842.0,1.756398606860541e-11,0.0,0.0,3628.0,5.009103977451749e-13,0.0,0.0,10498.0,1.0024666667088068e-12
7.0,18.0,0.0,16098.0,0.0,1.684098120445807e-05,0.0,0.0,104072.0,1.519277566129715e-07,0.0,0.0,1842.0,1.0538391641163244e-11,0.0,0.0,3628.0,3.005462386471049e-13,0.0,0.0,10498.0,6.01480000025284e-13
7.0,19.0,0.0,16098.0,0.0,1.0104588722674843e-05,9.608999999999999e-06,1.0,104072.0,3.934756653967783e-06,0.0,0.0,1842.0,6.323034984697947e-12,0.0,0.0,3628.0,1.8032774318826294e-13,0.0,0.0,10498.0,3.608880000151704e-13
7.0,20.0,0.0,16098.0,0.0,6.062753233604906e-06,9.608999999999999e-06,1.0,104072.0,6.20445399238067e-06,0.0,0.0,1842.0,3.793820990818768e-12,0.0,0.0,3628.0,1.0819664591295776e-13,9.5256e-05,1.0,10498.0,3.81024002165328e-05
7.0,21.0,0.0,16098.0,0.0,3.6376519401629434e-06,0.0,0.0,104072.0,3.7226723954284016e-06,0.0,0.0,1842.0,2.2762925944912607e-12,0.0,0.0,3628.0,6.491798754777466e-14,9.5256e-05,1.0,10498.0,6.0963840129919686e-05
7.0,22.0,0.0,16098.0,0.0,2.182591164097766e-06,0.0,0.0,104072.0,2.233603437257041e-06,0.0,0.0,1842.0,1.3657755566947563e-12,0.0,0.0,3628.0,3.8950792528664794e-14,0.000190512,2.0,10498.0,0.00011278310407795182
7.0,23.0,0.0,16098.0,0.0,1.3095546984586596e-06,0.0,0.0,104072.0,1.3401620623542244e-06,0.0,0.0,1842.0,8.194653340168538e-13,0.0,0.0,3628.0,2.3370475517198877e-14,0.0,0.0,10498.0,6.766986244677108e-05
7.0,24.0,0.0,16098.0,0.0,7.857328190751958e-07,1.9217e-05,2.0,104072.0,8.490897237412536e-06,0.0,0.0,1842.0,4.916792004101123e-13,0.0,0.0,3628.0,1.4022285310319325e-14,0.0,0.0,10498.0,4.060191746806265e-05
7.0,25.0,0.0,16098.0,0.0,4.7143969144511744e-07,0.000192175,20.0,104072.0,8.196453834244753e-05,0.0,0.0,1842.0,2.9500752024606736e-13,0.0,0.0,3628.0,8.413371186191595e-15,0.000285769,3.0,10498.0,0.0001386687504808376
7.0,26.0,0.000248478,16098.0,4.0,9.967406381486708e-05,0.00016334799999999998,17.0,104072.0,0.00011451792300546851,0.0,0.0,1842.0,1.770045121476404e-13,0.0,0.0,3628.0,5.048022711714957e-15,0.000571537,6.0,10498.0,0.00031181605028850255
7.0,27.0,0.001428749,16098.0,23.0,0.0006313040382889203,0.000259436,27.0,104072.0,0.0001724851538032811,0.0,0.0,1842.0,1.0620270728858424e-13,0.000275634,1.0,3628.0,0.00011025360000302883,0.000285769,3.0,10498.0,0.0003013972301731015
7.0,28.0,0.0,16098.0,0.0,0.0003787824229733522,0.000345914,36.0,104072.0,0.00024185669228196866,0.0,0.0,1842.0,6.372162437315055e-14,0.0,0.0,3628.0,6.61521600018173e-05,0.000476281,5.0,10498.0,0.0003713507381038609
7.0,29.0,0.000621195,16098.0,10.0,0.0004757474537840113,0.000672611,70.0,104072.0,0.00041415841536918124,0.0,0.0,1842.0,3.823297462389033e-14,0.0,0.0,3628.0,3.9691296001090375e-05,0.000190512,2.0,10498.0,0.00029901524286231654
7.0,30.0,0.001180271,16098.0,19.0,0.0007575568722704069,0.0005380890000000001,56.0,104072.0,0.0004637306492215088,0.0,0.0,1842.0,2.2939784774334198e-14,0.000275634,1.0,3628.0,0.00013406837760065424,0.000190512,2.0,10498.0,0.00025561394571738995
7.0,31.0,0.0007454339999999999,16098.0,12.0,0.000752707723362244,0.000442002,46.0,104072.0,0.0004550391895329053,0.001085776,2.0,1842.0,0.00043431040001376395,0.000275634,1.0,3628.0,0.00019069462656039256,0.0008573060000000001,9.0,10498.0,0.000496290767430434
7.0,32.0,0.000248478,16098.0,4.0,0.0005510158340173465,0.000980091,102.0,104072.0,0.0006650599137197433,0.000542888,1.0,1842.0,0.0004777414400082584,0.000826902,3.0,3628.0,0.0004451775759362356,0.000476281,5.0,10498.0,0.0004882868604582604
7.0,33.0,0.000434837,16098.0,7.0,0.0005045443004104079,0.000614959,64.0,104072.0,0.0006450195482318459,0.0,0.0,1842.0,0.00028664486400495505,0.0,0.0,3628.0,0.00026710654556174137,0.000190512,2.0,10498.0,0.0003691769162749563
7.0,34.0,0.000310598,16098.0,5.0,0.00042696578024624475,0.00032669700000000003,34.0,104072.0,0.0005176905289391075,0.000542888,1.0,1842.0,0.00038914211840297306,0.0,0.0,3628.0,0.0001602639273370448,0.000381025,4.0,10498.0,0.00037391614976497377
7.0,35.0,0.000186359,16098.0,3.0,0.0003307230681477469,0.00015374,16.0,104072.0,0.0003721103173634645,0.0,0.0,1842.0,0.00023348527104178382,0.0,0.0,3628.0,9.615835640222689e-05,0.000476281,5.0,10498.0,0.0004148620898589843
7.0,36.0,0.000124239,16098.0,2.0,0.0002481294408886481,5.7651999999999996e-05,6.0,104072.0,0.00024632699041807866,0.0,0.0,1842.0,0.0001400911626250703,0.0,0.0,3628.0,5.769501384133613e-05,0.0,0.0,10498.0,0.0002489172539153906
7.0,37.0,6.212e-05,16098.0,1.0,0.00017372566453318887,5.7651999999999996e-05,6.0,104072.0,0.00017085699425084717,0.0,0.0,1842.0,8.405469757504217e-05,0.000275634,1.0,3628.0,0.0001448706083048017,0.0,0.0,10498.0,0.00014935035234923434
7.0,38.0,0.0,16098.0,0.0,0.00010423539871991332,5.7651999999999996e-05,6.0,104072.0,0.0001255749965505083,0.0,0.0,1842.0,5.04328185450253e-05,0.0,0.0,3628.0,8.692236498288101e-05,0.0,0.0,10498.0,8.961021140954061e-05
7.0,39.0,0.0,16098.0,0.0,6.2541239231948e-05,1.9217e-05,2.0,104072.0,8.303179793030497e-05,0.000542888,1.0,1842.0,0.0002474148911270152,0.0,0.0,3628.0,5.215341898972861e-05,0.0,0.0,10498.0,5.376612684572436e-05
7.0,40.0,0.0,16098.0,0.0,3.7524743539168795e-05,1.9217e-05,2.0,104072.0,5.750587875818299e-05,0.000542888,1.0,1842.0,0.00036560413467620915,0.0,0.0,3628.0,3.129205139383716e-05,9.5256e-05,1.0,10498.0,7.036207610743462e-05
7.0,41.0,0.0,16098.0,0.0,2.2514846123501275e-05,0.0,1.0,104072.0,3.450352725490979e-05,0.0,0.0,1842.0,0.0002193624808057255,0.0,0.0,3628.0,1.8775230836302295e-05,0.0,0.0,10498.0,4.221724566446077e-05
7.0,42.0,0.0,16098.0,0.0,1.3508907674100766e-05,0.0,0.0,104072.0,2.0702116352945873e-05,0.0,0.0,1842.0,0.00013161748848343528,0.0,0.0,3628.0,1.1265138501781377e-05,0.0,0.0,10498.0,2.5330347398676462e-05
7.0,43.0,0.0,16098.0,0.0,8.105344604460459e-06,0.0,0.0,104072.0,1.2421269811767523e-05,0.0,0.0,1842.0,7.897049309006117e-05,0.0,0.0,3628.0,6.7590831010688255e-06,0.0,0.0,10498.0,1.5198208439205877e-05
7.0,44.0,0.0,16098.0,0.0,4.863206762676275e-06,0.0,0.0,104072.0,7.452761887060513e-06,0.0,0.0,1842.0,4.73822958540367e-05,0.0,0.0,3628.0,4.055449860641295e-06,0.0,0.0,10498.0,9.118925063523526e-06
7.0,45.0,0.0,16098.0,0.0,2.9179240576057653e-06,0.0,0.0,104072.0,4.471657132236308e-06,0.0,0.0,1842.0,2.8429377512422017e-05,0.0,0.0,3628.0,2.4332699163847768e-06,0.0,0.0,10498.0,5.471355038114115e-06
7.0,46.0,0.0,16098.0,0.0,1.7507544345634591e-06,0.0,0.0,104072.0,2.6829942793417847e-06,0.0,0.0,1842.0,1.705762650745321e-05,0.0,0.0,3628.0,1.459961949830866e-06,0.0,0.0,10498.0,3.282813022868469e-06
7.0,47.0,0.0,16098.0,0.0,1.0504526607380754e-06,0.0,0.0,104072.0,1.6097965676050707e-06,0.0,0.0,1842.0,1.0234575904471925e-05,0.0,0.0,3628.0,8.759771698985196e-07,0.0,0.0,10498.0,1.9696878137210814e-06
7.0,48.0,0.0,16098.0,0.0,6.302715964428452e-07,0.0,0.0,104072.0,9.658779405630424e-07,0.0,0.0,1842.0,6.140745542683155e-06,0.0,0.0,3628.0,5.255863019391117e-07,0.0,0.0,10498.0,1.1818126882326487e-06
7.0,49.0,0.0,16098.0,0.0,3.7816295786570714e-07,0.0,0.0,104072.0,5.795267643378254e-07,0.0,0.0,1842.0,3.684447325609893e-06,0.0,0.0,3628.0,3.15351781163467e-07,0.0,0.0,10498.0,7.090876129395893e-07
7.0,50.0,0.0,16098.0,0.0,2.2689777471942428e-07,0.0,0.0,104072.0,3.4771605860269527e-07,0.0,0.0,1842.0,2.2106683953659357e-06,0.0,0.0,3628.0,1.892110686980802e-07,0.0,0.0,10498.0,4.2545256776375355e-07
7.0,51.0,0.0,16098.0,0.0,1.3613866483165456e-07,0.0,0.0,104072.0,2.0862963516161715e-07,0.0,0.0,1842.0,1.3264010372195613e-06,0.0,0.0,3628.0,1.1352664121884812e-07,0.0,0.0,10498.0,2.5527154065825213e-07
7.0,52.0,0.0,16098.0,0.0,8.168319889899274e-08,0.0,0.0,104072.0,1.2517778109697027e-07,0.0,0.0,1842.0,7.958406223317368e-07,0.0,0.0,3628.0,6.811598473130886e-08,0.0,0.0,10498.0,1.5316292439495126e-07
8.0,1.0,0.0,16353.0,0.0,4.900991933939564e-08,0.0,0.0,104072.0,7.510666865818216e-08,0.0,0.0,1842.0,4.775043733990421e-07,0.0,0.0,3628.0,4.086959083878532e-08,0.0,0.0,10498.0,9.189775463697075e-08
8.0,2.0,0.0,16353.0,0.0,2.940595160363738e-08,0.0,0.0,107810.0,4.506400119490929e-08,0.0,0.0,1851.0,2.865026240394252e-07,0.0,0.0,3691.0,2.452175450327119e-08,0.0,0.0,10696.0,5.513865278218245e-08
8.0,3.0,0.0,16353.0,0.0,1.764357096218243e-08,0.0,0.0,107810.0,2.7038400716945573e-08,0.0,0.0,1851.0,1.7190157442365514e-07,0.0,0.0,3691.0,1.4713052701962714e-08,0.0,0.0,10696.0,3.3083191669309464e-08
8.0,4.0,0.0,16353.0,0.0,1.0586142577309457e-08,0.0,0.0,107810.0,1.6223040430167342e-08,0.0,0.0,1851.0,1.0314094465419308e-07,0.0,0.0,3691.0,8.827831621177628e-09,0.0,0.0,10696.0,1.9849915001585677e-08
8.0,5.0,0.0,16353.0,0.0,6.351685546385674e-09,0.0,0.0,107810.0,9.733824258100405e-09,0.0,0.0,1851.0,6.188456679251584e-08,0.0,0.0,3691.0,5.296698972706576e-09,0.0,0.0,10696.0,1.1909949000951406e-08
8.0,6.0,0.0,16353.0,0.0,3.8110113278314046e-09,0.0,0.0,107810.0,5.840294554860243e-09,0.0,0.0,1851.0,3.7130740075509506e-08,0.0,0.0,3691.0,3.1780193836239456e-09,0.0,0.0,10696.0,7.145969400570843e-09
8.0,7.0,0.0,16353.0,0.0,2.2866067966988426e-09,9.276e-06,1.0,107810.0,3.7139041767329165e-06,0.0,0.0,1851.0,2.2278444045305703e-08,0.0,0.0,3691.0,1.906811630174367e-09,0.0,0.0,10696.0,4.287581640342506e-09
8.0,8.0,6.1151e-05,16353.0,1.0,2.446177196407802e-05,0.0,0.0,107810.0,2.2283425060397497e-06,0.0,0.0,1851.0,1.3367066427183421e-08,0.0,0.0,3691.0,1.1440869781046202e-09,0.0,0.0,10696.0,2.5725489842055035e-09
8.0,9.0,6.1151e-05,16353.0,1.0,3.913746317844681e-05,0.0,0.0,107810.0,1.3370055036238497e-06,0.0,0.0,1851.0,8.020239856310053e-09,0.0,0.0,3691.0,6.864521868627721e-10,0.0,0.0,10696.0,1.543529390523302e-09
8.0,10.0,0.0,16353.0,0.0,2.3482477907068086e-05,0.0,0.0,107810.0,8.022033021743098e-07,0.0,0.0,1851.0,4.812143913786031e-09,0.0,0.0,3691.0,4.1187131211766327e-10,0.0,0.0,10696.0,9.261176343139812e-10
8.0,11.0,6.1151e-05,16353.0,1.0,3.854988674424085e-05,0.0,0.0,107810.0,4.813219813045858e-07,0.0,0.0,1851.0,2.8872863482716185e-09,0.0,0.0,3691.0,2.4712278727059793e-10,0.0,0.0,10696.0,5.556705805883887e-10
8.0,12.0,6.1151e-05,16353.0,1.0,4.759033204654451e-05,9.276e-06,1.0,107810.0,3.999193188782752e-06,0.0,0.0,1851.0,1.732371808962971e-09,0.0,0.0,3691.0,1.4827367236235874e-10,0.0,0.0,10696.0,3.334023483530332e-10
8.0,13.0,0.000122302,16353.0,2.0,7.74749992279267e-05,0.0,0.0,107810.0,2.399515913269651e-06,0.0,0.0,1851.0,1.0394230853777826e-09,0.0,0.0,3691.0,8.896420341741524e-11,0.0,0.0,10696.0,2.0004140901181991e-10
8.0,14.0,0.0,16353.0,0.0,4.648499953675602e-05,0.0,0.0,107810.0,1.4397095479617904e-06,0.0,0.0,1851.0,6.236538512266696e-10,0.0,0.0,3691.0,5.337852205044914e-11,0.0,0.0,10696.0,1.2002484540709194e-10
8.0,15.0,0.0,16353.0,0.0,2.789099972205361e-05,0.0,0.0,107810.0,8.638257287770742e-07,0.0,0.0,1851.0,3.741923107360017e-10,0.0,0.0,3691.0,3.2027113230269484e-11,0.0,0.0,10696.0,7.201490724425517e-11
8.0,16.0,0.0,16353.0,0.0,1.6734599833232166e-05,3.7102e-05,4.0,107810.0,1.5359095437266244e-05,0.0,0.0,1851.0,2.2451538644160102e-10,0.0,0.0,3691.0,1.921626793816169e-11,0.0,0.0,10696.0,4.32089443465531e-11
8.0,17.0,0.000244603,16353.0,4.0,0.0001078819598999393,8.348e-05,9.0,107810.0,4.2607457262359745e-05,0.0,0.0,1851.0,1.347092318649606e-10,0.0,0.0,3691.0,1.1529760762897014e-11,0.000186986,2.0,10696.0,7.479442592536661e-05
8.0,18.0,0.000428056,16353.0,7.0,0.00023595157593996359,5.5653000000000004e-05,6.0,107810.0,4.782567435741585e-05,0.0,0.0,1851.0,8.082553911897636e-11,0.0,0.0,3691.0,6.917856457738208e-12,0.0,0.0,10696.0,4.487665555521996e-05
8.0,19.0,0.00030575400000000004,16353.0,5.0,0.0002638725455639782,0.00021333799999999998,23.0,107810.0,0.00011403060461444951,0.0016207460000000002,3.0,1851.0,0.0006482984484953235,0.0,0.0,3691.0,4.1507138746429246e-12,9.3493e-05,1.0,10696.0,6.432319333313197e-05
8.0,20.0,0.000366905,16353.0,6.0,0.0003050855273383869,0.0008348019999999999,90.0,107810.0,0.0004023391627686697,0.0016207460000000002,3.0,1851.0,0.0010372774690971941,0.000270929,1.0,3691.0,0.00010837160249042833,9.3493e-05,1.0,10696.0,7.599111599987919e-05
8.0,21.0,0.000122302,16353.0,2.0,0.00023197211640303212,0.000519432,56.0,107810.0,0.0004491762976612018,0.0,0.0,1851.0,0.0006223664814583164,0.0,0.0,3691.0,6.502296149425699e-05,0.0,0.0,10696.0,4.559466959992751e-05
8.0,22.0,0.00030575400000000004,16353.0,5.0,0.0002614848698418193,0.000751322,81.0,107810.0,0.0005700345785967212,0.0,0.0,1851.0,0.00037341988887498983,0.0,0.0,3691.0,3.901377689655419e-05,0.00028047900000000004,3.0,10696.0,0.00013954840175995652
8.0,23.0,0.000550358,16353.0,9.0,0.00037703412190509165,0.0007420460000000001,80.0,107810.0,0.0006388391471580327,0.001080497,2.0,1851.0,0.0006562507333249939,0.0013546460000000001,5.0,3691.0,0.0005652666661379326,0.00065445,7.0,10696.0,0.00034550904105597397
8.0,24.0,0.0006726589999999999,16353.0,11.0,0.0004952840731430549,0.000556535,60.0,107810.0,0.0006059174882948196,0.0,0.0,1851.0,0.00039375043999499633,0.003251151,12.0,3691.0,0.0016396203996827596,0.00065445,7.0,10696.0,0.0004690854246335844
8.0,25.0,0.00073381,16353.0,12.0,0.0005906944438858329,0.000510157,55.0,107810.0,0.0005676132929768918,0.0,0.0,1851.0,0.0002362502639969978,0.0010837169999999999,4.0,3691.0,0.0014172590398096557,0.000467464,5.0,10696.0,0.00046843685478015066
8.0,26.0,0.000550358,16353.0,9.0,0.0005745598663314998,0.000463779,50.0,107810.0,0.0005260795757861351,0.0032414909999999996,6.0,1851.0,0.0014383465583981984,0.001896505,7.0,3691.0,0.0016089574238857935,0.000373972,4.0,10696.0,0.00043065091286809034
8.0,27.0,0.000428056,16353.0,7.0,0.0005159583197988999,0.000556535,60.0,107810.0,0.0005382617454716811,0.0,0.0,1851.0,0.0008630079350389191,0.0,0.0,3691.0,0.000965374454331476,9.3493e-05,1.0,10696.0,0.0002957877477208542
8.0,28.0,0.000244603,16353.0,4.0,0.0004074161918793399,0.00048233,52.0,107810.0,0.0005158890472830086,0.0,0.0,1851.0,0.0005178047610233514,0.0,0.0,3691.0,0.0005792246725988856,0.0,0.0,10696.0,0.0001774726486325125
8.0,29.0,0.000244603,16353.0,4.0,0.00034229091512760394,0.00045450300000000004,49.0,107810.0,0.0004913346283698051,0.0,0.0,1851.0,0.00031068285661401085,0.0,0.0,3691.0,0.00034753480355933136,0.000186986,2.0,10696.0,0.0001812779891795075
8.0,30.0,6.1151e-05,16353.0,1.0,0.00022983494907656234,0.000324645,35.0,107810.0,0.0004246587770218831,0.0,0.0,1851.0,0.00018640971396840651,0.000541859,2.0,3691.0,0.0004252644821355989,0.000186986,2.0,10696.0,0.0001835611935077045
8.0,31.0,0.000244603,16353.0,4.0,0.0002357421694459374,0.00030609400000000003,33.0,107810.0,0.0003772328662131299,0.0,0.0,1851.0,0.0001118458283810439,0.0,0.0,3691.0,0.0002551586892813593,0.000560957,6.0,10696.0,0.0003345195161046227
8.0,32.0,0.000244603,16353.0,4.0,0.00023928650166756243,0.000435952,47.0,107810.0,0.00040072051972787795,0.0,0.0,1851.0,6.710749702862634e-05,0.000270929,1.0,3691.0,0.0002614668135688156,0.000373972,4.0,10696.0,0.00035030050966277363
8.0,33.0,0.000122302,16353.0,2.0,0.00019249270100053746,0.000380299,41.0,107810.0,0.0003925519118367268,0.000540249,1.0,1851.0,0.00025636409821717585,0.0,0.0,3691.0,0.00015688008814128935,0.00028047900000000004,3.0,10696.0,0.0003223719057976642
8.0,34.0,0.000122302,16353.0,2.0,0.00016441642060032247,0.000343196,37.0,107810.0,0.0003728095471020361,0.0,0.0,1851.0,0.0001538184589303055,0.0,0.0,3691.0,9.41280528847736e-05,9.3493e-05,1.0,10696.0,0.00023082034347859853
8.0,35.0,0.0,16353.0,0.0,9.864985236019348e-05,0.000343196,37.0,107810.0,0.00036096412826122165,0.000540249,1.0,1851.0,0.0003083906753581833,0.000270929,1.0,3691.0,0.00016484843173086416,0.0,0.0,10696.0,0.0001384922060871591
8.0,36.0,6.1151e-05,16353.0,1.0,8.36503114161161e-05,0.00013913399999999999,15.0,107810.0,0.000272232076956733,0.0,0.0,1851.0,0.00018503440521490998,0.0,0.0,3691.0,9.89090590385185e-05,0.0,0.0,10696.0,8.309532365229545e-05
8.0,37.0,6.1151e-05,16353.0,1.0,7.465058684966966e-05,0.000157685,17.0,107810.0,0.00022641324617403977,0.0,0.0,1851.0,0.00011102064312894599,0.0,0.0,3691.0,5.9345435423111096e-05,0.0,0.0,10696.0,4.985719419137727e-05
8.0,38.0,6.1151e-05,16353.0,1.0,6.92507521098018e-05,5.5653000000000004e-05,6.0,107810.0,0.00015810914770442386,0.0,0.0,1851.0,6.66123858773676e-05,0.0,0.0,3691.0,3.560726125386666e-05,0.0,0.0,10696.0,2.9914316514826357e-05
8.0,39.0,0.0,16353.0,0.0,4.1550451265881075e-05,2.7827e-05,3.0,107810.0,0.0001059962886226543,0.0,0.0,1851.0,3.996743152642055e-05,0.0,0.0,3691.0,2.1364356752319994e-05,0.0,0.0,10696.0,1.7948589908895815e-05
8.0,40.0,0.0,16353.0,0.0,2.4930270759528645e-05,6.4929e-05,7.0,107810.0,8.956937317359258e-05,0.0,0.0,1851.0,2.398045891585233e-05,0.0,0.0,3691.0,1.2818614051391996e-05,0.0,0.0,10696.0,1.0769153945337489e-05
8.0,41.0,0.0,16353.0,0.0,1.4958162455717186e-05,5.5653000000000004e-05,6.0,107810.0,7.600282390415555e-05,0.0,0.0,1851.0,1.4388275349511399e-05,0.0,0.0,3691.0,7.691168430835197e-06,0.0,0.0,10696.0,6.461492367202493e-06
8.0,42.0,0.0,16353.0,0.0,8.974897473430312e-06,0.0,0.0,107810.0,4.5601694342493325e-05,0.0,0.0,1851.0,8.63296520970684e-06,0.0,0.0,3691.0,4.614701058501118e-06,0.0,0.0,10696.0,3.876895420321496e-06
8.0,43.0,0.0,16353.0,0.0,5.384938484058187e-06,0.0,0.0,107810.0,2.7361016605495995e-05,0.0,0.0,1851.0,5.179779125824103e-06,0.0,0.0,3691.0,2.7688206351006704e-06,0.0,0.0,10696.0,2.3261372521928974e-06
8.0,44.0,0.0,16353.0,0.0,3.2309630904349123e-06,0.0,0.0,107810.0,1.6416609963297597e-05,0.0,0.0,1851.0,3.107867475494462e-06,0.0,0.0,3691.0,1.6612923810604022e-06,0.0,0.0,10696.0,1.3956823513157384e-06
8.0,45.0,0.0,16353.0,0.0,1.9385778542609474e-06,0.0,0.0,107810.0,9.849965977978557e-06,0.0,0.0,1851.0,1.864720485296677e-06,0.0,0.0,3691.0,9.967754286362413e-07,0.0,0.0,10696.0,8.37409410789443e-07
8.0,46.0,0.0,16353.0,0.0,1.1631467125565684e-06,0.0,0.0,107810.0,5.909979586787134e-06,0.0,0.0,1851.0,1.1188322911780062e-06,0.0,0.0,3691.0,5.980652571817448e-07,0.0,0.0,10696.0,5.024456464736658e-07
8.0,47.0,0.0,16353.0,0.0,6.97888027533941e-07,0.0,0.0,107810.0,3.54598775207228e-06,0.0,0.0,1851.0,6.712993747068037e-07,0.0,0.0,3691.0,3.5883915430904686e-07,0.0,0.0,10696.0,3.014673878841995e-07
8.0,48.0,0.0,16353.0,0.0,4.1873281652036457e-07,0.0,0.0,107810.0,2.1275926512433677e-06,0.0,0.0,1851.0,4.027796248240822e-07,0.0,0.0,3691.0,2.153034925854281e-07,0.0,0.0,10696.0,1.808804327305197e-07
8.0,49.0,0.0,16353.0,0.0,2.5123968991221875e-07,0.0,0.0,107810.0,1.2765555907460205e-06,0.0,0.0,1851.0,2.416677748944493e-07,0.0,0.0,3691.0,1.2918209555125685e-07,0.0,0.0,10696.0,1.0852825963831182e-07
8.0,50.0,0.0,16353.0,0.0,1.5074381394733126e-07,0.0,0.0,107810.0,7.659333544476123e-07,0.0,0.0,1851.0,1.450006649366696e-07,0.0,0.0,3691.0,7.750925733075411e-08,0.0,0.0,10696.0,6.511695578298709e-08
8.0,51.0,0.0,16353.0,0.0,9.044628836839876e-08,0.0,0.0,107810.0,4.5956001266856735e-07,0.0,0.0,1851.0,8.700039896200175e-08,0.0,0.0,3691.0,4.650555439845247e-08,0.0,0.0,10696.0,3.907017346979225e-08
8.0,52.0,0.0,16353.0,0.0,5.426777302103925e-08,0.0,0.0,107810.0,2.757360076011404e-07,0.0,0.0,1851.0,5.220023937720105e-08,0.0,0.0,3691.0,2.7903332639071478e-08,0.0,0.0,10696.0,2.344210408187535e-08
9.0,1.0,0.0,16612.0,0.0,3.256066381262355e-08,0.0,0.0,107810.0,1.6544160456068425e-07,0.0,0.0,1851.0,3.132014362632063e-08,0.0,0.0,3691.0,1.6741999583442887e-08,0.0,0.0,10696.0,1.406526244912521e-08
9.0,2.0,0.0,16612.0,0.0,1.953639828757413e-08,0.0,0.0,111682.0,9.926496273641054e-08,0.0,0.0,1860.0,1.8792086175792376e-08,0.0,0.0,3755.0,1.0045199750065731e-08,0.0,0.0,10898.0,8.439157469475126e-09
9.0,3.0,0.0,16612.0,0.0,1.1721838972544477e-08,0.0,0.0,111682.0,5.955897764184632e-08,0.0,0.0,1860.0,1.1275251705475425e-08,0.0,0.0,3755.0,6.0271198500394384e-09,0.0,0.0,10898.0,5.063494481685075e-09
9.0,4.0,0.0,16612.0,0.0,7.0331033835266856e-09,0.0,0.0,111682.0,3.5735386585107794e-08,0.0,0.0,1860.0,6.765151023285255e-09,0.0,0.0,3755.0,3.6162719100236627e-09,0.0,0.0,10898.0,3.038096689011045e-09
9.0,5.0,0.0,16612.0,0.0,4.219862030116011e-09,0.0,0.0,111682.0,2.1441231951064674e-08,0.0,0.0,1860.0,4.059090613971153e-09,0.0,0.0,3755.0,2.1697631460141975e-09,0.0,0.0,10898.0,1.8228580134066268e-09
9.0,6.0,6.0197e-05,16612.0,1.0,2.408133191721807e-05,0.0,0.0,111682.0,1.2864739170638805e-08,0.0,0.0,1860.0,2.4354543683826916e-09,0.0,0.0,3755.0,1.3018578876085185e-09,0.0,0.0,10898.0,1.093714808043976e-09
9.0,7.0,0.0,16612.0,0.0,1.4448799150330842e-05,0.0,0.0,111682.0,7.718843502383282e-09,0.0,0.0,1860.0,1.461272621029615e-09,0.0,0.0,3755.0,7.81114732565111e-10,0.0,0.0,10898.0,6.562288848263856e-10
9.0,8.0,0.0,16612.0,0.0,8.669279490198505e-06,0.0,0.0,111682.0,4.631306101429969e-09,0.0,0.0,1860.0,8.767635726177689e-10,0.0,0.0,3755.0,4.686688395390666e-10,0.0,0.0,10898.0,3.937373308958313e-10
9.0,9.0,0.0,16612.0,0.0,5.201567694119102e-06,0.0,0.0,111682.0,2.778783660857981e-09,0.0,0.0,1860.0,5.260581435706613e-10,0.0,0.0,3755.0,2.8120130372343997e-10,0.0,0.0,10898.0,2.3624239853749876e-10
9.0,10.0,6.0197e-05,16612.0,1.0,2.7199740616471463e-05,0.0,0.0,111682.0,1.6672701965147887e-09,0.0,0.0,1860.0,3.156348861423968e-10,0.0,0.0,3755.0,1.6872078223406398e-10,0.0,0.0,10898.0,1.4174543912249926e-10
9.0,11.0,0.0,16612.0,0.0,1.6319844369882875e-05,8.954e-06,1.0,111682.0,3.5826003621179087e-06,0.0,0.0,1860.0,1.8938093168543807e-10,0.0,0.0,3755.0,1.0123246934043839e-10,0.0,0.0,10898.0,8.504726347349956e-11
9.0,12.0,6.0197e-05,16612.0,1.0,3.3870706621929724e-05,1.7908e-05,2.0,111682.0,9.312760217270745e-06,0.0,0.0,1860.0,1.1362855901126284e-10,0.0,0.0,3755.0,6.073948160426303e-11,0.0,0.0,10898.0,5.102835808409973e-11
9.0,13.0,0.0,16612.0,0.0,2.0322423973157834e-05,4.477e-05,5.0,111682.0,2.349565613036245e-05,0.0,0.0,1860.0,6.81771354067577e-11,0.0,0.0,3755.0,3.6443688962557814e-11,0.0,0.0,10898.0,3.0617014850459835e-11
9.0,14.0,0.0,16612.0,0.0,1.21934543838947e-05,0.0,0.0,111682.0,1.4097393678217469e-05,0.0,0.0,1860.0,4.090628124405462e-11,0.0,0.0,3755.0,2.186621337753469e-11,0.0,0.0,10898.0,1.83702089102759e-11
9.0,15.0,0.0,16612.0,0.0,7.3160726303368194e-06,8.954e-06,1.0,111682.0,1.2040036206930481e-05,0.0,0.0,1860.0,2.4543768746432773e-11,0.0,0.0,3755.0,1.3119728026520813e-11,0.0,0.0,10898.0,1.102212534616554e-11
9.0,16.0,0.000120395,16612.0,2.0,5.2547643578202094e-05,8.0586e-05,9.0,111682.0,3.9458421724158295e-05,0.0,0.0,1860.0,1.4726261247859663e-11,0.0,0.0,3755.0,7.871836815912488e-12,0.0,0.0,10898.0,6.6132752076993236e-12
9.0,17.0,0.00024078900000000001,16612.0,4.0,0.0001278441861469213,0.00013431,15.0,111682.0,7.739905303449498e-05,0.0,0.0,1860.0,8.835756748715797e-12,0.0,0.0,3755.0,4.723102089547493e-12,0.0,0.0,10898.0,3.967965124619594e-12
9.0,18.0,0.000180592,16612.0,3.0,0.00014894331168815279,0.000232803,26.0,111682.0,0.000139560631820697,0.000537622,1.0,1860.0,0.00021504880530145404,0.00053261,2.0,3755.0,0.00021304400283386128,0.000458811,5.0,10898.0,0.0001835244023807791
9.0,19.0,0.000361184,16612.0,6.0,0.0002338395870128917,0.000259665,29.0,111682.0,0.0001876023790924182,0.000537622,1.0,1860.0,0.0003440780831808724,0.00106522,4.0,3755.0,0.0005539144017003169,0.000367049,4.0,10898.0,0.00025693424142846744
9.0,20.0,0.000120395,16612.0,2.0,0.00018846175220773502,0.000456653,51.0,111682.0,0.0002952226274554509,0.0,0.0,1860.0,0.00020644684990852344,0.000266305,1.0,3755.0,0.0004388706410201901,0.000458811,5.0,10898.0,0.0003376849448570805
9.0,21.0,0.00024078900000000001,16612.0,4.0,0.000209392651324641,0.000331297,37.0,111682.0,0.0003096523764732705,0.000537622,1.0,1860.0,0.00033891690994511403,0.000798915,3.0,3755.0,0.000582888384612114,0.000275287,3.0,10898.0,0.0003127257669142483
9.0,22.0,0.00024078900000000001,16612.0,4.0,0.0002219511907947846,0.0005820080000000001,65.0,111682.0,0.00041859462588396233,0.000537622,1.0,1860.0,0.0004183989459670684,0.0,0.0,3755.0,0.0003497330307672684,0.000183524,2.0,10898.0,0.000261045060148549
9.0,23.0,0.000120395,16612.0,2.0,0.00018132871447687076,0.000671548,75.0,111682.0,0.0005197759755303774,0.000537622,1.0,1860.0,0.00046608816758024105,0.0,0.0,3755.0,0.00020983981846036106,0.000642335,7.0,10898.0,0.0004135610360891294
9.0,24.0,0.0,16612.0,0.0,0.00010879722868612246,0.000626778,70.0,111682.0,0.0005625767853182264,0.0,0.0,1860.0,0.0002796529005481446,0.0,0.0,3755.0,0.00012590389107621663,0.00082586,9.0,10898.0,0.0005784806216534776
