year,flu week,PH rate,PH pop,PH count,PH weighted rate,BL rate,BL count,BL pop,BL weighted rate,GF rate,GF count,GF pop,GF weighted rate,VA rate,VA count,VA pop,VA weighted rate
,,,,,0.0,,,,,,,,,,,,
1.0,1.0,0.0,4254.0,0.0,0.0,,,,0.0,,,,0.0,,,,0.0
1.0,2.0,0.0,4254.0,0.0,0.0,0.0,0.0,6503.0,0.0,0.0,0.0,1192.0,0.0,0.0,0.0,7377.0,0.0
1.0,3.0,0.0,4254.0,0.0,0.0,0.0,0.0,6503.0,0.0,0.0,0.0,1192.0,0.0,0.0,0.0,7377.0,0.0
1.0,4.0,0.000235073,4254.0,1.0,9.40292e-05,0.0,0.0,6503.0,0.0,0.0,0.0,1192.0,0.0,0.0,0.0,7377.0,0.0
1.0,5.0,0.0,4254.0,0.0,5.641752e-05,0.0,0.0,6503.0,0.0,0.0,0.0,1192.0,0.0,0.0,0.0,7377.0,0.0
1.0,6.0,0.0,4254.0,0.0,3.3850512e-05,0.0,0.0,6503.0,0.0,0.0,0.0,1192.0,0.0,0.0,0.0,7377.0,0.0
1.0,7.0,0.0,4254.0,0.0,2.0310307199999997e-05,0.0,0.0,6503.0,0.0,0.000838926,1.0,1192.0,0.0003355704,0.0,0.0,7377.0,0.0
1.0,8.0,0.0,4254.0,0.0,1.2186184319999998e-05,0.000153775,1.0,6503.0,6.151000000000001e-05,0.0,0.0,1192.0,0.00020134224000000001,0.000542226,4.0,7377.0,0.00021689040000000002
1.0,9.0,0.0,4254.0,0.0,7.311710591999998e-06,0.00030755,2.0,6503.0,0.00015992600000000004,0.000838926,1.0,1192.0,0.00045637574400000003,0.000948895,7.0,7377.0,0.00050969224
1.0,10.0,0.0,4254.0,0.0,4.3870263551999985e-06,0.0,0.0,6503.0,9.595560000000003e-05,0.000838926,1.0,1192.0,0.0006093958464,0.001220008,9.0,7377.0,0.000793818544
1.0,11.0,0.0,4254.0,0.0,2.632215813119999e-06,0.0,0.0,6503.0,5.757336000000001e-05,0.000838926,1.0,1192.0,0.0007012079078399999,0.002575573,19.0,7377.0,0.0015065203263999998
1.0,12.0,0.0,4254.0,0.0,1.5793294878719994e-06,0.0,0.0,6503.0,3.4544016000000004e-05,0.0,0.0,1192.0,0.00042072474470399994,0.003931137,29.0,7377.0,0.00247636699584
1.0,13.0,0.0,4254.0,0.0,9.475976927231996e-07,0.0,0.0,6503.0,2.0726409600000003e-05,0.0,0.0,1192.0,0.00025243484682239997,0.001084452,8.0,7377.0,0.001919600997504
1.0,14.0,0.0,4254.0,0.0,5.685586156339197e-07,0.0,0.0,6503.0,1.2435845760000002e-05,0.0,0.0,1192.0,0.00015146090809343998,0.0008133389999999999,6.0,7377.0,0.0014770961985023999
1.0,15.0,0.0,4254.0,0.0,3.4113516938035183e-07,0.0,0.0,6503.0,7.461507456000001e-06,0.0,0.0,1192.0,9.087654485606398e-05,0.000542226,4.0,7377.0,0.0011031481191014398
1.0,16.0,0.0,4254.0,0.0,2.046811016282111e-07,0.0,0.0,6503.0,4.476904473600001e-06,0.0,0.0,1192.0,5.452592691363839e-05,0.0,0.0,7377.0,0.0006618888714608639
1.0,17.0,0.0,4254.0,0.0,1.2280866097692665e-07,0.0,0.0,6503.0,2.6861426841600005e-06,0.0,0.0,1192.0,3.2715556148183036e-05,0.0,0.0,7377.0,0.0003971333228765183
1.0,18.0,0.0,4254.0,0.0,7.368519658615598e-08,0.0,0.0,6503.0,1.6116856104960003e-06,0.0,0.0,1192.0,1.962933368890982e-05,0.0,0.0,7377.0,0.00023827999372591098
1.0,19.0,0.0,4254.0,0.0,4.421111795169359e-08,0.0,0.0,6503.0,9.670113662976001e-07,0.0,0.0,1192.0,1.1777600213345892e-05,0.0,0.0,7377.0,0.0001429679962355466
1.0,20.0,0.0,4254.0,0.0,2.652667077101615e-08,0.0,0.0,6503.0,5.8020681977856e-07,0.0,0.0,1192.0,7.066560128007535e-06,0.0,0.0,7377.0,8.578079774132795e-05
1.0,21.0,0.0,4254.0,0.0,1.591600246260969e-08,0.0,0.0,6503.0,3.48124091867136e-07,0.0,0.0,1192.0,4.239936076804521e-06,0.0,0.0,7377.0,5.146847864479677e-05
1.0,22.0,0.0,4254.0,0.0,9.549601477565814e-09,0.0,0.0,6503.0,2.088744551202816e-07,0.0,0.0,1192.0,2.5439616460827125e-06,0.0,0.0,7377.0,3.0881087186878056e-05
1.0,23.0,0.0,4254.0,0.0,5.729760886539488e-09,0.0,0.0,6503.0,1.2532467307216895e-07,0.0,0.0,1192.0,1.5263769876496274e-06,0.0,0.0,7377.0,1.8528652312126833e-05
1.0,24.0,0.0,4254.0,0.0,3.437856531923693e-09,0.0,0.0,6503.0,7.519480384330136e-08,0.0,0.0,1192.0,9.158261925897765e-07,0.0,0.0,7377.0,1.1117191387276099e-05
1.0,25.0,0.0,4254.0,0.0,2.0627139191542156e-09,0.0,0.0,6503.0,4.5116882305980814e-08,0.0,0.0,1192.0,5.494957155538659e-07,0.0,0.0,7377.0,6.670314832365659e-06
1.0,26.0,0.0,4254.0,0.0,1.2376283514925292e-09,0.0,0.0,6503.0,2.7070129383588487e-08,0.0,0.0,1192.0,3.296974293323195e-07,0.0,0.0,7377.0,4.002188899419395e-06
1.0,27.0,0.0,4254.0,0.0,7.425770108955175e-10,0.0,0.0,6503.0,1.624207763015309e-08,0.0,0.0,1192.0,1.978184575993917e-07,0.0,0.0,7377.0,2.401313339651637e-06
1.0,28.0,0.0,4254.0,0.0,4.4554620653731044e-10,0.0,0.0,6503.0,9.745246578091855e-09,0.0,0.0,1192.0,1.18691074559635e-07,0.0,0.0,7377.0,1.440788003790982e-06
1.0,29.0,0.0,4254.0,0.0,2.6732772392238626e-10,0.0,0.0,6503.0,5.8471479468551124e-09,0.0,0.0,1192.0,7.1214644735781e-08,0.0,0.0,7377.0,8.644728022745892e-07
1.0,30.0,0.0,4254.0,0.0,1.6039663435343175e-10,0.0,0.0,6503.0,3.5082887681130672e-09,0.0,0.0,1192.0,4.27287868414686e-08,0.0,0.0,7377.0,5.186836813647535e-07
1.0,31.0,0.0,4254.0,0.0,9.623798061205905e-11,0.0,0.0,6503.0,2.1049732608678403e-09,0.0,0.0,1192.0,2.563727210488116e-08,0.0,0.0,7377.0,3.1121020881885206e-07
1.0,32.0,0.0,4254.0,0.0,5.774278836723543e-11,0.0,0.0,6503.0,1.2629839565207042e-09,0.0,0.0,1192.0,1.5382363262928693e-08,0.0,0.0,7377.0,1.8672612529131123e-07
1.0,33.0,0.0,4254.0,0.0,3.464567302034126e-11,0.0,0.0,6503.0,7.577903739124225e-10,0.0,0.0,1192.0,9.229417957757215e-09,0.0,0.0,7377.0,1.1203567517478673e-07
1.0,34.0,0.0,4254.0,0.0,2.0787403812204753e-11,0.0,0.0,6503.0,4.5467422434745344e-10,0.0,0.0,1192.0,5.537650774654329e-09,0.0,0.0,7377.0,6.722140510487204e-08
1.0,35.0,0.0,4254.0,0.0,1.2472442287322852e-11,0.0,0.0,6503.0,2.7280453460847207e-10,0.0,0.0,1192.0,3.3225904647925974e-09,0.0,0.0,7377.0,4.033284306292322e-08
1.0,36.0,0.0,4254.0,0.0,7.483465372393711e-12,0.0,0.0,6503.0,1.6368272076508322e-10,0.0,0.0,1192.0,1.9935542788755584e-09,0.0,0.0,7377.0,2.419970583775393e-08
1.0,37.0,0.0,4254.0,0.0,4.4900792234362265e-12,0.0,0.0,6503.0,9.820963245904993e-11,0.0,0.0,1192.0,1.196132567325335e-09,0.0,0.0,7377.0,1.4519823502652357e-08
1.0,38.0,0.0,4254.0,0.0,2.6940475340617357e-12,0.0,0.0,6503.0,5.892577947542995e-11,0.0,0.0,1192.0,7.17679540395201e-10,0.0,0.0,7377.0,8.711894101591414e-09
1.0,39.0,0.0,4254.0,0.0,1.6164285204370415e-12,0.0,0.0,6503.0,3.5355467685257967e-11,0.0,0.0,1192.0,4.306077242371206e-10,0.0,0.0,7377.0,5.227136460954848e-09
1.0,40.0,0.0,4254.0,0.0,9.698571122622248e-13,0.0,0.0,6503.0,2.121328061115478e-11,0.0,0.0,1192.0,2.5836463454227236e-10,0.0,0.0,7377.0,3.1362818765729088e-09
1.0,41.0,0.0,4254.0,0.0,5.819142673573348e-13,0.0,0.0,6503.0,1.2727968366692868e-11,0.0,0.0,1192.0,1.550187807253634e-10,0.0,0.0,7377.0,1.881769125943745e-09
1.0,42.0,0.0,4254.0,0.0,3.491485604144009e-13,0.0,0.0,6503.0,7.636781020015721e-12,0.0,0.0,1192.0,9.301126843521805e-11,0.0,0.0,7377.0,1.129061475566247e-09
1.0,43.0,0.0,4254.0,0.0,2.0948913624864053e-13,0.0,0.0,6503.0,4.582068612009433e-12,0.0,0.0,1192.0,5.580676106113083e-11,0.0,0.0,7377.0,6.774368853397482e-10
1.0,44.0,0.0,4254.0,0.0,1.2569348174918432e-13,0.0,0.0,6503.0,2.7492411672056596e-12,0.0,0.0,1192.0,3.348405663667849e-11,0.0,0.0,7377.0,4.0646213120384887e-10
1.0,45.0,0.0,4254.0,0.0,7.541608904951059e-14,0.0,0.0,6503.0,1.6495447003233957e-12,0.0,0.0,1192.0,2.0090433982007097e-11,0.0,0.0,7377.0,2.438772787223093e-10
1.0,46.0,0.0,4254.0,0.0,4.524965342970635e-14,0.0,0.0,6503.0,9.897268201940373e-13,0.0,0.0,1192.0,1.2054260389204258e-11,0.0,0.0,7377.0,1.4632636723338558e-10
1.0,47.0,0.0,4254.0,0.0,2.714979205782381e-14,0.0,0.0,6503.0,5.938360921164224e-13,0.0,0.0,1192.0,7.2325562335225544e-12,0.0,0.0,7377.0,8.779582034003135e-11
1.0,48.0,0.0,4254.0,0.0,1.6289875234694285e-14,0.0,0.0,6503.0,3.5630165526985343e-13,0.0,0.0,1192.0,4.339533740113533e-12,0.0,0.0,7377.0,5.2677492204018804e-11
1.0,49.0,0.0,4254.0,0.0,9.773925140816571e-15,0.0,0.0,6503.0,2.1378099316191204e-13,0.0,0.0,1192.0,2.6037202440681197e-12,0.0,0.0,7377.0,3.160649532241128e-11
1.0,50.0,0.0,4254.0,0.0,5.864355084489943e-15,0.0,0.0,6503.0,1.2826859589714722e-13,0.0,0.0,1192.0,1.5622321464408718e-12,0.0,0.0,7377.0,1.8963897193446767e-11
1.0,51.0,0.0,4254.0,0.0,3.5186130506939657e-15,0.0,0.0,6503.0,7.696115753828833e-14,0.0,0.0,1192.0,9.37339287864523e-13,0.0,0.0,7377.0,1.137833831606806e-11
1.0,52.0,0.0,4254.0,0.0,2.1111678304163793e-15,0.0,0.0,6503.0,4.6176694522972996e-14,0.0,0.0,1192.0,5.624035727187138e-13,0.0,0.0,7377.0,6.827002989640836e-12
1.0,53.0,0.0,4254.0,0.0,1.2667006982498276e-15,0.0,0.0,6503.0,2.7706016713783795e-14,0.0,0.0,1192.0,3.3744214363122824e-13,0.0,0.0,7377.0,4.0962017937845015e-12
2.0,1.0,0.0,4191.0,0.0,7.600204189498966e-16,0.0,0.0,6503.0,1.6623610028270275e-14,0.0,0.0,1192.0,2.0246528617873695e-13,0.0,0.0,7377.0,2.457721076270701e-12
2.0,2.0,0.0,4191.0,0.0,4.560122513699379e-16,0.0,0.0,6573.0,9.974166016962165e-15,0.0,0.0,1254.0,1.2147917170724216e-13,0.0,0.0,7458.0,1.4746326457624204e-12
2.0,3.0,0.0,4191.0,0.0,2.7360735082196275e-16,0.0,0.0,6573.0,5.984499610177298e-15,0.0,0.0,1254.0,7.288750302434529e-14,0.0,0.0,7458.0,8.847795874574523e-13
2.0,4.0,0.0,4191.0,0.0,1.6416441049317765e-16,0.0,0.0,6573.0,3.590699766106379e-15,0.0,0.0,1254.0,4.373250181460717e-14,0.0,0.0,7458.0,5.308677524744714e-13
2.0,5.0,0.0,4191.0,0.0,9.849864629590658e-17,0.0,0.0,6573.0,2.1544198596638274e-15,0.0,0.0,1254.0,2.62395010887643e-14,0.0,0.0,7458.0,3.1852065148468283e-13
2.0,6.0,0.0,4191.0,0.0,5.909918777754395e-17,0.0,0.0,6573.0,1.2926519157982963e-15,0.0,0.0,1254.0,1.5743700653258578e-14,0.0,0.0,7458.0,1.911123908908097e-13
2.0,7.0,0.0,4191.0,0.0,3.5459512666526364e-17,0.0,0.0,6573.0,7.755911494789778e-16,0.0,0.0,1254.0,9.446220391955147e-15,0.0,0.0,7458.0,1.146674345344858e-13
2.0,8.0,0.0,4191.0,0.0,2.127570759991582e-17,0.0,0.0,6573.0,4.653546896873867e-16,0.0,0.0,1254.0,5.667732235173088e-15,0.0,0.0,7458.0,6.880046072069148e-14
2.0,9.0,0.0,4191.0,0.0,1.276542455994949e-17,0.0,0.0,6573.0,2.7921281381243197e-16,0.0,0.0,1254.0,3.4006393411038524e-15,0.0,0.0,7458.0,4.128027643241489e-14
2.0,10.0,0.0,4191.0,0.0,7.659254735969693e-18,0.0,0.0,6573.0,1.6752768828745918e-16,0.0,0.0,1254.0,2.0403836046623115e-15,0.0,0.0,7458.0,2.4768165859448934e-14
2.0,11.0,0.0,4191.0,0.0,4.595552841581816e-18,0.0,0.0,6573.0,1.005166129724755e-16,0.0,0.0,1254.0,1.2242301627973869e-15,0.0,0.0,7458.0,1.486089951566936e-14
2.0,12.0,0.0,4191.0,0.0,2.7573317049490896e-18,0.0,0.0,6573.0,6.03099677834853e-17,0.0,0.0,1254.0,7.345380976784321e-16,0.0,0.0,7458.0,8.916539709401615e-15
2.0,13.0,0.0,4191.0,0.0,1.6543990229694536e-18,0.0,0.0,6573.0,3.618598067009118e-17,0.0,0.0,1254.0,4.4072285860705926e-16,0.0,0.0,7458.0,5.349923825640969e-15
2.0,14.0,0.0,4191.0,0.0,9.926394137816721e-19,0.0,0.0,6573.0,2.1711588402054704e-17,0.0,0.0,1254.0,2.6443371516423553e-16,0.0,0.0,7458.0,3.2099542953845816e-15
2.0,15.0,0.0,4191.0,0.0,5.955836482690033e-19,0.0,0.0,6573.0,1.3026953041232823e-17,0.0,0.0,1254.0,1.586602290985413e-16,0.0,0.0,7458.0,1.9259725772307487e-15
2.0,16.0,0.0,4191.0,0.0,3.5735018896140197e-19,0.0,0.0,6573.0,7.816171824739694e-18,0.0,0.0,1254.0,9.519613745912478e-17,0.0,0.0,7458.0,1.1555835463384491e-15
2.0,17.0,0.0,4191.0,0.0,2.1441011337684117e-19,0.0,0.0,6573.0,4.689703094843816e-18,0.0,0.0,1254.0,5.711768247547487e-17,0.0,0.0,7458.0,6.933501278030695e-16
2.0,18.0,0.0,4191.0,0.0,1.286460680261047e-19,0.00015213799999999999,1.0,6573.0,6.085520000000281e-05,0.0,0.0,1254.0,3.427060948528492e-17,0.0,0.0,7458.0,4.160100766818417e-16
2.0,19.0,0.0,4191.0,0.0,7.718764081566282e-20,0.0,0.0,6573.0,3.651312000000168e-05,0.0,0.0,1254.0,2.056236569117095e-17,0.0,0.0,7458.0,2.49606046009105e-16
2.0,20.0,0.000238607,4191.0,1.0,9.544280000000004e-05,0.0,0.0,6573.0,2.190787200000101e-05,0.0,0.0,1254.0,1.233741941470257e-17,0.0,0.0,7458.0,1.49763627605463e-16
2.0,21.0,0.000238607,4191.0,1.0,0.00015270848000000002,0.0,0.0,6573.0,1.3144723200000606e-05,0.0,0.0,1254.0,7.402451648821542e-18,0.0,0.0,7458.0,8.98581765632778e-17
2.0,22.0,0.000238607,4191.0,1.0,0.000187067888,0.0,0.0,6573.0,7.886833920000362e-06,0.0,0.0,1254.0,4.441470989292925e-18,0.000536337,4.0,7458.0,0.00021453480000005392
2.0,23.0,0.0,4191.0,0.0,0.00011224073279999998,0.0,0.0,6573.0,4.732100352000217e-06,0.0,0.0,1254.0,2.664882593575755e-18,0.000268168,2.0,7458.0,0.00023598808000003233
2.0,24.0,0.0,4191.0,0.0,6.734443968e-05,0.00015213799999999999,1.0,6573.0,6.369446021120013e-05,0.0,0.0,1254.0,1.5989295561454528e-18,0.000134084,1.0,7458.0,0.00019522644800001938
2.0,25.0,0.0,4191.0,0.0,4.0406663807999995e-05,0.0,0.0,6573.0,3.821667612672008e-05,0.0,0.0,1254.0,9.593577336872716e-19,0.000268168,2.0,7458.0,0.0002244030688000116
2.0,26.0,0.0,4191.0,0.0,2.4243998284799997e-05,0.00060855,4.0,6573.0,0.00026635000567603207,0.0,0.0,1254.0,5.756146402123629e-19,0.0,0.0,7458.0,0.00013464184128000696
2.0,27.0,0.0,4191.0,0.0,1.4546398970879997e-05,0.0,0.0,6573.0,0.00015981000340561924,0.0,0.0,1254.0,3.4536878412741776e-19,0.001072674,8.0,7458.0,0.0005098547047680042
2.0,28.0,0.0,4191.0,0.0,8.727839382527998e-06,0.0,0.0,6573.0,9.588600204337154e-05,0.0,0.0,1254.0,2.0722127047645064e-19,0.0032180209999999997,24.0,7458.0,0.0015931212228608024
2.0,29.0,0.0,4191.0,0.0,5.236703629516799e-06,0.0,0.0,6573.0,5.753160122602292e-05,0.0,0.0,1254.0,1.2433276228587038e-19,0.002413516,18.0,7458.0,0.0019212791337164816
2.0,30.0,0.0,4191.0,0.0,3.142022177710079e-06,0.0,0.0,6573.0,3.451896073561375e-05,0.0,0.0,1254.0,7.459965737152222e-20,0.000536337,4.0,7458.0,0.001367302280229889
2.0,31.0,0.0,4191.0,0.0,1.8852133066260475e-06,0.0,0.0,6573.0,2.071137644136825e-05,0.0,0.0,1254.0,4.475979442291333e-20,0.000804505,6.0,7458.0,0.0011421833681379333
2.0,32.0,0.0,4191.0,0.0,1.1311279839756285e-06,0.0,0.0,6573.0,1.2426825864820949e-05,0.0,0.0,1254.0,2.6855876653747998e-20,0.000134084,1.0,7458.0,0.00073894362088276
2.0,33.0,0.0,4191.0,0.0,6.786767903853771e-07,0.0,0.0,6573.0,7.456095518892569e-06,0.0,0.0,1254.0,1.6113525992248797e-20,0.0,0.0,7458.0,0.000443366172529656
2.0,34.0,0.0,4191.0,0.0,4.0720607423122623e-07,0.0,0.0,6573.0,4.473657311335541e-06,0.0,0.0,1254.0,9.668115595349278e-21,0.0,0.0,7458.0,0.0002660197035177936
2.0,35.0,0.0,4191.0,0.0,2.443236445387357e-07,0.0,0.0,6573.0,2.6841943868013243e-06,0.0,0.0,1254.0,5.800869357209567e-21,0.0,0.0,7458.0,0.00015961182211067615
2.0,36.0,0.0,4191.0,0.0,1.4659418672324142e-07,0.0,0.0,6573.0,1.6105166320807945e-06,0.0,0.0,1254.0,3.48052161432574e-21,0.0,0.0,7458.0,9.576709326640569e-05
2.0,37.0,0.0,4191.0,0.0,8.795651203394485e-08,0.0,0.0,6573.0,9.663099792484767e-07,0.0,0.0,1254.0,2.0883129685954436e-21,0.0,0.0,7458.0,5.746025595984341e-05
2.0,38.0,0.0,4191.0,0.0,5.2773907220366904e-08,0.0,0.0,6573.0,5.797859875490861e-07,0.0,0.0,1254.0,1.2529877811572662e-21,0.0,0.0,7458.0,3.447615357590605e-05
2.0,39.0,0.0,4191.0,0.0,3.166434433222014e-08,0.0,0.0,6573.0,3.478715925294516e-07,0.0,0.0,1254.0,7.517926686943597e-22,0.0,0.0,7458.0,2.0685692145543627e-05
2.0,40.0,0.0,4191.0,0.0,1.8998606599332085e-08,0.0,0.0,6573.0,2.0872295551767097e-07,0.0,0.0,1254.0,4.510756012166158e-22,0.0,0.0,7458.0,1.2411415287326177e-05
2.0,41.0,0.0,4191.0,0.0,1.1399163959599251e-08,0.0,0.0,6573.0,1.2523377331060258e-07,0.0,0.0,1254.0,2.7064536072996946e-22,0.0,0.0,7458.0,7.4468491723957055e-06
2.0,42.0,0.0,4191.0,0.0,6.83949837575955e-09,0.0,0.0,6573.0,7.514026398636154e-08,0.0,0.0,1254.0,1.6238721643798167e-22,0.0,0.0,7458.0,4.468109503437423e-06
2.0,43.0,0.0,4191.0,0.0,4.10369902545573e-09,0.0,0.0,6573.0,4.508415839181692e-08,0.0,0.0,1254.0,9.7432329862789e-23,0.0,0.0,7458.0,2.6808657020624538e-06
2.0,44.0,0.0,4191.0,0.0,2.4622194152734376e-09,0.0,0.0,6573.0,2.705049503509015e-08,0.0,0.0,1254.0,5.84593979176734e-23,0.0,0.0,7458.0,1.6085194212374722e-06
2.0,45.0,0.0,4191.0,0.0,1.4773316491640625e-09,0.0,0.0,6573.0,1.6230297021054088e-08,0.0,0.0,1254.0,3.5075638750604036e-23,0.0,0.0,7458.0,9.651116527424832e-07
2.0,46.0,0.0,4191.0,0.0,8.863989894984374e-10,0.0,0.0,6573.0,9.738178212632452e-09,0.0,0.0,1254.0,2.104538325036242e-23,0.0,0.0,7458.0,5.790669916454899e-07
2.0,47.0,0.0,4191.0,0.0,5.318393936990624e-10,0.0,0.0,6573.0,5.842906927579471e-09,0.0,0.0,1254.0,1.2627229950217452e-23,0.0,0.0,7458.0,3.4744019498729394e-07
2.0,48.0,0.0,4191.0,0.0,3.1910363621943744e-10,0.0,0.0,6573.0,3.5057441565476826e-09,0.0,0.0,1254.0,7.576337970130471e-24,0.0,0.0,7458.0,2.0846411699237637e-07
2.0,49.0,0.0,4191.0,0.0,1.9146218173166246e-10,0.0,0.0,6573.0,2.1034464939286096e-09,0.0,0.0,1254.0,4.5458027820782825e-24,0.0,0.0,7458.0,1.2507847019542581e-07
2.0,50.0,0.0,4191.0,0.0,1.1487730903899747e-10,0.0,0.0,6573.0,1.2620678963571658e-09,0.0,0.0,1254.0,2.7274816692469695e-24,0.0,0.0,7458.0,7.504708211725549e-08
2.0,51.0,0.0,4191.0,0.0,6.892638542339847e-11,0.0,0.0,6573.0,7.572407378142995e-10,0.0,0.0,1254.0,1.6364890015481816e-24,0.0,0.0,7458.0,4.502824927035329e-08
2.0,52.0,0.0,4191.0,0.0,4.135583125403908e-11,0.0,0.0,6573.0,4.5434444268857965e-10,0.0,0.0,1254.0,9.81893400928909e-25,0.0,0.0,7458.0,2.7016949562211974e-08
3.0,1.0,0.0,4116.0,0.0,2.4813498752423447e-11,0.0,0.0,6573.0,2.7260666561314777e-10,0.0,0.0,1254.0,5.891360405573453e-25,0.0,0.0,7458.0,1.6210169737327184e-08
3.0,2.0,0.0,4116.0,0.0,1.4888099251454067e-11,0.0,0.0,6656.0,1.6356399936788865e-10,0.0,0.0,1244.0,3.534816243344072e-25,0.0,0.0,7497.0,9.72610184239631e-09
3.0,3.0,0.0,4116.0,0.0,8.93285955087244e-12,0.0,0.0,6656.0,9.813839962073318e-11,0.0,0.0,1244.0,2.120889746006443e-25,0.0,0.0,7497.0,5.835661105437786e-09
3.0,4.0,0.0,4116.0,0.0,5.3597157305234635e-12,0.0,0.0,6656.0,5.88830397724399e-11,0.0,0.0,1244.0,1.2725338476038658e-25,0.0,0.0,7497.0,3.501396663262671e-09
3.0,5.0,0.0,4116.0,0.0,3.215829438314078e-12,0.0,0.0,6656.0,3.5329823863463944e-11,0.0,0.0,1244.0,7.635203085623195e-26,0.0,0.0,7497.0,2.1008379979576027e-09
3.0,6.0,0.0,4116.0,0.0,1.9294976629884466e-12,0.0,0.0,6656.0,2.1197894318078366e-11,0.0,0.0,1244.0,4.581121851373917e-26,0.0,0.0,7497.0,1.2605027987745615e-09
3.0,7.0,0.0,4116.0,0.0,1.157698597793068e-12,0.0,0.0,6656.0,1.2718736590847019e-11,0.0,0.0,1244.0,2.74867311082435e-26,0.0,0.0,7497.0,7.563016792647368e-10
3.0,8.0,0.0,4116.0,0.0,6.946191586758408e-13,0.0,0.0,6656.0,7.63124195450821e-12,0.0,0.0,1244.0,1.64920386649461e-26,0.0,0.0,7497.0,4.5378100755884206e-10
3.0,9.0,0.0,4116.0,0.0,4.1677149520550447e-13,0.0,0.0,6656.0,4.578745172704926e-12,0.0,0.0,1244.0,9.89522319896766e-27,0.0,0.0,7497.0,2.722686045353052e-10
3.0,10.0,0.0,4116.0,0.0,2.5006289712330267e-13,0.0,0.0,6656.0,2.7472471036229553e-12,0.0,0.0,1244.0,5.937133919380596e-27,0.0,0.0,7497.0,1.633611627211831e-10
3.0,11.0,0.0,4116.0,0.0,1.500377382739816e-13,0.0,0.0,6656.0,1.6483482621737731e-12,0.0,0.0,1244.0,3.562280351628358e-27,0.0,0.0,7497.0,9.801669763270986e-11
3.0,12.0,0.0,4116.0,0.0,9.002264296438895e-14,0.0,0.0,6656.0,9.890089573042638e-13,0.0,0.0,1244.0,2.1373682109770147e-27,0.0,0.0,7497.0,5.881001857962591e-11
3.0,13.0,0.0,4116.0,0.0,5.401358577863337e-14,0.0,0.0,6656.0,5.934053743825582e-13,0.0,0.0,1244.0,1.2824209265862088e-27,0.0,0.0,7497.0,3.5286011147775545e-11
3.0,14.0,0.0,4116.0,0.0,3.240815146718002e-14,0.0,0.0,6656.0,3.560432246295349e-13,0.0,0.0,1244.0,7.694525559517252e-28,0.0,0.0,7497.0,2.1171606688665325e-11
3.0,15.0,0.0,4116.0,0.0,1.9444890880308012e-14,0.0,0.0,6656.0,2.1362593477772093e-13,0.0,0.0,1244.0,4.616715335710351e-28,0.0,0.0,7497.0,1.2702964013199194e-11
3.0,16.0,0.0,4116.0,0.0,1.1666934528184808e-14,0.0,0.0,6656.0,1.2817556086663255e-13,0.0,0.0,1244.0,2.7700292014262105e-28,0.0,0.0,7497.0,7.621778407919515e-12
3.0,17.0,0.0,4116.0,0.0,7.000160716910884e-15,0.0,0.0,6656.0,7.690533651997953e-14,0.0,0.0,1244.0,1.6620175208557262e-28,0.0,0.0,7497.0,4.573067044751709e-12
3.0,18.0,0.0,4116.0,0.0,4.2000964301465305e-15,0.0,0.0,6656.0,4.6143201911987714e-14,0.0,0.0,1244.0,9.972105125134357e-29,0.0,0.0,7497.0,2.7438402268510257e-12
3.0,19.0,0.0,4116.0,0.0,2.520057858087918e-15,0.0,0.0,6656.0,2.7685921147192628e-14,0.0,0.0,1244.0,5.983263075080614e-29,0.0,0.0,7497.0,1.6463041361106154e-12
3.0,20.0,0.0,4116.0,0.0,1.5120347148527508e-15,0.0,0.0,6656.0,1.6611552688315575e-14,0.0,0.0,1244.0,3.589957845048368e-29,0.0,0.0,7497.0,9.877824816663692e-13
3.0,21.0,0.0,4116.0,0.0,9.072208289116504e-16,0.0,0.0,6656.0,9.966931612989345e-15,0.0,0.0,1244.0,2.153974707029021e-29,0.0,0.0,7497.0,5.926694889998215e-13
3.0,22.0,0.0,4116.0,0.0,5.443324973469902e-16,0.0,0.0,6656.0,5.980158967793607e-15,0.0,0.0,1244.0,1.2923848242174125e-29,0.0,0.0,7497.0,3.5560169339989287e-13
3.0,23.0,0.0,4116.0,0.0,3.2659949840819413e-16,0.0,0.0,6656.0,3.588095380676164e-15,0.0,0.0,1244.0,7.754308945304476e-30,0.0,0.0,7497.0,2.133610160399357e-13
3.0,24.0,0.000242954,4116.0,1.0,9.718160000019596e-05,0.0,0.0,6656.0,2.1528572284056984e-15,0.0,0.0,1244.0,4.6525853671826855e-30,0.0,0.0,7497.0,1.2801660962396143e-13
3.0,25.0,0.0,4116.0,0.0,5.830896000011757e-05,0.0,0.0,6656.0,1.291714337043419e-15,0.0,0.0,1244.0,2.7915512203096114e-30,0.0,0.0,7497.0,7.680996577437685e-14
3.0,26.0,0.0,4116.0,0.0,3.498537600007054e-05,0.0,0.0,6656.0,7.750286022260513e-16,0.0,0.0,1244.0,1.6749307321857667e-30,0.0,0.0,7497.0,4.608597946462611e-14
3.0,27.0,0.0,4116.0,0.0,2.0991225600042322e-05,0.0,0.0,6656.0,4.650171613356308e-16,0.0,0.0,1244.0,1.00495843931146e-30,0.0,0.0,7497.0,2.7651587678775665e-14
3.0,28.0,0.0,4116.0,0.0,1.2594735360025393e-05,0.0,0.0,6656.0,2.7901029680137844e-16,0.0,0.0,1244.0,6.02975063586876e-31,0.000266773,2.0,7497.0,0.00010670920001659095
3.0,29.0,0.0,4116.0,0.0,7.556841216015235e-06,0.0,0.0,6656.0,1.6740617808082706e-16,0.0,0.0,1244.0,3.617850381521256e-31,0.0,0.0,7497.0,6.402552000995457e-05
3.0,30.0,0.0,4116.0,0.0,4.534104729609141e-06,0.0,0.0,6656.0,1.0044370684849623e-16,0.0,0.0,1244.0,2.1707102289127537e-31,0.0,0.0,7497.0,3.841531200597274e-05
3.0,31.0,0.0,4116.0,0.0,2.7204628377654847e-06,0.0,0.0,6656.0,6.026622410909774e-17,0.0,0.0,1244.0,1.3024261373476522e-31,0.0,0.0,7497.0,2.304918720358364e-05
3.0,32.0,0.0,4116.0,0.0,1.6322777026592907e-06,0.0,0.0,6656.0,3.615973446545864e-17,0.0,0.0,1244.0,7.814556824085913e-32,0.0,0.0,7497.0,1.3829512322150184e-05
3.0,33.0,0.0,4116.0,0.0,9.793666215955743e-07,0.0,0.0,6656.0,2.1695840679275183e-17,0.0,0.0,1244.0,4.6887340944515473e-32,0.0,0.0,7497.0,8.29770739329011e-06
3.0,34.0,0.0,4116.0,0.0,5.876199729573446e-07,0.0,0.0,6656.0,1.301750440756511e-17,0.0,0.0,1244.0,2.813240456670928e-32,0.000133387,1.0,7497.0,5.833342443597407e-05
3.0,35.0,0.0,4116.0,0.0,3.5257198377440673e-07,0.0,0.0,6656.0,7.810502644539065e-18,0.0,0.0,1244.0,1.6879442740025567e-32,0.0,0.0,7497.0,3.500005466158444e-05
3.0,36.0,0.0,4116.0,0.0,2.1154319026464404e-07,0.0,0.0,6656.0,4.686301586723439e-18,0.0,0.0,1244.0,1.012766564401534e-32,0.000133387,1.0,7497.0,7.435483279695068e-05
3.0,37.0,0.0,4116.0,0.0,1.2692591415878642e-07,0.0,0.0,6656.0,2.8117809520340634e-18,0.0,0.0,1244.0,6.0765993864092035e-33,0.0,0.0,7497.0,4.46128996781704e-05
3.0,38.0,0.0,4116.0,0.0,7.615554849527185e-08,0.0,0.0,6656.0,1.687068571220438e-18,0.0,0.0,1244.0,3.645959631845522e-33,0.0,0.0,7497.0,2.6767739806902242e-05
3.0,39.0,0.0,4116.0,0.0,4.569332909716311e-08,0.0,0.0,6656.0,1.0122411427322628e-18,0.0,0.0,1244.0,2.187575779107313e-33,0.0,0.0,7497.0,1.6060643884141343e-05
3.0,40.0,0.0,4116.0,0.0,2.7415997458297864e-08,0.0,0.0,6656.0,6.073446856393576e-19,0.0,0.0,1244.0,1.3125454674643877e-33,0.0,0.0,7497.0,9.636386330484805e-06
3.0,41.0,0.0,4116.0,0.0,1.6449598474978717e-08,0.0,0.0,6656.0,3.6440681138361454e-19,0.0,0.0,1244.0,7.875272804786326e-34,0.0,0.0,7497.0,5.781831798290883e-06
3.0,42.0,0.0,4116.0,0.0,9.86975908498723e-09,0.0,0.0,6656.0,2.186440868301687e-19,0.0,0.0,1244.0,4.725163682871796e-34,0.0,0.0,7497.0,3.4690990789745294e-06
3.0,43.0,0.0,4116.0,0.0,5.921855450992338e-09,0.0,0.0,6656.0,1.3118645209810122e-19,0.0,0.0,1244.0,2.8350982097230775e-34,0.0,0.0,7497.0,2.0814594473847176e-06
3.0,44.0,0.0,4116.0,0.0,3.5531132705954028e-09,0.0,0.0,6656.0,7.871187125886073e-20,0.0,0.0,1244.0,1.7010589258338464e-34,0.0,0.0,7497.0,1.2488756684308304e-06
3.0,45.0,0.0,4116.0,0.0,2.1318679623572414e-09,0.0,0.0,6656.0,4.722712275531644e-20,0.0,0.0,1244.0,1.0206353555003079e-34,0.0,0.0,7497.0,7.493254010584982e-07
3.0,46.0,0.0,4116.0,0.0,1.2791207774143449e-09,0.0,0.0,6656.0,2.8336273653189865e-20,0.0,0.0,1244.0,6.123812133001847e-35,0.0,0.0,7497.0,4.495952406350989e-07
3.0,47.0,0.0,4116.0,0.0,7.674724664486069e-10,0.0,0.0,6656.0,1.700176419191392e-20,0.0,0.0,1244.0,3.674287279801108e-35,0.0,0.0,7497.0,2.6975714438105934e-07
3.0,48.0,0.0,4116.0,0.0,4.6048347986916416e-10,0.0,0.0,6656.0,1.020105851514835e-20,0.0,0.0,1244.0,2.2045723678806646e-35,0.0,0.0,7497.0,1.618542866286356e-07
3.0,49.0,0.0,4116.0,0.0,2.762900879214985e-10,0.0,0.0,6656.0,6.12063510908901e-21,0.0,0.0,1244.0,1.3227434207283986e-35,0.0,0.0,7497.0,9.711257197718136e-08
3.0,50.0,0.0,4116.0,0.0,1.6577405275289907e-10,0.0,0.0,6656.0,3.672381065453406e-21,0.0,0.0,1244.0,7.936460524370392e-36,0.0,0.0,7497.0,5.8267543186308814e-08
3.0,51.0,0.0,4116.0,0.0,9.946443165173943e-11,0.0,0.0,6656.0,2.2034286392720437e-21,0.0,0.0,1244.0,4.761876314622235e-36,0.0,0.0,7497.0,3.496052591178529e-08
3.0,52.0,0.0,4116.0,0.0,5.967865899104365e-11,0.0,0.0,6656.0,1.3220571835632262e-21,0.0,0.0,1244.0,2.857125788773341e-36,0.0,0.0,7497.0,2.0976315547071174e-08
4.0,1.0,0.0,4153.0,0.0,3.580719539462619e-11,0.0,0.0,6656.0,7.932343101379357e-22,0.0,0.0,1244.0,1.7142754732640046e-36,0.0,0.0,7497.0,1.2585789328242704e-08
4.0,2.0,0.0,4153.0,0.0,2.1484317236775714e-11,0.0,0.0,6596.0,4.759405860827614e-22,0.0,0.0,1254.0,1.0285652839584027e-36,0.0,0.0,7614.0,7.551473596945622e-09
4.0,3.0,0.0,4153.0,0.0,1.2890590342065428e-11,0.0,0.0,6596.0,2.855643516496568e-22,0.0,0.0,1254.0,6.171391703750416e-37,0.0,0.0,7614.0,4.530884158167373e-09
4.0,4.0,0.0,4153.0,0.0,7.734354205239257e-12,0.0,0.0,6596.0,1.7133861098979408e-22,0.0,0.0,1254.0,3.7028350222502495e-37,0.0,0.0,7614.0,2.718530494900424e-09
4.0,5.0,0.0,4153.0,0.0,4.640612523143554e-12,0.0,0.0,6596.0,1.0280316659387644e-22,0.0,0.0,1254.0,2.2217010133501496e-37,0.0,0.0,7614.0,1.6311182969402543e-09
4.0,6.0,0.0,4153.0,0.0,2.7843675138861325e-12,0.0,0.0,6596.0,6.168189995632586e-23,0.0,0.0,1254.0,1.3330206080100897e-37,0.0,0.0,7614.0,9.786709781641526e-10
4.0,7.0,0.0009631589999999999,4153.0,4.0,0.0003852636016706205,0.000606428,4.0,6596.0,0.0002425712,0.0,0.0,1254.0,7.998123648060538e-38,0.0,0.0,7614.0,5.872025868984915e-10
4.0,8.0,0.0,4153.0,0.0,0.0002311581610023723,0.000303214,2.0,6596.0,0.00026682832,0.0,0.0,1254.0,4.798874188836322e-38,0.0,0.0,7614.0,3.523215521390949e-10
4.0,9.0,0.0,4153.0,0.0,0.00013869489660142337,0.0,0.0,6596.0,0.000160096992,0.0,0.0,1254.0,2.8793245133017934e-38,0.0,0.0,7614.0,2.1139293128345693e-10
4.0,10.0,0.00048158,4153.0,2.0,0.00027584893796085404,0.0,0.0,6596.0,9.60581952e-05,0.0,0.0,1254.0,1.727594707981076e-38,0.0,0.0,7614.0,1.2683575877007415e-10
4.0,11.0,0.0,4153.0,0.0,0.0001655093627765124,0.0,0.0,6596.0,5.763491712e-05,0.0,0.0,1254.0,1.0365568247886456e-38,0.0,0.0,7614.0,7.610145526204449e-11
4.0,12.0,0.0,4153.0,0.0,9.930561766590745e-05,0.0,0.0,6596.0,3.4580950271999996e-05,0.0,0.0,1254.0,6.219340948731873e-39,0.0,0.0,7614.0,4.566087315722669e-11
4.0,13.0,0.0,4153.0,0.0,5.958337059954446e-05,0.0,0.0,6596.0,2.0748570163199997e-05,0.0,0.0,1254.0,3.7316045692391236e-39,0.0,0.0,7614.0,2.7396523894336014e-11
4.0,14.0,0.00024079,4153.0,1.0,0.00013206602235972667,0.0,0.0,6596.0,1.2449142097919998e-05,0.0,0.0,1254.0,2.238962741543474e-39,0.0,0.0,7614.0,1.6437914336601606e-11
4.0,15.0,0.0,4153.0,0.0,7.9239613415836e-05,0.0,0.0,6596.0,7.469485258751998e-06,0.0,0.0,1254.0,1.3433776449260843e-39,0.0,0.0,7614.0,9.862748601960963e-12
4.0,16.0,0.00024079,4153.0,1.0,0.0001438597680495016,0.0,0.0,6596.0,4.481691155251199e-06,0.0,0.0,1254.0,8.060265869556505e-40,0.0,0.0,7614.0,5.9176491611765775e-12
4.0,17.0,0.002407898,4153.0,10.0,0.0010494750608297009,0.0,0.0,6596.0,2.689014693150719e-06,0.0,0.0,1254.0,4.836159521733903e-40,0.0,0.0,7614.0,3.5505894967059465e-12
4.0,18.0,0.0007223689999999999,4153.0,3.0,0.0009186326364978206,0.0,0.0,6596.0,1.6134088158904315e-06,0.0,0.0,1254.0,2.9016957130403416e-40,0.000656685,5.0,7614.0,0.0002626740021303537
4.0,19.0,0.003130267,4153.0,13.0,0.0018032863818986922,0.0,0.0,6596.0,9.680452895342588e-07,0.0,0.0,1254.0,1.7410174278242049e-40,0.000656685,5.0,7614.0,0.0004202784012782122
4.0,20.0,0.0,4153.0,0.0,0.0010819718291392153,0.000606428,4.0,6596.0,0.00024315202717372055,0.0,0.0,1254.0,1.0446104566945228e-40,0.000788022,6.0,7614.0,0.0005673758407669274
4.0,21.0,0.0016855289999999998,4153.0,7.0,0.0013233946974835291,0.000303214,2.0,6596.0,0.0002671768163042323,0.0,0.0,1254.0,6.267662740167137e-41,0.000525348,4.0,7614.0,0.0005505647044601565
4.0,22.0,0.002407898,4153.0,10.0,0.0017571960184901174,0.000303214,2.0,6596.0,0.0002815916897825394,0.0,0.0,1254.0,3.760597644100282e-41,0.000525348,4.0,7614.0,0.0005404780226760939
4.0,23.0,0.004815796,4153.0,20.0,0.00298063601109407,0.001061249,7.0,6596.0,0.0005934546138695237,0.0,0.0,1254.0,2.2563585864601693e-41,0.000394011,3.0,7614.0,0.00048189121360565635
4.0,24.0,0.001444739,4153.0,6.0,0.002366277206656442,0.002425713,16.0,6596.0,0.0013263579683217143,0.0,0.0,1254.0,1.3538151518761015e-41,0.000788022,6.0,7614.0,0.0006043435281633939
4.0,25.0,0.0007223689999999999,4153.0,3.0,0.001708713923993865,0.000303214,2.0,6596.0,0.0009171003809930286,0.0,0.0,1254.0,8.122890911256608e-42,0.000788022,6.0,7614.0,0.0006778149168980363
4.0,26.0,0.002889477,4153.0,12.0,0.002181019154396319,0.000151607,1.0,6596.0,0.0006109030285958171,0.0,0.0,1254.0,4.873734546753965e-42,0.000656685,5.0,7614.0,0.0006693629501388217
4.0,27.0,0.0,4153.0,0.0,0.0013086114926377913,0.001212856,8.0,6596.0,0.0008516842171574902,0.0,0.0,1254.0,2.924240728052379e-42,0.000394011,3.0,7614.0,0.000559222170083293
4.0,28.0,0.0007223689999999999,4153.0,3.0,0.0010741144955826749,0.000151607,1.0,6596.0,0.0005716533302944941,0.0,0.0,1254.0,1.7545444368314275e-42,0.000262674,2.0,7614.0,0.0004406029020499758
4.0,29.0,0.0007223689999999999,4153.0,3.0,0.0009334162973496049,0.0,0.0,6596.0,0.0003429919981766965,0.0,0.0,1254.0,1.0527266620988565e-42,0.000262674,2.0,7614.0,0.00036943134122998544
4.0,30.0,0.0,4153.0,0.0,0.0005600497784097629,0.0,0.0,6596.0,0.00020579519890601787,0.0,0.0,1254.0,6.316359972593139e-43,0.0,0.0,7614.0,0.00022165880473799126
4.0,31.0,0.0,4153.0,0.0,0.00033602986704585775,0.0,0.0,6596.0,0.00012347711934361072,0.0,0.0,1254.0,3.789815983555883e-43,0.0,0.0,7614.0,0.00013299528284279474
4.0,32.0,0.0,4153.0,0.0,0.00020161792022751465,0.0,0.0,6596.0,7.408627160616643e-05,0.0,0.0,1254.0,2.2738895901335297e-43,0.0,0.0,7614.0,7.979716970567685e-05
4.0,33.0,0.0,4153.0,0.0,0.00012097075213650878,0.0,0.0,6596.0,4.445176296369985e-05,0.0,0.0,1254.0,1.3643337540801178e-43,0.0,0.0,7614.0,4.787830182340611e-05
4.0,34.0,0.0,4153.0,0.0,7.258245128190527e-05,0.000151607,1.0,6596.0,8.731385777821991e-05,0.0,0.0,1254.0,8.186002524480707e-44,0.0,0.0,7614.0,2.8726981094043665e-05
4.0,35.0,0.00024079,4153.0,1.0,0.00013986547076914315,0.0,0.0,6596.0,5.238831466693194e-05,0.0,0.0,1254.0,4.911601514688424e-44,0.0,0.0,7614.0,1.7236188656426197e-05
4.0,36.0,0.0,4153.0,0.0,8.391928246148589e-05,0.0,0.0,6596.0,3.143298880015916e-05,0.0,0.0,1254.0,2.9469609088130545e-44,0.0,0.0,7614.0,1.0341713193855718e-05
4.0,37.0,0.0,4153.0,0.0,5.035156947689153e-05,0.0,0.0,6596.0,1.8859793280095496e-05,0.0,0.0,1254.0,1.7681765452878326e-44,0.0,0.0,7614.0,6.205027916313431e-06
4.0,38.0,0.0,4153.0,0.0,3.0210941686134917e-05,0.0,0.0,6596.0,1.1315875968057297e-05,0.0,0.0,1254.0,1.0609059271726994e-44,0.0,0.0,7614.0,3.7230167497880586e-06
4.0,39.0,0.0,4153.0,0.0,1.8126565011680948e-05,0.0,0.0,6596.0,6.789525580834378e-06,0.0,0.0,1254.0,6.365435563036196e-45,0.0,0.0,7614.0,2.233810049872835e-06
4.0,40.0,0.0,4153.0,0.0,1.0875939007008568e-05,0.0,0.0,6596.0,4.073715348500627e-06,0.0,0.0,1254.0,3.819261337821718e-45,0.0,0.0,7614.0,1.3402860299237008e-06
4.0,41.0,0.0,4153.0,0.0,6.525563404205141e-06,0.0,0.0,6596.0,2.444229209100376e-06,0.0,0.0,1254.0,2.2915568026930306e-45,0.0,0.0,7614.0,8.041716179542204e-07
4.0,42.0,0.0,4153.0,0.0,3.9153380425230845e-06,0.0,0.0,6596.0,1.4665375254602257e-06,0.0,0.0,1254.0,1.3749340816158183e-45,0.0,0.0,7614.0,4.825029707725323e-07
4.0,43.0,0.0,4153.0,0.0,2.3492028255138507e-06,0.0,0.0,6596.0,8.799225152761354e-07,0.0,0.0,1254.0,8.249604489694909e-46,0.0,0.0,7614.0,2.8950178246351935e-07
4.0,44.0,0.0,4153.0,0.0,1.4095216953083103e-06,0.0,0.0,6596.0,5.279535091656812e-07,0.0,0.0,1254.0,4.9497626938169455e-46,0.0,0.0,7614.0,1.737010694781116e-07
4.0,45.0,0.0,4153.0,0.0,8.457130171849862e-07,0.0,0.0,6596.0,3.1677210549940873e-07,0.0,0.0,1254.0,2.9698576162901672e-46,0.0,0.0,7614.0,1.0422064168686696e-07
4.0,46.0,0.0,4153.0,0.0,5.074278103109917e-07,0.0,0.0,6596.0,1.9006326329964524e-07,0.0,0.0,1254.0,1.7819145697741e-46,0.0,0.0,7614.0,6.253238501212017e-08
4.0,47.0,0.0,4153.0,0.0,3.04456686186595e-07,0.0,0.0,6596.0,1.1403795797978713e-07,0.0,0.0,1254.0,1.06914874186446e-46,0.0,0.0,7614.0,3.75194310072721e-08
4.0,48.0,0.0,4153.0,0.0,1.82674011711957e-07,0.0,0.0,6596.0,6.842277478787228e-08,0.0,0.0,1254.0,6.414892451186759e-47,0.0,0.0,7614.0,2.251165860436326e-08
4.0,49.0,0.0,4153.0,0.0,1.096044070271742e-07,0.0,0.0,6596.0,4.105366487272337e-08,0.0,0.0,1254.0,3.8489354707120556e-47,0.0,0.0,7614.0,1.3506995162617954e-08
4.0,50.0,0.0,4153.0,0.0,6.576264421630451e-08,0.0,0.0,6596.0,2.463219892363402e-08,0.0,0.0,1254.0,2.309361282427233e-47,0.0,0.0,7614.0,8.104197097570772e-09
4.0,51.0,0.0,4153.0,0.0,3.945758652978271e-08,0.0,0.0,6596.0,1.4779319354180412e-08,0.0,0.0,1254.0,1.3856167694563398e-47,0.0,0.0,7614.0,4.862518258542463e-09
4.0,52.0,0.0,4153.0,0.0,2.3674551917869625e-08,0.0,0.0,6596.0,8.867591612508247e-09,0.0,0.0,1254.0,8.313700616738039e-48,0.0,0.0,7614.0,2.9175109551254775e-09
5.0,1.0,0.0,4165.0,0.0,1.4204731150721775e-08,0.0,0.0,6596.0,5.320554967504948e-09,0.0,0.0,1254.0,4.988220370042823e-48,0.0,0.0,7614.0,1.7505065730752865e-09
5.0,2.0,0.0,4165.0,0.0,8.522838690433065e-09,0.0,0.0,6650.0,3.1923329805029687e-09,0.0,0.0,1275.0,2.992932222025694e-48,0.0,0.0,7613.0,1.0503039438451718e-09
5.0,3.0,0.0,4165.0,0.0,5.1137032142598386e-09,0.0,0.0,6650.0,1.915399788301781e-09,0.0,0.0,1275.0,1.7957593332154162e-48,0.0,0.0,7613.0,6.30182366307103e-10
5.0,4.0,0.0,4165.0,0.0,3.0682219285559032e-09,0.0,0.0,6650.0,1.1492398729810687e-09,0.0,0.0,1275.0,1.0774555999292497e-48,0.0,0.0,7613.0,3.781094197842618e-10
5.0,5.0,0.0,4165.0,0.0,1.8409331571335418e-09,0.0,0.0,6650.0,6.895439237886411e-10,0.0,0.0,1275.0,6.464733599575498e-49,0.0,0.0,7613.0,2.2686565187055705e-10
5.0,6.0,0.0,4165.0,0.0,1.104559894280125e-09,0.0,0.0,6650.0,4.1372635427318465e-10,0.0,0.0,1275.0,3.878840159745299e-49,0.0,0.0,7613.0,1.3611939112233423e-10
5.0,7.0,0.0,4165.0,0.0,6.627359365680749e-10,0.0,0.0,6650.0,2.482358125639108e-10,0.0,0.0,1275.0,2.327304095847179e-49,0.0,0.0,7613.0,8.167163467340054e-11
5.0,8.0,0.0,4165.0,0.0,3.9764156194084495e-10,0.0,0.0,6650.0,1.4894148753834648e-10,0.0,0.0,1275.0,1.3963824575083073e-49,0.0,0.0,7613.0,4.900298080404032e-11
5.0,9.0,0.0,4165.0,0.0,2.3858493716450696e-10,0.0,0.0,6650.0,8.936489252300788e-11,0.0,0.0,1275.0,8.378294745049844e-50,0.0,0.0,7613.0,2.940178848242419e-11
5.0,10.0,0.0,4165.0,0.0,1.4315096229870416e-10,0.0,0.0,6650.0,5.361893551380473e-11,0.0,0.0,1275.0,5.026976847029906e-50,0.0,0.0,7613.0,1.7641073089454513e-11
5.0,11.0,0.0,4165.0,0.0,8.589057737922249e-11,0.0,0.0,6650.0,3.2171361308282835e-11,0.0,0.0,1275.0,3.0161861082179434e-50,0.0,0.0,7613.0,1.0584643853672707e-11
5.0,12.0,0.0,4165.0,0.0,5.153434642753349e-11,0.0,0.0,6650.0,1.93028167849697e-11,0.0,0.0,1275.0,1.809711664930766e-50,0.0,0.0,7613.0,6.350786312203624e-12
5.0,13.0,0.0,4165.0,0.0,3.092060785652009e-11,0.0,0.0,6650.0,1.158169007098182e-11,0.0,0.0,1275.0,1.0858269989584597e-50,0.0,0.0,7613.0,3.8104717873221746e-12
5.0,14.0,0.0,4165.0,0.0,1.8552364713912055e-11,0.0,0.0,6650.0,6.949014042589091e-12,0.0,0.0,1275.0,6.514961993750758e-51,0.0,0.0,7613.0,2.2862830723933047e-12
5.0,15.0,0.0,4165.0,0.0,1.1131418828347232e-11,0.0,0.0,6650.0,4.1694084255534545e-12,0.0,0.0,1275.0,3.9089771962504543e-51,0.0,0.0,7613.0,1.3717698434359828e-12
5.0,16.0,0.00024009599999999997,4165.0,1.0,9.603840667885128e-05,0.0,0.0,6650.0,2.5016450553320728e-12,0.0,0.0,1275.0,2.3453863177502724e-51,0.0,0.0,7613.0,8.230619060615896e-13
5.0,17.0,0.00048019199999999995,4165.0,2.0,0.00024969984400731075,0.0,0.0,6650.0,1.5009870331992436e-12,0.0,0.0,1275.0,1.4072317906501633e-51,0.0,0.0,7613.0,4.938371436369537e-13
5.0,18.0,0.0,4165.0,0.0,0.00014981990640438645,0.0,0.0,6650.0,9.005922199195461e-13,0.0,0.0,1275.0,8.443390743900979e-52,0.0,0.0,7613.0,2.9630228618217226e-13
5.0,19.0,0.0,4165.0,0.0,8.989194384263187e-05,0.000300752,2.0,6650.0,0.00012030080054035533,0.0,0.0,1275.0,5.0660344463405875e-52,0.0,0.0,7613.0,1.7778137170930335e-13
5.0,20.0,0.0,4165.0,0.0,5.393516630557912e-05,0.000300752,2.0,6650.0,0.0001924812803242132,0.0,0.0,1275.0,3.0396206678043523e-52,0.0,0.0,7613.0,1.0666882302558201e-13
5.0,21.0,0.000720288,4165.0,3.0,0.0003204762997833475,0.00075188,5.0,6650.0,0.00041624076819452797,0.0,0.0,1275.0,1.8237724006826114e-52,0.0,0.0,7613.0,6.400129381534921e-14
5.0,22.0,0.0,4165.0,0.0,0.0001922857798700085,0.000300752,2.0,6650.0,0.0003700452609167168,0.0,0.0,1275.0,1.0942634404095669e-52,0.0,0.0,7613.0,3.840077628920952e-14
5.0,23.0,0.00024009599999999997,4165.0,1.0,0.00021140986792200507,0.0,0.0,6650.0,0.00022202715655003007,0.0,0.0,1275.0,6.565580642457401e-53,0.0,0.0,7613.0,2.304046577352571e-14
5.0,24.0,0.000720288,4165.0,3.0,0.00041496112075320305,0.000150376,1.0,6650.0,0.00019336669393001804,0.0,0.0,1275.0,3.9393483854744406e-53,0.0,0.0,7613.0,1.3824279464115427e-14
5.0,25.0,0.00024009599999999997,4165.0,1.0,0.0003450150724519218,0.0,0.0,6650.0,0.00011602001635801082,0.0,0.0,1275.0,2.3636090312846643e-53,0.0,0.0,7613.0,8.294567678469256e-15
5.0,26.0,0.0,4165.0,0.0,0.00020700904347115308,0.0,0.0,6650.0,6.961200981480649e-05,0.0,0.0,1275.0,1.4181654187707985e-53,0.0,0.0,7613.0,4.9767406070815534e-15
5.0,27.0,0.0,4165.0,0.0,0.00012420542608269184,0.000150376,1.0,6650.0,0.00010191760588888388,0.0,0.0,1275.0,8.50899251262479e-54,0.0,0.0,7613.0,2.986044364248932e-15
5.0,28.0,0.0,4165.0,0.0,7.45232556496151e-05,0.0,0.0,6650.0,6.115056353333033e-05,0.0,0.0,1275.0,5.105395507574874e-54,0.000131354,1.0,7613.0,5.254160000179163e-05
5.0,29.0,0.0,4165.0,0.0,4.471395338976906e-05,0.0,0.0,6650.0,3.6690338119998196e-05,0.0,0.0,1275.0,3.063237304544924e-54,0.0,0.0,7613.0,3.152496000107498e-05
5.0,30.0,0.0,4165.0,0.0,2.6828372033861435e-05,0.0,0.0,6650.0,2.2014202871998917e-05,0.0,0.0,1275.0,1.8379423827269544e-54,0.000131354,1.0,7613.0,7.1456576000645e-05
5.0,31.0,0.0,4165.0,0.0,1.609702322031686e-05,0.0,0.0,6650.0,1.320852172319935e-05,0.0,0.0,1275.0,1.1027654296361726e-54,0.0,0.0,7613.0,4.2873945600386995e-05
5.0,32.0,0.0,4165.0,0.0,9.658213932190115e-06,0.0,0.0,6650.0,7.92511303391961e-06,0.0,0.0,1275.0,6.616592577817035e-55,0.0,0.0,7613.0,2.5724367360232196e-05
5.0,33.0,0.0,4165.0,0.0,5.794928359314069e-06,0.0,0.0,6650.0,4.755067820351765e-06,0.0,0.0,1275.0,3.9699555466902205e-55,0.0,0.0,7613.0,1.5434620416139316e-05
5.0,34.0,0.0,4165.0,0.0,3.4769570155884414e-06,0.0,0.0,6650.0,2.8530406922110593e-06,0.0,0.0,1275.0,2.381973328014132e-55,0.0,0.0,7613.0,9.26077224968359e-06
5.0,35.0,0.0,4165.0,0.0,2.086174209353065e-06,0.0,0.0,6650.0,1.7118244153266356e-06,0.0,0.0,1275.0,1.4291839968084793e-55,0.0,0.0,7613.0,5.556463349810153e-06
5.0,36.0,0.0,4165.0,0.0,1.2517045256118388e-06,0.0,0.0,6650.0,1.0270946491959812e-06,0.0,0.0,1275.0,8.575103980850875e-56,0.0,0.0,7613.0,3.333878009886092e-06
5.0,37.0,0.0,4165.0,0.0,7.510227153671032e-07,0.0,0.0,6650.0,6.162567895175887e-07,0.0,0.0,1275.0,5.145062388510525e-56,0.0,0.0,7613.0,2.0003268059316552e-06
5.0,38.0,0.0,4165.0,0.0,4.5061362922026194e-07,0.0,0.0,6650.0,3.697540737105532e-07,0.0,0.0,1275.0,3.087037433106315e-56,0.0,0.0,7613.0,1.200196083558993e-06
5.0,39.0,0.0,4165.0,0.0,2.7036817753215714e-07,0.0,0.0,6650.0,2.2185244422633193e-07,0.0,0.0,1275.0,1.8522224598637888e-56,0.0,0.0,7613.0,7.201176501353959e-07
5.0,40.0,0.0,4165.0,0.0,1.6222090651929428e-07,0.0,0.0,6650.0,1.3311146653579916e-07,0.0,0.0,1275.0,1.1113334759182733e-56,0.0,0.0,7613.0,4.320705900812375e-07
5.0,41.0,0.0,4165.0,0.0,9.733254391157657e-08,0.0,0.0,6650.0,7.98668799214795e-08,0.0,0.0,1275.0,6.668000855509639e-57,0.0,0.0,7613.0,2.592423540487425e-07
5.0,42.0,0.0,4165.0,0.0,5.8399526346945934e-08,0.0,0.0,6650.0,4.79201279528877e-08,0.0,0.0,1275.0,4.0008005133057835e-57,0.0,0.0,7613.0,1.555454124292455e-07
5.0,43.0,0.0,4165.0,0.0,3.503971580816756e-08,0.0,0.0,6650.0,2.8752076771732618e-08,0.0,0.0,1275.0,2.40048030798347e-57,0.0,0.0,7613.0,9.33272474575473e-08
5.0,44.0,0.0,4165.0,0.0,2.1023829484900536e-08,0.0,0.0,6650.0,1.725124606303957e-08,0.0,0.0,1275.0,1.440288184790082e-57,0.0,0.0,7613.0,5.599634847452838e-08
5.0,45.0,0.0,4165.0,0.0,1.2614297690940321e-08,0.0,0.0,6650.0,1.0350747637823742e-08,0.0,0.0,1275.0,8.641729108740491e-58,0.0,0.0,7613.0,3.359780908471702e-08
5.0,46.0,0.0,4165.0,0.0,7.568578614564192e-09,0.0,0.0,6650.0,6.210448582694245e-09,0.0,0.0,1275.0,5.185037465244295e-58,0.0,0.0,7613.0,2.0158685450830213e-08
5.0,47.0,0.0,4165.0,0.0,4.541147168738515e-09,0.0,0.0,6650.0,3.726269149616547e-09,0.0,0.0,1275.0,3.1110224791465766e-58,0.0,0.0,7613.0,1.2095211270498128e-08
5.0,48.0,0.0,4165.0,0.0,2.724688301243109e-09,0.0,0.0,6650.0,2.235761489769928e-09,0.0,0.0,1275.0,1.866613487487946e-58,0.0,0.0,7613.0,7.257126762298877e-09
5.0,49.0,0.0,4165.0,0.0,1.6348129807458653e-09,0.0,0.0,6650.0,1.3414568938619568e-09,0.0,0.0,1275.0,1.1199680924927674e-58,0.0,0.0,7613.0,4.354276057379326e-09
5.0,50.0,0.0,4165.0,0.0,9.80887788447519e-10,0.0,0.0,6650.0,8.04874136317174e-10,0.0,0.0,1275.0,6.719808554956605e-59,0.0,0.0,7613.0,2.6125656344275955e-09
5.0,51.0,0.0,4165.0,0.0,5.885326730685114e-10,0.0,0.0,6650.0,4.829244817903044e-10,0.0,0.0,1275.0,4.031885132973963e-59,0.0,0.0,7613.0,1.5675393806565573e-09
5.0,52.0,0.0,4165.0,0.0,3.5311960384110685e-10,0.0,0.0,6650.0,2.897546890741826e-10,0.0,0.0,1275.0,2.4191310797843774e-59,0.0,0.0,7613.0,9.405236283939343e-10
6.0,1.0,0.0,4141.0,0.0,2.118717623046641e-10,0.0,0.0,6650.0,1.7385281344450956e-10,0.0,0.0,1275.0,1.4514786478706265e-59,0.0,0.0,7613.0,5.643141770363605e-10
6.0,2.0,0.0,4141.0,0.0,1.2712305738279845e-10,0.0,0.0,6618.0,1.0431168806670574e-10,0.0,0.0,1284.0,8.708871887223759e-60,0.0,0.0,7608.0,3.385885062218163e-10
6.0,3.0,0.0,4141.0,0.0,7.627383442967907e-11,0.0,0.0,6618.0,6.258701284002344e-11,0.0,0.0,1284.0,5.225323132334255e-60,0.0,0.0,7608.0,2.0315310373308978e-10
6.0,4.0,0.0,4141.0,0.0,4.5764300657807446e-11,0.0,0.0,6618.0,3.755220770401406e-11,0.0,0.0,1284.0,3.135193879400553e-60,0.0,0.0,7608.0,1.2189186223985387e-10
6.0,5.0,0.0,4141.0,0.0,2.7458580394684466e-11,0.0,0.0,6618.0,2.2531324622408437e-11,0.0,0.0,1284.0,1.8811163276403315e-60,0.0,0.0,7608.0,7.313511734391232e-11
6.0,6.0,0.0,4141.0,0.0,1.647514823681068e-11,0.0,0.0,6618.0,1.351879477344506e-11,0.0,0.0,1284.0,1.1286697965841989e-60,0.0,0.0,7608.0,4.388107040634739e-11
6.0,7.0,0.0,4141.0,0.0,9.885088942086408e-12,0.0,0.0,6618.0,8.111276864067035e-12,0.0,0.0,1284.0,6.772018779505193e-61,0.0,0.0,7608.0,2.632864224380843e-11
6.0,8.0,0.0,4141.0,0.0,5.931053365251844e-12,0.0,0.0,6618.0,4.866766118440221e-12,0.0,0.0,1284.0,4.063211267703116e-61,0.0,0.0,7608.0,1.579718534628506e-11
6.0,9.0,0.0,4141.0,0.0,3.5586320191511066e-12,0.0,0.0,6618.0,2.9200596710641327e-12,0.0,0.0,1284.0,2.4379267606218692e-61,0.0,0.0,7608.0,9.478311207771036e-12
6.0,10.0,0.0,4141.0,0.0,2.1351792114906637e-12,0.0,0.0,6618.0,1.7520358026384794e-12,0.0,0.0,1284.0,1.4627560563731215e-61,0.0,0.0,7608.0,5.686986724662621e-12
6.0,11.0,0.0,4141.0,0.0,1.2811075268943983e-12,0.0,0.0,6618.0,1.0512214815830877e-12,0.0,0.0,1284.0,8.776536338238729e-62,0.0,0.0,7608.0,3.4121920347975725e-12
6.0,12.0,0.0,4141.0,0.0,7.686645161366389e-13,0.0,0.0,6618.0,6.307328889498526e-13,0.0,0.0,1284.0,5.265921802943237e-62,0.0,0.0,7608.0,2.0473152208785434e-12
6.0,13.0,0.0,4141.0,0.0,4.611987096819833e-13,0.0,0.0,6618.0,3.7843973336991154e-13,0.0,0.0,1284.0,3.159553081765942e-62,0.0,0.0,7608.0,1.228389132527126e-12
6.0,14.0,0.0,4141.0,0.0,2.7671922580919e-13,0.0,0.0,6618.0,2.270638400219469e-13,0.0,0.0,1284.0,1.8957318490595651e-62,0.0,0.0,7608.0,7.370334795162755e-13
6.0,15.0,0.0,4141.0,0.0,1.66031535485514e-13,0.0,0.0,6618.0,1.3623830401316813e-13,0.0,0.0,1284.0,1.137439109435739e-62,0.0,0.0,7608.0,4.4222008770976527e-13
6.0,16.0,0.000241488,4141.0,1.0,9.659520009961893e-05,0.0,0.0,6618.0,8.174298240790087e-14,0.0,0.0,1284.0,6.824634656614433e-63,0.000131441,1.0,7608.0,5.2576400265332055e-05
6.0,17.0,0.0007244630000000001,4141.0,3.0,0.0003477423200597714,0.0,0.0,6618.0,4.904578944474052e-14,0.0,0.0,1284.0,4.09478079396866e-63,0.00039432199999999996,3.0,7608.0,0.00018927464015919921
6.0,18.0,0.000241488,4141.0,1.0,0.00030524059203586285,0.00015110299999999998,1.0,6618.0,6.044120002942747e-05,0.0,0.0,1284.0,2.456868476381196e-63,0.0007886439999999999,6.0,7608.0,0.00042902238409551954
6.0,19.0,0.0,4141.0,0.0,0.0001831443552215177,0.00015110299999999998,1.0,6618.0,9.670592001765648e-05,0.0,0.0,1284.0,1.4741210858287173e-63,0.00039432199999999996,3.0,7608.0,0.0004151422304573117
6.0,20.0,0.0,4141.0,0.0,0.00010988661313291061,0.0,0.0,6618.0,5.802355201059388e-05,0.0,0.0,1284.0,8.844726514972304e-64,0.00026288099999999997,2.0,7608.0,0.000354237738274387
6.0,21.0,0.0,4141.0,0.0,6.593196787974636e-05,0.0,0.0,6618.0,3.481413120635633e-05,0.0,0.0,1284.0,5.306835908983382e-64,0.00026288099999999997,2.0,7608.0,0.0003176950429646322
6.0,22.0,0.0,4141.0,0.0,3.955918072784782e-05,0.0,0.0,6618.0,2.0888478723813795e-05,0.0,0.0,1284.0,3.184101545390029e-64,0.0,0.0,7608.0,0.0001906170257787793
6.0,23.0,0.0,4141.0,0.0,2.3735508436708692e-05,0.0,0.0,6618.0,1.2533087234288276e-05,0.0,0.0,1284.0,1.9104609272340174e-64,0.0,0.0,7608.0,0.00011437021546726758
6.0,24.0,0.0,4141.0,0.0,1.4241305062025215e-05,0.00015110299999999998,1.0,6618.0,6.796105234057297e-05,0.0,0.0,1284.0,1.1462765563404104e-64,0.0,0.0,7608.0,6.862212928036054e-05
6.0,25.0,0.0,4141.0,0.0,8.544783037215128e-06,0.0,0.0,6618.0,4.077663140434378e-05,0.0,0.0,1284.0,6.877659338042462e-65,0.0,0.0,7608.0,4.117327756821632e-05
6.0,26.0,0.0,4141.0,0.0,5.1268698223290765e-06,0.00015110299999999998,1.0,6618.0,8.490717884260626e-05,0.0,0.0,1284.0,4.126595602825477e-65,0.0,0.0,7608.0,2.4703966540929792e-05
6.0,27.0,0.0,4141.0,0.0,3.076121893397446e-06,0.0,0.0,6618.0,5.094430730556375e-05,0.0,0.0,1284.0,2.475957361695286e-65,0.000131441,1.0,7608.0,6.739877992455787e-05
6.0,28.0,0.000482975,4141.0,2.0,0.00019503567313603848,0.0,0.0,6618.0,3.056658438333825e-05,0.0,0.0,1284.0,1.4855744170171716e-65,0.0,0.0,7608.0,4.0439267954734725e-05
6.0,29.0,0.0,4141.0,0.0,0.00011702140388162308,0.0,0.0,6618.0,1.8339950630002947e-05,0.0,0.0,1284.0,8.913446502103029e-66,0.000131441,1.0,7608.0,7.683996077284083e-05
6.0,30.0,0.0,4141.0,0.0,7.021284232897385e-05,0.0,0.0,6618.0,1.1003970378001768e-05,0.0,0.0,1284.0,5.348067901261817e-66,0.000131441,1.0,7608.0,9.86803764637045e-05
6.0,31.0,0.0,4141.0,0.0,4.212770539738431e-05,0.0,0.0,6618.0,6.6023822268010604e-06,0.0,0.0,1284.0,3.20884074075709e-66,0.0,0.0,7608.0,5.9208225878222694e-05
6.0,32.0,0.0,4141.0,0.0,2.5276623238430583e-05,0.0,0.0,6618.0,3.961429336080636e-06,0.0,0.0,1284.0,1.9253044444542538e-66,0.0,0.0,7608.0,3.552493552693362e-05
6.0,33.0,0.0,4141.0,0.0,1.516597394305835e-05,0.0,0.0,6618.0,2.3768576016483816e-06,0.0007788160000000001,1.0,1284.0,0.00031152640000000004,0.0,0.0,7608.0,2.131496131616017e-05
6.0,34.0,0.0,4141.0,0.0,9.09958436583501e-06,0.0,0.0,6618.0,1.426114560989029e-06,0.0007788160000000001,1.0,1284.0,0.0004984422400000001,0.0,0.0,7608.0,1.2788976789696101e-05
6.0,35.0,0.000241488,4141.0,1.0,0.00010205495061950101,0.0,0.0,6618.0,8.556687365934174e-07,0.0,0.0,1284.0,0.00029906534400000003,0.0,0.0,7608.0,7.673386073817661e-06
6.0,36.0,0.0,4141.0,0.0,6.123297037170061e-05,0.0,0.0,6618.0,5.134012419560504e-07,0.0,0.0,1284.0,0.00017943920640000002,0.0,0.0,7608.0,4.604031644290596e-06
6.0,37.0,0.0,4141.0,0.0,3.673978222302036e-05,0.0,0.0,6618.0,3.080407451736302e-07,0.0,0.0,1284.0,0.00010766352384000001,0.0,0.0,7608.0,2.7624189865743574e-06
6.0,38.0,0.0,4141.0,0.0,2.2043869333812214e-05,0.0,0.0,6618.0,1.848244471041781e-07,0.0,0.0,1284.0,6.4598114304e-05,0.0,0.0,7608.0,1.6574513919446145e-06
6.0,39.0,0.0,4141.0,0.0,1.3226321600287328e-05,0.0,0.0,6618.0,1.1089466826250687e-07,0.0,0.0,1284.0,3.87588685824e-05,0.0,0.0,7608.0,9.944708351667687e-07
6.0,40.0,0.0,4141.0,0.0,7.935792960172396e-06,0.0,0.0,6618.0,6.653680095750412e-08,0.0,0.0,1284.0,2.325532114944e-05,0.0,0.0,7608.0,5.966825011000612e-07
6.0,41.0,0.0,4141.0,0.0,4.761475776103437e-06,0.0,0.0,6618.0,3.992208057450247e-08,0.0,0.0,1284.0,1.3953192689663999e-05,0.0,0.0,7608.0,3.5800950066003666e-07
6.0,42.0,0.0,4141.0,0.0,2.8568854656620624e-06,0.0,0.0,6618.0,2.395324834470148e-08,0.0,0.0,1284.0,8.3719156137984e-06,0.0,0.0,7608.0,2.14805700396022e-07
6.0,43.0,0.0,4141.0,0.0,1.7141312793972374e-06,0.0,0.0,6618.0,1.4371949006820887e-08,0.0,0.0,1284.0,5.0231493682790395e-06,0.0,0.0,7608.0,1.288834202376132e-07
6.0,44.0,0.0,4141.0,0.0,1.0284787676383424e-06,0.0,0.0,6618.0,8.623169404092532e-09,0.0,0.0,1284.0,3.0138896209674235e-06,0.0,0.0,7608.0,7.733005214256791e-08
6.0,45.0,0.0,4141.0,0.0,6.170872605830054e-07,0.0,0.0,6618.0,5.1739016424555195e-09,0.0,0.0,1284.0,1.8083337725804541e-06,0.0,0.0,7608.0,4.6398031285540745e-08
6.0,46.0,0.0,4141.0,0.0,3.702523563498032e-07,0.0,0.0,6618.0,3.1043409854733117e-09,0.0,0.0,1284.0,1.0850002635482723e-06,0.0,0.0,7608.0,2.7838818771324445e-08
6.0,47.0,0.0,4141.0,0.0,2.2215141380988193e-07,0.0,0.0,6618.0,1.862604591283987e-09,0.0,0.0,1284.0,6.510001581289633e-07,0.0,0.0,7608.0,1.6703291262794666e-08
6.0,48.0,0.0,4141.0,0.0,1.3329084828592916e-07,0.0,0.0,6618.0,1.117562754770392e-09,0.0,0.0,1284.0,3.90600094877378e-07,0.0,0.0,7608.0,1.00219747576768e-08
6.0,49.0,0.0,4141.0,0.0,7.997450897155749e-08,0.0,0.0,6618.0,6.705376528622352e-10,0.0,0.0,1284.0,2.3436005692642678e-07,0.0,0.0,7608.0,6.01318485460608e-09
6.0,50.0,0.0,4141.0,0.0,4.798470538293449e-08,0.0,0.0,6618.0,4.023225917173411e-10,0.0,0.0,1284.0,1.4061603415585606e-07,0.0,0.0,7608.0,3.607910912763648e-09
6.0,51.0,0.0,4141.0,0.0,2.879082322976069e-08,0.0,0.0,6618.0,2.413935550304047e-10,0.0,0.0,1284.0,8.436962049351363e-08,0.0,0.0,7608.0,2.1647465476581885e-09
6.0,52.0,0.0,4141.0,0.0,1.7274493937856414e-08,0.0,0.0,6618.0,1.448361330182428e-10,0.0,0.0,1284.0,5.0621772296108175e-08,0.0,0.0,7608.0,1.2988479285949132e-09
7.0,1.0,0.0,4116.0,0.0,1.0364696362713848e-08,0.0,0.0,6618.0,8.690167981094568e-11,0.0,0.0,1284.0,3.0373063377664906e-08,0.0,0.0,7608.0,7.793087571569479e-10
7.0,2.0,0.0,4116.0,0.0,6.218817817628308e-09,0.0,0.0,6657.0,5.2141007886567405e-11,0.0,0.0,1308.0,1.8223838026598942e-08,0.0,0.0,7537.0,4.675852542941687e-10
7.0,3.0,0.0,4116.0,0.0,3.731290690576985e-09,0.0,0.0,6657.0,3.128460473194044e-11,0.0,0.0,1308.0,1.0934302815959364e-08,0.0,0.0,7537.0,2.805511525765012e-10
7.0,4.0,0.0,4116.0,0.0,2.2387744143461907e-09,0.0,0.0,6657.0,1.8770762839164263e-11,0.0,0.0,1308.0,6.560581689575618e-09,0.0,0.0,7537.0,1.6833069154590073e-10
7.0,5.0,0.0,4116.0,0.0,1.3432646486077144e-09,0.0,0.0,6657.0,1.1262457703498558e-11,0.0,0.0,1308.0,3.936349013745371e-09,0.0,0.0,7537.0,1.0099841492754044e-10
7.0,6.0,0.0,4116.0,0.0,8.059587891646286e-10,0.0,0.0,6657.0,6.757474622099134e-12,0.0,0.0,1308.0,2.3618094082472227e-09,0.0,0.0,7537.0,6.059904895652426e-11
7.0,7.0,0.0,4116.0,0.0,4.835752734987771e-10,0.0,0.0,6657.0,4.05448477325948e-12,0.0,0.0,1308.0,1.4170856449483335e-09,0.0,0.0,7537.0,3.6359429373914554e-11
7.0,8.0,0.0,4116.0,0.0,2.901451640992663e-10,0.0,0.0,6657.0,2.432690863955688e-12,0.0,0.0,1308.0,8.502513869690001e-10,0.0,0.0,7537.0,2.1815657624348733e-11
7.0,9.0,0.0,4116.0,0.0,1.7408709845955977e-10,0.0,0.0,6657.0,1.4596145183734128e-12,0.0,0.0,1308.0,5.101508321814e-10,0.0,0.0,7537.0,1.308939457460924e-11
7.0,10.0,0.0,4116.0,0.0,1.0445225907573586e-10,0.0,0.0,6657.0,8.757687110240476e-13,0.0,0.0,1308.0,3.0609049930883996e-10,0.0,0.0,7537.0,7.853636744765544e-12
7.0,11.0,0.0,4116.0,0.0,6.267135544544152e-11,0.0,0.0,6657.0,5.254612266144285e-13,0.0,0.0,1308.0,1.8365429958530397e-10,0.0,0.0,7537.0,4.712182046859326e-12
7.0,12.0,0.0,4116.0,0.0,3.760281326726491e-11,0.0,0.0,6657.0,3.152767359686571e-13,0.0,0.0,1308.0,1.1019257975118238e-10,0.0,0.0,7537.0,2.8273092281155955e-12
7.0,13.0,0.0,4116.0,0.0,2.2561687960358945e-11,0.0,0.0,6657.0,1.8916604158119423e-13,0.0,0.0,1308.0,6.611554785070942e-11,0.0,0.0,7537.0,1.6963855368693572e-12
7.0,14.0,0.0,4116.0,0.0,1.3537012776215367e-11,0.0,0.0,6657.0,1.1349962494871654e-13,0.0,0.0,1308.0,3.9669328710425656e-11,0.0,0.0,7537.0,1.0178313221216143e-12
7.0,15.0,0.0,4116.0,0.0,8.12220766572922e-12,0.0,0.0,6657.0,6.809977496922992e-14,0.0,0.0,1308.0,2.3801597226255393e-11,0.0,0.0,7537.0,6.106987932729685e-13
7.0,16.0,0.0,4116.0,0.0,4.8733245994375324e-12,0.0,0.0,6657.0,4.0859864981537955e-14,0.0,0.0,1308.0,1.4280958335753236e-11,0.0,0.0,7537.0,3.6641927596378113e-13
7.0,17.0,0.0,4116.0,0.0,2.9239947596625195e-12,0.0,0.0,6657.0,2.4515918988922773e-14,0.0,0.0,1308.0,8.568575001451942e-12,0.0,0.0,7537.0,2.1985156557826867e-13
7.0,18.0,0.0,4116.0,0.0,1.7543968557975117e-12,0.0,0.0,6657.0,1.4709551393353664e-14,0.0,0.0,1308.0,5.141145000871165e-12,0.0,0.0,7537.0,1.319109393469612e-13
7.0,19.0,0.0,4116.0,0.0,1.052638113478507e-12,0.0,0.0,6657.0,8.825730836012198e-15,0.0,0.0,1308.0,3.0846870005226987e-12,0.0,0.0,7537.0,7.914656360817672e-14
7.0,20.0,0.0,4116.0,0.0,6.315828680871042e-13,0.0,0.0,6657.0,5.2954385016073185e-15,0.0,0.0,1308.0,1.8508122003136193e-12,0.0,0.0,7537.0,4.7487938164906033e-14
7.0,21.0,0.0,4116.0,0.0,3.7894972085226247e-13,0.0,0.0,6657.0,3.177263100964391e-15,0.0,0.0,1308.0,1.1104873201881715e-12,0.0,0.0,7537.0,2.849276289894362e-14
7.0,22.0,0.0,4116.0,0.0,2.2736983251135746e-13,0.0,0.0,6657.0,1.9063578605786343e-15,0.0,0.0,1308.0,6.662923921129029e-13,0.0,0.0,7537.0,1.709565773936617e-14
7.0,23.0,0.0,4116.0,0.0,1.3642189950681446e-13,0.0,0.0,6657.0,1.1438147163471804e-15,0.0,0.0,1308.0,3.997754352677417e-13,0.0,0.0,7537.0,1.0257394643619702e-14
7.0,24.0,0.0,4116.0,0.0,8.185313970408867e-14,0.0,0.0,6657.0,6.862888298083082e-16,0.0,0.0,1308.0,2.39865261160645e-13,0.0,0.0,7537.0,6.154436786171821e-15
7.0,25.0,0.000485909,4116.0,2.0,0.0001943636000491119,0.0,0.0,6657.0,4.117732978849849e-16,0.0,0.0,1308.0,1.43919156696387e-13,0.000265358,2.0,7537.0,0.00010614320000369266
7.0,26.0,0.0,4116.0,0.0,0.00011661816002946714,0.000300436,2.0,6657.0,0.00012017440000024707,0.0,0.0,1308.0,8.63514940178322e-14,0.000398036,3.0,7537.0,0.0002229003200022156
7.0,27.0,0.0,4116.0,0.0,6.997089601768028e-05,0.0007510889999999999,5.0,6657.0,0.0003725402400001482,0.0,0.0,1308.0,5.181089641069931e-14,0.0,0.0,7537.0,0.00013374019200132934
7.0,28.0,0.0,4116.0,0.0,4.198253761060817e-05,0.000450653,3.0,6657.0,0.0004037853440000889,0.0,0.0,1308.0,3.108653784641959e-14,0.000663394,5.0,7537.0,0.00034560171520079763
7.0,29.0,0.0,4116.0,0.0,2.51895225663649e-05,0.0,0.0,6657.0,0.00024227120640005334,0.0007645260000000001,1.0,1308.0,0.00030581040001865194,0.000265358,2.0,7537.0,0.0003135042291204786
7.0,30.0,0.0,4116.0,0.0,1.511371353981894e-05,0.000150218,1.0,6657.0,0.000205449923840032,0.0,0.0,1308.0,0.00018348624001119116,0.000530715,4.0,7537.0,0.00040038853747228717
7.0,31.0,0.000242954,4116.0,1.0,0.00010624982812389137,0.0,0.0,6657.0,0.0001232699543040192,0.0,0.0,1308.0,0.00011009174400671469,0.0,0.0,7537.0,0.00024023312248337228
7.0,32.0,0.0007288630000000001,4116.0,3.0,0.0003552950968743349,0.000450653,3.0,6657.0,0.0002542231725824115,0.0,0.0,1308.0,6.605504640402882e-05,0.0,0.0,7537.0,0.00014413987349002336
7.0,33.0,0.0,4116.0,0.0,0.0002131770581246009,0.0,0.0,6657.0,0.0001525339035494469,0.0015290520000000001,2.0,1308.0,0.0006512538278424173,0.000265358,2.0,7537.0,0.00019262712409401402
7.0,34.0,0.0,4116.0,0.0,0.00012790623487476054,0.0,0.0,6657.0,9.152034212966813e-05,0.0,0.0,1308.0,0.00039075229670545037,0.000398036,3.0,7537.0,0.0002747906744564084
7.0,35.0,0.000242954,4116.0,1.0,0.00017392534092485634,0.0,0.0,6657.0,5.491220527780088e-05,0.0,0.0,1308.0,0.0002344513780232702,0.000265358,2.0,7537.0,0.00027101760467384504
7.0,36.0,0.000242954,4116.0,1.0,0.0002015368045549138,0.0,0.0,6657.0,3.2947323166680524e-05,0.0,0.0,1308.0,0.00014067082681396212,0.0,0.0,7537.0,0.00016261056280430703
7.0,37.0,0.0,4116.0,0.0,0.00012092208273294828,0.0,0.0,6657.0,1.9768393900008315e-05,0.0,0.0,1308.0,8.440249608837727e-05,0.0,0.0,7537.0,9.756633768258421e-05
7.0,38.0,0.0,4116.0,0.0,7.255324963976896e-05,0.0,0.0,6657.0,1.1861036340004989e-05,0.0,0.0,1308.0,5.064149765302636e-05,0.0,0.0,7537.0,5.853980260955053e-05
7.0,39.0,0.0,4116.0,0.0,4.3531949783861376e-05,0.0,0.0,6657.0,7.116621804002993e-06,0.0,0.0,1308.0,3.0384898591815814e-05,0.0,0.0,7537.0,3.5123881565730316e-05
7.0,40.0,0.0,4116.0,0.0,2.6119169870316823e-05,0.0,0.0,6657.0,4.269973082401795e-06,0.0,0.0,1308.0,1.8230939155089488e-05,0.0,0.0,7537.0,2.107432893943819e-05
7.0,41.0,0.0,4116.0,0.0,1.5671501922190093e-05,0.0,0.0,6657.0,2.561983849441077e-06,0.0,0.0,1308.0,1.0938563493053692e-05,0.0,0.0,7537.0,1.2644597363662914e-05
7.0,42.0,0.0,4116.0,0.0,9.402901153314055e-06,0.0,0.0,6657.0,1.5371903096646462e-06,0.0,0.0,1308.0,6.563138095832215e-06,0.0,0.0,7537.0,7.586758418197748e-06
7.0,43.0,0.0,4116.0,0.0,5.6417406919884324e-06,0.0,0.0,6657.0,9.223141857987877e-07,0.0,0.0,1308.0,3.9378828574993285e-06,0.0,0.0,7537.0,4.552055050918649e-06
7.0,44.0,0.0,4116.0,0.0,3.385044415193059e-06,0.0,0.0,6657.0,5.533885114792726e-07,0.0,0.0,1308.0,2.362729714499597e-06,0.0,0.0,7537.0,2.7312330305511893e-06
7.0,45.0,0.0,4116.0,0.0,2.0310266491158353e-06,0.0,0.0,6657.0,3.3203310688756356e-07,0.0,0.0,1308.0,1.417637828699758e-06,0.0,0.0,7537.0,1.6387398183307135e-06
7.0,46.0,0.0,4116.0,0.0,1.2186159894695012e-06,0.0,0.0,6657.0,1.9921986413253812e-07,0.0,0.0,1308.0,8.505826972198548e-07,0.0,0.0,7537.0,9.832438909984282e-07
7.0,47.0,0.0,4116.0,0.0,7.311695936817007e-07,0.0,0.0,6657.0,1.1953191847952286e-07,0.0,0.0,1308.0,5.103496183319128e-07,0.0,0.0,7537.0,5.899463345990569e-07
7.0,48.0,0.0,4116.0,0.0,4.387017562090204e-07,0.0,0.0,6657.0,7.171915108771372e-08,0.0,0.0,1308.0,3.062097709991477e-07,0.0,0.0,7537.0,3.539678007594341e-07
7.0,49.0,0.0,4116.0,0.0,2.6322105372541226e-07,0.0,0.0,6657.0,4.3031490652628226e-08,0.0,0.0,1308.0,1.837258625994886e-07,0.0,0.0,7537.0,2.1238068045566048e-07
7.0,50.0,0.0,4116.0,0.0,1.5793263223524734e-07,0.0,0.0,6657.0,2.5818894391576936e-08,0.0,0.0,1308.0,1.1023551755969314e-07,0.0,0.0,7537.0,1.274284082733963e-07
7.0,51.0,0.0,4116.0,0.0,9.47595793411484e-08,0.0,0.0,6657.0,1.5491336634946162e-08,0.0,0.0,1308.0,6.614131053581589e-08,0.0,0.0,7537.0,7.645704496403777e-08
7.0,52.0,0.0,4116.0,0.0,5.685574760468904e-08,0.0,0.0,6657.0,9.294801980967697e-09,0.0,0.0,1308.0,3.968478632148953e-08,0.0,0.0,7537.0,4.5874226978422663e-08
8.0,1.0,0.0,4119.0,0.0,3.4113448562813424e-08,0.0,0.0,6657.0,5.576881188580618e-09,0.0,0.0,1308.0,2.3810871792893717e-08,0.0,0.0,7537.0,2.7524536187053595e-08
8.0,2.0,0.0,4119.0,0.0,2.0468069137688055e-08,0.0,0.0,6708.0,3.3461287131483707e-09,0.0,0.0,1293.0,1.428652307573623e-08,0.0,0.0,7433.0,1.6514721712232157e-08
8.0,3.0,0.0,4119.0,0.0,1.2280841482612832e-08,0.0,0.0,6708.0,2.0076772278890224e-09,0.0,0.0,1293.0,8.571913845441737e-09,0.0,0.0,7433.0,9.908833027339293e-09
8.0,4.0,0.0,4119.0,0.0,7.368504889567699e-09,0.0,0.0,6708.0,1.2046063367334134e-09,0.0,0.0,1293.0,5.143148307265042e-09,0.0,0.0,7433.0,5.945299816403576e-09
8.0,5.0,0.0,4119.0,0.0,4.4211029337406195e-09,0.0,0.0,6708.0,7.22763802040048e-10,0.0,0.0,1293.0,3.0858889843590255e-09,0.0,0.0,7433.0,3.567179889842145e-09
8.0,6.0,0.0,4119.0,0.0,2.6526617602443717e-09,0.0,0.0,6708.0,4.336582812240288e-10,0.0,0.0,1293.0,1.8515333906154153e-09,0.0,0.0,7433.0,2.140307933905287e-09
8.0,7.0,0.0,4119.0,0.0,1.591597056146623e-09,0.0,0.0,6708.0,2.6019496873441725e-10,0.0,0.0,1293.0,1.1109200343692491e-09,0.0,0.0,7433.0,1.2841847603431721e-09
8.0,8.0,0.0,4119.0,0.0,9.549582336879738e-10,0.0,0.0,6708.0,1.5611698124065035e-10,0.0,0.0,1293.0,6.665520206215494e-10,0.0,0.0,7433.0,7.705108562059032e-10
8.0,9.0,0.0,4119.0,0.0,5.729749402127843e-10,0.0,0.0,6708.0,9.36701887443902e-11,0.0,0.0,1293.0,3.9993121237292966e-10,0.0,0.0,7433.0,4.6230651372354194e-10
8.0,10.0,0.0,4119.0,0.0,3.4378496412767054e-10,0.0,0.0,6708.0,5.620211324663412e-11,0.0,0.0,1293.0,2.3995872742375776e-10,0.0,0.0,7433.0,2.7738390823412513e-10
8.0,11.0,0.0,4119.0,0.0,2.0627097847660233e-10,0.0,0.0,6708.0,3.372126794798047e-11,0.0,0.0,1293.0,1.4397523645425465e-10,0.0,0.0,7433.0,1.6643034494047507e-10
8.0,12.0,0.0,4119.0,0.0,1.2376258708596138e-10,0.0,0.0,6708.0,2.023276076878828e-11,0.0,0.0,1293.0,8.638514187255279e-11,0.0,0.0,7433.0,9.985820696428504e-11
8.0,13.0,0.0,4119.0,0.0,7.425755225157683e-11,0.0,0.0,6708.0,1.2139656461272968e-11,0.0,0.0,1293.0,5.183108512353167e-11,0.0,0.0,7433.0,5.991492417857102e-11
8.0,14.0,0.0,4119.0,0.0,4.45545313509461e-11,0.0,0.0,6708.0,7.28379387676378e-12,0.0,0.0,1293.0,3.1098651074119e-11,0.0,0.0,7433.0,3.594895450714261e-11
8.0,15.0,0.0,4119.0,0.0,2.673271881056766e-11,0.0,0.0,6708.0,4.3702763260582675e-12,0.0,0.0,1293.0,1.86591906444714e-11,0.0,0.0,7433.0,2.1569372704285567e-11
8.0,16.0,0.000242777,4119.0,1.0,9.71108160396313e-05,0.0,0.0,6708.0,2.6221657956349606e-12,0.0,0.0,1293.0,1.1195514386682839e-11,0.0,0.0,7433.0,1.294162362257134e-11
8.0,17.0,0.000485555,4119.0,2.0,0.0002524884896237788,0.0,0.0,6708.0,1.5732994773809763e-12,0.0,0.0,1293.0,6.717308632009703e-12,0.0,0.0,7433.0,7.764974173542804e-12
8.0,18.0,0.000485555,4119.0,2.0,0.00034571509377426723,0.0,0.0,6708.0,9.439796864285856e-13,0.0,0.0,1293.0,4.0303851792058214e-12,0.0,0.0,7433.0,4.658984504125682e-12
8.0,19.0,0.001699442,4119.0,7.0,0.0008872058562645604,0.00044722699999999997,3.0,6708.0,0.0001788908005663878,0.0,0.0,1293.0,2.418231107523493e-12,0.000134535,1.0,7433.0,5.3814002795390706e-05
8.0,20.0,0.001942219,4119.0,8.0,0.0013092111137587362,0.002534287,17.0,6708.0,0.0011210492803398328,0.0,0.0,1293.0,1.4509386645140956e-12,0.000134535,1.0,7433.0,8.610240167723443e-05
8.0,21.0,0.004127215,4119.0,17.0,0.0024364126682552417,0.001490757,10.0,6708.0,0.0012689323682038996,0.0,0.0,1293.0,8.705631987084573e-13,0.00026907,2.0,7433.0,0.00015928944100634067
8.0,22.0,0.004855547,4119.0,20.0,0.003404066400953145,0.0008944539999999999,6.0,6708.0,0.0011191410209223397,0.0,0.0,1293.0,5.223379192250744e-13,0.0012108169999999999,9.0,7433.0,0.0005799004646038044
8.0,23.0,0.006554989000000001,4119.0,27.0,0.004664435440571888,0.000149076,1.0,6708.0,0.0007311150125534038,0.0,0.0,1293.0,3.1340275153504464e-13,0.000134535,1.0,7433.0,0.0004017542787622826
8.0,24.0,0.0012138869999999999,4119.0,5.0,0.0032842160643431323,0.00029815099999999997,2.0,6708.0,0.0005579294075320423,0.0,0.0,1293.0,1.8804165092102678e-13,0.0021525629999999997,16.0,7433.0,0.0011020777672573695
8.0,25.0,0.000971109,4119.0,4.0,0.0023589732386058793,0.0,0.0,6708.0,0.00033475764451922535,0.000773395,1.0,1293.0,0.00030935800011282503,0.0017489570000000002,13.0,7433.0,0.0013608294603544217
8.0,26.0,0.000485555,4119.0,2.0,0.0016096059431635276,0.0,0.0,6708.0,0.00020085458671153522,0.00154679,2.0,1293.0,0.0008043308000676951,0.001883493,14.0,7433.0,0.001569894876212653
8.0,27.0,0.000242777,4119.0,1.0,0.0010628743658981164,0.0,0.0,6708.0,0.00012051275202692112,0.0,0.0,1293.0,0.000482598480040617,0.0,0.0,7433.0,0.0009419369257275918
8.0,28.0,0.000242777,4119.0,1.0,0.0007348354195388699,0.000149076,1.0,6708.0,0.00013193805121615267,0.0,0.0,1293.0,0.0002895590880243702,0.00026907,2.0,7433.0,0.000672790155436555
8.0,29.0,0.001942219,4119.0,8.0,0.0012177888517233221,0.00029815099999999997,2.0,6708.0,0.00019842323072969157,0.0,0.0,1293.0,0.0001737354528146221,0.000134535,1.0,7433.0,0.00045748809326193304
8.0,30.0,0.0024277739999999997,4119.0,10.0,0.0017017829110339932,0.0,0.0,6708.0,0.00011905393843781494,0.0,0.0,1293.0,0.00010424127168877325,0.0,0.0,7433.0,0.0002744928559571598
8.0,31.0,0.0,4119.0,0.0,0.0010210697466203958,0.0,0.0,6708.0,7.143236306268897e-05,0.0,0.0,1293.0,6.254476301326394e-05,0.0,0.0,7433.0,0.00016469571357429586
8.0,32.0,0.0,4119.0,0.0,0.0006126418479722375,0.0,0.0,6708.0,4.2859417837613377e-05,0.0,0.0,1293.0,3.7526857807958366e-05,0.000134535,1.0,7433.0,0.0001526314281445775
8.0,33.0,0.000242777,4119.0,1.0,0.0004646959087833425,0.0,0.0,6708.0,2.5715650702568024e-05,0.0,0.0,1293.0,2.251611468477502e-05,0.0,0.0,7433.0,9.15788568867465e-05
8.0,34.0,0.0,4119.0,0.0,0.0002788175452700055,0.0,0.0,6708.0,1.5429390421540814e-05,0.0,0.0,1293.0,1.3509668810865011e-05,0.000134535,1.0,7433.0,0.0001087613141320479
8.0,35.0,0.0,4119.0,0.0,0.00016729052716200332,0.0,0.0,6708.0,9.257634252924488e-06,0.0,0.0,1293.0,8.105801286519007e-06,0.0,0.0,7433.0,6.525678847922874e-05
8.0,36.0,0.0,4119.0,0.0,0.00010037431629720198,0.0,0.0,6708.0,5.554580551754692e-06,0.0,0.0,1293.0,4.863480771911404e-06,0.0,0.0,7433.0,3.915407308753724e-05
8.0,37.0,0.0,4119.0,0.0,6.022458977832119e-05,0.0,0.0,6708.0,3.3327483310528154e-06,0.0,0.0,1293.0,2.9180884631468423e-06,0.0,0.0,7433.0,2.3492443852522344e-05
8.0,38.0,0.0,4119.0,0.0,3.613475386699271e-05,0.0,0.0,6708.0,1.999648998631689e-06,0.0,0.0,1293.0,1.7508530778881053e-06,0.0,0.0,7433.0,1.4095466311513406e-05
8.0,39.0,0.0,4119.0,0.0,2.1680852320195628e-05,0.0,0.0,6708.0,1.1997893991790135e-06,0.0,0.0,1293.0,1.0505118467328632e-06,0.0,0.0,7433.0,8.457279786908044e-06
8.0,40.0,0.0,4119.0,0.0,1.3008511392117377e-05,0.0,0.0,6708.0,7.198736395074081e-07,0.0,0.0,1293.0,6.303071080397179e-07,0.0,0.0,7433.0,5.074367872144826e-06
8.0,41.0,0.0,4119.0,0.0,7.805106835270425e-06,0.0,0.0,6708.0,4.319241837044448e-07,0.0,0.0,1293.0,3.7818426482383073e-07,0.0,0.0,7433.0,3.0446207232868955e-06
8.0,42.0,0.0,4119.0,0.0,4.6830641011622545e-06,0.0,0.0,6708.0,2.5915451022266685e-07,0.0,0.0,1293.0,2.2691055889429842e-07,0.0,0.0,7433.0,1.8267724339721373e-06
8.0,43.0,0.0,4119.0,0.0,2.8098384606973524e-06,0.0,0.0,6708.0,1.554927061336001e-07,0.0,0.0,1293.0,1.3614633533657905e-07,0.0,0.0,7433.0,1.0960634603832824e-06
8.0,44.0,0.0,4119.0,0.0,1.6859030764184114e-06,0.0,0.0,6708.0,9.329562368016006e-08,0.0,0.0,1293.0,8.168780120194743e-08,0.0,0.0,7433.0,6.576380762299695e-07
8.0,45.0,0.0,4119.0,0.0,1.0115418458510469e-06,0.0,0.0,6708.0,5.597737420809603e-08,0.0,0.0,1293.0,4.901268072116846e-08,0.0,0.0,7433.0,3.9458284573798166e-07
8.0,46.0,0.0,4119.0,0.0,6.069251075106281e-07,0.0,0.0,6708.0,3.3586424524857616e-08,0.0,0.0,1293.0,2.9407608432701072e-08,0.0,0.0,7433.0,2.3674970744278898e-07
8.0,47.0,0.0,4119.0,0.0,3.641550645063768e-07,0.0,0.0,6708.0,2.015185471491457e-08,0.0,0.0,1293.0,1.764456505962064e-08,0.0,0.0,7433.0,1.4204982446567338e-07
8.0,48.0,0.0,4119.0,0.0,2.184930387038261e-07,0.0,0.0,6708.0,1.209111282894874e-08,0.0,0.0,1293.0,1.0586739035772384e-08,0.0,0.0,7433.0,8.522989467940403e-08
8.0,49.0,0.0,4119.0,0.0,1.3109582322229566e-07,0.0,0.0,6708.0,7.254667697369244e-09,0.0,0.0,1293.0,6.3520434214634304e-09,0.0,0.0,7433.0,5.113793680764242e-08
8.0,50.0,0.0,4119.0,0.0,7.86574939333774e-08,0.0,0.0,6708.0,4.352800618421547e-09,0.0,0.0,1293.0,3.811226052878058e-09,0.0,0.0,7433.0,3.068276208458545e-08
8.0,51.0,0.0,4119.0,0.0,4.7194496360026436e-08,0.0,0.0,6708.0,2.6116803710529277e-09,0.0,0.0,1293.0,2.2867356317268347e-09,0.0,0.0,7433.0,1.840965725075127e-08
8.0,52.0,0.0,4119.0,0.0,2.831669781601586e-08,0.0,0.0,6708.0,1.5670082226317567e-09,0.0,0.0,1293.0,1.3720413790361008e-09,0.0,0.0,7433.0,1.1045794350450762e-08
9.0,1.0,0.0,4122.0,0.0,1.6990018689609516e-08,0.0,0.0,6708.0,9.40204933579054e-10,0.0,0.0,1293.0,8.232248274216604e-10,0.0,0.0,7433.0,6.627476610270457e-09
9.0,2.0,0.0,4122.0,0.0,1.0194011213765709e-08,0.0,0.0,6759.0,5.641229601474323e-10,0.0,0.0,1278.0,4.939348964529963e-10,0.0,0.0,7330.0,3.976485966162274e-09
9.0,3.0,0.0,4122.0,0.0,6.116406728259425e-09,0.0,0.0,6759.0,3.3847377608845934e-10,0.0,0.0,1278.0,2.9636093787179777e-10,0.0,0.0,7330.0,2.3858915796973643e-09
9.0,4.0,0.0,4122.0,0.0,3.669844036955655e-09,0.0,0.0,6759.0,2.030842656530756e-10,0.0,0.0,1278.0,1.7781656272307865e-10,0.0,0.0,7330.0,1.4315349478184185e-09
9.0,5.0,0.0,4122.0,0.0,2.2019064221733927e-09,0.0,0.0,6759.0,1.2185055939184535e-10,0.0,0.0,1278.0,1.0668993763384718e-10,0.0,0.0,7330.0,8.58920968691051e-10
9.0,6.0,0.0,4122.0,0.0,1.3211438533040357e-09,0.0,0.0,6759.0,7.31103356351072e-11,0.0,0.0,1278.0,6.401396258030831e-11,0.0,0.0,7330.0,5.153525812146306e-10
9.0,7.0,0.0,4122.0,0.0,7.926863119824213e-10,0.0,0.0,6759.0,4.386620138106432e-11,0.0,0.0,1278.0,3.840837754818498e-11,0.0,0.0,7330.0,3.0921154872877833e-10
9.0,8.0,0.0,4122.0,0.0,4.756117871894527e-10,0.0,0.0,6759.0,2.6319720828638592e-11,0.0,0.0,1278.0,2.304502652891099e-11,0.0,0.0,7330.0,1.85526929237267e-10
9.0,9.0,0.0,4122.0,0.0,2.8536707231367163e-10,0.0,0.0,6759.0,1.5791832497183155e-11,0.0,0.0,1278.0,1.3827015917346593e-11,0.0,0.0,7330.0,1.113161575423602e-10
9.0,10.0,0.0,4122.0,0.0,1.7122024338820297e-10,0.0,0.0,6759.0,9.475099498309893e-12,0.0,0.0,1278.0,8.296209550407956e-12,0.0,0.0,7330.0,6.678969452541612e-11
9.0,11.0,0.0,4122.0,0.0,1.0273214603292178e-10,0.0,0.0,6759.0,5.685059698985935e-12,0.0,0.0,1278.0,4.977725730244773e-12,0.0,0.0,7330.0,4.007381671524967e-11
9.0,12.0,0.0,4122.0,0.0,6.163928761975307e-11,0.0,0.0,6759.0,3.411035819391561e-12,0.0,0.0,1278.0,2.9866354381468638e-12,0.000136418,1.0,7330.0,5.456722404429003e-05
9.0,13.0,0.00024260099999999998,4122.0,1.0,9.704043698357257e-05,0.0,0.0,6759.0,2.0466214916349366e-12,0.0,0.0,1278.0,1.7919812628881183e-12,0.0,0.0,7330.0,3.274033442657402e-05
9.0,14.0,0.0,4122.0,0.0,5.822426219014354e-05,0.0,0.0,6759.0,1.227972894980962e-12,0.0,0.0,1278.0,1.075188757732871e-12,0.000136418,1.0,7330.0,7.421140065594441e-05
9.0,15.0,0.0,4122.0,0.0,3.4934557314086124e-05,0.0,0.0,6759.0,7.367837369885772e-13,0.0,0.0,1278.0,6.451132546397225e-13,0.0,0.0,7330.0,4.452684039356665e-05
9.0,16.0,0.0,4122.0,0.0,2.0960734388451675e-05,0.0,0.0,6759.0,4.4207024219314627e-13,0.0,0.0,1278.0,3.870679527838335e-13,0.0,0.0,7330.0,2.6716104236139986e-05
9.0,17.0,0.000970402,4122.0,4.0,0.00040073724063307105,0.0,0.0,6759.0,2.6524214531588775e-13,0.0,0.0,1278.0,2.322407716703001e-13,0.000136418,1.0,7330.0,7.059686254168399e-05
9.0,18.0,0.0,4122.0,0.0,0.00024044234437984262,0.0,0.0,6759.0,1.5914528718953263e-13,0.0,0.0,1278.0,1.3934446300218003e-13,0.000272835,2.0,7330.0,0.0001514921175250104
9.0,19.0,0.0007278019999999999,4122.0,3.0,0.0004353862066279055,0.0,0.0,6759.0,9.548717231371958e-14,0.0,0.0,1278.0,8.360667780130801e-14,0.00040925300000000005,3.0,7330.0,0.00025459647051500624
9.0,20.0,0.001213003,4122.0,5.0,0.0007464329239767434,0.000147942,1.0,6759.0,5.917680005729231e-05,0.0,0.0,1278.0,5.0164006680784805e-14,0.00040925300000000005,3.0,7330.0,0.00031645908230900374
9.0,21.0,0.001698204,4122.0,7.0,0.001127141354386046,0.000443827,3.0,6759.0,0.0002130368800343754,0.0,0.0,1278.0,3.009840400847088e-14,0.0,0.0,7330.0,0.00018987544938540223
9.0,22.0,0.003639008,4122.0,15.0,0.0021318880126316277,0.0,0.0,6759.0,0.00012782212802062523,0.000782367,1.0,1278.0,0.00031294680001805905,0.000136418,1.0,7330.0,0.00016849246963124132
9.0,23.0,0.002183405,4122.0,9.0,0.0021524948075789764,0.000443827,3.0,6759.0,0.00025422407681237514,0.0,0.0,1278.0,0.00018776808001083544,0.000136418,1.0,7330.0,0.0001556626817787448
9.0,24.0,0.003396408,4122.0,14.0,0.0026500600845473857,0.000887654,6.0,6759.0,0.0005075960460874251,0.0,0.0,1278.0,0.00011266084800650125,0.00054567,4.0,7330.0,0.0003116656090672469
