year,flu week,PR rate,PR pop,PR count,PR weighted rate,BH rate,BH count,BH pop,BH weighted rate,RS rate,RS count,RS pop,RS weighted rate,CMHD rate,CMHD count,CMHD pop,CMHD weighted rate
,,,,,0.0,,,,,,,,,,,,
1.0,1.0,0.001150086,1739.0,2.0,0.001150086,,,,0.0,,,,0.0,,,,0.0
1.0,2.0,0.0,1739.0,0.0,0.0006900516,0.0,0.0,12912.0,0.0,0.000324289,3.0,9251.0,0.000324289,3.6304000000000003e-05,1.0,27545.0,3.6304000000000003e-05
1.0,3.0,0.0,1739.0,0.0,0.00041403096,0.0,0.0,12912.0,0.0,0.0008647710000000001,8.0,9251.0,0.0005404818,0.0,0.0,27545.0,2.17824e-05
1.0,4.0,0.0,1739.0,0.0,0.00024841857599999995,0.0,0.0,12912.0,0.0,0.000108096,1.0,9251.0,0.00036752748,0.0,0.0,27545.0,1.306944e-05
1.0,5.0,0.0,1739.0,0.0,0.00014905114559999997,0.0,0.0,12912.0,0.0,0.000324289,3.0,9251.0,0.000350232088,0.0005082590000000001,14.0,27545.0,0.00021114526400000004
1.0,6.0,0.001150086,1739.0,2.0,0.00054946508736,0.0,0.0,12912.0,0.0,0.000216193,2.0,9251.0,0.0002966164528,0.000217825,6.0,27545.0,0.00021381715840000003
1.0,7.0,0.000575043,1739.0,1.0,0.000559696252416,0.0,0.0,12912.0,0.0,0.000432386,4.0,9251.0,0.00035092427168,0.0005082590000000001,14.0,27545.0,0.00033159389504000005
1.0,8.0,0.0051753879999999995,1739.0,9.0,0.0024059729514496,0.0,0.0,12912.0,0.0,0.0031347959999999996,29.0,9251.0,0.0014644729630079998,0.0012343439999999998,34.0,27545.0,0.0006926939370239999
1.0,9.0,0.012650949,1739.0,22.0,0.00650396337086976,0.015489467,200.0,12912.0,0.0061957868,0.0041076640000000005,38.0,9251.0,0.0025217493778048,0.00094391,26.0,27545.0,0.0007931803622144
1.0,10.0,0.002875216,1739.0,5.0,0.005052464422521856,0.0,0.0,12912.0,0.00371747208,0.0034590859999999997,32.0,9251.0,0.00289668402668288,0.002178254,60.0,27545.0,0.00134720981732864
1.0,11.0,0.004025302,1739.0,7.0,0.004641599453513113,0.0,0.0,12912.0,0.002230483248,0.002378121,22.0,9251.0,0.002689258816009728,0.001161735,32.0,27545.0,0.001273019890397184
1.0,12.0,0.002875216,1739.0,5.0,0.003935046072107868,0.0,0.0,12912.0,0.0013382899488,0.000324289,3.0,9251.0,0.0017432708896058368,0.0005082590000000001,14.0,27545.0,0.0009671155342383104
1.0,13.0,0.0,1739.0,0.0,0.0023610276432647205,0.0,0.0,12912.0,0.00080297396928,0.000324289,3.0,9251.0,0.001175678133763502,7.260800000000001e-05,2.0,27545.0,0.0006093125205429863
1.0,14.0,0.0,1739.0,0.0,0.0014166165859588323,0.0,0.0,12912.0,0.000481784381568,0.000756675,7.0,9251.0,0.0010080768802581013,0.0,0.0,27545.0,0.00036558751232579177
1.0,15.0,0.0,1739.0,0.0,0.0008499699515752994,0.0,0.0,12912.0,0.0002890706289408,0.000540482,5.0,9251.0,0.0008210389281548608,0.0,0.0,27545.0,0.00021935250739547505
1.0,16.0,0.0,1739.0,0.0,0.0005099819709451796,0.0,0.0,12912.0,0.00017344237736448,0.000108096,1.0,9251.0,0.0005358617568929165,3.6304000000000003e-05,1.0,27545.0,0.00014613310443728502
1.0,17.0,0.0,1739.0,0.0,0.00030598918256710775,0.0,0.0,12912.0,0.000104065426418688,0.0,0.0,9251.0,0.00032151705413574987,0.0,0.0,27545.0,8.7679862662371e-05
1.0,18.0,0.0,1739.0,0.0,0.00018359350954026465,0.0,0.0,12912.0,6.243925585121279e-05,0.000324289,3.0,9251.0,0.0003226258324814499,7.260800000000001e-05,2.0,27545.0,8.165111759742261e-05
1.0,19.0,0.0,1739.0,0.0,0.00011015610572415879,0.0,0.0,12912.0,3.746355351072767e-05,0.000648579,6.0,9251.0,0.00045300709948886995,0.000145217,4.0,27545.0,0.00010707747055845358
1.0,20.0,0.001150086,1739.0,2.0,0.0005261280634344953,0.0,0.0,12912.0,2.2478132106436603e-05,0.000108096,1.0,9251.0,0.00031504265969332197,7.260800000000001e-05,2.0,27545.0,9.328968233507215e-05
1.0,21.0,0.0,1739.0,0.0,0.0003156768380606972,0.0,0.0,12912.0,1.3486879263861961e-05,0.000324289,3.0,9251.0,0.0003187411958159932,0.0,0.0,27545.0,5.597380940104329e-05
1.0,22.0,0.0,1739.0,0.0,0.00018940610283641832,0.0,0.0,12912.0,8.092127558317177e-06,0.000108096,1.0,9251.0,0.0002344831174895959,3.6304000000000003e-05,1.0,27545.0,4.810588564062597e-05
1.0,23.0,0.0,1739.0,0.0,0.00011364366170185098,0.0,0.0,12912.0,4.855276534990306e-06,0.000216193,2.0,9251.0,0.00022716707049375755,0.0,0.0,27545.0,2.886353138437558e-05
1.0,24.0,0.0,1739.0,0.0,6.818619702111058e-05,0.0,0.0,12912.0,2.9131659209941833e-06,0.000108096,1.0,9251.0,0.00017953864229625451,7.260800000000001e-05,2.0,27545.0,4.636131883062535e-05
1.0,25.0,0.0,1739.0,0.0,4.091171821266635e-05,0.0,0.0,12912.0,1.74789955259651e-06,0.0,0.0,9251.0,0.00010772318537775271,0.00010891299999999999,3.0,27545.0,7.138199129837521e-05
1.0,26.0,0.0,1739.0,0.0,2.454703092759981e-05,0.0,0.0,12912.0,1.048739731557906e-06,0.000108096,1.0,9251.0,0.00010787231122665161,0.00010891299999999999,3.0,27545.0,8.639439477902513e-05
1.0,27.0,0.0,1739.0,0.0,1.4728218556559886e-05,0.0,0.0,12912.0,6.292438389347436e-07,0.000108096,1.0,9251.0,0.00010796178673599098,0.0,0.0,27545.0,5.183663686741508e-05
1.0,28.0,0.0,1739.0,0.0,8.836931133935931e-06,0.0,0.0,12912.0,3.775463033608461e-07,0.000108096,1.0,9251.0,0.00010801547204159458,0.0,0.0,27545.0,3.1101982120449046e-05
1.0,29.0,0.0,1739.0,0.0,5.302158680361558e-06,0.0,0.0,12912.0,2.2652778201650767e-07,0.0,0.0,9251.0,6.480928322495675e-05,0.0,0.0,27545.0,1.8661189272269427e-05
1.0,30.0,0.0,1739.0,0.0,3.181295208216935e-06,0.0,0.0,12912.0,1.359166692099046e-07,0.010917739,101.0,9251.0,0.004405981169934974,3.6304000000000003e-05,1.0,27545.0,2.5718313563361657e-05
1.0,31.0,0.0,1739.0,0.0,1.9087771249301606e-06,0.0,0.0,12912.0,8.155000152594274e-08,0.0,0.0,9251.0,0.0026435887019609842,0.000471955,13.0,27545.0,0.000204212988138017
1.0,32.0,0.0,1739.0,0.0,1.1452662749580962e-06,0.0,0.0,12912.0,4.8930000915565644e-08,0.000216193,2.0,9251.0,0.0016726304211765906,3.6304000000000003e-05,1.0,27545.0,0.0001370493928828102
1.0,33.0,0.0,1739.0,0.0,6.871597649748577e-07,0.0,0.0,12912.0,2.9358000549339384e-08,0.000540482,5.0,9251.0,0.0012197710527059543,0.0,0.0,27545.0,8.222963572968611e-05
1.0,34.0,0.0,1739.0,0.0,4.1229585898491463e-07,0.0,0.0,12912.0,1.761480032960363e-08,0.0,0.0,9251.0,0.0007318626316235726,0.0,0.0,27545.0,4.933778143781167e-05
1.0,35.0,0.000575043,1739.0,1.0,0.00023026457751539097,0.0,0.0,12912.0,1.0568880197762177e-08,0.0,0.0,9251.0,0.0004391175789741435,7.260800000000001e-05,2.0,27545.0,5.8645868862687e-05
1.0,36.0,0.0,1739.0,0.0,0.00013815874650923457,0.0,0.0,12912.0,6.341328118657306e-09,0.0,0.0,9251.0,0.0002634705473844861,0.0,0.0,27545.0,3.51875213176122e-05
1.0,37.0,0.000575043,1739.0,1.0,0.00031291244790554077,0.0,0.0,12912.0,3.804796871194384e-09,0.0,0.0,9251.0,0.00015808232843069167,0.0,0.0,27545.0,2.111251279056732e-05
1.0,38.0,0.0,1739.0,0.0,0.00018774746874332445,0.0,0.0,12912.0,2.28287812271663e-09,0.0,0.0,9251.0,9.4849397058415e-05,0.0,0.0,27545.0,1.2667507674340391e-05
1.0,39.0,0.000575043,1739.0,1.0,0.00034266568124599465,0.0,0.0,12912.0,1.369726873629978e-09,0.0,0.0,9251.0,5.690963823504899e-05,0.0,0.0,27545.0,7.600504604604234e-06
1.0,40.0,0.0,1739.0,0.0,0.00020559940874759677,0.0,0.0,12912.0,8.218361241779868e-10,0.0,0.0,9251.0,3.414578294102939e-05,0.0,0.0,27545.0,4.56030276276254e-06
1.0,41.0,0.0,1739.0,0.0,0.00012335964524855806,0.0,0.0,12912.0,4.931016745067921e-10,0.0,0.0,9251.0,2.0487469764617633e-05,0.0,0.0,27545.0,2.736181657657524e-06
1.0,42.0,0.0,1739.0,0.0,7.401578714913483e-05,0.0,0.0,12912.0,2.9586100470407524e-10,0.0,0.0,9251.0,1.2292481858770579e-05,0.0,0.0,27545.0,1.6417089945945145e-06
1.0,43.0,0.0,1739.0,0.0,4.4409472289480895e-05,0.0,0.0,12912.0,1.7751660282244515e-10,0.0,0.0,9251.0,7.375489115262347e-06,0.0,0.0,27545.0,9.850253967567086e-07
1.0,44.0,0.0,1739.0,0.0,2.6645683373688536e-05,0.0,0.0,12912.0,1.0650996169346709e-10,0.0,0.0,9251.0,4.425293469157408e-06,0.0,0.0,27545.0,5.910152380540252e-07
1.0,45.0,0.0,1739.0,0.0,1.598741002421312e-05,0.0,0.0,12912.0,6.390597701608025e-11,0.0,0.0,9251.0,2.655176081494445e-06,0.0,0.0,27545.0,3.546091428324151e-07
1.0,46.0,0.0,1739.0,0.0,9.592446014527873e-06,0.0,0.0,12912.0,3.8343586209648147e-11,0.0,0.0,9251.0,1.593105648896667e-06,0.0,0.0,27545.0,2.1276548569944905e-07
1.0,47.0,0.0,1739.0,0.0,5.755467608716723e-06,0.0,0.0,12912.0,2.300615172578889e-11,0.0,0.0,9251.0,9.558633893380001e-07,0.0,0.0,27545.0,1.2765929141966942e-07
1.0,48.0,0.0,1739.0,0.0,3.453280565230034e-06,0.0,0.0,12912.0,1.3803691035473332e-11,0.0,0.0,9251.0,5.735180336028001e-07,0.0,0.0,27545.0,7.659557485180165e-08
1.0,49.0,0.0,1739.0,0.0,2.0719683391380205e-06,0.0,0.0,12912.0,8.282214621283998e-12,0.0,0.0,9251.0,3.4411082016168005e-07,0.0,0.0,27545.0,4.595734491108099e-08
1.0,50.0,0.0,1739.0,0.0,1.2431810034828122e-06,0.0,0.0,12912.0,4.969328772770399e-12,0.0,0.0,9251.0,2.06466492097008e-07,0.0,0.0,27545.0,2.757440694664859e-08
1.0,51.0,0.0,1739.0,0.0,7.459086020896873e-07,0.0,0.0,12912.0,2.981597263662239e-12,0.0,0.0,9251.0,1.238798952582048e-07,0.0,0.0,27545.0,1.6544644167989155e-08
1.0,52.0,0.0,1739.0,0.0,4.475451612538124e-07,0.0,0.0,12912.0,1.7889583581973432e-12,0.0,0.0,9251.0,7.432793715492288e-08,0.0,0.0,27545.0,9.926786500793493e-09
1.0,53.0,0.0,1739.0,0.0,2.685270967522874e-07,0.0,0.0,12912.0,1.0733750149184059e-12,0.0,0.0,9251.0,4.4596762292953726e-08,0.0,0.0,27545.0,5.956071900476096e-09
2.0,1.0,0.0,1738.0,0.0,1.6111625805137245e-07,0.0,0.0,12912.0,6.440250089510435e-13,0.0,0.0,9251.0,2.6758057375772236e-08,0.0,0.0,27545.0,3.5736431402856573e-09
2.0,2.0,0.0,1738.0,0.0,9.666975483082346e-08,0.0,0.0,13054.0,3.8641500537062606e-13,0.0,0.0,9331.0,1.605483442546334e-08,0.0,0.0,27475.0,2.144185884171394e-09
2.0,3.0,0.0,1738.0,0.0,5.8001852898494075e-08,0.0,0.0,13054.0,2.318490032223756e-13,0.0,0.0,9331.0,9.632900655278003e-09,0.0,0.0,27475.0,1.2865115305028364e-09
2.0,4.0,0.0,1738.0,0.0,3.4801111739096446e-08,0.0,0.0,13054.0,1.3910940193342536e-13,0.0,0.0,9331.0,5.779740393166802e-09,0.0,0.0,27475.0,7.719069183017018e-10
2.0,5.0,0.0,1738.0,0.0,2.0880667043457866e-08,0.0,0.0,13054.0,8.346564116005521e-14,0.0,0.0,9331.0,3.467844235900081e-09,0.0,0.0,27475.0,4.631441509810211e-10
2.0,6.0,0.0,1738.0,0.0,1.252840022607472e-08,0.0,0.0,13054.0,5.007938469603313e-14,0.0,0.0,9331.0,2.0807065415400484e-09,0.0,0.0,27475.0,2.7788649058861266e-10
2.0,7.0,0.0,1738.0,0.0,7.517040135644832e-09,0.0,0.0,13054.0,3.0047630817619877e-14,0.0,0.0,9331.0,1.248423924924029e-09,0.0,0.0,27475.0,1.667318943531676e-10
2.0,8.0,0.0,1738.0,0.0,4.510224081386899e-09,0.0,0.0,13054.0,1.8028578490571926e-14,0.0,0.0,9331.0,7.490543549544174e-10,0.0,0.0,27475.0,1.0003913661190055e-10
2.0,9.0,0.0,1738.0,0.0,2.7061344488321395e-09,0.0,0.0,13054.0,1.0817147094343155e-14,0.0,0.0,9331.0,4.494326129726504e-10,0.0,0.0,27475.0,6.002348196714032e-11
2.0,10.0,0.0,1738.0,0.0,1.6236806692992837e-09,0.0,0.0,13054.0,6.490288256605892e-15,0.0,0.0,9331.0,2.6965956778359025e-10,0.0,0.0,27475.0,3.601408918028419e-11
2.0,11.0,0.0,1738.0,0.0,9.742084015795702e-10,0.0,0.0,13054.0,3.8941729539635356e-15,0.0,0.0,9331.0,1.6179574067015415e-10,0.0,0.0,27475.0,2.1608453508170515e-11
2.0,12.0,0.0,1738.0,0.0,5.845250409477422e-10,0.0,0.0,13054.0,2.336503772378121e-15,0.0,0.0,9331.0,9.707744440209248e-11,0.0,0.0,27475.0,1.2965072104902309e-11
2.0,13.0,0.0,1738.0,0.0,3.507150245686453e-10,0.0,0.0,13054.0,1.4019022634268727e-15,0.0,0.0,9331.0,5.824646664125549e-11,3.6397e-05,1.0,27475.0,1.4558807779043264e-05
2.0,14.0,0.0,1738.0,0.0,2.1042901474118715e-10,0.0,0.0,13054.0,8.411413580561235e-16,0.0,0.0,9331.0,3.4947879984753294e-11,0.000145587,4.0,27475.0,6.697008466742596e-05
2.0,15.0,0.0,1738.0,0.0,1.2625740884471228e-10,0.0,0.0,13054.0,5.046848148336741e-16,0.0,0.0,9331.0,2.0968727990851976e-11,0.00018198400000000002,5.0,27475.0,0.00011297565080045558
2.0,16.0,0.0,1738.0,0.0,7.575444530682737e-11,0.0,0.0,13054.0,3.028108889002044e-16,0.0,0.0,9331.0,1.2581236794511185e-11,0.00010919,3.0,27475.0,0.00011146139048027336
2.0,17.0,0.0,1738.0,0.0,4.545266718409642e-11,0.0,0.0,13054.0,1.8168653334012265e-16,0.0,0.0,9331.0,7.54874207670671e-12,3.6397e-05,1.0,27475.0,8.143563428816402e-05
2.0,18.0,0.0,1738.0,0.0,2.7271600310457853e-11,0.0,0.0,13054.0,1.0901192000407359e-16,0.0,0.0,9331.0,4.529245246024026e-12,0.00010919,3.0,27475.0,9.253738057289842e-05
2.0,19.0,0.0,1738.0,0.0,1.636296018627471e-11,0.0,0.0,13054.0,6.540715200244415e-17,0.0,0.0,9331.0,2.7175471476144158e-12,0.00010919,3.0,27475.0,9.919842834373905e-05
2.0,20.0,0.0,1738.0,0.0,9.817776111764825e-12,7.6605e-05,1.0,13054.0,3.0642000000039244e-05,0.0,0.0,9331.0,1.6305282885686494e-12,0.00025477700000000003,7.0,27475.0,0.00016142985700624347
2.0,21.0,0.0,1738.0,0.0,5.890665667058895e-12,0.0,0.0,13054.0,1.8385200000023546e-05,0.0,0.0,9331.0,9.783169731411895e-13,0.00010919,3.0,27475.0,0.0001405339142037461
2.0,22.0,0.0,1738.0,0.0,3.5343994002353365e-12,0.0,0.0,13054.0,1.1031120000014127e-05,0.000428679,4.0,9331.0,0.0001714716005869902,0.000400364,11.0,27475.0,0.00024446594852224764
2.0,23.0,0.0,1738.0,0.0,2.1206396401412018e-12,0.0,0.0,13054.0,6.618672000008476e-06,0.000428679,4.0,9331.0,0.0002743545603521941,0.000400364,11.0,27475.0,0.0003068251691133486
2.0,24.0,0.0,1738.0,0.0,1.272383784084721e-12,0.0,0.0,13054.0,3.9712032000050855e-06,0.002572072,24.0,9331.0,0.0011934415362113164,0.000655141,18.0,27475.0,0.00044615150146800914
2.0,25.0,0.0,1738.0,0.0,7.634302704508325e-13,0.0,0.0,13054.0,2.3827219200030514e-06,0.0034294290000000003,32.0,9331.0,0.00208783652172679,0.000545951,15.0,27475.0,0.0004860713008808055
2.0,26.0,0.0,1738.0,0.0,4.580581622704995e-13,0.000229815,3.0,13054.0,9.335563315200183e-05,0.002464902,23.0,9331.0,0.002238662713036074,0.000545951,15.0,27475.0,0.0005100231805284833
2.0,27.0,0.0,1738.0,0.0,2.748348973622997e-13,0.0,0.0,13054.0,5.60133798912011e-05,0.001929054,18.0,9331.0,0.0021148192278216443,7.2793e-05,2.0,27475.0,0.00033513110831708996
2.0,28.0,0.0,1738.0,0.0,1.6490093841737982e-13,0.0,0.0,13054.0,3.360802793472066e-05,0.0022505629999999997,21.0,9331.0,0.0021691167366929866,0.0016378529999999999,45.0,27475.0,0.000856219864990254
2.0,29.0,0.0,1738.0,0.0,9.894056305042789e-14,0.0,0.0,13054.0,2.0164816760832394e-05,0.0032150890000000004,30.0,9331.0,0.0025875056420157925,0.0006187440000000001,17.0,27475.0,0.0007612295189941524
2.0,30.0,0.0,1738.0,0.0,5.936433783025674e-14,0.0,0.0,13054.0,1.2098890056499437e-05,0.0022505629999999997,21.0,9331.0,0.0024527285852094754,0.000400364,11.0,27475.0,0.0006168833113964914
2.0,31.0,0.0,1738.0,0.0,3.561860269815404e-14,0.0,0.0,13054.0,7.259334033899662e-06,0.0022505629999999997,21.0,9331.0,0.002371862351125685,0.0,0.0,27475.0,0.00037012998683789484
2.0,32.0,0.0,1738.0,0.0,2.1371161618892424e-14,0.0,0.0,13054.0,4.355600420339797e-06,0.00021433900000000002,2.0,9331.0,0.001508853010675411,0.00025477700000000003,7.0,27475.0,0.0003239887921027369
2.0,33.0,0.0,1738.0,0.0,1.2822696971335454e-14,0.0,0.0,13054.0,2.6133602522038784e-06,0.000535848,5.0,9331.0,0.0011196510064052465,0.00010919,3.0,27475.0,0.00023806927526164213
2.0,34.0,0.0,1738.0,0.0,7.693618182801272e-15,0.0,0.0,13054.0,1.568016151322327e-06,0.00021433900000000002,2.0,9331.0,0.000757526203843148,3.6397e-05,1.0,27475.0,0.00015740036515698527
2.0,35.0,0.0,1738.0,0.0,4.616170909680763e-15,0.000306419,4.0,13054.0,0.0001235084096907934,0.0,0.0,9331.0,0.0004545157223058888,0.0,0.0,27475.0,9.444021909419116e-05
2.0,36.0,0.0,1738.0,0.0,2.7697025458084577e-15,0.0,0.0,13054.0,7.410504581447604e-05,0.00010717,1.0,9331.0,0.00031557743338353326,7.2793e-05,2.0,27475.0,8.57813314565147e-05
2.0,37.0,0.0,1738.0,0.0,1.6618215274850745e-15,0.00015321,2.0,13054.0,0.00010574702748868562,0.0,0.0,9331.0,0.00018934646003011994,7.2793e-05,2.0,27475.0,8.058599887390883e-05
2.0,38.0,0.0,1738.0,0.0,9.970929164910446e-16,0.0,0.0,13054.0,6.344821649321137e-05,0.0,0.0,9331.0,0.00011360787601807196,0.0,0.0,27475.0,4.83515993243453e-05
2.0,39.0,0.0,1738.0,0.0,5.982557498946268e-16,0.0,0.0,13054.0,3.806892989592682e-05,0.0,0.0,9331.0,6.816472561084317e-05,0.0,0.0,27475.0,2.9010959594607176e-05
2.0,40.0,0.0,1738.0,0.0,3.5895344993677607e-16,0.0,0.0,13054.0,2.2841357937556094e-05,0.0,0.0,9331.0,4.08988353665059e-05,7.2793e-05,2.0,27475.0,4.652377575676431e-05
2.0,41.0,0.0,1738.0,0.0,2.1537206996206564e-16,0.0,0.0,13054.0,1.3704814762533657e-05,0.0,0.0,9331.0,2.453930121990354e-05,0.0,0.0,27475.0,2.7914265454058583e-05
2.0,42.0,0.0,1738.0,0.0,1.2922324197723937e-16,0.0,0.0,13054.0,8.222888857520194e-06,0.0,0.0,9331.0,1.4723580731942123e-05,0.0,0.0,27475.0,1.674855927243515e-05
2.0,43.0,0.0,1738.0,0.0,7.753394518634362e-17,0.0,0.0,13054.0,4.933733314512116e-06,0.0,0.0,9331.0,8.834148439165274e-06,0.0,0.0,27475.0,1.004913556346109e-05
2.0,44.0,0.0,1738.0,0.0,4.652036711180617e-17,0.0,0.0,13054.0,2.96023998870727e-06,0.0,0.0,9331.0,5.300489063499164e-06,0.0,0.0,27475.0,6.029481338076653e-06
2.0,45.0,0.0,1738.0,0.0,2.79122202670837e-17,0.0,0.0,13054.0,1.7761439932243617e-06,0.0,0.0,9331.0,3.1802934380994984e-06,0.0,0.0,27475.0,3.617688802845992e-06
2.0,46.0,0.0,1738.0,0.0,1.674733216025022e-17,0.0,0.0,13054.0,1.065686395934617e-06,0.0,0.0,9331.0,1.908176062859699e-06,0.0,0.0,27475.0,2.170613281707595e-06
2.0,47.0,0.0,1738.0,0.0,1.0048399296150132e-17,0.0,0.0,13054.0,6.394118375607701e-07,0.0,0.0,9331.0,1.1449056377158193e-06,0.0,0.0,27475.0,1.302367969024557e-06
2.0,48.0,0.0,1738.0,0.0,6.029039577690079e-18,0.0,0.0,13054.0,3.8364710253646206e-07,0.0,0.0,9331.0,6.869433826294916e-07,0.0,0.0,27475.0,7.814207814147342e-07
2.0,49.0,0.0,1738.0,0.0,3.617423746614047e-18,0.0,0.0,13054.0,2.3018826152187724e-07,0.0,0.0,9331.0,4.121660295776949e-07,0.0,0.0,27475.0,4.688524688488405e-07
2.0,50.0,0.0,1738.0,0.0,2.1704542479684283e-18,0.0,0.0,13054.0,1.3811295691312633e-07,0.0,0.0,9331.0,2.472996177466169e-07,0.0,0.0,27475.0,2.813114813093043e-07
2.0,51.0,0.0,1738.0,0.0,1.302272548781057e-18,0.0,0.0,13054.0,8.286777414787579e-08,0.0,0.0,9331.0,1.4837977064797014e-07,0.0,0.0,27475.0,1.6878688878558257e-07
2.0,52.0,0.0,1738.0,0.0,7.813635292686342e-19,0.0,0.0,13054.0,4.9720664488725475e-08,0.0,0.0,9331.0,8.902786238878208e-08,0.0,0.0,27475.0,1.0127213327134953e-07
3.0,1.0,0.0,1753.0,0.0,4.688181175611805e-19,0.0,0.0,13054.0,2.983239869323528e-08,0.0,0.0,9331.0,5.341671743326925e-08,0.0,0.0,27475.0,6.076327996280972e-08
3.0,2.0,0.0,1753.0,0.0,2.8129087053670827e-19,0.0,0.0,12996.0,1.7899439215941168e-08,0.0,0.0,9355.0,3.205003045996155e-08,0.0,0.0,27439.0,3.645796797768583e-08
3.0,3.0,0.0,1753.0,0.0,1.6877452232202497e-19,0.0,0.0,12996.0,1.07396635295647e-08,0.0,0.0,9355.0,1.923001827597693e-08,0.0,0.0,27439.0,2.1874780786611495e-08
3.0,4.0,0.0,1753.0,0.0,1.0126471339321498e-19,0.0,0.0,12996.0,6.443798117738819e-09,0.0,0.0,9355.0,1.1538010965586157e-08,0.0,0.0,27439.0,1.3124868471966897e-08
3.0,5.0,0.0,1753.0,0.0,6.075882803592898e-20,0.0,0.0,12996.0,3.8662788706432915e-09,0.0,0.0,9355.0,6.922806579351694e-09,0.0,0.0,27439.0,7.874921083180138e-09
3.0,6.0,0.0,1753.0,0.0,3.645529682155739e-20,0.0,0.0,12996.0,2.319767322385975e-09,0.0,0.0,9355.0,4.153683947611016e-09,0.0,0.0,27439.0,4.724952649908083e-09
3.0,7.0,0.0,1753.0,0.0,2.1873178092934432e-20,0.0,0.0,12996.0,1.391860393431585e-09,0.0,0.0,9355.0,2.4922103685666095e-09,0.0,0.0,27439.0,2.8349715899448494e-09
3.0,8.0,0.0,1753.0,0.0,1.3123906855760659e-20,0.0,0.0,12996.0,8.351162360589509e-10,0.0,0.0,9355.0,1.4953262211399657e-09,0.0,0.0,27439.0,1.7009829539669096e-09
3.0,9.0,0.0,1753.0,0.0,7.874344113456395e-21,0.0,0.0,12996.0,5.010697416353705e-10,0.0,0.0,9355.0,8.971957326839794e-10,0.0,0.0,27439.0,1.0205897723801457e-09
3.0,10.0,0.0,1753.0,0.0,4.724606468073837e-21,0.0,0.0,12996.0,3.006418449812223e-10,0.0,0.0,9355.0,5.383174396103876e-10,0.0,0.0,27439.0,6.123538634280874e-10
3.0,11.0,0.0,1753.0,0.0,2.834763880844302e-21,0.0,0.0,12996.0,1.8038510698873337e-10,0.0,0.0,9355.0,3.2299046376623255e-10,0.0,0.0,27439.0,3.674123180568524e-10
3.0,12.0,0.0,1753.0,0.0,1.7008583285065812e-21,0.0,0.0,12996.0,1.0823106419324002e-10,0.0,0.0,9355.0,1.9379427825973953e-10,0.0,0.0,27439.0,2.2044739083411143e-10
3.0,13.0,0.0,1753.0,0.0,1.0205149971039487e-21,0.0,0.0,12996.0,6.493863851594401e-11,0.0,0.0,9355.0,1.1627656695584372e-10,0.0,0.0,27439.0,1.3226843450046685e-10
3.0,14.0,0.0,1753.0,0.0,6.123089982623693e-22,0.0,0.0,12996.0,3.89631831095664e-11,0.0,0.0,9355.0,6.976594017350623e-11,0.0,0.0,27439.0,7.936106070028011e-11
3.0,15.0,0.0,1753.0,0.0,3.6738539895742156e-22,0.0,0.0,12996.0,2.337790986573984e-11,0.0,0.0,9355.0,4.1859564104103735e-11,0.0,0.0,27439.0,4.761663642016806e-11
3.0,16.0,0.0,1753.0,0.0,2.2043123937445295e-22,0.0,0.0,12996.0,1.4026745919443902e-11,0.0,0.0,9355.0,2.5115738462462242e-11,0.0,0.0,27439.0,2.8569981852100837e-11
3.0,17.0,0.0,1753.0,0.0,1.3225874362467176e-22,0.0,0.0,12996.0,8.41604755166634e-12,0.0,0.0,9355.0,1.5069443077477343e-11,0.0,0.0,27439.0,1.7141989111260503e-11
3.0,18.0,0.0,1753.0,0.0,7.935524617480306e-23,0.0,0.0,12996.0,5.0496285309998044e-12,0.0,0.0,9355.0,9.041665846486406e-12,0.0,0.0,27439.0,1.0285193466756301e-11
3.0,19.0,0.0,1753.0,0.0,4.761314770488183e-23,0.0,0.0,12996.0,3.0297771185998827e-12,0.0,0.0,9355.0,5.424999507891843e-12,0.0,0.0,27439.0,6.1711160800537805e-12
3.0,20.0,0.0,1753.0,0.0,2.8567888622929096e-23,0.0,0.0,12996.0,1.8178662711599296e-12,0.0,0.0,9355.0,3.2549997047351057e-12,7.2889e-05,2.0,27439.0,2.915560370266965e-05
3.0,21.0,0.0,1753.0,0.0,1.7140733173757457e-23,0.0,0.0,12996.0,1.0907197626959577e-12,0.0,0.0,9355.0,1.9529998228410632e-12,7.2889e-05,2.0,27439.0,4.664896222160179e-05
3.0,22.0,0.0,1753.0,0.0,1.0284439904254474e-23,0.0,0.0,12996.0,6.544318576175745e-13,0.0,0.0,9355.0,1.1717998937046378e-12,7.2889e-05,2.0,27439.0,5.7144977332961075e-05
3.0,23.0,0.0,1753.0,0.0,6.1706639425526835e-24,7.6947e-05,1.0,12996.0,3.0778800392659115e-05,0.0,0.0,9355.0,7.030799362227827e-13,0.0,0.0,27439.0,3.428698639977664e-05
3.0,24.0,0.0,1753.0,0.0,3.70239836553161e-24,0.0,0.0,12996.0,1.846728023559547e-05,0.00042757900000000003,4.0,9355.0,0.000171031600421848,0.00010933299999999999,3.0,27439.0,6.430539183986598e-05
3.0,25.0,0.0,1753.0,0.0,2.221439019318966e-24,0.0,0.0,12996.0,1.108036814135728e-05,0.00042757900000000003,4.0,9355.0,0.00027365056025310884,0.0,0.0,27439.0,3.858323510391958e-05
3.0,26.0,0.0,1753.0,0.0,1.3328634115913797e-24,0.0,0.0,12996.0,6.648220884814368e-06,0.0013896310000000001,13.0,9355.0,0.0007200427361518653,3.6444e-05,1.0,27439.0,3.772754106235175e-05
3.0,27.0,0.0,1753.0,0.0,7.997180469548278e-25,0.0,0.0,12996.0,3.988932530888621e-06,0.000748263,7.0,9355.0,0.0007313308416911192,0.000328,9.0,27439.0,0.00015383652463741107
3.0,28.0,0.0,1753.0,0.0,4.798308281728967e-25,0.0,0.0,12996.0,2.3933595185331722e-06,0.0,0.0,9355.0,0.00043879850501467153,0.000145778,4.0,27439.0,0.00015061311478244664
3.0,29.0,0.0,1753.0,0.0,2.87898496903738e-25,0.000153894,2.0,12996.0,6.29936157111199e-05,0.0,0.0,9355.0,0.00026327910300880293,0.00010933299999999999,3.0,27439.0,0.00013410106886946799
3.0,30.0,0.0,1753.0,0.0,1.727390981422428e-25,7.6947e-05,1.0,12996.0,6.857496942667194e-05,0.0,0.0,9355.0,0.00015796746180528175,0.0,0.0,27439.0,8.046064132168079e-05
3.0,31.0,0.006274956999999999,1753.0,11.0,0.0025099828,7.6947e-05,1.0,12996.0,7.192378165600316e-05,0.0,0.0,9355.0,9.478047708316904e-05,0.000145778,4.0,27439.0,0.00010658758479300848
3.0,32.0,0.0,1753.0,0.0,0.0015059896799999998,0.0,0.0,12996.0,4.3154268993601896e-05,0.0,0.0,9355.0,5.6868286249901425e-05,0.000145778,4.0,27439.0,0.0001222637508758051
3.0,33.0,0.0,1753.0,0.0,0.0009035938079999999,0.0,0.0,12996.0,2.5892561396161138e-05,0.0,0.0,9355.0,3.4120971749940855e-05,0.000145778,4.0,27439.0,0.00013166945052548305
3.0,34.0,0.0,1753.0,0.0,0.0005421562847999999,0.0,0.0,12996.0,1.553553683769668e-05,0.0,0.0,9355.0,2.0472583049964513e-05,7.2889e-05,2.0,27439.0,0.00010815727031528983
3.0,35.0,0.0,1753.0,0.0,0.0003252937708799999,0.0,0.0,12996.0,9.321322102618008e-06,0.0,0.0,9355.0,1.2283549829978707e-05,0.0,0.0,27439.0,6.48943621891739e-05
3.0,36.0,0.0,1753.0,0.0,0.00019517626252799994,0.0,0.0,12996.0,5.5927932615708046e-06,0.0,0.0,9355.0,7.370129897987224e-06,0.0,0.0,27439.0,3.893661731350434e-05
3.0,37.0,0.0,1753.0,0.0,0.00011710575751679996,0.0,0.0,12996.0,3.3556759569424825e-06,0.0,0.0,9355.0,4.422077938792334e-06,0.0,0.0,27439.0,2.33619703881026e-05
3.0,38.0,0.0,1753.0,0.0,7.026345451007998e-05,0.0,0.0,12996.0,2.0134055741654892e-06,0.0,0.0,9355.0,2.6532467632754002e-06,0.0,0.0,27439.0,1.401718223286156e-05
3.0,39.0,0.0,1753.0,0.0,4.215807270604799e-05,0.0,0.0,12996.0,1.2080433444992935e-06,0.0,0.0,9355.0,1.59194805796524e-06,0.000145778,4.0,27439.0,6.672150933971694e-05
3.0,40.0,0.0,1753.0,0.0,2.529484362362879e-05,0.0,0.0,12996.0,7.248260066995761e-07,0.0,0.0,9355.0,9.55168834779144e-07,0.000145778,4.0,27439.0,9.834410560383017e-05
3.0,41.0,0.0,1753.0,0.0,1.5176906174177274e-05,0.0,0.0,12996.0,4.348956040197456e-07,0.0,0.0,9355.0,5.731013008674865e-07,0.0,0.0,27439.0,5.90064633622981e-05
3.0,42.0,0.0,1753.0,0.0,9.106143704506364e-06,0.0,0.0,12996.0,2.6093736241184734e-07,0.0,0.0,9355.0,3.438607805204919e-07,0.0,0.0,27439.0,3.540387801737886e-05
3.0,43.0,0.0,1753.0,0.0,5.463686222703818e-06,0.0,0.0,12996.0,1.565624174471084e-07,0.0,0.0,9355.0,2.0631646831229513e-07,0.0,0.0,27439.0,2.1242326810427317e-05
3.0,44.0,0.0,1753.0,0.0,3.278211733622291e-06,0.0,0.0,12996.0,9.393745046826505e-08,0.0,0.0,9355.0,1.2378988098737708e-07,0.0,0.0,27439.0,1.274539608625639e-05
3.0,45.0,0.0,1753.0,0.0,1.9669270401733745e-06,0.0,0.0,12996.0,5.6362470280959025e-08,0.0,0.0,9355.0,7.427392859242625e-08,0.0,0.0,27439.0,7.647237651753833e-06
3.0,46.0,0.0,1753.0,0.0,1.1801562241040247e-06,0.0,0.0,12996.0,3.381748216857541e-08,0.0,0.0,9355.0,4.456435715545575e-08,0.0,0.0,27439.0,4.5883425910523e-06
3.0,47.0,0.0,1753.0,0.0,7.080937344624148e-07,0.0,0.0,12996.0,2.0290489301145245e-08,0.0,0.0,9355.0,2.673861429327345e-08,0.0,0.0,27439.0,2.75300555463138e-06
3.0,48.0,0.0,1753.0,0.0,4.248562406774489e-07,0.0,0.0,12996.0,1.2174293580687147e-08,0.0,0.0,9355.0,1.6043168575964068e-08,0.0,0.0,27439.0,1.6518033327788278e-06
3.0,49.0,0.0,1753.0,0.0,2.5491374440646933e-07,0.0,0.0,12996.0,7.304576148412288e-09,0.0,0.0,9355.0,9.62590114557844e-09,0.0,0.0,27439.0,9.910819996672965e-07
3.0,50.0,0.0,1753.0,0.0,1.529482466438816e-07,0.0,0.0,12996.0,4.382745689047372e-09,0.0,0.0,9355.0,5.775540687347064e-09,0.0,0.0,27439.0,5.946491998003779e-07
3.0,51.0,0.0,1753.0,0.0,9.176894798632896e-08,0.0,0.0,12996.0,2.629647413428423e-09,0.0,0.0,9355.0,3.465324412408238e-09,0.0,0.0,27439.0,3.5678951988022675e-07
3.0,52.0,0.0,1753.0,0.0,5.506136879179737e-08,0.0,0.0,12996.0,1.5777884480570538e-09,0.0,0.0,9355.0,2.079194647444943e-09,0.0,0.0,27439.0,2.1407371192813603e-07
4.0,1.0,0.0,1753.0,0.0,3.303682127507842e-08,0.0,0.0,12996.0,9.466730688342323e-10,0.0,0.0,9355.0,1.2475167884669657e-09,0.0,0.0,27439.0,1.284442271568816e-07
4.0,2.0,0.0,1753.0,0.0,1.9822092765047053e-08,0.0,0.0,13116.0,5.680038413005393e-10,0.0,0.0,9294.0,7.485100730801794e-10,0.0,0.0,27437.0,7.706653629412896e-08
4.0,3.0,0.0,1753.0,0.0,1.1893255659028232e-08,0.0,0.0,13116.0,3.4080230478032356e-10,0.0,0.0,9294.0,4.4910604384810765e-10,0.0,0.0,27437.0,4.623992177647737e-08
4.0,4.0,0.0,1753.0,0.0,7.135953395416939e-09,0.0,0.0,13116.0,2.0448138286819412e-10,0.0,0.0,9294.0,2.6946362630886457e-10,0.0,0.0,27437.0,2.7743953065886423e-08
4.0,5.0,0.0,1753.0,0.0,4.281572037250163e-09,0.0,0.0,13116.0,1.2268882972091647e-10,0.0,0.0,9294.0,1.6167817578531872e-10,0.0,0.0,27437.0,1.6646371839531853e-08
4.0,6.0,0.0,1753.0,0.0,2.5689432223500978e-09,0.0,0.0,13116.0,7.361329783254988e-11,0.0,0.0,9294.0,9.700690547119123e-11,3.6447e-05,1.0,27437.0,1.4588787823103719e-05
4.0,7.0,0.0,1753.0,0.0,1.5413659334100586e-09,0.0,0.0,13116.0,4.416797869952993e-11,0.0,0.0,9294.0,5.820414328271474e-11,0.0,0.0,27437.0,8.753272693862231e-06
4.0,8.0,0.0,1753.0,0.0,9.248195600460351e-10,0.0,0.0,13116.0,2.6500787219717958e-11,0.0,0.0,9294.0,3.4922485969628844e-11,3.6447e-05,1.0,27437.0,1.983076361631734e-05
4.0,9.0,0.0,1753.0,0.0,5.548917360276211e-10,0.0,0.0,13116.0,1.5900472331830775e-11,0.0,0.0,9294.0,2.0953491581777307e-11,0.00021868299999999998,6.0,27437.0,9.93716581697904e-05
4.0,10.0,0.0,1753.0,0.0,3.3293504161657264e-10,7.624300000000001e-05,1.0,13116.0,3.0497209540283402e-05,0.0,0.0,9294.0,1.2572094949066384e-11,7.2894e-05,2.0,27437.0,8.878059490187424e-05
4.0,11.0,0.0,1753.0,0.0,1.9976102496994357e-10,0.0,0.0,13116.0,1.829832572417004e-05,0.0,0.0,9294.0,7.54325696943983e-12,3.6447e-05,1.0,27437.0,6.784715694112454e-05
4.0,12.0,0.0,1753.0,0.0,1.1985661498196615e-10,7.624300000000001e-05,1.0,13116.0,4.147619543450203e-05,0.0,0.0,9294.0,4.525954181663898e-12,3.6447e-05,1.0,27437.0,5.528709416467473e-05
4.0,13.0,0.0,1753.0,0.0,7.191396898917969e-11,0.0,0.0,13116.0,2.4885717260701218e-05,0.0,0.0,9294.0,2.7155725089983386e-12,0.0,0.0,27437.0,3.3172256498804835e-05
4.0,14.0,0.0,1753.0,0.0,4.314838139350781e-11,0.000381214,5.0,13116.0,0.00016741703035642075,0.0,0.0,9294.0,1.6293435053990032e-12,0.00010934100000000001,3.0,27437.0,6.36397538992829e-05
4.0,15.0,0.0,1753.0,0.0,2.5889028836104688e-11,7.624300000000001e-05,1.0,13116.0,0.00013094741821385246,0.0,0.0,9294.0,9.77606103239402e-13,7.2894e-05,2.0,27437.0,6.734145233956975e-05
4.0,16.0,0.0,1753.0,0.0,1.5533417301662813e-11,0.000381214,5.0,13116.0,0.0002310540509283115,0.000107596,1.0,9294.0,4.3038400586563666e-05,0.0,0.0,27437.0,4.040487140374185e-05
4.0,17.0,0.0,1753.0,0.0,9.320050380997687e-12,0.00022872799999999998,3.0,13116.0,0.00023012363055698688,0.000107596,1.0,9294.0,6.88614403519382e-05,7.2894e-05,2.0,27437.0,5.340052284224511e-05
4.0,18.0,0.010838562,1753.0,19.0,0.004335424805592031,0.00015248600000000002,2.0,13116.0,0.00019906857833419214,0.000430385,4.0,9294.0,0.00021347086421116292,0.000291577,8.0,27437.0,0.00014867111370534707
4.0,19.0,0.000570451,1753.0,1.0,0.002829435283355218,0.0,0.0,13116.0,0.00011944114700051527,0.0,0.0,9294.0,0.00012808251852669775,0.000692496,19.0,27437.0,0.00036620106822320825
4.0,20.0,0.0,1753.0,0.0,0.0016976611700131308,0.00022872799999999998,3.0,13116.0,0.00016315588820030915,0.000537981,5.0,9294.0,0.00029204191111601867,0.00153078,42.0,27437.0,0.000832032640933925
4.0,21.0,0.005134056,1753.0,9.0,0.003072219102007878,0.000533699,7.0,13116.0,0.0003113731329201855,0.001183559,11.0,9294.0,0.0006486487466696113,0.0018952510000000001,52.0,27437.0,0.001257319984560355
4.0,22.0,0.005134056,1753.0,9.0,0.0038969538612047263,0.00015248600000000002,2.0,13116.0,0.00024781827975211125,0.000537981,5.0,9294.0,0.0006043816480017668,0.002113934,58.0,27437.0,0.001599965590736213
4.0,23.0,0.009697661,1753.0,17.0,0.006217236716722836,0.0,0.0,13116.0,0.00014869096785126676,0.000537981,5.0,9294.0,0.0005778213888010601,0.001749462,48.0,27437.0,0.0016597641544417278
4.0,24.0,0.002852253,1753.0,5.0,0.004871243230033701,0.0,0.0,13116.0,8.921458071076005e-05,0.001398752,13.0,9294.0,0.0009061936332806361,0.00102052,28.0,27437.0,0.0014040664926650366
4.0,25.0,0.0022818029999999998,1753.0,4.0,0.0038354671380202206,0.0,0.0,13116.0,5.352874842645603e-05,0.000537981,5.0,9294.0,0.0007589085799683817,0.001093414,30.0,27437.0,0.001279805495599022
4.0,26.0,0.0,1753.0,0.0,0.0023012802828121324,0.0,0.0,13116.0,3.211724905587362e-05,0.00032278900000000003,3.0,9294.0,0.000584460747981029,0.0018952510000000001,52.0,27437.0,0.0015259836973594133
4.0,27.0,0.0,1753.0,0.0,0.0013807681696872793,7.624300000000001e-05,1.0,13116.0,4.9767549433524176e-05,0.000107596,1.0,9294.0,0.0003937148487886174,0.0008382839999999999,23.0,27437.0,0.001250903818415648
4.0,28.0,0.0,1753.0,0.0,0.0008284609018123676,0.0,0.0,13116.0,2.9860529660114503e-05,0.000430385,4.0,9294.0,0.0004083829092731704,0.00040091800000000005,11.0,27437.0,0.0009109094910493888
4.0,29.0,0.0,1753.0,0.0,0.0004970765410874205,0.0,0.0,13116.0,1.7916317796068702e-05,0.00032278900000000003,3.0,9294.0,0.00037414534556390224,0.0,0.0,27437.0,0.0005465456946296333
4.0,30.0,0.0,1753.0,0.0,0.00029824592465245225,0.0,0.0,13116.0,1.074979067764122e-05,0.000430385,4.0,9294.0,0.00039664120733834136,0.0,0.0,27437.0,0.00032792741677778
4.0,31.0,0.0,1753.0,0.0,0.00017894755479147136,7.624300000000001e-05,1.0,13116.0,3.694707440658474e-05,0.000107596,1.0,9294.0,0.0002810231244030048,0.00010934100000000001,3.0,27437.0,0.000240492850066668
4.0,32.0,0.0,1753.0,0.0,0.00010736853287488282,0.00015248600000000002,2.0,13116.0,8.316264464395085e-05,0.000107596,1.0,9294.0,0.0002116522746418029,0.0,0.0,27437.0,0.0001442957100400008
4.0,33.0,0.0,1753.0,0.0,6.442111972492969e-05,0.0,0.0,13116.0,4.989758678637051e-05,0.0,0.0,9294.0,0.00012699136478508174,0.0,0.0,27437.0,8.657742602400047e-05
4.0,34.0,0.0,1753.0,0.0,3.865267183495781e-05,0.0,0.0,13116.0,2.9938552071822306e-05,0.0,0.0,9294.0,7.619481887104905e-05,0.0,0.0,27437.0,5.194645561440028e-05
4.0,35.0,0.0,1753.0,0.0,2.3191603100974687e-05,0.0,0.0,13116.0,1.7963131243093383e-05,0.0,0.0,9294.0,4.5716891322629427e-05,0.00010934100000000001,3.0,27437.0,7.490427336864017e-05
4.0,36.0,0.0,1753.0,0.0,1.3914961860584812e-05,0.0,0.0,13116.0,1.077787874585603e-05,0.0,0.0,9294.0,2.7430134793577657e-05,0.0,0.0,27437.0,4.49425640211841e-05
4.0,37.0,0.0,1753.0,0.0,8.348977116350886e-06,0.0,0.0,13116.0,6.466727247513618e-06,0.0,0.0,9294.0,1.6458080876146594e-05,7.2894e-05,2.0,27437.0,5.6123138412710456e-05
4.0,38.0,0.0,1753.0,0.0,5.009386269810532e-06,0.0,0.0,13116.0,3.88003634850817e-06,0.0,0.0,9294.0,9.874848525687956e-06,0.0,0.0,27437.0,3.3673883047626274e-05
4.0,39.0,0.0,1753.0,0.0,3.0056317618863187e-06,0.0,0.0,13116.0,2.328021809104902e-06,0.0,0.0,9294.0,5.9249091154127735e-06,0.0,0.0,27437.0,2.0204329828575762e-05
4.0,40.0,0.0,1753.0,0.0,1.8033790571317912e-06,0.0,0.0,13116.0,1.396813085462941e-06,0.0,0.0,9294.0,3.554945469247664e-06,0.0,0.0,27437.0,1.2122597897145458e-05
4.0,41.0,0.0,1753.0,0.0,1.0820274342790747e-06,0.0,0.0,13116.0,8.380878512777646e-07,0.0,0.0,9294.0,2.132967281548598e-06,0.0,0.0,27437.0,7.273558738287274e-06
4.0,42.0,0.0,1753.0,0.0,6.492164605674448e-07,0.0,0.0,13116.0,5.028527107666587e-07,0.0,0.0,9294.0,1.2797803689291589e-06,0.0,0.0,27437.0,4.364135242972364e-06
4.0,43.0,0.0,1753.0,0.0,3.8952987634046685e-07,0.0,0.0,13116.0,3.017116264599952e-07,0.0,0.0,9294.0,7.678682213574953e-07,0.0,0.0,27437.0,2.6184811457834183e-06
4.0,44.0,0.0,1753.0,0.0,2.337179258042801e-07,0.0,0.0,13116.0,1.8102697587599712e-07,0.0,0.0,9294.0,4.607209328144972e-07,0.0,0.0,27437.0,1.571088687470051e-06
4.0,45.0,0.0,1753.0,0.0,1.4023075548256806e-07,0.0,0.0,13116.0,1.0861618552559827e-07,0.0,0.0,9294.0,2.764325596886983e-07,0.0,0.0,27437.0,9.426532124820306e-07
4.0,46.0,0.0,1753.0,0.0,8.413845328954083e-08,0.0,0.0,13116.0,6.516971131535896e-08,0.0,0.0,9294.0,1.6585953581321898e-07,0.0,0.0,27437.0,5.655919274892184e-07
4.0,47.0,0.0,1753.0,0.0,5.04830719737245e-08,0.0,0.0,13116.0,3.910182678921538e-08,0.0,0.0,9294.0,9.951572148793138e-08,0.0,0.0,27437.0,3.39355156493531e-07
4.0,48.0,0.0,1753.0,0.0,3.02898431842347e-08,0.0,0.0,13116.0,2.3461096073529224e-08,0.0,0.0,9294.0,5.970943289275883e-08,0.0,0.0,27437.0,2.036130938961186e-07
4.0,49.0,0.0,1753.0,0.0,1.8173905910540818e-08,0.0,0.0,13116.0,1.4076657644117533e-08,0.0,0.0,9294.0,3.5825659735655294e-08,0.0,0.0,27437.0,1.2216785633767116e-07
4.0,50.0,0.0,1753.0,0.0,1.090434354632449e-08,0.0,0.0,13116.0,8.44599458647052e-09,0.0,0.0,9294.0,2.1495395841393175e-08,0.0,0.0,27437.0,7.330071380260269e-08
4.0,51.0,0.0,1753.0,0.0,6.542606127794693e-09,0.0,0.0,13116.0,5.0675967518823115e-09,0.0,0.0,9294.0,1.2897237504835906e-08,0.0,0.0,27437.0,4.398042828156161e-08
4.0,52.0,0.0,1753.0,0.0,3.925563676676816e-09,0.0,0.0,13116.0,3.040558051129387e-09,0.0,0.0,9294.0,7.738342502901542e-09,0.0,0.0,27437.0,2.6388256968936966e-08
5.0,1.0,0.0,1777.0,0.0,2.3553382060060895e-09,0.0,0.0,13116.0,1.824334830677632e-09,0.0,0.0,9294.0,4.6430055017409256e-09,0.0,0.0,27437.0,1.583295418136218e-08
5.0,2.0,0.0,1777.0,0.0,1.4132029236036537e-09,0.0,0.0,13327.0,1.0946008984065792e-09,0.0,0.0,9315.0,2.7858033010445553e-09,0.0,0.0,27230.0,9.499772508817308e-09
5.0,3.0,0.0,1777.0,0.0,8.479217541621921e-10,0.0,0.0,13327.0,6.567605390439475e-10,0.0,0.0,9315.0,1.671481980626733e-09,0.0,0.0,27230.0,5.699863505290384e-09
5.0,4.0,0.0,1777.0,0.0,5.087530524973153e-10,0.0,0.0,13327.0,3.940563234263685e-10,0.0,0.0,9315.0,1.0028891883760399e-09,0.0,0.0,27230.0,3.4199181031742305e-09
5.0,5.0,0.0,1777.0,0.0,3.052518314983892e-10,0.0,0.0,13327.0,2.364337940558211e-10,0.0,0.0,9315.0,6.017335130256239e-10,0.0,0.0,27230.0,2.051950861904538e-09
5.0,6.0,0.0,1777.0,0.0,1.831510988990335e-10,0.0,0.0,13327.0,1.4186027643349265e-10,0.0,0.0,9315.0,3.6104010781537433e-10,0.0,0.0,27230.0,1.2311705171427228e-09
5.0,7.0,0.0,1777.0,0.0,1.098906593394201e-10,0.0,0.0,13327.0,8.511616586009559e-11,0.0,0.0,9315.0,2.1662406468922458e-10,0.0,0.0,27230.0,7.387023102856336e-10
5.0,8.0,0.0,1777.0,0.0,6.593439560365206e-11,0.0,0.0,13327.0,5.1069699516057355e-11,0.0,0.0,9315.0,1.2997443881353475e-10,0.0,0.0,27230.0,4.4322138617138015e-10
5.0,9.0,0.0,1777.0,0.0,3.956063736219123e-11,0.0,0.0,13327.0,3.064181970963441e-11,0.0,0.0,9315.0,7.798466328812085e-11,0.0,0.0,27230.0,2.659328317028281e-10
5.0,10.0,0.0,1777.0,0.0,2.3736382417314738e-11,0.0,0.0,13327.0,1.8385091825780645e-11,0.0,0.0,9315.0,4.6790797972872505e-11,0.0,0.0,27230.0,1.5955969902169685e-10
5.0,11.0,0.0,1777.0,0.0,1.4241829450388841e-11,0.0,0.0,13327.0,1.1031055095468388e-11,0.0,0.0,9315.0,2.8074478783723503e-11,0.0,0.0,27230.0,9.573581941301811e-11
5.0,12.0,0.0,1777.0,0.0,8.545097670233304e-12,0.0,0.0,13327.0,6.6186330572810326e-12,0.0,0.0,9315.0,1.68446872702341e-11,0.0,0.0,27230.0,5.7441491647810864e-11
5.0,13.0,0.0,1777.0,0.0,5.127058602139983e-12,0.0,0.0,13327.0,3.97117983436862e-12,0.0,0.0,9315.0,1.010681236214046e-11,0.0,0.0,27230.0,3.446489498868652e-11
5.0,14.0,0.0,1777.0,0.0,3.0762351612839894e-12,0.0,0.0,13327.0,2.382707900621172e-12,0.0,0.0,9315.0,6.064087417284276e-12,0.0,0.0,27230.0,2.067893699321191e-11
5.0,15.0,0.0,1777.0,0.0,1.8457410967703937e-12,0.0,0.0,13327.0,1.4296247403727032e-12,0.0,0.0,9315.0,3.6384524503705655e-12,0.0,0.0,27230.0,1.2407362195927147e-11
5.0,16.0,0.0,1777.0,0.0,1.1074446580622362e-12,0.0,0.0,13327.0,8.577748442236218e-13,0.000322061,3.0,9315.0,0.00012882440218307147,0.0,0.0,27230.0,7.444417317556288e-12
5.0,17.0,0.0,1777.0,0.0,6.644667948373417e-13,0.0,0.0,13327.0,5.14664906534173e-13,0.001180891,11.0,9315.0,0.000549651041309843,0.00011017299999999999,3.0,27230.0,4.406920446665039e-05
5.0,18.0,0.0,1777.0,0.0,3.98680076902405e-13,0.0,0.0,13327.0,3.087989439205038e-13,0.0009661839999999999,9.0,9315.0,0.0007162642247859058,0.000146897,4.0,27230.0,8.520032267999024e-05
5.0,19.0,0.0,1777.0,0.0,2.39208046141443e-13,0.000450214,6.0,13327.0,0.00018008560018527937,0.0024691360000000002,23.0,9315.0,0.0014174129348715435,0.000514139,14.0,27230.0,0.00025677579360799415
5.0,20.0,0.0,1777.0,0.0,1.435248276848658e-13,0.000450214,6.0,13327.0,0.00028813696011116763,0.0024691360000000002,23.0,9315.0,0.0018381021609229261,0.000587587,16.0,27230.0,0.0003891002761647965
5.0,21.0,0.0,1777.0,0.0,8.611489661091947e-14,0.00120057,16.0,13327.0,0.0006531101760667006,0.00171766,16.0,9315.0,0.0017899252965537557,0.000624311,17.0,27230.0,0.00048318456569887793
5.0,22.0,0.0,1777.0,0.0,5.166893796655168e-14,0.001275606,17.0,13327.0,0.0009021085056400205,0.0019323670000000002,18.0,9315.0,0.0018469019779322534,0.000367242,10.0,27230.0,0.0004368075394193268
5.0,23.0,0.0,1777.0,0.0,3.100136277993101e-14,0.000450214,6.0,13327.0,0.0007213507033840122,0.000429415,4.0,9315.0,0.001279907186759352,7.3448e-05,2.0,27230.0,0.0002914637236515961
5.0,24.0,0.0,1777.0,0.0,1.8600817667958605e-14,0.000150071,2.0,13327.0,0.0004928388220304073,0.000322061,3.0,9315.0,0.0008967687120556111,0.0,0.0,27230.0,0.00017487823419095767
5.0,25.0,0.0,1777.0,0.0,1.1160490600775163e-14,0.0,0.0,13327.0,0.00029570329321824436,0.0,0.0,9315.0,0.0005380612272333666,3.6724e-05,1.0,27230.0,0.0001196165405145746
5.0,26.0,0.0,1777.0,0.0,6.696294360465097e-15,0.0,0.0,13327.0,0.0001774219759309466,0.000107354,1.0,9315.0,0.00036577833634001994,0.0,0.0,27230.0,7.176992430874476e-05
5.0,27.0,0.0,1777.0,0.0,4.0177766162790585e-15,0.0,0.0,13327.0,0.00010645318555856796,0.0,0.0,9315.0,0.00021946700180401195,7.3448e-05,2.0,27230.0,7.244115458524686e-05
5.0,28.0,0.0,1777.0,0.0,2.410665969767435e-15,0.0,0.0,13327.0,6.387191133514077e-05,0.0,0.0,9315.0,0.00013168020108240717,0.0,0.0,27230.0,4.3464692751148115e-05
5.0,29.0,0.0,1777.0,0.0,1.4463995818604609e-15,0.0,0.0,13327.0,3.8323146801084464e-05,0.0,0.0,9315.0,7.900812064944429e-05,7.3448e-05,2.0,27230.0,5.545801565068887e-05
5.0,30.0,0.0,1777.0,0.0,8.678397491162765e-16,0.0,0.0,13327.0,2.2993888080650676e-05,0.0,0.0,9315.0,4.740487238966657e-05,3.6724e-05,1.0,27230.0,4.7964409390413324e-05
5.0,31.0,0.0,1777.0,0.0,5.207038494697658e-16,0.0,0.0,13327.0,1.3796332848390405e-05,0.000107354,1.0,9315.0,7.138452343379995e-05,0.0,0.0,27230.0,2.8778645634247994e-05
5.0,32.0,0.0,1777.0,0.0,3.124223096818595e-16,0.0,0.0,13327.0,8.277799709034242e-06,0.000322061,3.0,9315.0,0.00017165511406028,0.0,0.0,27230.0,1.7267187380548797e-05
5.0,33.0,0.0,1777.0,0.0,1.8745338580911567e-16,0.000225107,3.0,13327.0,9.500947982542055e-05,0.0,0.0,9315.0,0.000102993068436168,0.0,0.0,27230.0,1.0360312428329278e-05
5.0,34.0,0.0,1777.0,0.0,1.124720314854694e-16,0.0,0.0,13327.0,5.700568789525233e-05,0.0,0.0,9315.0,6.17958410617008e-05,0.0,0.0,27230.0,6.216187456997567e-06
5.0,35.0,0.0,1777.0,0.0,6.748321889128164e-17,0.0,0.0,13327.0,3.42034127371514e-05,0.0,0.0,9315.0,3.7077504637020475e-05,0.0,0.0,27230.0,3.72971247419854e-06
5.0,36.0,0.0,1777.0,0.0,4.0489931334768983e-17,0.0,0.0,13327.0,2.052204764229084e-05,0.0,0.0,9315.0,2.2246502782212284e-05,0.0,0.0,27230.0,2.2378274845191238e-06
5.0,37.0,0.0,1777.0,0.0,2.429395880086139e-17,0.0,0.0,13327.0,1.2313228585374503e-05,0.0,0.0,9315.0,1.334790166932737e-05,0.0,0.0,27230.0,1.3426964907114743e-06
5.0,38.0,0.0,1777.0,0.0,1.4576375280516834e-17,7.5036e-05,1.0,13327.0,3.74023371512247e-05,0.0,0.0,9315.0,8.008741001596422e-06,0.0,0.0,27230.0,8.056178944268846e-07
5.0,39.0,0.0,1777.0,0.0,8.7458251683101e-18,0.0,0.0,13327.0,2.244140229073482e-05,0.000107354,1.0,9315.0,4.774684460095786e-05,0.0,0.0,27230.0,4.833707366561307e-07
5.0,40.0,0.0,1777.0,0.0,5.24749510098606e-18,0.0,0.0,13327.0,1.3464841374440891e-05,0.000107354,1.0,9315.0,7.158970676057472e-05,0.0,0.0,27230.0,2.900224419936784e-07
5.0,41.0,0.0,1777.0,0.0,3.1484970605916355e-18,0.0,0.0,13327.0,8.078904824664534e-06,0.0,0.0,9315.0,4.295382405634483e-05,0.0,0.0,27230.0,1.7401346519620703e-07
5.0,42.0,0.0,1777.0,0.0,1.889098236354981e-18,0.0,0.0,13327.0,4.84734289479872e-06,0.0,0.0,9315.0,2.5772294433806898e-05,0.0,0.0,27230.0,1.0440807911772421e-07
5.0,43.0,0.0,1777.0,0.0,1.1334589418129887e-18,0.0,0.0,13327.0,2.908405736879232e-06,0.0,0.0,9315.0,1.5463376660284137e-05,0.0,0.0,27230.0,6.264484747063452e-08
5.0,44.0,0.0,1777.0,0.0,6.800753650877932e-19,0.0,0.0,13327.0,1.745043442127539e-06,0.0,0.0,9315.0,9.278025996170482e-06,0.0,0.0,27230.0,3.758690848238071e-08
5.0,45.0,0.0,1777.0,0.0,4.0804521905267587e-19,0.0,0.0,13327.0,1.0470260652765233e-06,0.0,0.0,9315.0,5.566815597702289e-06,0.0,0.0,27230.0,2.2552145089428427e-08
5.0,46.0,0.0,1777.0,0.0,2.4482713143160553e-19,0.0,0.0,13327.0,6.28215639165914e-07,0.0,0.0,9315.0,3.3400893586213734e-06,0.0,0.0,27230.0,1.3531287053657055e-08
5.0,47.0,0.0,1777.0,0.0,1.4689627885896332e-19,0.0,0.0,13327.0,3.769293834995484e-07,0.0,0.0,9315.0,2.004053615172824e-06,0.0,0.0,27230.0,8.118772232194233e-09
5.0,48.0,0.0,1777.0,0.0,8.813776731537799e-20,0.0,0.0,13327.0,2.26157630099729e-07,0.0,0.0,9315.0,1.2024321691036942e-06,0.0,0.0,27230.0,4.8712633393165395e-09
5.0,49.0,0.0,1777.0,0.0,5.288266038922679e-20,0.0,0.0,13327.0,1.356945780598374e-07,0.0,0.0,9315.0,7.214593014622165e-07,0.0,0.0,27230.0,2.9227580035899235e-09
5.0,50.0,0.0,1777.0,0.0,3.172959623353607e-20,0.0,0.0,13327.0,8.141674683590244e-08,0.0,0.0,9315.0,4.328755808773299e-07,0.0,0.0,27230.0,1.753654802153954e-09
5.0,51.0,0.0,1777.0,0.0,1.9037757740121642e-20,0.0,0.0,13327.0,4.885004810154146e-08,0.0,0.0,9315.0,2.597253485263979e-07,0.0,0.0,27230.0,1.0521928812923724e-09
5.0,52.0,0.0,1777.0,0.0,1.1422654644072985e-20,0.0,0.0,13327.0,2.9310028860924875e-08,0.0,0.0,9315.0,1.5583520911583875e-07,0.0,0.0,27230.0,6.313157287754234e-10
6.0,1.0,0.0,1767.0,0.0,6.853592786443792e-21,0.0,0.0,13327.0,1.7586017316554925e-08,0.0,0.0,9315.0,9.350112546950324e-08,0.0,0.0,27230.0,3.78789437265254e-10
6.0,2.0,0.0,1767.0,0.0,4.112155671866275e-21,0.0,0.0,13277.0,1.0551610389932955e-08,0.0,0.0,9339.0,5.610067528170194e-08,0.0,0.0,26982.0,2.272736623591524e-10
6.0,3.0,0.0,1767.0,0.0,2.467293403119765e-21,0.0,0.0,13277.0,6.330966233959772e-09,0.0,0.0,9339.0,3.366040516902116e-08,0.0,0.0,26982.0,1.3636419741549145e-10
6.0,4.0,0.0,1767.0,0.0,1.480376041871859e-21,0.0,0.0,13277.0,3.7985797403758634e-09,0.0,0.0,9339.0,2.0196243101412696e-08,0.0,0.0,26982.0,8.181851844929487e-11
6.0,5.0,0.0,1767.0,0.0,8.882256251231152e-22,0.0,0.0,13277.0,2.279147844225518e-09,0.0,0.0,9339.0,1.2117745860847617e-08,0.0,0.0,26982.0,4.909111106957692e-11
6.0,6.0,0.0,1767.0,0.0,5.3293537507386915e-22,0.0,0.0,13277.0,1.3674887065353108e-09,0.0,0.0,9339.0,7.27064751650857e-09,0.0,0.0,26982.0,2.945466664174615e-11
6.0,7.0,0.0,1767.0,0.0,3.1976122504432147e-22,0.0,0.0,13277.0,8.204932239211865e-10,0.0,0.0,9339.0,4.3623885099051415e-09,0.0,0.0,26982.0,1.767279998504769e-11
6.0,8.0,0.0,1767.0,0.0,1.9185673502659288e-22,0.0,0.0,13277.0,4.922959343527119e-10,0.0,0.0,9339.0,2.617433105943085e-09,0.0,0.0,26982.0,1.0603679991028613e-11
6.0,9.0,0.0,1767.0,0.0,1.1511404101595573e-22,0.0,0.0,13277.0,2.953775606116271e-10,0.0,0.0,9339.0,1.5704598635658509e-09,0.0,0.0,26982.0,6.362207994617168e-12
6.0,10.0,0.0,1767.0,0.0,6.906842460957344e-23,0.0,0.0,13277.0,1.7722653636697626e-10,0.0,0.0,9339.0,9.422759181395105e-10,0.0,0.0,26982.0,3.8173247967703004e-12
6.0,11.0,0.0,1767.0,0.0,4.144105476574406e-23,0.0,0.0,13277.0,1.0633592182018575e-10,0.0,0.0,9339.0,5.653655508837063e-10,3.7062e-05,1.0,26982.0,1.482480229039488e-05
6.0,12.0,0.0,1767.0,0.0,2.4864632859446435e-23,0.0,0.0,13277.0,6.380155309211145e-11,0.0,0.0,9339.0,3.3921933053022376e-10,0.0,0.0,26982.0,8.894881374236927e-06
6.0,13.0,0.0,1767.0,0.0,1.491877971566786e-23,0.0,0.0,13277.0,3.828093185526687e-11,0.000107078,1.0,9339.0,4.283140353159832e-05,0.0,0.0,26982.0,5.336928824542156e-06
6.0,14.0,0.000565931,1767.0,1.0,0.0002263724,7.5318e-05,1.0,13277.0,3.0127222968559114e-05,0.000107078,1.0,9339.0,6.853004211895899e-05,3.7062e-05,1.0,26982.0,1.8026957294725295e-05
6.0,15.0,0.000565931,1767.0,1.0,0.00036219583999999995,0.00037659099999999996,5.0,13277.0,0.00016871273378113547,0.000535389,5.0,9339.0,0.00025527362527137545,3.7062e-05,1.0,26982.0,2.5640974376835176e-05
6.0,16.0,0.0,1767.0,0.0,0.00021731750399999996,0.000150636,2.0,13277.0,0.00016148204026868128,0.001284934,12.0,9339.0,0.0006671377751628253,7.412300000000001e-05,2.0,26982.0,4.503378462610111e-05
6.0,17.0,0.0,1767.0,0.0,0.00013039050239999997,0.000225955,3.0,13277.0,0.00018727122416120878,0.0009637010000000001,9.0,9339.0,0.0007857630650976951,3.7062e-05,1.0,26982.0,4.184507077566067e-05
6.0,18.0,0.00565931,1767.0,10.0,0.00234195830144,0.001958274,26.0,13277.0,0.0008956723344967253,0.002034479,19.0,9339.0,0.0012852494390586172,7.412300000000001e-05,2.0,26982.0,5.475624246539641e-05
6.0,19.0,0.000565931,1767.0,1.0,0.001631547380864,0.002334865,31.0,13277.0,0.0014713494006980353,0.001070778,10.0,9339.0,0.0011994608634351704,0.000185309,5.0,26982.0,0.00010697734547923784
6.0,20.0,0.0,1767.0,0.0,0.0009789284285184,0.001581683,21.0,13277.0,0.0015154828404188212,0.001070778,10.0,9339.0,0.0011479877180611024,3.7062e-05,1.0,26982.0,7.901120728754271e-05
6.0,21.0,0.0,1767.0,0.0,0.00058735705711104,0.0013557279999999998,18.0,13277.0,0.0014515809042512926,0.00149909,14.0,9339.0,0.0012884286308366614,0.00025943200000000003,7.0,26982.0,0.00015117952437252564
6.0,22.0,0.0,1767.0,0.0,0.000352414234266624,0.0008285,11.0,13277.0,0.0012023485425507756,0.0011778560000000001,11.0,9339.0,0.0012441995785019968,0.00044474099999999996,12.0,26982.0,0.0002686041146235154
6.0,23.0,0.0,1767.0,0.0,0.0002114485405599744,0.000602546,8.0,13277.0,0.0009624275255304654,0.000856623,8.0,9339.0,0.001089168947101198,0.000111185,3.0,26982.0,0.00020563646877410925
6.0,24.0,0.0,1767.0,0.0,0.00012686912433598464,0.000301273,4.0,13277.0,0.0006979657153182793,0.000321234,3.0,9339.0,0.0007819949682607188,0.000148247,4.0,26982.0,0.00018268068126446556
6.0,25.0,0.000565931,1767.0,1.0,0.0003024938746015908,0.000225955,3.0,13277.0,0.0005091614291909675,0.002141557,20.0,9339.0,0.0013258197809564312,0.000704173,19.0,26982.0,0.00039127760875867936
6.0,26.0,0.0,1767.0,0.0,0.00018149632476095447,0.0006778639999999999,9.0,13277.0,0.0005766424575145805,0.001070778,10.0,9339.0,0.0012238030685738587,0.00025943200000000003,7.0,26982.0,0.0003385393652552076
6.0,27.0,0.0,1767.0,0.0,0.00010889779485657268,7.5318e-05,1.0,13277.0,0.0003761126745087483,0.001070778,10.0,9339.0,0.0011625930411443153,7.412300000000001e-05,2.0,26982.0,0.00023277281915312458
6.0,28.0,0.000565931,1767.0,1.0,0.0002917110769139436,0.0,0.0,13277.0,0.00022566760470524896,0.000535389,5.0,9339.0,0.0009117114246865892,0.000185309,5.0,26982.0,0.00021378729149187475
6.0,29.0,0.0,1767.0,0.0,0.00017502664614836615,0.000225955,3.0,13277.0,0.00022578256282314936,0.0,0.0,9339.0,0.0005470268548119535,0.00025943200000000003,7.0,26982.0,0.00023204517489512486
6.0,30.0,0.0,1767.0,0.0,0.00010501598768901969,0.000301273,4.0,13277.0,0.0002559787376938896,0.000214156,2.0,9339.0,0.0004138785128871721,0.000148247,4.0,26982.0,0.00019852590493707491
6.0,31.0,0.0,1767.0,0.0,6.300959261341181e-05,0.000225955,3.0,13277.0,0.00024396924261633378,0.000214156,2.0,9339.0,0.0003339895077323032,3.7062e-05,1.0,26982.0,0.00013394034296224496
6.0,32.0,0.0,1767.0,0.0,3.780575556804709e-05,7.5318e-05,1.0,13277.0,0.00017650874556980026,0.0,0.0,9339.0,0.00020039370463938194,0.0,0.0,26982.0,8.036420577734698e-05
6.0,33.0,0.0,1767.0,0.0,2.2683453340828252e-05,0.000225955,3.0,13277.0,0.00019628724734188017,0.0,0.0,9339.0,0.00012023622278362916,0.0,0.0,26982.0,4.8218523466408185e-05
6.0,34.0,0.0,1767.0,0.0,1.3610072004496951e-05,0.0,0.0,13277.0,0.0001177723484051281,0.0,0.0,9339.0,7.21417336701775e-05,0.0,0.0,26982.0,2.893111407984491e-05
6.0,35.0,0.0,1767.0,0.0,8.16604320269817e-06,0.0,0.0,13277.0,7.066340904307686e-05,0.0,0.0,9339.0,4.328504020210649e-05,0.000185309,5.0,26982.0,9.148226844790696e-05
6.0,36.0,0.0,1767.0,0.0,4.8996259216189015e-06,7.5318e-05,1.0,13277.0,7.252524542584611e-05,0.0,0.0,9339.0,2.5971024121263895e-05,0.0,0.0,26982.0,5.4889361068744174e-05
6.0,37.0,0.0,1767.0,0.0,2.939775552971341e-06,0.0,0.0,13277.0,4.3515147255507666e-05,0.0,0.0,9339.0,1.5582614472758335e-05,3.7062e-05,1.0,26982.0,4.775841664124651e-05
6.0,38.0,0.0,1767.0,0.0,1.7638653317828044e-06,0.0,0.0,13277.0,2.61090883533046e-05,0.0,0.0,9339.0,9.349568683655e-06,3.7062e-05,1.0,26982.0,4.3479849984747905e-05
6.0,39.0,0.0,1767.0,0.0,1.0583191990696826e-06,0.0,0.0,13277.0,1.5665453011982757e-05,0.0,0.0,9339.0,5.609741210193e-06,0.0,0.0,26982.0,2.6087909990848743e-05
6.0,40.0,0.0,1767.0,0.0,6.349915194418095e-07,0.0,0.0,13277.0,9.399271807189655e-06,0.0,0.0,9339.0,3.3658447261158e-06,3.7062e-05,1.0,26982.0,3.0477545994509244e-05
6.0,41.0,0.0,1767.0,0.0,3.809949116650857e-07,0.0,0.0,13277.0,5.639563084313792e-06,0.0,0.0,9339.0,2.01950683566948e-06,0.0,0.0,26982.0,1.8286527596705545e-05
6.0,42.0,0.0,1767.0,0.0,2.2859694699905141e-07,0.0,0.0,13277.0,3.383737850588275e-06,0.0,0.0,9339.0,1.211704101401688e-06,0.0,0.0,26982.0,1.0971916558023327e-05
6.0,43.0,0.0,1767.0,0.0,1.3715816819943085e-07,0.0,0.0,13277.0,2.030242710352965e-06,0.0,0.0,9339.0,7.270224608410127e-07,0.0,0.0,26982.0,6.583149934813996e-06
6.0,44.0,0.0,1767.0,0.0,8.229490091965851e-08,0.0,0.0,13277.0,1.2181456262117791e-06,0.0,0.0,9339.0,4.362134765046076e-07,0.0,0.0,26982.0,3.949889960888397e-06
6.0,45.0,0.0,1767.0,0.0,4.937694055179511e-08,0.0,0.0,13277.0,7.308873757270675e-07,0.0,0.0,9339.0,2.617280859027646e-07,0.0,0.0,26982.0,2.3699339765330382e-06
6.0,46.0,0.0,1767.0,0.0,2.9626164331077064e-08,0.0,0.0,13277.0,4.3853242543624045e-07,0.0,0.0,9339.0,1.5703685154165874e-07,0.0,0.0,26982.0,1.4219603859198228e-06
6.0,47.0,0.0,1767.0,0.0,1.777569859864624e-08,0.0,0.0,13277.0,2.6311945526174427e-07,0.0,0.0,9339.0,9.422211092499525e-08,0.0,0.0,26982.0,8.531762315518936e-07
6.0,48.0,0.0,1767.0,0.0,1.0665419159187744e-08,0.0,0.0,13277.0,1.5787167315704656e-07,0.0,0.0,9339.0,5.653326655499714e-08,0.0,0.0,26982.0,5.119057389311362e-07
6.0,49.0,0.0,1767.0,0.0,6.399251495512646e-09,0.0,0.0,13277.0,9.472300389422793e-08,0.0,0.0,9339.0,3.391995993299829e-08,0.0,0.0,26982.0,3.071434433586817e-07
6.0,50.0,0.0,1767.0,0.0,3.839550897307587e-09,0.0,0.0,13277.0,5.683380233653676e-08,0.0,0.0,9339.0,2.035197595979897e-08,0.0,0.0,26982.0,1.8428606601520902e-07
6.0,51.0,0.0,1767.0,0.0,2.3037305383845524e-09,0.0,0.0,13277.0,3.410028140192205e-08,0.0,0.0,9339.0,1.2211185575879382e-08,0.0,0.0,26982.0,1.1057163960912541e-07
6.0,52.0,0.0,1767.0,0.0,1.3822383230307314e-09,0.0,0.0,13277.0,2.046016884115323e-08,0.0,0.0,9339.0,7.3267113455276295e-09,0.0,0.0,26982.0,6.634298376547525e-08
7.0,1.0,0.0,1752.0,0.0,8.293429938184388e-10,0.0,0.0,13277.0,1.2276101304691938e-08,0.0,0.0,9339.0,4.3960268073165775e-09,0.0,0.0,26982.0,3.980579025928515e-08
7.0,2.0,0.0,1752.0,0.0,4.976057962910633e-10,0.0,0.0,13371.0,7.365660782815163e-09,0.0,0.0,9265.0,2.6376160843899465e-09,0.0,0.0,27103.0,2.388347415557109e-08
7.0,3.0,0.0,1752.0,0.0,2.9856347777463796e-10,0.0,0.0,13371.0,4.419396469689098e-09,0.0,0.0,9265.0,1.582569650633968e-09,0.0,0.0,27103.0,1.4330084493342652e-08
7.0,4.0,0.0,1752.0,0.0,1.7913808666478276e-10,0.0,0.0,13371.0,2.6516378818134585e-09,0.0,0.0,9265.0,9.495417903803808e-10,0.0,0.0,27103.0,8.598050696005591e-09
7.0,5.0,0.0,1752.0,0.0,1.0748285199886965e-10,0.0,0.0,13371.0,1.5909827290880751e-09,0.0,0.0,9265.0,5.697250742282284e-10,0.0,0.0,27103.0,5.1588304176033545e-09
7.0,6.0,0.0,1752.0,0.0,6.448971119932179e-11,0.0,0.0,13371.0,9.545896374528451e-10,0.0,0.0,9265.0,3.4183504453693704e-10,0.0,0.0,27103.0,3.0952982505620127e-09
7.0,7.0,0.0,1752.0,0.0,3.869382671959307e-11,7.478899999999999e-05,1.0,13371.0,2.991617275378247e-05,0.0,0.0,9265.0,2.051010267221622e-10,0.0,0.0,27103.0,1.8571789503372075e-09
7.0,8.0,0.0,1752.0,0.0,2.321629603175584e-11,0.0,0.0,13371.0,1.794970365226948e-05,0.0,0.0,9265.0,1.230606160332973e-10,0.0,0.0,27103.0,1.1143073702023244e-09
7.0,9.0,0.0,1752.0,0.0,1.3929777619053504e-11,0.0,0.0,13371.0,1.0769822191361688e-05,0.0,0.0,9265.0,7.383636961997839e-11,0.0,0.0,27103.0,6.685844221213946e-10
7.0,10.0,0.0,1752.0,0.0,8.357866571432103e-12,0.0,0.0,13371.0,6.461893314817013e-06,0.0,0.0,9265.0,4.4301821771987034e-11,0.0,0.0,27103.0,4.011506532728367e-10
7.0,11.0,0.0,1752.0,0.0,5.0147199428592614e-12,0.0,0.0,13371.0,3.877135988890208e-06,0.0,0.0,9265.0,2.658109306319222e-11,0.0,0.0,27103.0,2.40690391963702e-10
7.0,12.0,0.0,1752.0,0.0,3.008831965715557e-12,0.0,0.0,13371.0,2.326281593334125e-06,0.0,0.0,9265.0,1.594865583791533e-11,0.0,0.0,27103.0,1.444142351782212e-10
7.0,13.0,0.0,1752.0,0.0,1.805299179429334e-12,0.0,0.0,13371.0,1.3957689560004749e-06,0.0,0.0,9265.0,9.569193502749197e-12,0.0,0.0,27103.0,8.664854110693271e-11
7.0,14.0,0.0,1752.0,0.0,1.0831795076576004e-12,0.0,0.0,13371.0,8.374613736002849e-07,0.0,0.0,9265.0,5.7415161016495174e-12,0.0,0.0,27103.0,5.198912466415962e-11
7.0,15.0,0.0,1752.0,0.0,6.499077045945603e-13,0.0,0.0,13371.0,5.024768241601709e-07,0.0,0.0,9265.0,3.4449096609897103e-12,0.0,0.0,27103.0,3.119347479849577e-11
7.0,16.0,0.0,1752.0,0.0,3.8994462275673616e-13,0.0,0.0,13371.0,3.0148609449610254e-07,0.0,0.0,9265.0,2.066945796593826e-12,0.0,0.0,27103.0,1.8716084879097462e-11
7.0,17.0,0.0,1752.0,0.0,2.339667736540417e-13,0.0,0.0,13371.0,1.8089165669766152e-07,0.0,0.0,9265.0,1.2401674779562956e-12,0.0,0.0,27103.0,1.1229650927458477e-11
7.0,18.0,0.0,1752.0,0.0,1.4038006419242503e-13,0.0,0.0,13371.0,1.085349940185969e-07,0.0,0.0,9265.0,7.441004867737773e-13,0.0,0.0,27103.0,6.737790556475086e-12
7.0,19.0,0.0,1752.0,0.0,8.422803851545502e-14,0.0,0.0,13371.0,6.512099641115813e-08,0.0,0.0,9265.0,4.4646029206426636e-13,0.0,0.0,27103.0,4.042674333885051e-12
7.0,20.0,0.0,1752.0,0.0,5.053682310927301e-14,0.0,0.0,13371.0,3.907259784669488e-08,0.0,0.0,9265.0,2.678761752385598e-13,0.0,0.0,27103.0,2.425604600331031e-12
7.0,21.0,0.0,1752.0,0.0,3.0322093865563807e-14,0.0,0.0,13371.0,2.3443558708016927e-08,0.0,0.0,9265.0,1.6072570514313587e-13,0.0,0.0,27103.0,1.4553627601986185e-12
7.0,22.0,0.0,1752.0,0.0,1.8193256319338285e-14,0.0,0.0,13371.0,1.4066135224810156e-08,0.0,0.0,9265.0,9.643542308588152e-14,0.0,0.0,27103.0,8.73217656119171e-13
7.0,23.0,0.0,1752.0,0.0,1.091595379160297e-14,0.0,0.0,13371.0,8.439681134886093e-09,0.0,0.0,9265.0,5.786125385152891e-14,0.0,0.0,27103.0,5.239305936715026e-13
7.0,24.0,0.0,1752.0,0.0,6.549572274961782e-15,0.0,0.0,13371.0,5.063808680931656e-09,0.0,0.0,9265.0,3.4716752310917346e-14,0.0,0.0,27103.0,3.1435835620290154e-13
7.0,25.0,0.0,1752.0,0.0,3.9297433649770694e-15,7.478899999999999e-05,1.0,13371.0,2.991863828520856e-05,0.000323799,3.0,9265.0,0.00012951960002083004,0.0,0.0,27103.0,1.8861501372174092e-13
7.0,26.0,0.001141553,1752.0,2.0,0.0004566212000023579,0.000373944,5.0,13371.0,0.00016752878297112515,0.0,0.0,9265.0,7.771176001249802e-05,3.6896e-05,1.0,27103.0,1.4758400113169008e-05
7.0,27.0,0.0,1752.0,0.0,0.0002739727200014147,0.000373944,5.0,13371.0,0.0002500948697826751,0.000215866,2.0,9265.0,0.0001329734560074988,0.000147585,4.0,27103.0,6.78890400679014e-05
7.0,28.0,0.0005707759999999999,1752.0,1.0,0.00039269403200084877,0.000373944,5.0,13371.0,0.00029963452186960505,0.000755532,7.0,9265.0,0.0003819968736044993,7.3793e-05,2.0,27103.0,7.025062404074085e-05
7.0,29.0,0.0,1752.0,0.0,0.00023561641920050925,0.001047042,14.0,13371.0,0.000598597513121763,0.000755532,7.0,9265.0,0.0005314109241626996,0.00033206699999999996,9.0,27103.0,0.0001749771744244445
7.0,30.0,0.0,1752.0,0.0,0.00014136985152030554,0.001121831,15.0,13371.0,0.0008078909078730579,0.000323799,3.0,9265.0,0.00044836615449761973,0.00047965199999999995,13.0,27103.0,0.0002968471046546667
7.0,31.0,0.0,1752.0,0.0,8.482191091218332e-05,0.0014957739999999998,20.0,13371.0,0.0010830441447238347,0.000755532,7.0,9265.0,0.0005712324926985719,0.00033206699999999996,9.0,27103.0,0.00031093506279279996
7.0,32.0,0.0017123289999999998,1752.0,3.0,0.0007358247465473099,0.001645352,22.0,13371.0,0.0013079672868343008,0.001187264,11.0,9265.0,0.0008176450956191431,0.000258274,7.0,27103.0,0.00028987063767567996
7.0,33.0,0.0,1752.0,0.0,0.00044149484792838594,0.001944507,26.0,13371.0,0.0015625831721005805,0.000971398,9.0,9265.0,0.0008791462573714858,7.3793e-05,2.0,27103.0,0.00020343958260540796
7.0,34.0,0.0,1752.0,0.0,0.0002648969087570316,0.000822676,11.0,13371.0,0.0012666203032603482,0.000539665,5.0,9265.0,0.0007433537544228914,0.0,0.0,27103.0,0.00012206374956324477
7.0,35.0,0.0,1752.0,0.0,0.00015893814525421893,0.0014957739999999998,20.0,13371.0,0.0013582817819562088,0.000431732,4.0,9265.0,0.0006187050526537349,0.000147585,4.0,27103.0,0.00013227224973794686
7.0,36.0,0.0,1752.0,0.0,9.536288715253135e-05,0.000523521,7.0,13371.0,0.0010243774691737252,0.000539665,5.0,9265.0,0.0005870890315922409,7.3793e-05,2.0,27103.0,0.0001088805498427681
7.0,37.0,0.0,1752.0,0.0,5.721773229151881e-05,0.000373944,5.0,13371.0,0.0007642040815042351,0.000215866,2.0,9265.0,0.00043859981895534453,7.3793e-05,2.0,27103.0,9.484552990566086e-05
7.0,38.0,0.0,1752.0,0.0,3.433063937491128e-05,0.00059831,8.0,13371.0,0.000697846448902541,0.000323799,3.0,9265.0,0.0003926794913732067,0.0,0.0,27103.0,5.6907317943396514e-05
7.0,39.0,0.0,1752.0,0.0,2.059838362494677e-05,0.00044873199999999997,6.0,13371.0,0.0005982006693415246,0.0,0.0,9265.0,0.00023560769482392402,0.0,0.0,27103.0,3.4144390766037906e-05
7.0,40.0,0.0,1752.0,0.0,1.235903017496806e-05,0.00022436599999999999,3.0,13371.0,0.00044866680160491473,0.0,0.0,9265.0,0.00014136461689435442,0.0,0.0,27103.0,2.048663445962274e-05
7.0,41.0,0.0,1752.0,0.0,7.415418104980836e-06,0.0,0.0,13371.0,0.00026920008096294884,0.0,0.0,9265.0,8.481877013661264e-05,0.0,0.0,27103.0,1.2291980675773645e-05
7.0,42.0,0.0,1752.0,0.0,4.449250862988502e-06,0.0,0.0,13371.0,0.0001615200485777693,0.0,0.0,9265.0,5.089126208196758e-05,0.0,0.0,27103.0,7.375188405464186e-06
7.0,43.0,0.0,1752.0,0.0,2.669550517793101e-06,0.0,0.0,13371.0,9.691202914666158e-05,0.0,0.0,9265.0,3.0534757249180546e-05,0.0,0.0,27103.0,4.425113043278511e-06
7.0,44.0,0.0,1752.0,0.0,1.6017303106758604e-06,0.0,0.0,13371.0,5.814721748799694e-05,0.0,0.0,9265.0,1.8320854349508325e-05,0.0,0.0,27103.0,2.655067825967107e-06
7.0,45.0,0.0,1752.0,0.0,9.610381864055162e-07,0.0,0.0,13371.0,3.488833049279816e-05,0.0,0.0,9265.0,1.0992512609704995e-05,0.0,0.0,27103.0,1.5930406955802641e-06
7.0,46.0,0.0,1752.0,0.0,5.766229118433097e-07,0.0,0.0,13371.0,2.0932998295678896e-05,0.0,0.0,9265.0,6.595507565822997e-06,0.0,0.0,27103.0,9.558244173481585e-07
7.0,47.0,0.0,1752.0,0.0,3.459737471059858e-07,0.0,0.0,13371.0,1.2559798977407338e-05,0.0,0.0,9265.0,3.957304539493798e-06,0.0,0.0,27103.0,5.734946504088951e-07
7.0,48.0,0.0,1752.0,0.0,2.0758424826359148e-07,0.0,0.0,13371.0,7.535879386444402e-06,0.0,0.0,9265.0,2.3743827236962786e-06,0.0,0.0,27103.0,3.44096790245337e-07
7.0,49.0,0.0,1752.0,0.0,1.2455054895815487e-07,0.0,0.0,13371.0,4.5215276318666415e-06,0.0,0.0,9265.0,1.424629634217767e-06,0.0,0.0,27103.0,2.0645807414720221e-07
7.0,50.0,0.0,1752.0,0.0,7.473032937489292e-08,0.0,0.0,13371.0,2.7129165791199848e-06,0.0,0.0,9265.0,8.547777805306602e-07,0.0,0.0,27103.0,1.2387484448832133e-07
7.0,51.0,0.0,1752.0,0.0,4.483819762493575e-08,0.0,0.0,13371.0,1.6277499474719908e-06,0.0,0.0,9265.0,5.128666683183961e-07,0.0,0.0,27103.0,7.43249066929928e-08
7.0,52.0,0.0,1752.0,0.0,2.6902918574961448e-08,0.0,0.0,13371.0,9.766499684831945e-07,0.0,0.0,9265.0,3.0772000099103766e-07,0.0,0.0,27103.0,4.4594944015795674e-08
8.0,1.0,0.0,1752.0,0.0,1.614175114497687e-08,0.0,0.0,13371.0,5.859899810899166e-07,0.0,0.0,9265.0,1.846320005946226e-07,0.0,0.0,27103.0,2.6756966409477404e-08
8.0,2.0,0.0,1752.0,0.0,9.685050686986121e-09,0.0,0.0,13360.0,3.5159398865395e-07,0.0,0.0,9248.0,1.1077920035677355e-07,0.0,0.0,27141.0,1.6054179845686443e-08
8.0,3.0,0.0,1752.0,0.0,5.8110304121916724e-09,0.0,0.0,13360.0,2.1095639319237e-07,0.0,0.0,9248.0,6.646752021406413e-08,0.0,0.0,27141.0,9.632507907411865e-09
8.0,4.0,0.0,1752.0,0.0,3.486618247315003e-09,0.0,0.0,13360.0,1.2657383591542198e-07,0.0,0.0,9248.0,3.988051212843847e-08,0.0,0.0,27141.0,5.779504744447119e-09
8.0,5.0,0.0,1752.0,0.0,2.0919709483890017e-09,0.0,0.0,13360.0,7.594430154925318e-08,0.0,0.0,9248.0,2.3928307277063084e-08,0.0,0.0,27141.0,3.467702846668271e-09
8.0,6.0,0.0,1752.0,0.0,1.255182569033401e-09,0.0,0.0,13360.0,4.556658092955191e-08,0.0,0.0,9248.0,1.435698436623785e-08,0.0,0.0,27141.0,2.0806217080009627e-09
8.0,7.0,0.0,1752.0,0.0,7.531095414200406e-10,0.0,0.0,13360.0,2.7339948557731142e-08,0.0,0.0,9248.0,8.61419061974271e-09,0.0,0.0,27141.0,1.2483730248005775e-09
8.0,8.0,0.0,1752.0,0.0,4.5186572485202436e-10,0.0,0.0,13360.0,1.6403969134638685e-08,0.0,0.0,9248.0,5.1685143718456254e-09,0.0,0.0,27141.0,7.490238148803465e-10
8.0,9.0,0.0,1752.0,0.0,2.7111943491121463e-10,0.0,0.0,13360.0,9.84238148078321e-09,0.0,0.0,9248.0,3.101108623107375e-09,0.0,0.0,27141.0,4.4941428892820785e-10
8.0,10.0,0.0,1752.0,0.0,1.6267166094672878e-10,0.0,0.0,13360.0,5.905428888469926e-09,0.0,0.0,9248.0,1.860665173864425e-09,0.0,0.0,27141.0,2.696485733569247e-10
8.0,11.0,0.0,1752.0,0.0,9.760299656803727e-11,0.0,0.0,13360.0,3.5432573330819554e-09,0.0,0.0,9248.0,1.1163991043186549e-09,0.0,0.0,27141.0,1.617891440141548e-10
8.0,12.0,0.0,1752.0,0.0,5.856179794082236e-11,0.0,0.0,13360.0,2.125954399849173e-09,0.0,0.0,9248.0,6.698394625911929e-10,0.0,0.0,27141.0,9.707348640849289e-11
8.0,13.0,0.0,1752.0,0.0,3.513707876449341e-11,0.0,0.0,13360.0,1.2755726399095037e-09,0.0,0.0,9248.0,4.0190367755471575e-10,0.0,0.0,27141.0,5.824409184509573e-11
8.0,14.0,0.0,1752.0,0.0,2.1082247258696046e-11,0.0,0.0,13360.0,7.653435839457022e-10,0.0,0.0,9248.0,2.4114220653282943e-10,0.0,0.0,27141.0,3.494645510705744e-11
8.0,15.0,0.0,1752.0,0.0,1.2649348355217627e-11,0.0,0.0,13360.0,4.592061503674213e-10,0.0,0.0,9248.0,1.4468532391969765e-10,0.0,0.0,27141.0,2.096787306423446e-11
8.0,16.0,0.0,1752.0,0.0,7.589609013130576e-12,7.485e-05,1.0,13360.0,2.9940275523690222e-05,0.0,0.0,9248.0,8.681119435181859e-11,0.0,0.0,27141.0,1.2580723838540677e-11
8.0,17.0,0.0,1752.0,0.0,4.553765407878346e-12,0.0,0.0,13360.0,1.7964165314214133e-05,0.0,0.0,9248.0,5.208671661109115e-11,0.0,0.0,27141.0,7.548434303124407e-12
8.0,18.0,0.0,1752.0,0.0,2.7322592447270074e-12,0.0,0.0,13360.0,1.077849918852848e-05,0.0,0.0,9248.0,3.1252029966654686e-11,7.368899999999999e-05,2.0,27141.0,2.947560452906058e-05
8.0,19.0,0.0,1752.0,0.0,1.6393555468362044e-12,0.0009730539999999999,13.0,13360.0,0.0003956886995131171,0.000108131,1.0,9248.0,4.325241875121798e-05,0.0008474260000000001,23.0,27141.0,0.0003566557627174364
8.0,20.0,0.0,1752.0,0.0,9.836133281017227e-13,0.0014970060000000002,20.0,13360.0,0.0008362156197078703,0.00021626299999999999,2.0,9248.0,0.00011245665125073079,0.0008842710000000001,24.0,27141.0,0.0005677018576304619
8.0,21.0,0.0,1752.0,0.0,5.901679968610336e-13,0.001197605,16.0,13360.0,0.0009807713718247221,0.00032439400000000004,3.0,9248.0,0.0001972315907504385,0.000700048,19.0,27141.0,0.000620640314578277
8.0,22.0,0.0005707759999999999,1752.0,1.0,0.0002283104003541008,0.002245509,30.0,13360.0,0.0014866664230948332,0.0008650519999999999,8.0,9248.0,0.0004643597544502631,0.0008842710000000001,24.0,27141.0,0.0007260925887469662
8.0,23.0,0.001141553,1752.0,2.0,0.0005936074402124605,0.00261976,35.0,13360.0,0.0019399038538568999,0.001189446,11.0,9248.0,0.0007543942526701578,0.000147379,4.0,27141.0,0.0004946071532481798
8.0,24.0,0.0005707759999999999,1752.0,1.0,0.0005844748641274763,0.00254491,34.0,13360.0,0.0021819063123141398,0.00043252599999999997,4.0,9248.0,0.0006256469516020948,0.00033160199999999996,9.0,27141.0,0.0004294050919489078
8.0,25.0,0.001141553,1752.0,2.0,0.0008073061184764858,0.0014970060000000002,20.0,13360.0,0.0019079461873884838,0.000648789,6.0,9248.0,0.0006349037709612569,0.000257912,7.0,27141.0,0.00036080785516934467
8.0,26.0,0.0005707759999999999,1752.0,1.0,0.0007126940710858914,0.000449102,6.0,13360.0,0.0013244085124330903,0.000648789,6.0,9248.0,0.0006404578625767541,0.00033160199999999996,9.0,27141.0,0.00034912551310160676
8.0,27.0,0.002853881,1752.0,5.0,0.0015691688426515348,0.000149701,2.0,13360.0,0.0008545255074598542,0.0016219720000000002,15.0,9248.0,0.0010330635175460525,0.000221068,6.0,27141.0,0.00029790250786096407
8.0,28.0,0.001141553,1752.0,2.0,0.0013981225055909208,0.000149701,2.0,13360.0,0.0005725957044759125,0.000108131,1.0,9248.0,0.0006630905105276315,0.000184223,5.0,27141.0,0.00025243070471657843
8.0,29.0,0.0,1752.0,0.0,0.0008388735033545524,0.000898204,12.0,13360.0,0.0007028390226855475,0.00032439400000000004,3.0,9248.0,0.000527611906316579,7.368899999999999e-05,2.0,27141.0,0.00018093402282994708
8.0,30.0,0.0,1752.0,0.0,0.0005033241020127315,0.0006736530000000001,9.0,13360.0,0.0006911646136113285,0.00043252599999999997,4.0,9248.0,0.0004895775437899474,0.000184223,5.0,27141.0,0.00018224961369796825
8.0,31.0,0.0005707759999999999,1752.0,1.0,0.0005303048612076388,0.001122754,15.0,13360.0,0.000863800368166797,0.00043252599999999997,4.0,9248.0,0.0004667569262739684,0.000221068,6.0,27141.0,0.00019777696821878096
8.0,32.0,0.0,1752.0,0.0,0.0003181829167245833,0.001122754,15.0,13360.0,0.0009673818209000782,0.0,0.0,9248.0,0.00028005415576438106,7.368899999999999e-05,2.0,27141.0,0.00014814178093126856
8.0,33.0,0.0,1752.0,0.0,0.00019090975003474998,0.000224551,3.0,13360.0,0.0006702494925400469,0.0,0.0,9248.0,0.00016803249345862862,0.0,0.0,27141.0,8.888506855876114e-05
8.0,34.0,0.0,1752.0,0.0,0.00011454585002084998,7.485e-05,1.0,13360.0,0.0004320896955240281,0.0,0.0,9248.0,0.00010081949607517716,0.0,0.0,27141.0,5.333104113525668e-05
8.0,35.0,0.0,1752.0,0.0,6.872751001250999e-05,0.000149701,2.0,13360.0,0.0003191342173144169,0.0,0.0,9248.0,6.04916976451063e-05,0.0,0.0,27141.0,3.199862468115401e-05
8.0,36.0,0.0,1752.0,0.0,4.123650600750599e-05,7.485e-05,1.0,13360.0,0.00022142053038865013,0.0,0.0,9248.0,3.629501858706378e-05,0.0,0.0,27141.0,1.9199174808692404e-05
8.0,37.0,0.0,1752.0,0.0,2.4741903604503595e-05,0.000224551,3.0,13360.0,0.00022267271823319008,0.0,0.0,9248.0,2.1777011152238267e-05,3.6845e-05,1.0,27141.0,2.6257504885215442e-05
8.0,38.0,0.0,1752.0,0.0,1.4845142162702157e-05,0.0,0.0,13360.0,0.00013360363093991404,0.0,0.0,9248.0,1.306620669134296e-05,0.0,0.0,27141.0,1.5754502931129263e-05
8.0,39.0,0.0,1752.0,0.0,8.907085297621295e-06,7.485e-05,1.0,13360.0,0.00011010217856394843,0.0,0.0,9248.0,7.839724014805776e-06,0.0,0.0,27141.0,9.452701758677558e-06
8.0,40.0,0.0,1752.0,0.0,5.344251178572777e-06,0.0,0.0,13360.0,6.606130713836905e-05,0.0,0.0,9248.0,4.703834408883466e-06,0.0,0.0,27141.0,5.6716210552065345e-06
8.0,41.0,0.0,1752.0,0.0,3.206550707143666e-06,0.0,0.0,13360.0,3.9636784283021425e-05,0.0,0.0,9248.0,2.822300645330079e-06,0.0,0.0,27141.0,3.4029726331239205e-06
8.0,42.0,0.0,1752.0,0.0,1.9239304242861995e-06,0.0,0.0,13360.0,2.3782070569812855e-05,0.0,0.0,9248.0,1.6933803871980474e-06,0.0,0.0,27141.0,2.0417835798743522e-06
8.0,43.0,0.0,1752.0,0.0,1.1543582545717196e-06,0.0,0.0,13360.0,1.4269242341887712e-05,0.0,0.0,9248.0,1.0160282323188283e-06,0.0,0.0,27141.0,1.2250701479246114e-06
8.0,44.0,0.0,1752.0,0.0,6.926149527430318e-07,0.0,0.0,13360.0,8.561545405132627e-06,0.0,0.0,9248.0,6.096169393912969e-07,0.0,0.0,27141.0,7.350420887547668e-07
8.0,45.0,0.0,1752.0,0.0,4.1556897164581903e-07,0.0,0.0,13360.0,5.136927243079576e-06,0.0,0.0,9248.0,3.657701636347781e-07,0.0,0.0,27141.0,4.4102525325286005e-07
8.0,46.0,0.0,1752.0,0.0,2.493413829874914e-07,0.0,0.0,13360.0,3.0821563458477456e-06,0.0,0.0,9248.0,2.1946209818086686e-07,0.0,0.0,27141.0,2.6461515195171604e-07
8.0,47.0,0.0,1752.0,0.0,1.4960482979249484e-07,0.0,0.0,13360.0,1.8492938075086472e-06,0.0,0.0,9248.0,1.316772589085201e-07,0.0,0.0,27141.0,1.587690911710296e-07
8.0,48.0,0.0,1752.0,0.0,8.97628978754969e-08,0.0,0.0,13360.0,1.1095762845051883e-06,0.0,0.0,9248.0,7.900635534511206e-08,0.0,0.0,27141.0,9.526145470261776e-08
8.0,49.0,0.0,1752.0,0.0,5.3857738725298134e-08,0.0,0.0,13360.0,6.65745770703113e-07,0.0,0.0,9248.0,4.740381320706724e-08,0.0,0.0,27141.0,5.715687282157065e-08
8.0,50.0,0.0,1752.0,0.0,3.231464323517888e-08,0.0,0.0,13360.0,3.994474624218678e-07,0.0,0.0,9248.0,2.844228792424034e-08,0.0,0.0,27141.0,3.429412369294239e-08
8.0,51.0,0.0,1752.0,0.0,1.9388785941107328e-08,0.0,0.0,13360.0,2.3966847745312065e-07,0.0,0.0,9248.0,1.7065372754544203e-08,0.0,0.0,27141.0,2.0576474215765435e-08
8.0,52.0,0.0,1752.0,0.0,1.1633271564664397e-08,0.0,0.0,13360.0,1.438010864718724e-07,0.0,0.0,9248.0,1.023922365272652e-08,0.0,0.0,27141.0,1.234588452945926e-08
9.0,1.0,0.0,1752.0,0.0,6.979962938798638e-09,0.0,0.0,13360.0,8.628065188312343e-08,0.0,0.0,9248.0,6.143534191635912e-09,0.0,0.0,27141.0,7.407530717675555e-09
9.0,2.0,0.0,1752.0,0.0,4.187977763279182e-09,0.0,0.0,13349.0,5.176839112987405e-08,0.0,0.0,9231.0,3.686120514981547e-09,0.0,0.0,27181.0,4.444518430605333e-09
9.0,3.0,0.0,1752.0,0.0,2.5127866579675093e-09,0.0,0.0,13349.0,3.106103467792443e-08,0.0,0.0,9231.0,2.211672308988928e-09,0.0,0.0,27181.0,2.6667110583631998e-09
9.0,4.0,0.0,1752.0,0.0,1.5076719947805055e-09,0.0,0.0,13349.0,1.8636620806754656e-08,0.0,0.0,9231.0,1.3270033853933566e-09,0.0,0.0,27181.0,1.6000266350179197e-09
9.0,5.0,0.0,1752.0,0.0,9.046031968683032e-10,0.0,0.0,13349.0,1.1181972484052793e-08,0.0,0.0,9231.0,7.96202031236014e-10,0.0,0.0,27181.0,9.600159810107519e-10
9.0,6.0,0.0,1752.0,0.0,5.42761918120982e-10,0.0,0.0,13349.0,6.709183490431676e-09,0.0,0.0,9231.0,4.777212187416083e-10,0.0,0.0,27181.0,5.760095886064511e-10
9.0,7.0,0.0,1752.0,0.0,3.2565715087258917e-10,0.0,0.0,13349.0,4.025510094259005e-09,0.0,0.0,9231.0,2.8663273124496497e-10,0.0,0.0,27181.0,3.4560575316387066e-10
9.0,8.0,0.0,1752.0,0.0,1.953942905235535e-10,0.0,0.0,13349.0,2.415306056555403e-09,0.0,0.0,9231.0,1.7197963874697898e-10,0.0,0.0,27181.0,2.073634518983224e-10
9.0,9.0,0.0,1752.0,0.0,1.172365743141321e-10,0.0,0.0,13349.0,1.4491836339332417e-09,0.0,0.0,9231.0,1.0318778324818739e-10,3.679e-05,1.0,27181.0,1.4716124418071138e-05
9.0,10.0,0.0005707759999999999,1752.0,1.0,0.00022831047034194458,0.0,0.0,13349.0,8.69510180359945e-10,0.0,0.0,9231.0,6.191266994891243e-11,0.0,0.0,27181.0,8.829674650842683e-06
9.0,11.0,0.0,1752.0,0.0,0.00013698628220516675,0.0,0.0,13349.0,5.217061082159669e-10,0.0,0.0,9231.0,3.714760196934746e-11,0.0,0.0,27181.0,5.297804790505609e-06
9.0,12.0,0.0,1752.0,0.0,8.219176932310004e-05,0.0,0.0,13349.0,3.1302366492958016e-10,0.00010833,1.0,9231.0,4.3332022288561185e-05,0.0,0.0,27181.0,3.1786828743033654e-06
9.0,13.0,0.0,1752.0,0.0,4.931506159386002e-05,0.000149824,2.0,13349.0,5.992978781419896e-05,0.0,0.0,9231.0,2.599921337313671e-05,0.0,0.0,27181.0,1.907209724582019e-06
9.0,14.0,0.0,1752.0,0.0,2.9589036956316013e-05,0.000299648,4.0,13349.0,0.0001558170726885194,0.0,0.0,9231.0,1.5599528023882025e-05,3.679e-05,1.0,27181.0,1.586032583474921e-05
9.0,15.0,0.0,1752.0,0.0,1.7753422173789608e-05,0.000149824,2.0,13349.0,0.00015341984361311162,0.0,0.0,9231.0,9.359716814329215e-06,0.0,0.0,27181.0,9.516195500849526e-06
9.0,16.0,0.0,1752.0,0.0,1.0652053304273765e-05,0.000898943,12.0,13349.0,0.00045162910616786703,0.000216661,2.0,9231.0,9.228023008859753e-05,3.679e-05,1.0,27181.0,2.0425717300509715e-05
9.0,17.0,0.0,1752.0,0.0,6.391231982564259e-06,0.001048767,14.0,13349.0,0.0006904842637007202,0.000324991,3.0,9231.0,0.00018536453805315851,0.0,0.0,27181.0,1.2255430380305828e-05
9.0,18.0,0.0,1752.0,0.0,3.834739189538555e-06,0.001797886,24.0,13349.0,0.0011334449582204322,0.0007583119999999999,7.0,9231.0,0.0004145435228318951,7.3581e-05,2.0,27181.0,3.6785658228183494e-05
9.0,19.0,0.0,1752.0,0.0,2.300843513723133e-06,0.002547006,34.0,13349.0,0.0016988693749322593,0.0008666419999999999,8.0,9231.0,0.000595382913699137,0.000147162,4.0,27181.0,8.093619493691009e-05
9.0,20.0,0.0,1752.0,0.0,1.3805061082338799e-06,0.000824031,11.0,13349.0,0.0013489340249593555,0.00043332099999999997,4.0,9231.0,0.0005305581482194821,0.000257533,7.0,27181.0,0.00015157491696214607
9.0,21.0,0.0,1752.0,0.0,8.283036649403279e-07,0.00037456,5.0,13349.0,0.0009591844149756133,0.0008666419999999999,8.0,9231.0,0.0006649916889316892,0.000110371,3.0,27181.0,0.00013509335017728764
9.0,22.0,0.0,1752.0,0.0,4.969821989641967e-07,0.000599295,8.0,13349.0,0.0008152286489853679,0.001408293,13.0,9231.0,0.0009623122133590135,0.000367905,10.0,27181.0,0.0002282180101063726
9.0,23.0,0.0,1752.0,0.0,2.98189319378518e-07,0.00022473599999999998,3.0,13349.0,0.0005790315893912208,0.001191633,11.0,9231.0,0.001054040528015408,0.000662229,18.0,27181.0,0.00040182240606382355
9.0,24.0,0.0,1752.0,0.0,1.789135916271108e-07,0.000973855,13.0,13349.0,0.0007369609536347324,0.0007583119999999999,7.0,9231.0,0.0009357491168092448,0.000588648,16.0,27181.0,0.0004765526436382941
