year,flu week,RA rate,RA pop,RA count,RA weighted rate,MS rate,MS count,MS pop,MS weighted rate,CMHD rate,CMHD count,CMHD pop,CMHD weighted rate,BE rate,BE count,BE pop,BE weighted rate
,,,,,0.0,,,,,,,,,,,,
1.0,1.0,2.4806e-05,40313.0,1.0,2.4806e-05,,,,0.0,,,,0.0,,,,0.0
1.0,2.0,0.0,40313.0,0.0,1.48836e-05,0.0,0.0,109432.0,0.0,3.6304000000000003e-05,1.0,27545.0,3.6304000000000003e-05,0.0,0.0,9253.0,0.0
1.0,3.0,2.4806e-05,40313.0,1.0,1.885256e-05,0.00017362400000000002,19.0,109432.0,6.94496e-05,0.0,0.0,27545.0,2.17824e-05,0.000648438,6.0,9253.0,0.0002593752
1.0,4.0,0.000198447,40313.0,8.0,9.069033600000001e-05,0.001060019,116.0,109432.0,0.00046567736,0.0,0.0,27545.0,1.306944e-05,0.000216146,2.0,9253.0,0.00024208352000000002
1.0,5.0,0.000396894,40313.0,16.0,0.00021317180160000004,0.00020103799999999998,22.0,109432.0,0.00035982161599999995,0.0005082590000000001,14.0,27545.0,0.00021114526400000004,0.000648438,6.0,9253.0,0.000404625312
1.0,6.0,0.0,40313.0,0.0,0.00012790308096000003,0.000118795,13.0,109432.0,0.00026341096959999995,0.000217825,6.0,27545.0,0.00021381715840000003,0.003998703,37.0,9253.0,0.0018422563872000002
1.0,7.0,0.001041848,40313.0,42.0,0.000493481048576,0.0,0.0,109432.0,0.00015804658175999997,0.0005082590000000001,14.0,27545.0,0.00033159389504000005,0.006268236999999999,58.0,9253.0,0.00361264863232
1.0,8.0,0.0,40313.0,0.0,0.0002960886291456,0.0,0.0,109432.0,9.482794905599997e-05,0.0012343439999999998,34.0,27545.0,0.0006926939370239999,0.007997406,74.0,9253.0,0.005366551579392
1.0,9.0,0.0,40313.0,0.0,0.00017765317748736,0.000182762,20.0,109432.0,0.00013000156943359997,0.00094391,26.0,27545.0,0.0007931803622144,0.0018372420000000002,17.0,9253.0,0.0039548277476352004
1.0,10.0,0.0,40313.0,0.0,0.00010659190649241598,4.569e-05,5.0,109432.0,9.627694166015997e-05,0.002178254,60.0,27545.0,0.00134720981732864,0.000540365,5.0,9253.0,0.00258904264858112
1.0,11.0,0.0,40313.0,0.0,6.395514389544959e-05,0.0,0.0,109432.0,5.7766164996095985e-05,0.001161735,32.0,27545.0,0.001273019890397184,0.000216146,2.0,9253.0,0.0016398839891486718
1.0,12.0,0.0,40313.0,0.0,3.837308633726975e-05,0.0,0.0,109432.0,3.465969899765759e-05,0.0005082590000000001,14.0,27545.0,0.0009671155342383104,0.000108073,1.0,9253.0,0.001027159593489203
1.0,13.0,0.0,40313.0,0.0,2.302385180236185e-05,0.0,0.0,109432.0,2.0795819398594552e-05,7.260800000000001e-05,2.0,27545.0,0.0006093125205429863,0.000324219,3.0,9253.0,0.0007459833560935218
1.0,14.0,0.0,40313.0,0.0,1.381431108141711e-05,0.0,0.0,109432.0,1.2477491639156731e-05,0.0,0.0,27545.0,0.00036558751232579177,0.000324219,3.0,9253.0,0.0005772776136561131
1.0,15.0,0.0,40313.0,0.0,8.288586648850266e-06,0.0,0.0,109432.0,7.486494983494038e-06,0.0,0.0,27545.0,0.00021935250739547505,0.0,0.0,9253.0,0.0003463665681936678
1.0,16.0,0.0,40313.0,0.0,4.973151989310159e-06,0.0,0.0,109432.0,4.4918969900964224e-06,3.6304000000000003e-05,1.0,27545.0,0.00014613310443728502,0.0,0.0,9253.0,0.00020781994091620068
1.0,17.0,0.0,40313.0,0.0,2.9838911935860956e-06,0.0,0.0,109432.0,2.6951381940578533e-06,0.0,0.0,27545.0,8.7679862662371e-05,0.000216146,2.0,9253.0,0.00021115036454972042
1.0,18.0,0.0,40313.0,0.0,1.7903347161516572e-06,0.0,0.0,109432.0,1.617082916434712e-06,7.260800000000001e-05,2.0,27545.0,8.165111759742261e-05,0.0,0.0,9253.0,0.00012669021872983226
1.0,19.0,0.0,40313.0,0.0,1.0742008296909942e-06,0.0,0.0,109432.0,9.70249749860827e-07,0.000145217,4.0,27545.0,0.00010707747055845358,0.0,0.0,9253.0,7.601413123789935e-05
1.0,20.0,0.0,40313.0,0.0,6.445204978145965e-07,0.0,0.0,109432.0,5.821498499164962e-07,7.260800000000001e-05,2.0,27545.0,9.328968233507215e-05,0.0,0.0,9253.0,4.560847874273961e-05
1.0,21.0,0.0,40313.0,0.0,3.867122986887579e-07,0.0,0.0,109432.0,3.492899099498977e-07,0.0,0.0,27545.0,5.597380940104329e-05,0.0,0.0,9253.0,2.7365087245643767e-05
1.0,22.0,0.0,40313.0,0.0,2.3202737921325472e-07,0.0,0.0,109432.0,2.0957394596993863e-07,3.6304000000000003e-05,1.0,27545.0,4.810588564062597e-05,0.0,0.0,9253.0,1.641905234738626e-05
1.0,23.0,0.0,40313.0,0.0,1.3921642752795284e-07,0.0,0.0,109432.0,1.2574436758196317e-07,0.0,0.0,27545.0,2.886353138437558e-05,0.0,0.0,9253.0,9.851431408431755e-06
1.0,24.0,0.0,40313.0,0.0,8.35298565167717e-08,0.0,0.0,109432.0,7.54466205491779e-08,7.260800000000001e-05,2.0,27545.0,4.636131883062535e-05,0.000108073,1.0,9253.0,4.9140058845059055e-05
1.0,25.0,0.0,40313.0,0.0,5.011791391006302e-08,0.0,0.0,109432.0,4.526797232950674e-08,0.00010891299999999999,3.0,27545.0,7.138199129837521e-05,0.0,0.0,9253.0,2.948403530703543e-05
1.0,26.0,4.9612e-05,40313.0,2.0,1.987487074834604e-05,0.0,0.0,109432.0,2.7160783397704042e-08,0.00010891299999999999,3.0,27545.0,8.639439477902513e-05,0.0,0.0,9253.0,1.7690421184221257e-05
1.0,27.0,0.0,40313.0,0.0,1.1924922449007624e-05,0.0,0.0,109432.0,1.6296470038622426e-08,0.0,0.0,27545.0,5.183663686741508e-05,0.0,0.0,9253.0,1.0614252710532754e-05
1.0,28.0,0.0,40313.0,0.0,7.154953469404574e-06,0.0,0.0,109432.0,9.777882023173455e-09,0.0,0.0,27545.0,3.1101982120449046e-05,0.0,0.0,9253.0,6.368551626319652e-06
1.0,29.0,0.0,40313.0,0.0,4.292972081642744e-06,0.0,0.0,109432.0,5.866729213904073e-09,0.0,0.0,27545.0,1.8661189272269427e-05,0.0,0.0,9253.0,3.821130975791791e-06
1.0,30.0,0.0,40313.0,0.0,2.5757832489856463e-06,0.0,0.0,109432.0,3.520037528342444e-09,3.6304000000000003e-05,1.0,27545.0,2.5718313563361657e-05,0.0,0.0,9253.0,2.2926785854750747e-06
1.0,31.0,0.0,40313.0,0.0,1.5454699493913877e-06,0.0,0.0,109432.0,2.1120225170054664e-09,0.000471955,13.0,27545.0,0.000204212988138017,0.0,0.0,9253.0,1.3756071512850448e-06
1.0,32.0,0.0,40313.0,0.0,9.272819696348326e-07,0.0,0.0,109432.0,1.2672135102032798e-09,3.6304000000000003e-05,1.0,27545.0,0.0001370493928828102,0.0,0.0,9253.0,8.253642907710269e-07
1.0,33.0,0.0,40313.0,0.0,5.563691817808996e-07,9.138e-06,1.0,109432.0,3.655960328106122e-06,0.0,0.0,27545.0,8.222963572968611e-05,0.0,0.0,9253.0,4.952185744626161e-07
1.0,34.0,0.0,40313.0,0.0,3.338215090685397e-07,0.0,0.0,109432.0,2.193576196863673e-06,0.0,0.0,27545.0,4.933778143781167e-05,0.0,0.0,9253.0,2.9713114467756964e-07
1.0,35.0,0.0,40313.0,0.0,2.0029290544112383e-07,0.0,0.0,109432.0,1.3161457181182037e-06,7.260800000000001e-05,2.0,27545.0,5.8645868862687e-05,0.0,0.0,9253.0,1.7827868680654178e-07
1.0,36.0,0.0,40313.0,0.0,1.201757432646743e-07,0.0,0.0,109432.0,7.896874308709222e-07,0.0,0.0,27545.0,3.51875213176122e-05,0.0,0.0,9253.0,1.0696721208392507e-07
1.0,37.0,0.0,40313.0,0.0,7.210544595880457e-08,0.0,0.0,109432.0,4.738124585225533e-07,0.0,0.0,27545.0,2.111251279056732e-05,0.0,0.0,9253.0,6.418032725035503e-08
1.0,38.0,0.0,40313.0,0.0,4.326326757528274e-08,0.0,0.0,109432.0,2.8428747511353197e-07,0.0,0.0,27545.0,1.2667507674340391e-05,0.0,0.0,9253.0,3.850819635021302e-08
1.0,39.0,0.0,40313.0,0.0,2.5957960545169642e-08,0.0,0.0,109432.0,1.7057248506811917e-07,0.0,0.0,27545.0,7.600504604604234e-06,0.0,0.0,9253.0,2.310491781012781e-08
1.0,40.0,0.0,40313.0,0.0,1.5574776327101784e-08,0.0,0.0,109432.0,1.023434910408715e-07,0.0,0.0,27545.0,4.56030276276254e-06,0.0,0.0,9253.0,1.3862950686076685e-08
1.0,41.0,0.0,40313.0,0.0,9.34486579626107e-09,0.0,0.0,109432.0,6.14060946245229e-08,0.0,0.0,27545.0,2.736181657657524e-06,0.0,0.0,9253.0,8.31777041164601e-09
1.0,42.0,0.0,40313.0,0.0,5.606919477756642e-09,0.0,0.0,109432.0,3.6843656774713736e-08,0.0,0.0,27545.0,1.6417089945945145e-06,0.0,0.0,9253.0,4.990662246987606e-09
1.0,43.0,0.0,40313.0,0.0,3.364151686653985e-09,0.0,0.0,109432.0,2.210619406482824e-08,0.0,0.0,27545.0,9.850253967567086e-07,0.0,0.0,9253.0,2.994397348192563e-09
1.0,44.0,0.0,40313.0,0.0,2.018491011992391e-09,0.0,0.0,109432.0,1.3263716438896944e-08,0.0,0.0,27545.0,5.910152380540252e-07,0.0,0.0,9253.0,1.7966384089155377e-09
1.0,45.0,0.0,40313.0,0.0,1.2110946071954345e-09,0.0,0.0,109432.0,7.958229863338165e-09,0.0,0.0,27545.0,3.546091428324151e-07,0.0,0.0,9253.0,1.0779830453493226e-09
1.0,46.0,0.0,40313.0,0.0,7.266567643172606e-10,0.0,0.0,109432.0,4.774937918002899e-09,0.0,0.0,27545.0,2.1276548569944905e-07,0.0,0.0,9253.0,6.467898272095935e-10
1.0,47.0,0.0,40313.0,0.0,4.359940585903564e-10,0.0,0.0,109432.0,2.8649627508017395e-09,0.0,0.0,27545.0,1.2765929141966942e-07,0.0,0.0,9253.0,3.880738963257561e-10
1.0,48.0,0.0,40313.0,0.0,2.615964351542138e-10,0.0,0.0,109432.0,1.7189776504810436e-09,0.0,0.0,27545.0,7.659557485180165e-08,0.0,0.0,9253.0,2.3284433779545364e-10
1.0,49.0,0.0,40313.0,0.0,1.569578610925283e-10,0.0,0.0,109432.0,1.031386590288626e-09,0.0,0.0,27545.0,4.595734491108099e-08,0.0,0.0,9253.0,1.3970660267727219e-10
1.0,50.0,0.0,40313.0,0.0,9.417471665551697e-11,0.0,0.0,109432.0,6.188319541731756e-10,0.0,0.0,27545.0,2.757440694664859e-08,0.0,0.0,9253.0,8.382396160636331e-11
1.0,51.0,0.0,40313.0,0.0,5.6504829993310185e-11,0.0,0.0,109432.0,3.7129917250390536e-10,0.0,0.0,27545.0,1.6544644167989155e-08,0.0,0.0,9253.0,5.0294376963817984e-11
1.0,52.0,0.0,40313.0,0.0,3.390289799598611e-11,0.0,0.0,109432.0,2.227795035023432e-10,0.0,0.0,27545.0,9.926786500793493e-09,0.0,0.0,9253.0,3.017662617829079e-11
1.0,53.0,0.0,40313.0,0.0,2.0341738797591667e-11,0.0,0.0,109432.0,1.3366770210140593e-10,0.0,0.0,27545.0,5.956071900476096e-09,0.0,0.0,9253.0,1.8105975706974473e-11
2.0,1.0,0.0,40357.0,0.0,1.2205043278554999e-11,0.0,0.0,109432.0,8.020062126084356e-11,0.0,0.0,27545.0,3.5736431402856573e-09,0.0,0.0,9253.0,1.0863585424184684e-11
2.0,2.0,0.0,40357.0,0.0,7.323025967132998e-12,0.0,0.0,110172.0,4.812037275650613e-11,0.0,0.0,27475.0,2.144185884171394e-09,0.0,0.0,9205.0,6.51815125451081e-12
2.0,3.0,0.0,40357.0,0.0,4.393815580279799e-12,0.0,0.0,110172.0,2.8872223653903677e-11,0.0,0.0,27475.0,1.2865115305028364e-09,0.0,0.0,9205.0,3.910890752706486e-12
2.0,4.0,0.0,40357.0,0.0,2.6362893481678793e-12,0.0,0.0,110172.0,1.7323334192342204e-11,0.0,0.0,27475.0,7.719069183017018e-10,0.0,0.0,9205.0,2.3465344516238915e-12
2.0,5.0,0.0,40357.0,0.0,1.5817736089007274e-12,0.0,0.0,110172.0,1.0394000515405323e-11,0.0,0.0,27475.0,4.631441509810211e-10,0.0,0.0,9205.0,1.4079206709743348e-12
2.0,6.0,0.0,40357.0,0.0,9.490641653404364e-13,0.0,0.0,110172.0,6.236400309243194e-12,0.0,0.0,27475.0,2.7788649058861266e-10,0.0,0.0,9205.0,8.447524025846008e-13
2.0,7.0,0.0,40357.0,0.0,5.694384992042618e-13,0.0,0.0,110172.0,3.741840185545916e-12,0.0,0.0,27475.0,1.667318943531676e-10,0.0,0.0,9205.0,5.068514415507604e-13
2.0,8.0,0.0,40357.0,0.0,3.416630995225571e-13,0.0,0.0,110172.0,2.2451041113275496e-12,0.0,0.0,27475.0,1.0003913661190055e-10,0.0,0.0,9205.0,3.0411086493045626e-13
2.0,9.0,0.0,40357.0,0.0,2.0499785971353425e-13,0.0,0.0,110172.0,1.3470624667965297e-12,0.0,0.0,27475.0,6.002348196714032e-11,0.0,0.0,9205.0,1.8246651895827376e-13
2.0,10.0,0.0,40357.0,0.0,1.2299871582812055e-13,0.0,0.0,110172.0,8.082374800779178e-13,0.0,0.0,27475.0,3.601408918028419e-11,0.0,0.0,9205.0,1.0947991137496424e-13
2.0,11.0,0.0,40357.0,0.0,7.379922949687233e-14,0.0,0.0,110172.0,4.849424880467507e-13,0.0,0.0,27475.0,2.1608453508170515e-11,0.0,0.0,9205.0,6.568794682497854e-14
2.0,12.0,0.0,40357.0,0.0,4.4279537698123394e-14,0.0,0.0,110172.0,2.909654928280504e-13,0.0,0.0,27475.0,1.2965072104902309e-11,0.0,0.0,9205.0,3.9412768094987126e-14
2.0,13.0,0.0,40357.0,0.0,2.6567722618874034e-14,0.0,0.0,110172.0,1.7457929569683023e-13,3.6397e-05,1.0,27475.0,1.4558807779043264e-05,0.0,0.0,9205.0,2.3647660856992276e-14
2.0,14.0,0.0,40357.0,0.0,1.594063357132442e-14,9.077e-06,1.0,110172.0,3.6308001047475773e-06,0.000145587,4.0,27475.0,6.697008466742596e-05,0.0,0.0,9205.0,1.4188596514195365e-14
2.0,15.0,0.0,40357.0,0.0,9.564380142794651e-15,0.0,0.0,110172.0,2.1784800628485465e-06,0.00018198400000000002,5.0,27475.0,0.00011297565080045558,0.0,0.0,9205.0,8.513157908517218e-15
2.0,16.0,0.0,40357.0,0.0,5.738628085676791e-15,9.077e-06,1.0,110172.0,4.937888037709128e-06,0.00010919,3.0,27475.0,0.00011146139048027336,0.0,0.0,9205.0,5.107894745110331e-15
2.0,17.0,0.0,40357.0,0.0,3.4431768514060742e-15,9.077e-06,1.0,110172.0,6.5935328226254766e-06,3.6397e-05,1.0,27475.0,8.143563428816402e-05,0.0,0.0,9205.0,3.0647368470661986e-15
2.0,18.0,0.0,40357.0,0.0,2.0659061108436445e-15,9.077e-06,1.0,110172.0,7.586919693575286e-06,0.00010919,3.0,27475.0,9.253738057289842e-05,0.0,0.0,9205.0,1.838842108239719e-15
2.0,19.0,7.4337e-05,40357.0,3.0,2.9734800001239547e-05,2.723e-05,3.0,110172.0,1.5444151816145172e-05,0.00010919,3.0,27475.0,9.919842834373905e-05,0.0,0.0,9205.0,1.1033052649438314e-15
2.0,20.0,4.9558e-05,40357.0,2.0,3.766408000074373e-05,9.077e-06,1.0,110172.0,1.2897291089687102e-05,0.00025477700000000003,7.0,27475.0,0.00016142985700624347,0.0,0.0,9205.0,6.619831589662988e-16
2.0,21.0,7.4337e-05,40357.0,3.0,5.2333248000446244e-05,2.723e-05,3.0,110172.0,1.8630374653812263e-05,0.00010919,3.0,27475.0,0.0001405339142037461,0.0,0.0,9205.0,3.971898953797793e-16
2.0,22.0,0.000123894,40357.0,5.0,8.095754880026775e-05,1.8153e-05,2.0,110172.0,1.843942479228736e-05,0.000400364,11.0,27475.0,0.00024446594852224764,0.0,0.0,9205.0,2.383139372278676e-16
2.0,23.0,9.9115e-05,40357.0,4.0,8.822052928016065e-05,1.8153e-05,2.0,110172.0,1.8324854875372415e-05,0.000400364,11.0,27475.0,0.0003068251691133486,0.0,0.0,9205.0,1.4298836233672054e-16
2.0,24.0,0.000272567,40357.0,11.0,0.00016195911756809638,1.8153e-05,2.0,110172.0,1.825611292522345e-05,0.000655141,18.0,27475.0,0.00044615150146800914,0.00032591,3.0,9205.0,0.0001303640000000858
2.0,25.0,0.000198231,40357.0,8.0,0.00017646787054085783,0.0,0.0,110172.0,1.0953667755134068e-05,0.000545951,15.0,27475.0,0.0004860713008808055,0.000543183,5.0,9205.0,0.0002954916000000515
2.0,26.0,0.0,40357.0,0.0,0.00010588072232451469,1.8153e-05,2.0,110172.0,1.3833400653080443e-05,0.000545951,15.0,27475.0,0.0005100231805284833,0.00010863700000000001,1.0,9205.0,0.00022074976000003088
2.0,27.0,0.000148673,40357.0,6.0,0.00012299763339470882,2.723e-05,3.0,110172.0,1.9192040391848268e-05,7.2793e-05,2.0,27475.0,0.00033513110831708996,0.001086366,10.0,9205.0,0.0005669962560000186
2.0,28.0,0.0,40357.0,0.0,7.379858003682529e-05,0.0,0.0,110172.0,1.151522423510896e-05,0.0016378529999999999,45.0,27475.0,0.000856219864990254,0.003476372,32.0,9205.0,0.0017307465536000113
2.0,29.0,0.0,40357.0,0.0,4.427914802209517e-05,3.6306999999999996e-05,4.0,110172.0,2.1431934541065375e-05,0.0006187440000000001,17.0,27475.0,0.0007612295189941524,0.000434546,4.0,9205.0,0.0012122663321600068
2.0,30.0,0.0,40357.0,0.0,2.6567488813257102e-05,0.0,0.0,110172.0,1.2859160724639225e-05,0.000400364,11.0,27475.0,0.0006168833113964914,0.00010863700000000001,1.0,9205.0,0.0007708145992960041
2.0,31.0,0.0,40357.0,0.0,1.594049328795426e-05,0.0,0.0,110172.0,7.715496434783535e-06,0.0,0.0,27475.0,0.00037012998683789484,0.0,0.0,9205.0,0.0004624887595776024
2.0,32.0,0.0,40357.0,0.0,9.564295972772556e-06,0.0,0.0,110172.0,4.629297860870121e-06,0.00025477700000000003,7.0,27475.0,0.0003239887921027369,0.0,0.0,9205.0,0.00027749325574656143
2.0,33.0,0.0,40357.0,0.0,5.7385775836635335e-06,0.0,0.0,110172.0,2.7775787165220723e-06,0.00010919,3.0,27475.0,0.00023806927526164213,0.0,0.0,9205.0,0.00016649595344793685
2.0,34.0,0.0,40357.0,0.0,3.44314655019812e-06,0.0,0.0,110172.0,1.6665472299132434e-06,3.6397e-05,1.0,27475.0,0.00015740036515698527,0.0,0.0,9205.0,9.989757206876211e-05
2.0,35.0,0.0,40357.0,0.0,2.065887930118872e-06,0.0,0.0,110172.0,9.99928337947946e-07,0.0,0.0,27475.0,9.444021909419116e-05,0.0,0.0,9205.0,5.9938543241257264e-05
2.0,36.0,0.0,40357.0,0.0,1.2395327580713231e-06,0.0,0.0,110172.0,5.999570027687676e-07,7.2793e-05,2.0,27475.0,8.57813314565147e-05,0.0,0.0,9205.0,3.5963125944754355e-05
2.0,37.0,0.0,40357.0,0.0,7.437196548427939e-07,0.0,0.0,110172.0,3.599742016612605e-07,7.2793e-05,2.0,27475.0,8.058599887390883e-05,0.0,0.0,9205.0,2.1577875566852613e-05
2.0,38.0,0.0,40357.0,0.0,4.462317929056763e-07,0.0,0.0,110172.0,2.159845209967563e-07,0.0,0.0,27475.0,4.83515993243453e-05,0.0,0.0,9205.0,1.2946725340111568e-05
2.0,39.0,0.0,40357.0,0.0,2.677390757434058e-07,0.0,0.0,110172.0,1.2959071259805378e-07,0.0,0.0,27475.0,2.9010959594607176e-05,0.0,0.0,9205.0,7.76803520406694e-06
2.0,40.0,0.0,40357.0,0.0,1.6064344544604346e-07,0.0,0.0,110172.0,7.775442755883226e-08,7.2793e-05,2.0,27475.0,4.652377575676431e-05,0.0,0.0,9205.0,4.660821122440164e-06
2.0,41.0,0.0,40357.0,0.0,9.638606726762607e-08,0.0,0.0,110172.0,4.6652656535299356e-08,0.0,0.0,27475.0,2.7914265454058583e-05,0.0,0.0,9205.0,2.796492673464098e-06
2.0,42.0,0.0,40357.0,0.0,5.783164036057564e-08,0.0,0.0,110172.0,2.7991593921179614e-08,0.0,0.0,27475.0,1.674855927243515e-05,0.0,0.0,9205.0,1.6778956040784588e-06
2.0,43.0,0.0,40357.0,0.0,3.4698984216345384e-08,0.0,0.0,110172.0,1.6794956352707767e-08,0.0,0.0,27475.0,1.004913556346109e-05,0.0,0.0,9205.0,1.0067373624470753e-06
2.0,44.0,0.0,40357.0,0.0,2.0819390529807228e-08,0.0,0.0,110172.0,1.007697381162466e-08,0.0,0.0,27475.0,6.029481338076653e-06,0.0,0.0,9205.0,6.040424174682451e-07
2.0,45.0,0.0,40357.0,0.0,1.2491634317884336e-08,0.0,0.0,110172.0,6.0461842869747955e-09,0.0,0.0,27475.0,3.617688802845992e-06,0.0,0.0,9205.0,3.6242545048094706e-07
2.0,46.0,0.0,40357.0,0.0,7.494980590730602e-09,0.0,0.0,110172.0,3.627710572184877e-09,0.0,0.0,27475.0,2.170613281707595e-06,0.0,0.0,9205.0,2.1745527028856823e-07
2.0,47.0,0.0,40357.0,0.0,4.496988354438361e-09,0.0,0.0,110172.0,2.176626343310926e-09,0.0,0.0,27475.0,1.302367969024557e-06,0.0,0.0,9205.0,1.3047316217314093e-07
2.0,48.0,0.0,40357.0,0.0,2.6981930126630163e-09,0.0,0.0,110172.0,1.3059758059865557e-09,0.0,0.0,27475.0,7.814207814147342e-07,0.0,0.0,9205.0,7.828389730388456e-08
2.0,49.0,0.0,40357.0,0.0,1.6189158075978098e-09,0.0,0.0,110172.0,7.835854835919334e-10,0.0,0.0,27475.0,4.688524688488405e-07,0.0,0.0,9205.0,4.697033838233073e-08
2.0,50.0,0.0,40357.0,0.0,9.713494845586857e-10,0.0,0.0,110172.0,4.7015129015516e-10,0.0,0.0,27475.0,2.813114813093043e-07,0.0,0.0,9205.0,2.8182203029398438e-08
2.0,51.0,0.0,40357.0,0.0,5.828096907352114e-10,0.0,0.0,110172.0,2.8209077409309597e-10,0.0,0.0,27475.0,1.6878688878558257e-07,0.0,0.0,9205.0,1.6909321817639063e-08
2.0,52.0,0.0,40357.0,0.0,3.496858144411268e-10,0.0,0.0,110172.0,1.6925446445585758e-10,0.0,0.0,27475.0,1.0127213327134953e-07,0.0,0.0,9205.0,1.0145593090583438e-08
3.0,1.0,0.0,40563.0,0.0,2.0981148866467607e-10,0.0,0.0,110172.0,1.0155267867351454e-10,0.0,0.0,27475.0,6.076327996280972e-08,0.0,0.0,9205.0,6.087355854350063e-09
3.0,2.0,0.0,40563.0,0.0,1.2588689319880565e-10,0.0,0.0,111016.0,6.093160720410872e-11,0.0,0.0,27439.0,3.645796797768583e-08,0.0,0.0,9356.0,3.6524135126100377e-09
3.0,3.0,0.0,40563.0,0.0,7.553213591928338e-11,0.0,0.0,111016.0,3.655896432246523e-11,0.0,0.0,27439.0,2.1874780786611495e-08,0.0,0.0,9356.0,2.1914481075660227e-09
3.0,4.0,0.0,40563.0,0.0,4.5319281551570026e-11,0.0,0.0,111016.0,2.1935378593479137e-11,0.0,0.0,27439.0,1.3124868471966897e-08,0.0,0.0,9356.0,1.3148688645396136e-09
3.0,5.0,0.0,40563.0,0.0,2.7191568930942015e-11,0.0,0.0,111016.0,1.3161227156087481e-11,0.0,0.0,27439.0,7.874921083180138e-09,0.0,0.0,9356.0,7.889213187237681e-10
3.0,6.0,0.0,40563.0,0.0,1.6314941358565207e-11,0.0,0.0,111016.0,7.896736293652489e-12,0.0,0.0,27439.0,4.724952649908083e-09,0.0,0.0,9356.0,4.733527912342608e-10
3.0,7.0,0.0,40563.0,0.0,9.788964815139124e-12,0.0,0.0,111016.0,4.738041776191493e-12,0.0,0.0,27439.0,2.8349715899448494e-09,0.0,0.0,9356.0,2.840116747405565e-10
3.0,8.0,0.0,40563.0,0.0,5.873378889083474e-12,0.0,0.0,111016.0,2.842825065714896e-12,0.0,0.0,27439.0,1.7009829539669096e-09,0.0,0.0,9356.0,1.704070048443339e-10
3.0,9.0,0.0,40563.0,0.0,3.524027333450084e-12,0.0,0.0,111016.0,1.7056950394289374e-12,0.0,0.0,27439.0,1.0205897723801457e-09,0.0,0.0,9356.0,1.0224420290660034e-10
3.0,10.0,0.0,40563.0,0.0,2.1144164000700504e-12,0.0,0.0,111016.0,1.0234170236573625e-12,0.0,0.0,27439.0,6.123538634280874e-10,0.0,0.0,9356.0,6.13465217439602e-11
3.0,11.0,0.0,40563.0,0.0,1.2686498400420302e-12,0.0,0.0,111016.0,6.140502141944175e-13,0.0,0.0,27439.0,3.674123180568524e-10,0.0,0.0,9356.0,3.680791304637612e-11
3.0,12.0,0.0,40563.0,0.0,7.611899040252181e-13,0.0,0.0,111016.0,3.684301285166505e-13,0.0,0.0,27439.0,2.2044739083411143e-10,0.0,0.0,9356.0,2.208474782782567e-11
3.0,13.0,0.0,40563.0,0.0,4.567139424151309e-13,0.0,0.0,111016.0,2.210580771099903e-13,0.0,0.0,27439.0,1.3226843450046685e-10,0.0,0.0,9356.0,1.3250848696695402e-11
3.0,14.0,0.0,40563.0,0.0,2.7402836544907853e-13,0.0,0.0,111016.0,1.3263484626599416e-13,0.0,0.0,27439.0,7.936106070028011e-11,0.0,0.0,9356.0,7.950509218017242e-12
3.0,15.0,0.0,40563.0,0.0,1.644170192694471e-13,0.0,0.0,111016.0,7.95809077595965e-14,0.0,0.0,27439.0,4.761663642016806e-11,0.0,0.0,9356.0,4.770305530810345e-12
3.0,16.0,0.0,40563.0,0.0,9.865021156166825e-14,0.0,0.0,111016.0,4.7748544655757896e-14,0.0,0.0,27439.0,2.8569981852100837e-11,0.0,0.0,9356.0,2.862183318486207e-12
3.0,17.0,0.0,40563.0,0.0,5.919012693700094e-14,0.0,0.0,111016.0,2.8649126793454735e-14,0.0,0.0,27439.0,1.7141989111260503e-11,0.0,0.0,9356.0,1.7173099910917241e-12
3.0,18.0,0.0,40563.0,0.0,3.5514076162200565e-14,0.0,0.0,111016.0,1.718947607607284e-14,0.0,0.0,27439.0,1.0285193466756301e-11,0.0,0.0,9356.0,1.0303859946550345e-12
3.0,19.0,0.0,40563.0,0.0,2.130844569732034e-14,0.0,0.0,111016.0,1.0313685645643703e-14,0.0,0.0,27439.0,6.1711160800537805e-12,0.0,0.0,9356.0,6.182315967930207e-13
3.0,20.0,0.0,40563.0,0.0,1.2785067418392203e-14,0.0,0.0,111016.0,6.1882113873862216e-15,7.2889e-05,2.0,27439.0,2.915560370266965e-05,0.0,0.0,9356.0,3.7093895807581237e-13
3.0,21.0,0.0,40563.0,0.0,7.671040451035322e-15,0.0,0.0,111016.0,3.712926832431733e-15,7.2889e-05,2.0,27439.0,4.664896222160179e-05,0.0,0.0,9356.0,2.225633748454874e-13
3.0,22.0,2.4653000000000003e-05,40563.0,1.0,9.861200004602626e-06,0.0,0.0,111016.0,2.22775609945904e-15,7.2889e-05,2.0,27439.0,5.7144977332961075e-05,0.0,0.0,9356.0,1.3353802490729244e-13
3.0,23.0,0.0,40563.0,0.0,5.916720002761576e-06,9.007999999999999e-06,1.0,111016.0,3.6032000013366532e-06,0.0,0.0,27439.0,3.428698639977664e-05,0.00010688299999999999,1.0,9356.0,4.275320008012281e-05
3.0,24.0,2.4653000000000003e-05,40563.0,1.0,1.3411232001656948e-05,0.0,0.0,111016.0,2.1619200008019917e-06,0.00010933299999999999,3.0,27439.0,6.430539183986598e-05,0.00010688299999999999,1.0,9356.0,6.840512004807367e-05
3.0,25.0,4.9306000000000005e-05,40563.0,2.0,2.776913920099417e-05,0.0,0.0,111016.0,1.297152000481195e-06,0.0,0.0,27439.0,3.858323510391958e-05,0.00021376700000000002,2.0,9356.0,0.0001265498720288442
3.0,26.0,4.9306000000000005e-05,40563.0,2.0,3.638388352059651e-05,1.8015e-05,2.0,111016.0,7.984291200288717e-06,3.6444e-05,1.0,27439.0,3.772754106235175e-05,0.00032065,3.0,9356.0,0.00020418992321730655
3.0,27.0,0.0,40563.0,0.0,2.1830330112357903e-05,0.0,0.0,111016.0,4.79057472017323e-06,0.000328,9.0,27439.0,0.00015383652463741107,0.00010688299999999999,1.0,9356.0,0.0001652671539303839
3.0,28.0,0.0,40563.0,0.0,1.3098198067414741e-05,0.0,0.0,111016.0,2.874344832103938e-06,0.000145778,4.0,27439.0,0.00015061311478244664,0.0,0.0,9356.0,9.916029235823034e-05
3.0,29.0,0.000172571,40563.0,7.0,7.688731884044885e-05,0.000153131,17.0,111016.0,6.297700689926236e-05,0.00010933299999999999,3.0,27439.0,0.00013410106886946799,0.0,0.0,9356.0,5.94961754149382e-05
3.0,30.0,0.0,40563.0,0.0,4.6132391304269306e-05,0.0002342,26.0,111016.0,0.00013146620413955742,0.0,0.0,27439.0,8.046064132168079e-05,0.0,0.0,9356.0,3.5697705248962915e-05
3.0,31.0,9.861200000000001e-05,40563.0,4.0,6.712423478256159e-05,0.000216185,24.0,111016.0,0.00016535372248373446,0.000145778,4.0,27439.0,0.00010658758479300848,0.000748183,7.0,9356.0,0.00032069182314937777
3.0,32.0,0.0,40563.0,0.0,4.027454086953695e-05,0.0,0.0,111016.0,9.921223349024068e-05,0.000145778,4.0,27439.0,0.0001222637508758051,0.00096195,9.0,9356.0,0.0005771950938896267
3.0,33.0,0.0,40563.0,0.0,2.416472452172217e-05,0.0,0.0,111016.0,5.95273400941444e-05,0.000145778,4.0,27439.0,0.00013166945052548305,0.00010688299999999999,1.0,9356.0,0.000389070256333776
3.0,34.0,0.0,40563.0,0.0,1.4498834713033301e-05,0.0,0.0,111016.0,3.571640405648664e-05,7.2889e-05,2.0,27439.0,0.00010815727031528983,0.00032065,3.0,9356.0,0.0003617021538002656
3.0,35.0,0.0,40563.0,0.0,8.69930082781998e-06,0.0,0.0,111016.0,2.1429842433891984e-05,0.0,0.0,27439.0,6.48943621891739e-05,0.00010688299999999999,1.0,9356.0,0.00025977449228015934
3.0,36.0,0.0,40563.0,0.0,5.219580496691988e-06,0.0,0.0,111016.0,1.285790546033519e-05,0.0,0.0,27439.0,3.893661731350434e-05,0.00010688299999999999,1.0,9356.0,0.00019861789536809558
3.0,37.0,0.0,40563.0,0.0,3.131748298015193e-06,0.0,0.0,111016.0,7.714743276201113e-06,0.0,0.0,27439.0,2.33619703881026e-05,0.00010688299999999999,1.0,9356.0,0.00016192393722085733
3.0,38.0,2.4653000000000003e-05,40563.0,1.0,1.1740248978809117e-05,0.0,0.0,111016.0,4.628845965720668e-06,0.0,0.0,27439.0,1.401718223286156e-05,0.00010688299999999999,1.0,9356.0,0.0001399075623325144
3.0,39.0,0.0,40563.0,0.0,7.044149387285469e-06,0.0,0.0,111016.0,2.7773075794324007e-06,0.000145778,4.0,27439.0,6.672150933971694e-05,0.00021376700000000002,2.0,9356.0,0.00016945133739950866
3.0,40.0,0.0,40563.0,0.0,4.226489632371281e-06,0.0,0.0,111016.0,1.6663845476594403e-06,0.000145778,4.0,27439.0,9.834410560383017e-05,0.0,0.0,9356.0,0.00010167080243970519
3.0,41.0,0.0,40563.0,0.0,2.5358937794227687e-06,0.0,0.0,111016.0,9.99830728595664e-07,0.0,0.0,27439.0,5.90064633622981e-05,0.0,0.0,9356.0,6.100248146382311e-05
3.0,42.0,0.0,40563.0,0.0,1.5215362676536612e-06,0.0,0.0,111016.0,5.998984371573984e-07,0.0,0.0,27439.0,3.540387801737886e-05,0.0,0.0,9356.0,3.660148887829386e-05
3.0,43.0,0.0,40563.0,0.0,9.129217605921967e-07,0.0,0.0,111016.0,3.5993906229443905e-07,0.0,0.0,27439.0,2.1242326810427317e-05,0.0,0.0,9356.0,2.1960893326976316e-05
3.0,44.0,0.0,40563.0,0.0,5.47753056355318e-07,0.0,0.0,111016.0,2.159634373766634e-07,0.0,0.0,27439.0,1.274539608625639e-05,0.0,0.0,9356.0,1.3176535996185789e-05
3.0,45.0,0.0,40563.0,0.0,3.2865183381319075e-07,0.0,0.0,111016.0,1.2957806242599805e-07,0.0,0.0,27439.0,7.647237651753833e-06,0.0,0.0,9356.0,7.905921597711473e-06
3.0,46.0,0.0,40563.0,0.0,1.9719110028791444e-07,0.0,0.0,111016.0,7.774683745559883e-08,0.0,0.0,27439.0,4.5883425910523e-06,0.0,0.0,9356.0,4.743552958626884e-06
3.0,47.0,0.0,40563.0,0.0,1.1831466017274866e-07,0.0,0.0,111016.0,4.6648102473359295e-08,0.0,0.0,27439.0,2.75300555463138e-06,0.0,0.0,9356.0,2.8461317751761302e-06
3.0,48.0,0.0,40563.0,0.0,7.098879610364919e-08,0.0,0.0,111016.0,2.7988861484015576e-08,0.0,0.0,27439.0,1.6518033327788278e-06,0.0,0.0,9356.0,1.707679065105678e-06
3.0,49.0,0.0,40563.0,0.0,4.259327766218951e-08,0.0,0.0,111016.0,1.6793316890409344e-08,0.0,0.0,27439.0,9.910819996672965e-07,0.0,0.0,9356.0,1.0246074390634069e-06
3.0,50.0,0.0,40563.0,0.0,2.5555966597313704e-08,0.0,0.0,111016.0,1.0075990134245605e-08,0.0,0.0,27439.0,5.946491998003779e-07,0.0,0.0,9356.0,6.147644634380441e-07
3.0,51.0,0.0,40563.0,0.0,1.533357995838822e-08,0.0,0.0,111016.0,6.045594080547363e-09,0.0,0.0,27439.0,3.5678951988022675e-07,0.0,0.0,9356.0,3.6885867806282645e-07
3.0,52.0,0.0,40563.0,0.0,9.200147975032932e-09,0.0,0.0,111016.0,3.6273564483284176e-09,0.0,0.0,27439.0,2.1407371192813603e-07,0.0,0.0,9356.0,2.2131520683769586e-07
4.0,1.0,0.0,40643.0,0.0,5.520088785019759e-09,0.0,0.0,111016.0,2.1764138689970505e-09,0.0,0.0,27439.0,1.284442271568816e-07,0.0,0.0,9356.0,1.3278912410261752e-07
4.0,2.0,0.0,40643.0,0.0,3.3120532710118556e-09,0.0,0.0,111575.0,1.3058483213982303e-09,0.0,0.0,27437.0,7.706653629412896e-08,0.0,0.0,9301.0,7.967347446157051e-08
4.0,3.0,0.0,40643.0,0.0,1.9872319626071132e-09,0.0,0.0,111575.0,7.835089928389381e-10,0.0,0.0,27437.0,4.623992177647737e-08,0.0,0.0,9301.0,4.780408467694231e-08
4.0,4.0,0.0,40643.0,0.0,1.192339177564268e-09,0.0,0.0,111575.0,4.701053957033628e-10,0.0,0.0,27437.0,2.7743953065886423e-08,0.0,0.0,9301.0,2.8682450806165384e-08
4.0,5.0,0.0,40643.0,0.0,7.154035065385607e-10,0.0,0.0,111575.0,2.820632374220177e-10,0.0,0.0,27437.0,1.6646371839531853e-08,0.0,0.0,9301.0,1.720947048369923e-08
4.0,6.0,0.0,40643.0,0.0,4.292421039231364e-10,0.0,0.0,111575.0,1.6923794245321062e-10,3.6447e-05,1.0,27437.0,1.4588787823103719e-05,0.0,0.0,9301.0,1.0325682290219538e-08
4.0,7.0,0.0,40643.0,0.0,2.5754526235388185e-10,0.0,0.0,111575.0,1.0154276547192637e-10,0.0,0.0,27437.0,8.753272693862231e-06,0.0,0.0,9301.0,6.195409374131722e-09
4.0,8.0,0.0,40643.0,0.0,1.545271574123291e-10,0.0,0.0,111575.0,6.092565928315583e-11,3.6447e-05,1.0,27437.0,1.983076361631734e-05,0.0,0.0,9301.0,3.717245624479033e-09
4.0,9.0,0.0,40643.0,0.0,9.271629444739746e-11,0.0,0.0,111575.0,3.6555395569893494e-11,0.00021868299999999998,6.0,27437.0,9.93716581697904e-05,0.000107515,1.0,9301.0,4.300823034737469e-05
4.0,10.0,0.0,40643.0,0.0,5.5629776668438474e-11,1.7925e-05,2.0,111575.0,7.170021933237342e-06,7.2894e-05,2.0,27437.0,8.878059490187424e-05,0.000215031,2.0,9301.0,0.00011181733820842481
4.0,11.0,0.0,40643.0,0.0,3.3377866001063083e-11,0.0,0.0,111575.0,4.302013159942405e-06,3.6447e-05,1.0,27437.0,6.784715694112454e-05,0.0,0.0,9301.0,6.709040292505489e-05
4.0,12.0,2.4604e-05,40643.0,1.0,9.8416200267196e-06,8.962999999999999e-06,1.0,111575.0,6.1664078959654425e-06,3.6447e-05,1.0,27437.0,5.528709416467473e-05,0.0,0.0,9301.0,4.0254241755032935e-05
4.0,13.0,0.0,40643.0,0.0,5.90497201603176e-06,0.0,0.0,111575.0,3.699844737579265e-06,0.0,0.0,27437.0,3.3172256498804835e-05,0.0,0.0,9301.0,2.415254505301976e-05
4.0,14.0,0.0,40643.0,0.0,3.542983209619056e-06,8.962999999999999e-06,1.0,111575.0,5.805106842547558e-06,0.00010934100000000001,3.0,27437.0,6.36397538992829e-05,0.0,0.0,9301.0,1.4491527031811854e-05
4.0,15.0,0.0,40643.0,0.0,2.1257899257714334e-06,8.962999999999999e-06,1.0,111575.0,7.0682641055285344e-06,7.2894e-05,2.0,27437.0,6.734145233956975e-05,0.0,0.0,9301.0,8.694916219087112e-06
4.0,16.0,9.841799999999999e-05,40643.0,4.0,4.064267395546286e-05,1.7925e-05,2.0,111575.0,1.141095846331712e-05,0.0,0.0,27437.0,4.040487140374185e-05,0.000322546,3.0,9301.0,0.00013423534973145226
4.0,17.0,0.000246045,40643.0,10.0,0.00012280360437327774,2.6888e-05,3.0,111575.0,1.7601775077990274e-05,7.2894e-05,2.0,27437.0,5.340052284224511e-05,0.000322546,3.0,9301.0,0.00020955960983887135
4.0,18.0,0.0,40643.0,0.0,7.368216262396664e-05,0.000161326,18.0,111575.0,7.509146504679415e-05,0.000291577,8.0,27437.0,0.00014867111370534707,0.0013976989999999999,13.0,9301.0,0.0006848153659033228
4.0,19.0,0.00019683599999999998,40643.0,8.0,0.00012294369757437997,0.00025095200000000003,28.0,111575.0,0.00014543567902807652,0.000692496,19.0,27437.0,0.00036620106822320825,0.0008601230000000001,8.0,9301.0,0.0007549384195419937
4.0,20.0,0.00027064900000000003,40643.0,11.0,0.000182025818544628,0.00046605400000000003,52.0,111575.0,0.00027368300741684593,0.00153078,42.0,27437.0,0.000832032640933925,0.000322546,3.0,9301.0,0.0005819814517251962
4.0,21.0,0.000541299,40643.0,22.0,0.0003257350911267768,0.00051983,58.0,111575.0,0.00037214180445010753,0.0018952510000000001,52.0,27437.0,0.001257319984560355,0.000430061,4.0,9301.0,0.0005212132710351177
4.0,22.0,0.0015746870000000002,40643.0,64.0,0.0008253158546760662,0.000448129,50.0,111575.0,0.00040253668267006457,0.002113934,58.0,27437.0,0.001599965590736213,0.000322546,3.0,9301.0,0.00044174636262107067
4.0,23.0,0.0017715229999999999,40643.0,72.0,0.0012037987128056397,0.000430204,48.0,111575.0,0.0004136036096020388,0.001749462,48.0,27437.0,0.0016597641544417278,0.000752607,7.0,9301.0,0.0005660906175726423
4.0,24.0,0.00022144,40643.0,9.0,0.0008108552276833838,0.000483979,54.0,111575.0,0.0004417537657612233,0.00102052,28.0,27437.0,0.0014040664926650366,0.000107515,1.0,9301.0,0.0003826603705435854
4.0,25.0,0.000295254,40643.0,12.0,0.0006046147366100303,0.00055568,62.0,111575.0,0.000487324259456734,0.001093414,30.0,27437.0,0.001279805495599022,0.000107515,1.0,9301.0,0.00027260222232615124
4.0,26.0,0.000123022,40643.0,5.0,0.0004119776419660182,0.00024199,27.0,111575.0,0.0003891905556740404,0.0018952510000000001,52.0,27437.0,0.0015259836973594133,0.0,0.0,9301.0,0.00016356133339569075
4.0,27.0,4.9208999999999996e-05,40643.0,2.0,0.0002668701851796109,0.000197177,22.0,111575.0,0.0003123851334044242,0.0008382839999999999,23.0,27437.0,0.001250903818415648,0.000107515,1.0,9301.0,0.00014114280003741443
4.0,28.0,4.9208999999999996e-05,40643.0,2.0,0.00017980571110776653,0.000152364,17.0,111575.0,0.00024837668004265453,0.00040091800000000005,11.0,27437.0,0.0009109094910493888,0.000107515,1.0,9301.0,0.00012769168002244865
4.0,29.0,0.0,40643.0,0.0,0.00010788342666465991,0.000215102,24.0,111575.0,0.00023506680802559273,0.0,0.0,27437.0,0.0005465456946296333,0.000215031,2.0,9301.0,0.0001626274080134692
4.0,30.0,4.9208999999999996e-05,40643.0,2.0,8.441365599879594e-05,0.00012547600000000002,14.0,111575.0,0.00019123048481535564,0.0,0.0,27437.0,0.00032792741677778,0.000107515,1.0,9301.0,0.00014058244480808153
4.0,31.0,4.9208999999999996e-05,40643.0,2.0,7.033179359927756e-05,0.00012547600000000002,14.0,111575.0,0.00016492869088921338,0.00010934100000000001,3.0,27437.0,0.000240492850066668,0.000107515,1.0,9301.0,0.00012735546688484893
4.0,32.0,0.0,40643.0,0.0,4.2199076159566535e-05,0.000107551,12.0,111575.0,0.00014197761453352801,0.0,0.0,27437.0,0.0001442957100400008,0.0,0.0,9301.0,7.641328013090936e-05
4.0,33.0,0.0,40643.0,0.0,2.531944569573992e-05,3.585e-05,4.0,111575.0,9.952656872011681e-05,0.0,0.0,27437.0,8.657742602400047e-05,0.0,0.0,9301.0,4.5847968078545614e-05
4.0,34.0,0.0,40643.0,0.0,1.519166741744395e-05,1.7925e-05,2.0,111575.0,6.688594123207009e-05,0.0,0.0,27437.0,5.194645561440028e-05,0.000107515,1.0,9301.0,7.051478084712736e-05
4.0,35.0,0.0,40643.0,0.0,9.11500045046637e-06,0.0,0.0,111575.0,4.013156473924205e-05,0.00010934100000000001,3.0,27437.0,7.490427336864017e-05,0.0,0.0,9301.0,4.2308868508276414e-05
4.0,36.0,0.0,40643.0,0.0,5.4690002702798216e-06,0.0,0.0,111575.0,2.407893884354523e-05,0.0,0.0,27437.0,4.49425640211841e-05,0.0,0.0,9301.0,2.5385321104965847e-05
4.0,37.0,0.0,40643.0,0.0,3.281400162167893e-06,0.0,0.0,111575.0,1.4447363306127137e-05,7.2894e-05,2.0,27437.0,5.6123138412710456e-05,0.0,0.0,9301.0,1.5231192662979507e-05
4.0,38.0,0.0,40643.0,0.0,1.968840097300736e-06,0.0,0.0,111575.0,8.668417983676282e-06,0.0,0.0,27437.0,3.3673883047626274e-05,0.0,0.0,9301.0,9.138715597787704e-06
4.0,39.0,0.0,40643.0,0.0,1.1813040583804414e-06,0.0,0.0,111575.0,5.2010507902057685e-06,0.0,0.0,27437.0,2.0204329828575762e-05,0.0,0.0,9301.0,5.483229358672622e-06
4.0,40.0,0.0,40643.0,0.0,7.087824350282648e-07,0.0,0.0,111575.0,3.120630474123461e-06,0.0,0.0,27437.0,1.2122597897145458e-05,0.0,0.0,9301.0,3.289937615203573e-06
4.0,41.0,0.0,40643.0,0.0,4.2526946101695887e-07,0.0,0.0,111575.0,1.8723782844740766e-06,0.0,0.0,27437.0,7.273558738287274e-06,0.0,0.0,9301.0,1.973962569122144e-06
4.0,42.0,0.0,40643.0,0.0,2.5516167661017533e-07,0.0,0.0,111575.0,1.123426970684446e-06,0.0,0.0,27437.0,4.364135242972364e-06,0.0,0.0,9301.0,1.1843775414732864e-06
4.0,43.0,0.0,40643.0,0.0,1.530970059661052e-07,0.0,0.0,111575.0,6.740561824106675e-07,0.0,0.0,27437.0,2.6184811457834183e-06,0.0,0.0,9301.0,7.106265248839718e-07
4.0,44.0,0.0,40643.0,0.0,9.185820357966312e-08,0.0,0.0,111575.0,4.044337094464005e-07,0.0,0.0,27437.0,1.571088687470051e-06,0.0,0.0,9301.0,4.263759149303831e-07
4.0,45.0,0.0,40643.0,0.0,5.511492214779787e-08,0.0,0.0,111575.0,2.4266022566784027e-07,0.0,0.0,27437.0,9.426532124820306e-07,0.0,0.0,9301.0,2.558255489582298e-07
4.0,46.0,0.0,40643.0,0.0,3.306895328867872e-08,0.0,0.0,111575.0,1.4559613540070414e-07,0.0,0.0,27437.0,5.655919274892184e-07,0.0,0.0,9301.0,1.5349532937493788e-07
4.0,47.0,0.0,40643.0,0.0,1.984137197320723e-08,0.0,0.0,111575.0,8.735768124042248e-08,0.0,0.0,27437.0,3.39355156493531e-07,0.0,0.0,9301.0,9.209719762496273e-08
4.0,48.0,0.0,40643.0,0.0,1.1904823183924338e-08,0.0,0.0,111575.0,5.241460874425349e-08,0.0,0.0,27437.0,2.036130938961186e-07,0.0,0.0,9301.0,5.525831857497763e-08
4.0,49.0,0.0,40643.0,0.0,7.142893910354603e-09,0.0,0.0,111575.0,3.1448765246552094e-08,0.0,0.0,27437.0,1.2216785633767116e-07,0.0,0.0,9301.0,3.315499114498658e-08
4.0,50.0,0.0,40643.0,0.0,4.285736346212762e-09,0.0,0.0,111575.0,1.8869259147931255e-08,0.0,0.0,27437.0,7.330071380260269e-08,0.0,0.0,9301.0,1.9892994686991948e-08
4.0,51.0,0.0,40643.0,0.0,2.571441807727657e-09,0.0,0.0,111575.0,1.1321555488758752e-08,0.0,0.0,27437.0,4.398042828156161e-08,0.0,0.0,9301.0,1.1935796812195168e-08
4.0,52.0,0.0,40643.0,0.0,1.5428650846365941e-09,0.0,0.0,111575.0,6.792933293255251e-09,0.0,0.0,27437.0,2.6388256968936966e-08,0.0,0.0,9301.0,7.161478087317101e-09
5.0,1.0,0.0,40723.0,0.0,9.257190507819565e-10,0.0,0.0,111575.0,4.07575997595315e-09,0.0,0.0,27437.0,1.583295418136218e-08,0.0,0.0,9301.0,4.296886852390261e-09
5.0,2.0,0.0,40723.0,0.0,5.554314304691738e-10,0.0,0.0,112462.0,2.4454559855718897e-09,0.0,0.0,27230.0,9.499772508817308e-09,0.0,0.0,9333.0,2.5781321114341564e-09
5.0,3.0,0.0,40723.0,0.0,3.332588582815043e-10,0.0,0.0,112462.0,1.4672735913431338e-09,0.0,0.0,27230.0,5.699863505290384e-09,0.0,0.0,9333.0,1.5468792668604939e-09
5.0,4.0,0.0,40723.0,0.0,1.9995531496890257e-10,0.0,0.0,112462.0,8.803641548058802e-10,0.0,0.0,27230.0,3.4199181031742305e-09,0.0,0.0,9333.0,9.281275601162963e-10
5.0,5.0,0.0,40723.0,0.0,1.1997318898134154e-10,0.0,0.0,112462.0,5.282184928835281e-10,0.0,0.0,27230.0,2.051950861904538e-09,0.0,0.0,9333.0,5.568765360697777e-10
5.0,6.0,0.0,40723.0,0.0,7.198391338880492e-11,0.0,0.0,112462.0,3.1693109573011684e-10,0.0,0.0,27230.0,1.2311705171427228e-09,0.0,0.0,9333.0,3.341259216418666e-10
5.0,7.0,0.0,40723.0,0.0,4.319034803328295e-11,0.0,0.0,112462.0,1.901586574380701e-10,0.0,0.0,27230.0,7.387023102856336e-10,0.0,0.0,9333.0,2.0047555298511995e-10
5.0,8.0,0.0,40723.0,0.0,2.591420881996977e-11,0.0,0.0,112462.0,1.1409519446284207e-10,0.0,0.0,27230.0,4.4322138617138015e-10,0.0,0.0,9333.0,1.2028533179107196e-10
5.0,9.0,0.0,40723.0,0.0,1.554852529198186e-11,0.0,0.0,112462.0,6.845711667770524e-11,0.0,0.0,27230.0,2.659328317028281e-10,0.0,0.0,9333.0,7.217119907464317e-11
5.0,10.0,0.0,40723.0,0.0,9.329115175189115e-12,0.0,0.0,112462.0,4.107427000662314e-11,0.0,0.0,27230.0,1.5955969902169685e-10,0.0,0.0,9333.0,4.33027194447859e-11
5.0,11.0,0.0,40723.0,0.0,5.597469105113469e-12,8.892e-06,1.0,112462.0,3.5568246445620043e-06,0.0,0.0,27230.0,9.573581941301811e-11,0.0,0.0,9333.0,2.5981631666871538e-11
5.0,12.0,0.0,40723.0,0.0,3.3584814630680813e-12,0.0,0.0,112462.0,2.1340947867372024e-06,0.0,0.0,27230.0,5.7441491647810864e-11,0.0,0.0,9333.0,1.5588979000122923e-11
5.0,13.0,0.0,40723.0,0.0,2.0150888778408486e-12,0.0,0.0,112462.0,1.2804568720423215e-06,0.0,0.0,27230.0,3.446489498868652e-11,0.0,0.0,9333.0,9.353387400073754e-12
5.0,14.0,0.0,40723.0,0.0,1.2090533267045091e-12,0.0,0.0,112462.0,7.682741232253929e-07,0.0,0.0,27230.0,2.067893699321191e-11,0.0,0.0,9333.0,5.612032440044252e-12
5.0,15.0,2.4556e-05,40723.0,1.0,9.822400725431997e-06,8.892e-06,1.0,112462.0,4.017764473935236e-06,0.0,0.0,27230.0,1.2407362195927147e-11,0.0,0.0,9333.0,3.3672194640265513e-12
5.0,16.0,7.3668e-05,40723.0,3.0,3.53606404352592e-05,8.892e-06,1.0,112462.0,5.967458684361142e-06,0.0,0.0,27230.0,7.444417317556288e-12,0.0,0.0,9333.0,2.0203316784159307e-12
5.0,17.0,0.000270118,40723.0,11.0,0.00012926358426115553,0.000160054,18.0,112462.0,6.760207521061669e-05,0.00011017299999999999,3.0,27230.0,4.406920446665039e-05,0.00010714700000000001,1.0,9333.0,4.285880121219901e-05
5.0,18.0,0.000466567,40723.0,19.0,0.00026418495055669335,9.7811e-05,11.0,112462.0,7.968564512637002e-05,0.000146897,4.0,27230.0,8.520032267999024e-05,0.00010714700000000001,1.0,9333.0,6.857408072731941e-05
5.0,19.0,0.000245561,40723.0,10.0,0.000256735370334016,0.000489054,55.0,112462.0,0.00024343298707582204,0.000514139,14.0,27230.0,0.00025677579360799415,0.001071467,10.0,9333.0,0.00046973124843639166
5.0,20.0,0.000343786,40723.0,14.0,0.0002915556222004096,0.000497946,56.0,112462.0,0.0003452381922454932,0.000587587,16.0,27230.0,0.0003891002761647965,0.000535733,5.0,9333.0,0.000496131949061835
5.0,21.0,0.00031923,40723.0,13.0,0.00030262537332024575,0.000293432,33.0,112462.0,0.00032451571534729593,0.000624311,17.0,27230.0,0.00048318456569887793,0.00010714700000000001,1.0,9333.0,0.000340537969437101
5.0,22.0,9.8225e-05,40723.0,4.0,0.00022086522399214747,0.00023118900000000003,26.0,112462.0,0.00028718502920837755,0.000367242,10.0,27230.0,0.0004368075394193268,0.000214293,2.0,9333.0,0.00029003998166226056
5.0,23.0,2.4556e-05,40723.0,1.0,0.00014234153439528848,0.000133378,15.0,112462.0,0.0002256622175250265,7.3448e-05,2.0,27230.0,0.0002914637236515961,0.00032144,3.0,9333.0,0.0003025999889973563
5.0,24.0,2.4556e-05,40723.0,1.0,9.522732063717309e-05,0.000106703,12.0,112462.0,0.0001780785305150159,0.0,0.0,27230.0,0.00017487823419095767,0.0,0.0,9333.0,0.00018155999339841377
5.0,25.0,0.000122781,40723.0,5.0,0.00010624879238230384,7.1135e-05,8.0,112462.0,0.00013530111830900953,3.6724e-05,1.0,27230.0,0.0001196165405145746,0.00010714700000000001,1.0,9333.0,0.00015179479603904828
5.0,26.0,0.0,40723.0,0.0,6.374927542938231e-05,4.4458999999999996e-05,5.0,112462.0,9.896427098540571e-05,0.0,0.0,27230.0,7.176992430874476e-05,0.00010714700000000001,1.0,9333.0,0.00013393567762342895
5.0,27.0,2.4556e-05,40723.0,1.0,4.807196525762939e-05,1.7784e-05,2.0,112462.0,6.649216259124343e-05,7.3448e-05,2.0,27230.0,7.244115458524686e-05,0.0,0.0,9333.0,8.036140657405737e-05
5.0,28.0,0.0,40723.0,0.0,2.8843179154577632e-05,0.0,0.0,112462.0,3.989529755474606e-05,0.0,0.0,27230.0,4.3464692751148115e-05,0.00010714700000000001,1.0,9333.0,9.107564394443443e-05
5.0,29.0,2.4556e-05,40723.0,1.0,2.712830749274658e-05,0.0,0.0,112462.0,2.3937178532847632e-05,7.3448e-05,2.0,27230.0,5.545801565068887e-05,0.000214293,2.0,9333.0,0.00014036258636666065
5.0,30.0,0.0,40723.0,0.0,1.6276984495647946e-05,0.0,0.0,112462.0,1.4362307119708578e-05,3.6724e-05,1.0,27230.0,4.7964409390413324e-05,0.0,0.0,9333.0,8.421755181999639e-05
5.0,31.0,0.0,40723.0,0.0,9.766190697388767e-06,0.0,0.0,112462.0,8.617384271825147e-06,0.0,0.0,27230.0,2.8778645634247994e-05,0.0,0.0,9333.0,5.053053109199783e-05
5.0,32.0,0.0,40723.0,0.0,5.85971441843326e-06,8.892e-06,1.0,112462.0,8.727230563095088e-06,0.0,0.0,27230.0,1.7267187380548797e-05,0.00010714700000000001,1.0,9333.0,7.31771186551987e-05
5.0,33.0,0.0,40723.0,0.0,3.515828651059956e-06,0.0,0.0,112462.0,5.236338337857052e-06,0.0,0.0,27230.0,1.0360312428329278e-05,0.0,0.0,9333.0,4.390627119311922e-05
5.0,34.0,0.0,40723.0,0.0,2.1094971906359736e-06,0.0,0.0,112462.0,3.141803002714231e-06,0.0,0.0,27230.0,6.216187456997567e-06,0.0,0.0,9333.0,2.634376271587153e-05
5.0,35.0,2.4556e-05,40723.0,1.0,1.1088098314381585e-05,0.0,0.0,112462.0,1.8850818016285386e-06,0.0,0.0,27230.0,3.72971247419854e-06,0.0,0.0,9333.0,1.5806257629522917e-05
5.0,36.0,0.0,40723.0,0.0,6.652858988628951e-06,0.0,0.0,112462.0,1.131049080977123e-06,0.0,0.0,27230.0,2.2378274845191238e-06,0.0,0.0,9333.0,9.48375457771375e-06
5.0,37.0,0.0,40723.0,0.0,3.99171539317737e-06,0.0,0.0,112462.0,6.786294485862738e-07,0.0,0.0,27230.0,1.3426964907114743e-06,0.0,0.0,9333.0,5.690252746628249e-06
5.0,38.0,0.0,40723.0,0.0,2.395029235906422e-06,8.892e-06,1.0,112462.0,3.9639776691517644e-06,0.0,0.0,27230.0,8.056178944268846e-07,0.0,0.0,9333.0,3.4141516479769495e-06
5.0,39.0,0.0,40723.0,0.0,1.4370175415438531e-06,1.7784e-05,2.0,112462.0,9.491986601491059e-06,0.0,0.0,27230.0,4.833707366561307e-07,0.0,0.0,9333.0,2.0484909887861697e-06
5.0,40.0,0.0,40723.0,0.0,8.622105249263119e-07,0.000133378,15.0,112462.0,5.904639196089463e-05,0.0,0.0,27230.0,2.900224419936784e-07,0.0,0.0,9333.0,1.2290945932717017e-06
5.0,41.0,0.0,40723.0,0.0,5.173263149557871e-07,0.0,0.0,112462.0,3.542783517653678e-05,0.0,0.0,27230.0,1.7401346519620703e-07,0.0,0.0,9333.0,7.37456755963021e-07
5.0,42.0,0.0,40723.0,0.0,3.1039578897347225e-07,0.0,0.0,112462.0,2.125670110592207e-05,0.0,0.0,27230.0,1.0440807911772421e-07,0.0,0.0,9333.0,4.4247405357781253e-07
5.0,43.0,0.0,40723.0,0.0,1.8623747338408335e-07,0.0,0.0,112462.0,1.275402066355324e-05,0.0,0.0,27230.0,6.264484747063452e-08,0.0,0.0,9333.0,2.6548443214668753e-07
5.0,44.0,0.0,40723.0,0.0,1.1174248403045e-07,0.0,0.0,112462.0,7.652412398131944e-06,0.0,0.0,27230.0,3.758690848238071e-08,0.0,0.0,9333.0,1.592906592880125e-07
5.0,45.0,0.0,40723.0,0.0,6.704549041827e-08,0.0,0.0,112462.0,4.591447438879166e-06,0.0,0.0,27230.0,2.2552145089428427e-08,0.0,0.0,9333.0,9.557439557280751e-08
5.0,46.0,0.0,40723.0,0.0,4.0227294250962e-08,0.0,0.0,112462.0,2.7548684633274995e-06,0.0,0.0,27230.0,1.3531287053657055e-08,0.0,0.0,9333.0,5.73446373436845e-08
5.0,47.0,0.0,40723.0,0.0,2.41363765505772e-08,0.0,0.0,112462.0,1.6529210779964997e-06,0.0,0.0,27230.0,8.118772232194233e-09,0.0,0.0,9333.0,3.44067824062107e-08
5.0,48.0,0.0,40723.0,0.0,1.4481825930346318e-08,0.0,0.0,112462.0,9.917526467978999e-07,0.0,0.0,27230.0,4.8712633393165395e-09,0.0,0.0,9333.0,2.064406944372642e-08
5.0,49.0,0.0,40723.0,0.0,8.68909555820779e-09,0.0,0.0,112462.0,5.950515880787399e-07,0.0,0.0,27230.0,2.9227580035899235e-09,0.0,0.0,9333.0,1.2386441666235852e-08
5.0,50.0,0.0,40723.0,0.0,5.213457334924673e-09,0.0,0.0,112462.0,3.5703095284724394e-07,0.0,0.0,27230.0,1.753654802153954e-09,0.0,0.0,9333.0,7.431864999741511e-09
5.0,51.0,0.0,40723.0,0.0,3.128074400954804e-09,0.0,0.0,112462.0,2.1421857170834636e-07,0.0,0.0,27230.0,1.0521928812923724e-09,0.0,0.0,9333.0,4.4591189998449064e-09
5.0,52.0,0.0,40723.0,0.0,1.8768446405728824e-09,0.0,0.0,112462.0,1.2853114302500782e-07,0.0,0.0,27230.0,6.313157287754234e-10,0.0,0.0,9333.0,2.675471399906944e-09
6.0,1.0,0.0,41131.0,0.0,1.1261067843437294e-09,0.0,0.0,112462.0,7.711868581500469e-08,0.0,0.0,27230.0,3.78789437265254e-10,0.0,0.0,9333.0,1.6052828399441662e-09
6.0,2.0,0.0,41131.0,0.0,6.756640706062376e-10,0.0,0.0,113780.0,4.627121148900281e-08,0.0,0.0,26982.0,2.272736623591524e-10,0.0,0.0,9288.0,9.631697039664998e-10
6.0,3.0,0.0,41131.0,0.0,4.053984423637426e-10,0.0,0.0,113780.0,2.7762726893401685e-08,0.0,0.0,26982.0,1.3636419741549145e-10,0.0,0.0,9288.0,5.779018223798998e-10
6.0,4.0,0.0,41131.0,0.0,2.432390654182455e-10,0.0,0.0,113780.0,1.665763613604101e-08,0.0,0.0,26982.0,8.181851844929487e-11,0.0,0.0,9288.0,3.467410934279399e-10
6.0,5.0,0.0,41131.0,0.0,1.459434392509473e-10,0.0,0.0,113780.0,9.994581681624606e-09,0.0,0.0,26982.0,4.909111106957692e-11,0.0,0.0,9288.0,2.0804465605676394e-10
6.0,6.0,0.0,41131.0,0.0,8.756606355056838e-11,0.0,0.0,113780.0,5.996749008974763e-09,0.0,0.0,26982.0,2.945466664174615e-11,0.0,0.0,9288.0,1.2482679363405837e-10
6.0,7.0,0.0,41131.0,0.0,5.2539638130341025e-11,0.0,0.0,113780.0,3.598049405384858e-09,0.0,0.0,26982.0,1.767279998504769e-11,0.0,0.0,9288.0,7.489607618043502e-11
6.0,8.0,0.0,41131.0,0.0,3.152378287820461e-11,0.0,0.0,113780.0,2.1588296432309147e-09,0.0,0.0,26982.0,1.0603679991028613e-11,0.0,0.0,9288.0,4.493764570826101e-11
6.0,9.0,0.0,41131.0,0.0,1.8914269726922766e-11,0.0,0.0,113780.0,1.2952977859385487e-09,0.0,0.0,26982.0,6.362207994617168e-12,0.0,0.0,9288.0,2.6962587424956605e-11
6.0,10.0,0.0,41131.0,0.0,1.1348561836153659e-11,0.0,0.0,113780.0,7.771786715631292e-10,0.0,0.0,26982.0,3.8173247967703004e-12,0.0,0.0,9288.0,1.6177552454973963e-11
6.0,11.0,0.0,41131.0,0.0,6.809137101692195e-12,0.0,0.0,113780.0,4.663072029378775e-10,3.7062e-05,1.0,26982.0,1.482480229039488e-05,0.0,0.0,9288.0,9.706531472984377e-12
6.0,12.0,0.0,41131.0,0.0,4.085482261015316e-12,0.0,0.0,113780.0,2.797843217627265e-10,0.0,0.0,26982.0,8.894881374236927e-06,0.0,0.0,9288.0,5.823918883790626e-12
6.0,13.0,0.0,41131.0,0.0,2.45128935660919e-12,0.0,0.0,113780.0,1.678705930576359e-10,0.0,0.0,26982.0,5.336928824542156e-06,0.00010766600000000001,1.0,9288.0,4.306640349435134e-05
6.0,14.0,2.4313000000000003e-05,41131.0,1.0,9.725201470773615e-06,2.6366999999999997e-05,3.0,113780.0,1.0546900722355834e-05,3.7062e-05,1.0,26982.0,1.8026957294725295e-05,0.0,0.0,9288.0,2.5839842096610804e-05
6.0,15.0,0.0,41131.0,0.0,5.8351208824641685e-06,0.0,0.0,113780.0,6.3281404334135e-06,3.7062e-05,1.0,26982.0,2.5640974376835176e-05,0.00010766600000000001,1.0,9288.0,5.857030525796649e-05
6.0,16.0,0.0,41131.0,0.0,3.5010725294785008e-06,8.7889e-05,10.0,113780.0,3.89524842600481e-05,7.412300000000001e-05,2.0,26982.0,4.503378462610111e-05,0.000322997,3.0,9288.0,0.00016434098315477988
6.0,17.0,7.2938e-05,41131.0,3.0,3.1275843517687104e-05,0.000219722,25.0,113780.0,0.00011126029055602885,3.7062e-05,1.0,26982.0,4.184507077566067e-05,0.00129199,12.0,9288.0,0.000615400589892868
6.0,18.0,0.0001945,41131.0,8.0,9.656550611061228e-05,0.000290033,33.0,113780.0,0.00018276937433361732,7.412300000000001e-05,2.0,26982.0,5.475624246539641e-05,0.0023686479999999997,22.0,9288.0,0.0013166995539357208
6.0,19.0,0.000534876,41131.0,22.0,0.00027188970366636735,0.000404289,46.0,113780.0,0.0002713772246001704,0.000185309,5.0,26982.0,0.00010697734547923784,0.001830319,17.0,9288.0,0.0015221473323614324
6.0,20.0,0.000656439,41131.0,27.0,0.0004257094221998204,0.00041307800000000005,47.0,113780.0,0.0003280575347601023,3.7062e-05,1.0,26982.0,7.901120728754271e-05,0.000538329,5.0,9288.0,0.0011286199994168594
6.0,21.0,0.00104544,41131.0,43.0,0.0006736016533198921,0.0003955,45.0,113780.0,0.00035503452085606135,0.00025943200000000003,7.0,26982.0,0.00015117952437252564,0.001830319,17.0,9288.0,0.0014092995996501157
6.0,22.0,0.000996815,41131.0,41.0,0.0008028869919919353,0.000500967,57.0,113780.0,0.0004134075125136368,0.00044474099999999996,12.0,26982.0,0.0002686041146235154,0.001399655,13.0,9288.0,0.0014054417597900695
6.0,23.0,0.000267438,41131.0,11.0,0.0005887073951951612,0.000544911,62.0,113780.0,0.00046600890750818206,0.000111185,3.0,26982.0,0.00020563646877410925,0.00129199,12.0,9288.0,0.0013600610558740416
6.0,24.0,0.000316063,41131.0,13.0,0.00047964963711709667,0.0003955,45.0,113780.0,0.0004378053445049093,0.000148247,4.0,26982.0,0.00018268068126446556,0.000430663,4.0,9288.0,0.0009883018335244249
6.0,25.0,7.2938e-05,41131.0,3.0,0.000316964982270258,0.000140622,16.0,113780.0,0.00031893200670294556,0.000704173,19.0,26982.0,0.00039127760875867936,0.00021533200000000002,2.0,9288.0,0.0006791139001146549
6.0,26.0,7.2938e-05,41131.0,3.0,0.0002193541893621548,0.00010546700000000001,12.0,113780.0,0.00023354600402176735,0.00025943200000000003,7.0,26982.0,0.0003385393652552076,0.00010766600000000001,1.0,9288.0,0.0004505347400687929
6.0,27.0,0.0,41131.0,0.0,0.00013161251361729287,7.0311e-05,8.0,113780.0,0.00016825200241306042,7.412300000000001e-05,2.0,26982.0,0.00023277281915312458,0.000322997,3.0,9288.0,0.0003995196440412757
6.0,28.0,0.0,41131.0,0.0,7.896750817037572e-05,0.0,0.0,113780.0,0.00010095120144783625,0.000185309,5.0,26982.0,0.00021378729149187475,0.0,0.0,9288.0,0.0002397117864247654
6.0,29.0,0.0,41131.0,0.0,4.7380504902225434e-05,1.7578e-05,2.0,113780.0,6.760192086870175e-05,0.00025943200000000003,7.0,26982.0,0.00023204517489512486,0.00010766600000000001,1.0,9288.0,0.00018689347185485924
6.0,30.0,4.8625e-05,41131.0,2.0,4.787830294133526e-05,3.5156e-05,4.0,113780.0,5.462355252122105e-05,0.000148247,4.0,26982.0,0.00019852590493707491,0.0,0.0,9288.0,0.00011213608311291554
6.0,31.0,4.8625e-05,41131.0,2.0,4.817698176480115e-05,5.2733000000000005e-05,6.0,113780.0,5.3867331512732634e-05,3.7062e-05,1.0,26982.0,0.00013394034296224496,0.000322997,3.0,9288.0,0.0001964804498677493
6.0,32.0,7.2938e-05,41131.0,3.0,5.8081389058880695e-05,6.1522e-05,7.0,113780.0,5.692919890763958e-05,0.0,0.0,26982.0,8.036420577734698e-05,0.0,0.0,9288.0,0.00011788826992064957
6.0,33.0,7.2938e-05,41131.0,3.0,6.402403343532842e-05,8.789e-06,1.0,113780.0,3.7673119344583746e-05,0.0,0.0,26982.0,4.8218523466408185e-05,0.0,0.0,9288.0,7.073296195238975e-05
6.0,34.0,0.0,41131.0,0.0,3.841442006119705e-05,0.0,0.0,113780.0,2.2603871606750245e-05,0.0,0.0,26982.0,2.893111407984491e-05,0.0,0.0,9288.0,4.243977717143385e-05
6.0,35.0,0.0,41131.0,0.0,2.3048652036718228e-05,0.0,0.0,113780.0,1.3562322964050146e-05,0.000185309,5.0,26982.0,9.148226844790696e-05,0.00010766600000000001,1.0,9288.0,6.853026630286032e-05
6.0,36.0,0.0,41131.0,0.0,1.3829191222030936e-05,0.0,0.0,113780.0,8.137393778430087e-06,0.0,0.0,26982.0,5.4889361068744174e-05,0.0,0.0,9288.0,4.1118159781716194e-05
6.0,37.0,0.0,41131.0,0.0,8.297514733218561e-06,0.0,0.0,113780.0,4.882436267058052e-06,3.7062e-05,1.0,26982.0,4.775841664124651e-05,0.00010766600000000001,1.0,9288.0,6.773729586902972e-05
6.0,38.0,0.0,41131.0,0.0,4.978508839931137e-06,0.0,0.0,113780.0,2.929461760234831e-06,3.7062e-05,1.0,26982.0,4.3479849984747905e-05,0.00021533200000000002,2.0,9288.0,0.00012677517752141785
6.0,39.0,2.4313000000000003e-05,41131.0,1.0,1.2712305303958683e-05,0.0,0.0,113780.0,1.7576770561408983e-06,0.0,0.0,26982.0,2.6087909990848743e-05,0.0,0.0,9288.0,7.60651065128507e-05
6.0,40.0,0.0,41131.0,0.0,7.6273831823752095e-06,0.0,0.0,113780.0,1.0546062336845389e-06,3.7062e-05,1.0,26982.0,3.0477545994509244e-05,0.0,0.0,9288.0,4.563906390771042e-05
6.0,41.0,0.0,41131.0,0.0,4.576429909425126e-06,0.0,0.0,113780.0,6.327637402107233e-07,0.0,0.0,26982.0,1.8286527596705545e-05,0.0,0.0,9288.0,2.738343834462625e-05
6.0,42.0,0.0,41131.0,0.0,2.7458579456550754e-06,0.0,0.0,113780.0,3.79658244126434e-07,0.0,0.0,26982.0,1.0971916558023327e-05,0.0,0.0,9288.0,1.643006300677575e-05
6.0,43.0,0.0,41131.0,0.0,1.6475147673930453e-06,0.0,0.0,113780.0,2.2779494647586038e-07,0.0,0.0,26982.0,6.583149934813996e-06,0.0,0.0,9288.0,9.85803780406545e-06
6.0,44.0,0.0,41131.0,0.0,9.885088604358271e-07,0.0,0.0,113780.0,1.3667696788551623e-07,0.0,0.0,26982.0,3.949889960888397e-06,0.0,0.0,9288.0,5.91482268243927e-06
6.0,45.0,0.0,41131.0,0.0,5.931053162614962e-07,0.0,0.0,113780.0,8.200618073130974e-08,0.0,0.0,26982.0,2.3699339765330382e-06,0.0,0.0,9288.0,3.5488936094635617e-06
6.0,46.0,0.0,41131.0,0.0,3.558631897568977e-07,0.0,0.0,113780.0,4.920370843878584e-08,0.0,0.0,26982.0,1.4219603859198228e-06,0.0,0.0,9288.0,2.129336165678137e-06
6.0,47.0,0.0,41131.0,0.0,2.1351791385413862e-07,0.0,0.0,113780.0,2.9522225063271502e-08,0.0,0.0,26982.0,8.531762315518936e-07,0.0,0.0,9288.0,1.2776016994068822e-06
6.0,48.0,0.0,41131.0,0.0,1.2811074831248317e-07,0.0,0.0,113780.0,1.77133350379629e-08,0.0,0.0,26982.0,5.119057389311362e-07,0.0,0.0,9288.0,7.665610196441293e-07
6.0,49.0,0.0,41131.0,0.0,7.68664489874899e-08,0.0,0.0,113780.0,1.062800102277774e-08,0.0,0.0,26982.0,3.071434433586817e-07,0.0,0.0,9288.0,4.5993661178647757e-07
6.0,50.0,0.0,41131.0,0.0,4.611986939249394e-08,0.0,0.0,113780.0,6.376800613666643e-09,0.0,0.0,26982.0,1.8428606601520902e-07,0.0,0.0,9288.0,2.7596196707188655e-07
6.0,51.0,0.0,41131.0,0.0,2.767192163549636e-08,0.0,0.0,113780.0,3.826080368199986e-09,0.0,0.0,26982.0,1.1057163960912541e-07,0.0,0.0,9288.0,1.6557718024313193e-07
6.0,52.0,0.0,41131.0,0.0,1.6603152981297816e-08,0.0,0.0,113780.0,2.2956482209199915e-09,0.0,0.0,26982.0,6.634298376547525e-08,0.0,0.0,9288.0,9.934630814587915e-08
7.0,1.0,0.0,41876.0,0.0,9.96189178877869e-09,0.0,0.0,113780.0,1.3773889325519948e-09,0.0,0.0,26982.0,3.980579025928515e-08,0.0,0.0,9288.0,5.960778488752749e-08
7.0,2.0,0.0,41876.0,0.0,5.977135073267214e-09,0.0,0.0,115896.0,8.264333595311968e-10,0.0,0.0,27103.0,2.388347415557109e-08,0.0,0.0,9444.0,3.576467093251649e-08
7.0,3.0,2.388e-05,41876.0,1.0,9.55558628104396e-06,0.0,0.0,115896.0,4.95860015718718e-10,0.0,0.0,27103.0,1.4330084493342652e-08,0.00010588700000000001,1.0,9444.0,4.237625880255952e-05
7.0,4.0,0.0,41876.0,0.0,5.733351768626376e-06,5.1771e-05,6.0,115896.0,2.0708697516009435e-05,0.0,0.0,27103.0,8.598050696005591e-09,0.000211775,2.0,9444.0,0.00011013575528153572
7.0,5.0,0.0,41876.0,0.0,3.4400110611758257e-06,4.3142e-05,5.0,115896.0,2.968201850960566e-05,0.0,0.0,27103.0,5.1588304176033545e-09,0.0,0.0,9444.0,6.608145316892143e-05
7.0,6.0,0.0,41876.0,0.0,2.0640066367054954e-06,8.628e-06,1.0,115896.0,2.1260411105763394e-05,0.0,0.0,27103.0,3.0952982505620127e-09,0.0,0.0,9444.0,3.964887190135286e-05
7.0,7.0,0.0,41876.0,0.0,1.2384039820232971e-06,0.0,0.0,115896.0,1.2756246663458037e-05,0.0,0.0,27103.0,1.8571789503372075e-09,0.0,0.0,9444.0,2.3789323140811715e-05
7.0,8.0,0.0,41876.0,0.0,7.430423892139783e-07,0.0,0.0,115896.0,7.653747998074822e-06,0.0,0.0,27103.0,1.1143073702023244e-09,0.0,0.0,9444.0,1.4273593884487029e-05
7.0,9.0,0.0,41876.0,0.0,4.4582543352838695e-07,0.0,0.0,115896.0,4.5922487988448925e-06,0.0,0.0,27103.0,6.685844221213946e-10,0.0,0.0,9444.0,8.564156330692216e-06
7.0,10.0,0.0,41876.0,0.0,2.6749526011703215e-07,8.628e-06,1.0,115896.0,6.2065492793069354e-06,0.0,0.0,27103.0,4.011506532728367e-10,0.0,0.0,9444.0,5.13849379841533e-06
7.0,11.0,0.0,41876.0,0.0,1.604971560702193e-07,0.0,0.0,115896.0,3.723929567584161e-06,0.0,0.0,27103.0,2.40690391963702e-10,0.0,0.0,9444.0,3.0830962790491977e-06
7.0,12.0,0.0,41876.0,0.0,9.629829364213157e-08,0.0,0.0,115896.0,2.2343577405504966e-06,0.0,0.0,27103.0,1.444142351782212e-10,0.0,0.0,9444.0,1.8498577674295186e-06
7.0,13.0,0.0,41876.0,0.0,5.777897618527894e-08,0.0,0.0,115896.0,1.3406146443302978e-06,0.0,0.0,27103.0,8.664854110693271e-11,0.0,0.0,9444.0,1.1099146604577112e-06
7.0,14.0,0.0,41876.0,0.0,3.466738571116736e-08,0.0,0.0,115896.0,8.043687865981787e-07,0.0,0.0,27103.0,5.198912466415962e-11,0.0,0.0,9444.0,6.659487962746266e-07
7.0,15.0,0.0,41876.0,0.0,2.0800431426700417e-08,0.0,0.0,115896.0,4.826212719589072e-07,0.0,0.0,27103.0,3.119347479849577e-11,0.0,0.0,9444.0,3.99569277764776e-07
7.0,16.0,0.0,41876.0,0.0,1.2480258856020249e-08,0.0,0.0,115896.0,2.8957276317534427e-07,0.0,0.0,27103.0,1.8716084879097462e-11,0.0,0.0,9444.0,2.397415666588656e-07
7.0,17.0,0.0,41876.0,0.0,7.488155313612149e-09,0.0,0.0,115896.0,1.7374365790520656e-07,0.0,0.0,27103.0,1.1229650927458477e-11,0.0,0.0,9444.0,1.4384493999531934e-07
7.0,18.0,0.0,41876.0,0.0,4.49289318816729e-09,0.0,0.0,115896.0,1.0424619474312393e-07,0.0,0.0,27103.0,6.737790556475086e-12,0.0,0.0,9444.0,8.63069639971916e-08
7.0,19.0,0.0,41876.0,0.0,2.695735912900374e-09,0.0,0.0,115896.0,6.254771684587435e-08,0.0,0.0,27103.0,4.042674333885051e-12,0.0,0.0,9444.0,5.178417839831496e-08
7.0,20.0,0.0,41876.0,0.0,1.6174415477402243e-09,0.0,0.0,115896.0,3.752863010752461e-08,0.0,0.0,27103.0,2.425604600331031e-12,0.0,0.0,9444.0,3.107050703898897e-08
7.0,21.0,0.0,41876.0,0.0,9.704649286441346e-10,0.0,0.0,115896.0,2.2517178064514767e-08,0.0,0.0,27103.0,1.4553627601986185e-12,0.0,0.0,9444.0,1.8642304223393383e-08
7.0,22.0,2.388e-05,41876.0,1.0,9.552582278957185e-06,8.628e-06,1.0,115896.0,3.464710306838709e-06,0.0,0.0,27103.0,8.73217656119171e-13,0.00010588700000000001,1.0,9444.0,4.2365985382534044e-05
7.0,23.0,4.776e-05,41876.0,2.0,2.483554936737431e-05,6.0398999999999995e-05,7.0,115896.0,2.6238426184103225e-05,0.0,0.0,27103.0,5.239305936715026e-13,0.0,0.0,9444.0,2.5419591229520425e-05
7.0,24.0,4.776e-05,41876.0,2.0,3.400532962042458e-05,7.7656e-05,9.0,115896.0,4.680545571046194e-05,0.0,0.0,27103.0,3.1435835620290154e-13,0.0,0.0,9444.0,1.5251754737712254e-05
7.0,25.0,9.552e-05,41876.0,4.0,5.861119777225475e-05,6.9027e-05,8.0,115896.0,5.569407342627716e-05,0.0,0.0,27103.0,1.8861501372174092e-13,0.00010588700000000001,1.0,9444.0,5.150585284262736e-05
7.0,26.0,7.164e-05,41876.0,3.0,6.382271866335285e-05,0.000215711,25.0,115896.0,0.0001197008440557663,3.6896e-05,1.0,27103.0,1.4758400113169008e-05,0.000317662,3.0,9444.0,0.00015796831170557642
7.0,27.0,0.00016716,41876.0,7.0,0.00010515763119801171,0.00018119700000000002,21.0,115896.0,0.0001442993064334598,0.000147585,4.0,27103.0,6.78890400679014e-05,0.000423549,4.0,9444.0,0.00026420058702334586
7.0,28.0,0.00040596,41876.0,17.0,0.00022547857871880702,0.000371022,43.0,115896.0,0.00023498838386007588,7.3793e-05,2.0,27103.0,7.025062404074085e-05,0.000635324,6.0,9444.0,0.0004126499522140075
7.0,29.0,0.000525361,41876.0,22.0,0.00034543154723128426,0.000543591,63.0,115896.0,0.00035842943031604555,0.00033206699999999996,9.0,27103.0,0.0001749771744244445,0.001800085,17.0,9444.0,0.0009676239713284046
7.0,30.0,0.000620881,41876.0,26.0,0.00045561132833877053,0.000414164,48.0,115896.0,0.00038072325818962736,0.00047965199999999995,13.0,27103.0,0.0002968471046546667,0.001058873,10.0,9444.0,0.0010041235827970428
7.0,31.0,0.0003582,41876.0,15.0,0.00041664679700326233,0.0005608480000000001,65.0,115896.0,0.0004527731549137764,0.00033206699999999996,9.0,27103.0,0.00031093506279279996,0.0014824229999999999,14.0,9444.0,0.0011954433496782256
7.0,32.0,0.000501481,41876.0,21.0,0.0004505804782019574,0.000474563,55.0,115896.0,0.0004614890929482659,0.000258274,7.0,27103.0,0.00028987063767567996,0.001376535,13.0,9444.0,0.0012678800098069353
7.0,33.0,0.00014328,41876.0,6.0,0.00032766028692117445,0.000293366,34.0,115896.0,0.0003942398557689595,7.3793e-05,2.0,27103.0,0.00020343958260540796,0.001164761,11.0,9444.0,0.0012266324058841612
7.0,34.0,0.00016716,41876.0,7.0,0.00026346017215270466,0.000129426,15.0,115896.0,0.0002883143134613757,0.0,0.0,27103.0,0.00012206374956324477,0.000635324,6.0,9444.0,0.0009901090435304968
7.0,35.0,4.776e-05,41876.0,2.0,0.0001771801032916228,0.00018119700000000002,21.0,115896.0,0.0002454673880768254,0.000147585,4.0,27103.0,0.00013227224973794686,0.000423549,4.0,9444.0,0.000763485026118298
7.0,36.0,2.388e-05,41876.0,1.0,0.00011586006197497367,6.0398999999999995e-05,7.0,115896.0,0.00017144003284609523,7.3793e-05,2.0,27103.0,0.0001088805498427681,0.0007412110000000001,7.0,9444.0,0.0007545754156709788
7.0,37.0,7.164e-05,41876.0,3.0,9.817203718498421e-05,8.6284e-05,10.0,115896.0,0.00013737761970765715,7.3793e-05,2.0,27103.0,9.484552990566086e-05,0.0,0.0,9444.0,0.0004527452494025873
7.0,38.0,4.776e-05,41876.0,2.0,7.800722231099053e-05,3.4514e-05,4.0,115896.0,9.623217182459429e-05,0.0,0.0,27103.0,5.6907317943396514e-05,0.0,0.0,9444.0,0.0002716471496415524
7.0,39.0,0.0,41876.0,0.0,4.680433338659431e-05,3.4514e-05,4.0,115896.0,7.154490309475657e-05,0.0,0.0,27103.0,3.4144390766037906e-05,0.000211775,2.0,9444.0,0.00024769828978493143
7.0,40.0,4.776e-05,41876.0,2.0,4.718660003195658e-05,2.5885e-05,3.0,115896.0,5.328094185685395e-05,0.0,0.0,27103.0,2.048663445962274e-05,0.0,0.0,9444.0,0.00014861897387095886
7.0,41.0,0.0,41876.0,0.0,2.8311960019173946e-05,1.7257e-05,2.0,115896.0,3.8871365114112366e-05,0.0,0.0,27103.0,1.2291980675773645e-05,0.0,0.0,9444.0,8.917138432257531e-05
7.0,42.0,0.0,41876.0,0.0,1.6987176011504368e-05,0.0,0.0,115896.0,2.332281906846742e-05,0.0,0.0,27103.0,7.375188405464186e-06,0.0,0.0,9444.0,5.3502830593545186e-05
7.0,43.0,0.0,41876.0,0.0,1.019230560690262e-05,0.0,0.0,115896.0,1.399369144108045e-05,0.0,0.0,27103.0,4.425113043278511e-06,0.0,0.0,9444.0,3.210169835612711e-05
7.0,44.0,0.0,41876.0,0.0,6.1153833641415715e-06,0.0,0.0,115896.0,8.39621486464827e-06,0.0,0.0,27103.0,2.655067825967107e-06,0.0,0.0,9444.0,1.9261019013676264e-05
7.0,45.0,0.0,41876.0,0.0,3.6692300184849427e-06,0.0,0.0,115896.0,5.037728918788962e-06,0.0,0.0,27103.0,1.5930406955802641e-06,0.0,0.0,9444.0,1.1556611408205759e-05
7.0,46.0,0.0,41876.0,0.0,2.2015380110909653e-06,0.0,0.0,115896.0,3.022637351273377e-06,0.0,0.0,27103.0,9.558244173481585e-07,0.0,0.0,9444.0,6.933966844923455e-06
7.0,47.0,0.0,41876.0,0.0,1.320922806654579e-06,0.0,0.0,115896.0,1.813582410764026e-06,0.0,0.0,27103.0,5.734946504088951e-07,0.0,0.0,9444.0,4.160380106954073e-06
7.0,48.0,0.0,41876.0,0.0,7.925536839927474e-07,0.0,0.0,115896.0,1.0881494464584155e-06,0.0,0.0,27103.0,3.44096790245337e-07,0.0,0.0,9444.0,2.4962280641724437e-06
7.0,49.0,0.0,41876.0,0.0,4.7553221039564845e-07,0.0,0.0,115896.0,6.528896678750493e-07,0.0,0.0,27103.0,2.0645807414720221e-07,0.0,0.0,9444.0,1.497736838503466e-06
7.0,50.0,0.0,41876.0,0.0,2.8531932623738904e-07,0.0,0.0,115896.0,3.917338007250296e-07,0.0,0.0,27103.0,1.2387484448832133e-07,0.0,0.0,9444.0,8.986421031020797e-07
7.0,51.0,0.0,41876.0,0.0,1.711915957424334e-07,0.0,0.0,115896.0,2.3504028043501775e-07,0.0,0.0,27103.0,7.43249066929928e-08,0.0,0.0,9444.0,5.391852618612478e-07
7.0,52.0,0.0,41876.0,0.0,1.0271495744546005e-07,0.0,0.0,115896.0,1.4102416826101064e-07,0.0,0.0,27103.0,4.4594944015795674e-08,0.0,0.0,9444.0,3.235111571167487e-07
8.0,1.0,0.0,42563.0,0.0,6.162897446727602e-08,0.0,0.0,115896.0,8.461450095660638e-08,0.0,0.0,27103.0,2.6756966409477404e-08,0.0,0.0,9444.0,1.9410669427004923e-07
8.0,2.0,0.0,42563.0,0.0,3.6977384680365614e-08,0.0,0.0,117441.0,5.0768700573963825e-08,0.0,0.0,27141.0,1.6054179845686443e-08,0.0,0.0,9434.0,1.1646401656202953e-07
8.0,3.0,0.0,42563.0,0.0,2.218643080821937e-08,0.0,0.0,117441.0,3.046122034437829e-08,0.0,0.0,27141.0,9.632507907411865e-09,0.0,0.0,9434.0,6.987840993721771e-08
8.0,4.0,0.0,42563.0,0.0,1.3311858484931621e-08,0.0,0.0,117441.0,1.8276732206626974e-08,0.0,0.0,27141.0,5.779504744447119e-09,0.0,0.0,9434.0,4.192704596233062e-08
8.0,5.0,0.0,42563.0,0.0,7.987115090958973e-09,0.0,0.0,117441.0,1.0966039323976184e-08,0.0,0.0,27141.0,3.467702846668271e-09,0.0,0.0,9434.0,2.5156227577398372e-08
8.0,6.0,0.0,42563.0,0.0,4.792269054575384e-09,0.0,0.0,117441.0,6.57962359438571e-09,0.0,0.0,27141.0,2.0806217080009627e-09,0.0,0.0,9434.0,1.509373654643902e-08
8.0,7.0,0.0,42563.0,0.0,2.8753614327452303e-09,1.703e-05,2.0,117441.0,6.815947774156633e-06,0.0,0.0,27141.0,1.2483730248005775e-09,0.0,0.0,9434.0,9.056241927863413e-09
8.0,8.0,0.0,42563.0,0.0,1.725216859647138e-09,4.2575e-05,5.0,117441.0,2.111956866449398e-05,0.0,0.0,27141.0,7.490238148803465e-10,0.0,0.0,9434.0,5.433745156718047e-09
8.0,9.0,0.0,42563.0,0.0,1.0351301157882828e-09,3.406e-05,4.0,117441.0,2.629574119869639e-05,0.0,0.0,27141.0,4.4941428892820785e-10,0.0,0.0,9434.0,3.2602470940308282e-09
8.0,10.0,0.0,42563.0,0.0,6.210780694729696e-10,4.2575e-05,5.0,117441.0,3.280744471921783e-05,0.0,0.0,27141.0,2.696485733569247e-10,0.0,0.0,9434.0,1.9561482564184968e-09
8.0,11.0,0.0,42563.0,0.0,3.7264684168378175e-10,4.2575e-05,5.0,117441.0,3.6714466831530695e-05,0.0,0.0,27141.0,1.617891440141548e-10,0.0,0.0,9434.0,1.173688953851098e-09
8.0,12.0,4.6988999999999993e-05,42563.0,2.0,1.879582358810501e-05,3.406e-05,4.0,117441.0,3.5652680098918415e-05,0.0,0.0,27141.0,9.707348640849289e-11,0.0,0.0,9434.0,7.042133723106587e-10
8.0,13.0,0.0,42563.0,0.0,1.1277494152863006e-05,4.2575e-05,5.0,117441.0,3.842160805935105e-05,0.0,0.0,27141.0,5.824409184509573e-11,0.0,0.0,9434.0,4.2252802338639523e-10
8.0,14.0,0.0,42563.0,0.0,6.766496491717803e-06,3.406e-05,4.0,117441.0,3.667696483561063e-05,0.0,0.0,27141.0,3.494645510705744e-11,0.0,0.0,9434.0,2.5351681403183715e-10
8.0,15.0,0.0,42563.0,0.0,4.059897895030682e-06,4.2575e-05,5.0,117441.0,3.9036178901366374e-05,0.0,0.0,27141.0,2.096787306423446e-11,0.0,0.0,9434.0,1.5211008841910228e-10
8.0,16.0,0.0,42563.0,0.0,2.435938737018409e-06,5.1089e-05,6.0,117441.0,4.3857307340819824e-05,0.0,0.0,27141.0,1.2580723838540677e-11,0.000106,1.0,9434.0,4.240009126605305e-05
8.0,17.0,2.3495e-05,42563.0,1.0,1.0859563242211045e-05,3.406e-05,4.0,117441.0,3.99383844044919e-05,0.0,0.0,27141.0,7.548434303124407e-12,0.00021199900000000001,2.0,9434.0,0.00011023965475963185
8.0,18.0,0.000164462,42563.0,7.0,7.230053794532664e-05,0.000170298,20.0,117441.0,9.208223064269515e-05,7.368899999999999e-05,2.0,27141.0,2.947560452906058e-05,0.001483994,14.0,9434.0,0.0006597413928557792
8.0,19.0,0.0,42563.0,0.0,4.338032276719598e-05,0.000332082,39.0,117441.0,0.00018808213838561707,0.0008474260000000001,23.0,27141.0,0.0003566557627174364,0.002649989,25.0,9434.0,0.0014558404357134678
8.0,20.0,0.00030543,42563.0,13.0,0.0001482001936603176,0.000391686,46.0,117441.0,0.00026952368303137026,0.0008842710000000001,24.0,27141.0,0.0005677018576304619,0.000953996,9.0,9434.0,0.0012551026614280808
8.0,21.0,0.000375913,42563.0,16.0,0.0002392853161961906,0.00051941,61.0,117441.0,0.00036947820981882216,0.000700048,19.0,27141.0,0.000620640314578277,0.000847997,8.0,9434.0,0.0010922603968568484
8.0,22.0,0.00046989199999999997,42563.0,20.0,0.00033152798971771433,0.000476835,56.0,117441.0,0.0004124209258912933,0.0008842710000000001,24.0,27141.0,0.0007260925887469662,0.0018019929999999998,17.0,9434.0,0.001376153438114109
8.0,23.0,0.00044639699999999996,42563.0,19.0,0.0003774755938306286,0.00045129,53.0,117441.0,0.000427968555534776,0.000147379,4.0,27141.0,0.0004946071532481798,0.000741997,7.0,9434.0,0.0011224908628684653
8.0,24.0,0.00025844,42563.0,11.0,0.0003298613562983772,0.000391686,46.0,117441.0,0.00041345553332086557,0.00033160199999999996,9.0,27141.0,0.0004294050919489078,0.001483994,14.0,9434.0,0.0012670921177210792
8.0,25.0,0.000540375,42563.0,23.0,0.0004140668137790263,0.000596044,70.0,117441.0,0.00048649091999251935,0.000257912,7.0,27141.0,0.00036080785516934467,0.00021199900000000001,2.0,9434.0,0.0008450548706326475
8.0,26.0,0.000164462,42563.0,7.0,0.0003142248882674158,0.000349111,41.0,117441.0,0.0004315389519955116,0.00033160199999999996,9.0,27141.0,0.00034912551310160676,0.00021199900000000001,2.0,9434.0,0.0005918325223795884
8.0,27.0,0.00018795700000000002,42563.0,8.0,0.00026371773296044945,0.00027247700000000003,32.0,117441.0,0.00036791417119730693,0.000221068,6.0,27141.0,0.00029790250786096407,0.0005299980000000001,5.0,9434.0,0.0005670987134277531
8.0,28.0,0.0008692999999999999,42563.0,37.0,0.0005059506397762696,0.000289507,34.0,117441.0,0.00033655130271838414,0.000184223,5.0,27141.0,0.00025243070471657843,0.001271995,12.0,9434.0,0.0008490572280566518
8.0,29.0,0.000328924,42563.0,14.0,0.00043513998386576183,0.000280992,33.0,117441.0,0.0003143275816310305,7.368899999999999e-05,2.0,27141.0,0.00018093402282994708,0.0010599960000000001,10.0,9434.0,0.0009334327368339911
8.0,30.0,0.00025844,42563.0,11.0,0.0003644599903194571,0.000195843,23.0,117441.0,0.0002669337489786183,0.000184223,5.0,27141.0,0.00018224961369796825,0.001165995,11.0,9434.0,0.0010264576421003947
8.0,31.0,7.0484e-05,42563.0,3.0,0.00024686959419167425,0.000170298,20.0,117441.0,0.000228279449387171,0.000221068,6.0,27141.0,0.00019777696821878096,0.001377994,13.0,9434.0,0.0011670721852602367
8.0,32.0,4.6988999999999993e-05,42563.0,2.0,0.00016691735651500457,0.00011920899999999999,14.0,117441.0,0.00018465126963230257,7.368899999999999e-05,2.0,27141.0,0.00014814178093126856,0.00042399800000000003,4.0,9434.0,0.0008698425111561421
8.0,33.0,0.0,42563.0,0.0,0.00010015041390900274,3.406e-05,4.0,117441.0,0.00012441476177938154,0.0,0.0,27141.0,8.888506855876114e-05,0.00021199900000000001,2.0,9434.0,0.0006067051066936852
8.0,34.0,0.0,42563.0,0.0,6.0090248345401646e-05,3.406e-05,4.0,117441.0,8.827285706762893e-05,0.0,0.0,27141.0,5.333104113525668e-05,0.000317999,3.0,9434.0,0.0004912226640162111
8.0,35.0,2.3495e-05,42563.0,1.0,4.5452149007240985e-05,3.406e-05,4.0,117441.0,6.658771424057736e-05,0.0,0.0,27141.0,3.199862468115401e-05,0.00042399800000000003,4.0,9434.0,0.0004643327984097267
8.0,36.0,2.3495e-05,42563.0,1.0,3.666928940434459e-05,0.0,0.0,117441.0,3.995262854434641e-05,0.0,0.0,27141.0,1.9199174808692404e-05,0.000317999,3.0,9434.0,0.000405799279045836
8.0,37.0,4.6988999999999993e-05,42563.0,2.0,4.079717364260675e-05,0.0,0.0,117441.0,2.3971577126607847e-05,3.6845e-05,1.0,27141.0,2.6257504885215442e-05,0.000635997,6.0,9434.0,0.0004978783674275016
8.0,38.0,0.0,42563.0,0.0,2.447830418556405e-05,0.0,0.0,117441.0,1.4382946275964708e-05,0.0,0.0,27141.0,1.5754502931129263e-05,0.000317999,3.0,9434.0,0.00042592662045650093
8.0,39.0,0.0,42563.0,0.0,1.468698251133843e-05,0.0,0.0,117441.0,8.629767765578825e-06,0.0,0.0,27141.0,9.452701758677558e-06,0.00021199900000000001,2.0,9434.0,0.00034035557227390055
8.0,40.0,0.0,42563.0,0.0,8.812189506803057e-06,0.0,0.0,117441.0,5.177860659347295e-06,0.0,0.0,27141.0,5.6716210552065345e-06,0.0,0.0,9434.0,0.00020421334336434032
8.0,41.0,0.0,42563.0,0.0,5.2873137040818335e-06,0.0,0.0,117441.0,3.106716395608377e-06,0.0,0.0,27141.0,3.4029726331239205e-06,0.0,0.0,9434.0,0.00012252800601860418
8.0,42.0,0.0,42563.0,0.0,3.1723882224491e-06,0.0,0.0,117441.0,1.864029837365026e-06,0.0,0.0,27141.0,2.0417835798743522e-06,0.0,0.0,9434.0,7.351680361116251e-05
8.0,43.0,0.0,42563.0,0.0,1.90343293346946e-06,0.0,0.0,117441.0,1.1184179024190156e-06,0.0,0.0,27141.0,1.2250701479246114e-06,0.0,0.0,9434.0,4.411008216669751e-05
8.0,44.0,0.0,42563.0,0.0,1.142059760081676e-06,0.0,0.0,117441.0,6.710507414514093e-07,0.0,0.0,27141.0,7.350420887547668e-07,0.0,0.0,9434.0,2.6466049300018505e-05
8.0,45.0,0.0,42563.0,0.0,6.852358560490056e-07,0.0,0.0,117441.0,4.026304448708456e-07,0.0,0.0,27141.0,4.4102525325286005e-07,0.0,0.0,9434.0,1.5879629580011102e-05
8.0,46.0,0.0,42563.0,0.0,4.1114151362940334e-07,0.0,0.0,117441.0,2.415782669225074e-07,0.0,0.0,27141.0,2.6461515195171604e-07,0.0,0.0,9434.0,9.52777774800666e-06
8.0,47.0,0.0,42563.0,0.0,2.4668490817764197e-07,0.0,0.0,117441.0,1.4494696015350441e-07,0.0,0.0,27141.0,1.587690911710296e-07,0.0,0.0,9434.0,5.716666648803996e-06
8.0,48.0,0.0,42563.0,0.0,1.4801094490658518e-07,0.0,0.0,117441.0,8.696817609210265e-08,0.0,0.0,27141.0,9.526145470261776e-08,0.0,0.0,9434.0,3.4299999892823974e-06
8.0,49.0,0.0,42563.0,0.0,8.88065669439511e-08,0.0,0.0,117441.0,5.2180905655261586e-08,0.0,0.0,27141.0,5.715687282157065e-08,0.0,0.0,9434.0,2.0579999935694386e-06
8.0,50.0,0.0,42563.0,0.0,5.328394016637066e-08,0.0,0.0,117441.0,3.130854339315695e-08,0.0,0.0,27141.0,3.429412369294239e-08,0.0,0.0,9434.0,1.234799996141663e-06
8.0,51.0,0.0,42563.0,0.0,3.1970364099822394e-08,0.0,0.0,117441.0,1.878512603589417e-08,0.0,0.0,27141.0,2.0576474215765435e-08,0.0,0.0,9434.0,7.408799976849978e-07
8.0,52.0,0.0,42563.0,0.0,1.9182218459893434e-08,0.0,0.0,117441.0,1.12710756215365e-08,0.0,0.0,27141.0,1.234588452945926e-08,0.0,0.0,9434.0,4.4452799861099865e-07
9.0,1.0,0.0,43261.0,0.0,1.150933107593606e-08,0.0,0.0,117441.0,6.7626453729219e-09,0.0,0.0,27141.0,7.407530717675555e-09,0.0,0.0,9434.0,2.667167991665992e-07
9.0,2.0,0.0,43261.0,0.0,6.905598645561636e-09,0.0,0.0,119007.0,4.05758722375314e-09,0.0,0.0,27181.0,4.444518430605333e-09,0.0,0.0,9424.0,1.600300794999595e-07
9.0,3.0,0.0,43261.0,0.0,4.143359187336981e-09,0.0,0.0,119007.0,2.434552334251884e-09,0.0,0.0,27181.0,2.6667110583631998e-09,0.0,0.0,9424.0,9.60180476999757e-08
9.0,4.0,0.0,43261.0,0.0,2.486015512402189e-09,0.0,0.0,119007.0,1.4607314005511304e-09,0.0,0.0,27181.0,1.6000266350179197e-09,0.0,0.0,9424.0,5.761082861998542e-08
9.0,5.0,0.0,43261.0,0.0,1.4916093074413132e-09,0.0,0.0,119007.0,8.764388403306782e-10,0.0,0.0,27181.0,9.600159810107519e-10,0.0,0.0,9424.0,3.456649717199125e-08
9.0,6.0,2.3115e-05,43261.0,1.0,9.246894965584466e-06,0.0,0.0,119007.0,5.258633041984069e-10,0.0,0.0,27181.0,5.760095886064511e-10,0.0,0.0,9424.0,2.0739898303194748e-08
9.0,7.0,4.6231000000000005e-05,43261.0,2.0,2.404053697935068e-05,8.402999999999999e-06,1.0,119007.0,3.3615155179825186e-06,0.0,0.0,27181.0,3.4560575316387066e-10,0.0,0.0,9424.0,1.2443938981916848e-08
9.0,8.0,0.0,43261.0,0.0,1.4424322187610409e-05,1.6805999999999998e-05,2.0,119007.0,8.739309310789511e-06,0.0,0.0,27181.0,2.073634518983224e-10,0.0,0.0,9424.0,7.466363389150109e-09
9.0,9.0,0.0,43261.0,0.0,8.654593312566244e-06,1.6805999999999998e-05,2.0,119007.0,1.1965985586473706e-05,3.679e-05,1.0,27181.0,1.4716124418071138e-05,0.0,0.0,9424.0,4.479818033490065e-09
9.0,10.0,2.3115e-05,43261.0,1.0,1.4438755987539747e-05,0.0,0.0,119007.0,7.179591351884223e-06,0.0,0.0,27181.0,8.829674650842683e-06,0.0,0.0,9424.0,2.6878908200940387e-09
9.0,11.0,2.3115e-05,43261.0,1.0,1.790925359252385e-05,8.402999999999999e-06,1.0,119007.0,7.668954811130534e-06,0.0,0.0,27181.0,5.297804790505609e-06,0.0,0.0,9424.0,1.6127344920564231e-09
9.0,12.0,0.0,43261.0,0.0,1.0745552155514309e-05,8.402999999999999e-06,1.0,119007.0,7.96257288667832e-06,0.0,0.0,27181.0,3.1786828743033654e-06,0.0,0.0,9424.0,9.676406952338538e-10
9.0,13.0,0.0,43261.0,0.0,6.447331293308585e-06,1.6805999999999998e-05,2.0,119007.0,1.149994373200699e-05,0.0,0.0,27181.0,1.907209724582019e-06,0.0,0.0,9424.0,5.805844171403123e-10
9.0,14.0,0.0,43261.0,0.0,3.8683987759851506e-06,8.402999999999999e-06,1.0,119007.0,1.0261166239204193e-05,3.679e-05,1.0,27181.0,1.586032583474921e-05,0.0,0.0,9424.0,3.4835065028418735e-10
9.0,15.0,9.246100000000001e-05,43261.0,4.0,3.9305439265591095e-05,0.0,0.0,119007.0,6.1566997435225154e-06,0.0,0.0,27181.0,9.516195500849526e-06,0.0,0.0,9424.0,2.0901039017051242e-10
9.0,16.0,6.934600000000001e-05,43261.0,3.0,5.132166355935466e-05,0.0,0.0,119007.0,3.694019846113509e-06,3.679e-05,1.0,27181.0,2.0425717300509715e-05,0.000318336,3.0,9424.0,0.0001273345254062341
9.0,17.0,0.000184923,43261.0,8.0,0.00010476219813561281,5.0416999999999995e-05,6.0,119007.0,2.2383211907668102e-05,0.0,0.0,27181.0,1.2255430380305828e-05,0.0007427839999999999,7.0,9424.0,0.00037351431524374043
9.0,18.0,0.00027738400000000004,43261.0,12.0,0.0001738109188813677,0.00011764100000000001,14.0,119007.0,6.048632714460087e-05,7.3581e-05,2.0,27181.0,3.6785658228183494e-05,0.000636672,6.0,9424.0,0.00047877738914624425
9.0,19.0,0.000416077,43261.0,18.0,0.0002707173513288206,0.000151252,18.0,119007.0,9.679259628676052e-05,0.000147162,4.0,27181.0,8.093619493691009e-05,0.000212224,2.0,9424.0,0.00037215603348774654
9.0,20.0,0.000416077,43261.0,18.0,0.00032886121079729234,0.000302504,36.0,119007.0,0.0001790771577720563,0.000257533,7.0,27181.0,0.00015157491696214607,0.000106112,1.0,9424.0,0.0002657384200926479
9.0,21.0,0.000670346,43261.0,29.0,0.00046545512647837544,0.00016805799999999998,20.0,119007.0,0.00017466949466323379,0.000110371,3.0,27181.0,0.00013509335017728764,0.000848895,8.0,9424.0,0.0004990010520555888
9.0,22.0,0.000485423,43261.0,21.0,0.00047344227588702527,0.00023528099999999997,28.0,119007.0,0.00019891409679794028,0.000367905,10.0,27181.0,0.0002282180101063726,0.000424448,4.0,9424.0,0.00046917983123335327
9.0,23.0,0.000577884,43261.0,25.0,0.0005152189655322152,0.00026049,31.0,119007.0,0.00022354445807876416,0.000662229,18.0,27181.0,0.00040182240606382355,0.001379455,13.0,9424.0,0.000833289898740012
9.0,24.0,0.001155768,43261.0,50.0,0.000771438579319329,0.00026049,31.0,119007.0,0.0002383226748472585,0.000588648,16.0,27181.0,0.0004765526436382941,0.0011672310000000001,11.0,9424.0,0.0009668663392440073
