year,flu week,RI rate,RI pop,RI count,RI weighted rate,RO rate,RO count,RO pop,RO weighted rate,MC rate,MC count,MC pop,MC weighted rate,CMHD rate,CMHD count,CMHD pop,CMHD weighted rate,WI rate,WI count,WI pop,WI weighted rate
,,,,,0.0,,,,,,,,,,,,,,,,
1.0,1.0,0.0,9759.0,0.0,0.0,,,,0.0,,,,0.0,,,,0.0,,,,0.0
1.0,2.0,0.0,9759.0,0.0,0.0,0.00038303199999999995,4.0,10443.0,0.00038303199999999995,0.0,0.0,1745.0,0.0,3.6304000000000003e-05,1.0,27545.0,3.6304000000000003e-05,0.0,0.0,1008.0,0.0
1.0,3.0,0.0,9759.0,0.0,0.0,0.00038303199999999995,4.0,10443.0,0.00038303199999999995,0.0,0.0,1745.0,0.0,0.0,0.0,27545.0,2.17824e-05,0.0,0.0,1008.0,0.0
1.0,4.0,0.0,9759.0,0.0,0.0,0.000287274,3.0,10443.0,0.0003447288,0.0,0.0,1745.0,0.0,0.0,0.0,27545.0,1.306944e-05,0.0,0.0,1008.0,0.0
1.0,5.0,0.0,9759.0,0.0,0.0,0.001053337,11.0,10443.0,0.00062817208,0.0,0.0,1745.0,0.0,0.0005082590000000001,14.0,27545.0,0.00021114526400000004,0.0,0.0,1008.0,0.0
1.0,6.0,0.00010247,9759.0,1.0,4.0988e-05,0.000957579,10.0,10443.0,0.000759934848,0.002292264,4.0,1745.0,0.0009169056000000001,0.000217825,6.0,27545.0,0.00021381715840000003,0.0,0.0,1008.0,0.0
1.0,7.0,0.0034839640000000004,9759.0,34.0,0.0014181784000000003,0.00047879,5.0,10443.0,0.0006474769087999999,0.0,0.0,1745.0,0.00055014336,0.0005082590000000001,14.0,27545.0,0.00033159389504000005,0.0,0.0,1008.0,0.0
1.0,8.0,0.003586433,9759.0,35.0,0.0022854802400000002,0.000766063,8.0,10443.0,0.00069491134528,0.003438395,6.0,1745.0,0.0017054440160000001,0.0012343439999999998,34.0,27545.0,0.0006926939370239999,0.0,0.0,1008.0,0.0
1.0,9.0,0.00625064,9759.0,61.0,0.0038715441440000005,0.002393948,25.0,10443.0,0.001374526007168,0.00286533,5.0,1745.0,0.0021693984096,0.00094391,26.0,27545.0,0.0007931803622144,0.000992063,1.0,1008.0,0.0003968252
1.0,10.0,0.003586433,9759.0,35.0,0.0037574996864000003,0.006415781,67.0,10443.0,0.0033910280043008,0.001146132,2.0,1745.0,0.00176009184576,0.002178254,60.0,27545.0,0.00134720981732864,0.000992063,1.0,1008.0,0.00063492032
1.0,11.0,0.000204939,9759.0,2.0,0.0023364754118400002,0.012161256,127.0,10443.0,0.006899119202580481,0.003438395,6.0,1745.0,0.002431413107456,0.001161735,32.0,27545.0,0.001273019890397184,0.0,0.0,1008.0,0.000380952192
1.0,12.0,0.000819756,9759.0,8.0,0.0017297876471040001,0.01244853,130.0,10443.0,0.009118883521548288,0.011461318,20.0,1745.0,0.0060433750644736,0.0005082590000000001,14.0,27545.0,0.0009671155342383104,0.00297619,3.0,1008.0,0.0014190473152
1.0,13.0,0.0,9759.0,0.0,0.0010378725882624,0.003926075,41.0,10443.0,0.007041760112928973,0.006303725,11.0,1745.0,0.006147515038684159,7.260800000000001e-05,2.0,27545.0,0.0006093125205429863,0.0,0.0,1008.0,0.00085142838912
1.0,14.0,0.0,9759.0,0.0,0.00062272355295744,0.001340611,14.0,10443.0,0.004761300467757384,0.002292264,4.0,1745.0,0.004605414623210496,0.0,0.0,27545.0,0.00036558751232579177,0.0,0.0,1008.0,0.000510857033472
1.0,15.0,0.0,9759.0,0.0,0.000373634131774464,0.001819401,19.0,10443.0,0.00358454068065443,0.000573066,1.0,1745.0,0.0029924751739262975,0.0,0.0,27545.0,0.00021935250739547505,0.0,0.0,1008.0,0.0003065142200832
1.0,16.0,0.0,9759.0,0.0,0.00022418047906467837,0.000670305,7.0,10443.0,0.002418846408392658,0.0,0.0,1745.0,0.0017954851043557785,3.6304000000000003e-05,1.0,27545.0,0.00014613310443728502,0.000992063,1.0,1008.0,0.00058073373204992
1.0,17.0,0.0,9759.0,0.0,0.00013450828743880703,0.00038303199999999995,4.0,10443.0,0.0016045206450355947,0.0,0.0,1745.0,0.0010772910626134671,0.0,0.0,27545.0,8.7679862662371e-05,0.0,0.0,1008.0,0.000348440239229952
1.0,18.0,0.0,9759.0,0.0,8.070497246328422e-05,0.00038303199999999995,4.0,10443.0,0.0011159251870213568,0.0,0.0,1745.0,0.0006463746375680803,7.260800000000001e-05,2.0,27545.0,8.165111759742261e-05,0.0,0.0,1008.0,0.00020906414353797118
1.0,19.0,0.0,9759.0,0.0,4.842298347797053e-05,9.575799999999999e-05,1.0,10443.0,0.0007078583122128141,0.0,0.0,1745.0,0.00038782478254084814,0.000145217,4.0,27545.0,0.00010707747055845358,0.0,0.0,1008.0,0.0001254384861227827
1.0,20.0,0.0,9759.0,0.0,2.9053790086782316e-05,0.000287274,3.0,10443.0,0.0005396245873276885,0.0,0.0,1745.0,0.00023269486952450888,7.260800000000001e-05,2.0,27545.0,9.328968233507215e-05,0.0,0.0,1008.0,7.526309167366962e-05
1.0,21.0,0.0,9759.0,0.0,1.743227405206939e-05,9.575799999999999e-05,1.0,10443.0,0.0003620779523966131,0.0,0.0,1745.0,0.00013961692171470533,0.0,0.0,27545.0,5.597380940104329e-05,0.0,0.0,1008.0,4.515785500420177e-05
1.0,22.0,0.0,9759.0,0.0,1.0459364431241634e-05,0.000287274,3.0,10443.0,0.00033215637143796785,0.000573066,1.0,1745.0,0.0003129965530288232,3.6304000000000003e-05,1.0,27545.0,4.810588564062597e-05,0.0,0.0,1008.0,2.7094713002521064e-05
1.0,23.0,0.0,9759.0,0.0,6.27561865874498e-06,0.00019151599999999997,2.0,10443.0,0.0002759002228627807,0.0,0.0,1745.0,0.00018779793181729392,0.0,0.0,27545.0,2.886353138437558e-05,0.0,0.0,1008.0,1.6256827801512638e-05
1.0,24.0,0.0,9759.0,0.0,3.765371195246988e-06,0.0,0.0,10443.0,0.0001655401337176684,0.0,0.0,1745.0,0.00011267875909037634,7.260800000000001e-05,2.0,27545.0,4.636131883062535e-05,0.0,0.0,1008.0,9.754096680907583e-06
1.0,25.0,0.0,9759.0,0.0,2.2592227171481927e-06,0.000670305,7.0,10443.0,0.00036744608023060103,0.0,0.0,1745.0,6.76072554542258e-05,0.00010891299999999999,3.0,27545.0,7.138199129837521e-05,0.0,0.0,1008.0,5.8524580085445494e-06
1.0,26.0,0.0,9759.0,0.0,1.3555336302889155e-06,0.000287274,3.0,10443.0,0.0003353772481383606,0.0,0.0,1745.0,4.056435327253548e-05,0.00010891299999999999,3.0,27545.0,8.639439477902513e-05,0.0,0.0,1008.0,3.5114748051267294e-06
1.0,27.0,0.0,9759.0,0.0,8.133201781733493e-07,0.00019151599999999997,2.0,10443.0,0.00027783274888301636,0.0,0.0,1745.0,2.4338611963521287e-05,0.0,0.0,27545.0,5.183663686741508e-05,0.0,0.0,1008.0,2.1068848830760377e-06
1.0,28.0,0.0,9759.0,0.0,4.879921069040096e-07,0.0,0.0,10443.0,0.0001666996493298098,0.0,0.0,1745.0,1.4603167178112771e-05,0.0,0.0,27545.0,3.1101982120449046e-05,0.0,0.0,1008.0,1.2641309298456226e-06
1.0,29.0,0.0,9759.0,0.0,2.927952641424057e-07,9.575799999999999e-05,1.0,10443.0,0.0001383229895978859,0.0,0.0,1745.0,8.761900306867662e-06,0.0,0.0,27545.0,1.8661189272269427e-05,0.0,0.0,1008.0,7.584785579073735e-07
1.0,30.0,0.0,9759.0,0.0,1.7567715848544343e-07,9.575799999999999e-05,1.0,10443.0,0.00012129699375873154,0.0,0.0,1745.0,5.2571401841205964e-06,3.6304000000000003e-05,1.0,27545.0,2.5718313563361657e-05,0.0,0.0,1008.0,4.550871347444241e-07
1.0,31.0,0.0,9759.0,0.0,1.0540629509126606e-07,9.575799999999999e-05,1.0,10443.0,0.00011108139625523892,0.0,0.0,1745.0,3.154284110472358e-06,0.000471955,13.0,27545.0,0.000204212988138017,0.0,0.0,1008.0,2.730522808466544e-07
1.0,32.0,0.0,9759.0,0.0,6.324377705475964e-08,9.575799999999999e-05,1.0,10443.0,0.00010495203775314334,0.0,0.0,1745.0,1.8925704662834146e-06,3.6304000000000003e-05,1.0,27545.0,0.0001370493928828102,0.0,0.0,1008.0,1.6383136850799265e-07
1.0,33.0,0.0,9759.0,0.0,3.794626623285578e-08,9.575799999999999e-05,1.0,10443.0,0.000101274422651886,0.0,0.0,1745.0,1.1355422797700488e-06,0.0,0.0,27545.0,8.222963572968611e-05,0.0,0.0,1008.0,9.829882110479559e-08
1.0,34.0,0.0,9759.0,0.0,2.2767759739713468e-08,9.575799999999999e-05,1.0,10443.0,9.90678535911316e-05,0.0,0.0,1745.0,6.813253678620293e-07,0.0,0.0,27545.0,4.933778143781167e-05,0.0,0.0,1008.0,5.897929266287735e-08
1.0,35.0,0.0,9759.0,0.0,1.366065584382808e-08,0.0,0.0,10443.0,5.944071215467895e-05,0.0,0.0,1745.0,4.0879522071721756e-07,7.260800000000001e-05,2.0,27545.0,5.8645868862687e-05,0.0,0.0,1008.0,3.538757559772641e-08
1.0,36.0,0.0,9759.0,0.0,8.196393506296849e-09,0.0,0.0,10443.0,3.566442729280737e-05,0.0,0.0,1745.0,2.4527713243033054e-07,0.0,0.0,27545.0,3.51875213176122e-05,0.0,0.0,1008.0,2.1232545358635844e-08
1.0,37.0,0.0,9759.0,0.0,4.917836103778109e-09,9.575799999999999e-05,1.0,10443.0,5.970185637568441e-05,0.0,0.0,1745.0,1.4716627945819833e-07,0.0,0.0,27545.0,2.111251279056732e-05,0.0,0.0,1008.0,1.2739527215181506e-08
1.0,38.0,0.0,9759.0,0.0,2.9507016622668654e-09,0.0,0.0,10443.0,3.5821113825410646e-05,0.0,0.0,1745.0,8.8299767674919e-08,0.0,0.0,27545.0,1.2667507674340391e-05,0.0,0.0,1008.0,7.643716329108904e-09
1.0,39.0,0.0,9759.0,0.0,1.7704209973601191e-09,0.0,0.0,10443.0,2.1492668295246386e-05,0.0,0.0,1745.0,5.29798606049514e-08,0.0,0.0,27545.0,7.600504604604234e-06,0.0,0.0,1008.0,4.586229797465342e-09
1.0,40.0,0.0,9759.0,0.0,1.0622525984160715e-09,0.0,0.0,10443.0,1.289560097714783e-05,0.0,0.0,1745.0,3.1787916362970836e-08,0.0,0.0,27545.0,4.56030276276254e-06,0.0,0.0,1008.0,2.7517378784792048e-09
1.0,41.0,0.0,9759.0,0.0,6.373515590496429e-10,0.0,0.0,10443.0,7.737360586288698e-06,0.0,0.0,1745.0,1.90727498177825e-08,0.0,0.0,27545.0,2.736181657657524e-06,0.0,0.0,1008.0,1.6510427270875228e-09
1.0,42.0,0.0,9759.0,0.0,3.8241093542978573e-10,0.0,0.0,10443.0,4.642416351773219e-06,0.0,0.0,1745.0,1.1443649890669501e-08,0.0,0.0,27545.0,1.6417089945945145e-06,0.0,0.0,1008.0,9.906256362525136e-10
1.0,43.0,0.0,9759.0,0.0,2.2944656125787143e-10,0.0,0.0,10443.0,2.785449811063931e-06,0.0,0.0,1745.0,6.8661899344017e-09,0.0,0.0,27545.0,9.850253967567086e-07,0.0,0.0,1008.0,5.943753817515082e-10
1.0,44.0,0.0,9759.0,0.0,1.3766793675472285e-10,0.0,0.0,10443.0,1.6712698866383586e-06,0.0,0.0,1745.0,4.11971396064102e-09,0.0,0.0,27545.0,5.910152380540252e-07,0.0,0.0,1008.0,3.566252290509049e-10
1.0,45.0,0.0,9759.0,0.0,8.260076205283371e-11,0.0,0.0,10443.0,1.002761931983015e-06,0.0,0.0,1745.0,2.471828376384612e-09,0.0,0.0,27545.0,3.546091428324151e-07,0.0,0.0,1008.0,2.1397513743054293e-10
1.0,46.0,0.0,9759.0,0.0,4.9560457231700224e-11,0.0,0.0,10443.0,6.01657159189809e-07,0.0,0.0,1745.0,1.4830970258307671e-09,0.0,0.0,27545.0,2.1276548569944905e-07,0.0,0.0,1008.0,1.2838508245832576e-10
1.0,47.0,0.0,9759.0,0.0,2.9736274339020136e-11,0.0,0.0,10443.0,3.609942955138854e-07,0.0,0.0,1745.0,8.898582154984603e-10,0.0,0.0,27545.0,1.2765929141966942e-07,0.0,0.0,1008.0,7.703104947499545e-11
1.0,48.0,0.0,9759.0,0.0,1.7841764603412082e-11,0.0,0.0,10443.0,2.165965773083312e-07,0.0,0.0,1745.0,5.339149292990761e-10,0.0,0.0,27545.0,7.659557485180165e-08,0.0,0.0,1008.0,4.621862968499727e-11
1.0,49.0,0.0,9759.0,0.0,1.070505876204725e-11,0.0,0.0,10443.0,1.2995794638499873e-07,0.0,0.0,1745.0,3.203489575794457e-10,0.0,0.0,27545.0,4.595734491108099e-08,0.0,0.0,1008.0,2.773117781099836e-11
1.0,50.0,0.0,9759.0,0.0,6.423035257228349e-12,0.0,0.0,10443.0,7.797476783099923e-08,0.0,0.0,1745.0,1.922093745476674e-10,0.0,0.0,27545.0,2.757440694664859e-08,0.0,0.0,1008.0,1.6638706686599015e-11
1.0,51.0,0.0,9759.0,0.0,3.8538211543370094e-12,0.0,0.0,10443.0,4.6784860698599536e-08,0.0,0.0,1745.0,1.1532562472860044e-10,0.0,0.0,27545.0,1.6544644167989155e-08,0.0,0.0,1008.0,9.983224011959409e-12
1.0,52.0,0.0,9759.0,0.0,2.3122926926022055e-12,0.0,0.0,10443.0,2.807091641915972e-08,0.0,0.0,1745.0,6.919537483716026e-11,0.0,0.0,27545.0,9.926786500793493e-09,0.0,0.0,1008.0,5.989934407175645e-12
1.0,53.0,0.0,9759.0,0.0,1.3873756155613233e-12,0.0,0.0,10443.0,1.684254985149583e-08,0.0,0.0,1745.0,4.1517224902296156e-11,0.0,0.0,27545.0,5.956071900476096e-09,0.0,0.0,1008.0,3.5939606443053867e-12
2.0,1.0,0.0,10142.0,0.0,8.324253693367939e-13,0.0,0.0,10443.0,1.0105529910897498e-08,0.0,0.0,1745.0,2.4910334941377694e-11,0.0,0.0,27545.0,3.5736431402856573e-09,0.0,0.0,1008.0,2.156376386583232e-12
2.0,2.0,0.0,10142.0,0.0,4.994552216020764e-13,0.0,0.0,10493.0,6.063317946538499e-09,0.0,0.0,1709.0,1.4946200964826615e-11,0.0,0.0,27475.0,2.144185884171394e-09,0.0,0.0,981.0,1.2938258319499392e-12
2.0,3.0,0.0,10142.0,0.0,2.996731329612458e-13,0.0,0.0,10493.0,3.6379907679230993e-09,0.0,0.0,1709.0,8.967720578895968e-12,0.0,0.0,27475.0,1.2865115305028364e-09,0.0,0.0,981.0,7.762954991699635e-13
2.0,4.0,0.0,10142.0,0.0,1.7980387977674748e-13,0.0,0.0,10493.0,2.1827944607538594e-09,0.0,0.0,1709.0,5.380632347337581e-12,0.0,0.0,27475.0,7.719069183017018e-10,0.0,0.0,981.0,4.657772995019781e-13
2.0,5.0,0.0,10142.0,0.0,1.0788232786604848e-13,0.0,0.0,10493.0,1.3096766764523157e-09,0.0,0.0,1709.0,3.2283794084025484e-12,0.0,0.0,27475.0,4.631441509810211e-10,0.0,0.0,981.0,2.7946637970118685e-13
2.0,6.0,0.0,10142.0,0.0,6.472939671962908e-14,0.0,0.0,10493.0,7.858060058713894e-10,0.0,0.0,1709.0,1.937027645041529e-12,0.0,0.0,27475.0,2.7788649058861266e-10,0.0,0.0,981.0,1.6767982782071212e-13
2.0,7.0,0.0,10142.0,0.0,3.883763803177745e-14,0.0,0.0,10493.0,4.714836035228336e-10,0.0,0.0,1709.0,1.1622165870249173e-12,0.0,0.0,27475.0,1.667318943531676e-10,0.0,0.0,981.0,1.0060789669242727e-13
2.0,8.0,0.0,10142.0,0.0,2.330258281906647e-14,0.0,0.0,10493.0,2.828901621137002e-10,0.0,0.0,1709.0,6.973299522149504e-13,0.0,0.0,27475.0,1.0003913661190055e-10,0.0,0.0,981.0,6.036473801545636e-14
2.0,9.0,0.0,10142.0,0.0,1.398154969143988e-14,0.0,0.0,10493.0,1.697340972682201e-10,0.0,0.0,1709.0,4.183979713289702e-13,0.0,0.0,27475.0,6.002348196714032e-11,0.0,0.0,981.0,3.6218842809273813e-14
2.0,10.0,0.0,10142.0,0.0,8.388929814863928e-15,0.0,0.0,10493.0,1.0184045836093207e-10,0.0,0.0,1709.0,2.510387827973821e-13,0.0,0.0,27475.0,3.601408918028419e-11,0.0,0.0,981.0,2.1731305685564288e-14
2.0,11.0,0.0,10142.0,0.0,5.033357888918357e-15,0.0,0.0,10493.0,6.110427501655923e-11,0.0,0.0,1709.0,1.5062326967842927e-13,0.0,0.0,27475.0,2.1608453508170515e-11,0.0,0.0,981.0,1.3038783411338573e-14
2.0,12.0,0.0,10142.0,0.0,3.0200147333510143e-15,0.0,0.0,10493.0,3.666256500993554e-11,0.0,0.0,1709.0,9.037396180705756e-14,0.0,0.0,27475.0,1.2965072104902309e-11,0.0,0.0,981.0,7.823270046803143e-15
2.0,13.0,0.0,10142.0,0.0,1.8120088400106084e-15,0.0,0.0,10493.0,2.1997539005961322e-11,0.0,0.0,1709.0,5.422437708423454e-14,3.6397e-05,1.0,27475.0,1.4558807779043264e-05,0.0,0.0,981.0,4.693962028081885e-15
2.0,14.0,0.0,10142.0,0.0,1.087205304006365e-15,0.0,0.0,10493.0,1.3198523403576793e-11,0.0,0.0,1709.0,3.253462625054072e-14,0.000145587,4.0,27475.0,6.697008466742596e-05,0.0,0.0,981.0,2.8163772168491313e-15
2.0,15.0,0.0,10142.0,0.0,6.52323182403819e-16,0.0,0.0,10493.0,7.919114042146076e-12,0.0,0.0,1709.0,1.9520775750324432e-14,0.00018198400000000002,5.0,27475.0,0.00011297565080045558,0.0,0.0,981.0,1.6898263301094787e-15
2.0,16.0,0.0,10142.0,0.0,3.913939094422914e-16,0.0,0.0,10493.0,4.751468425287646e-12,0.0,0.0,1709.0,1.1712465450194659e-14,0.00010919,3.0,27475.0,0.00011146139048027336,0.0,0.0,981.0,1.0138957980656872e-15
2.0,17.0,0.0,10142.0,0.0,2.3483634566537484e-16,0.0,0.0,10493.0,2.8508810551725872e-12,0.0,0.0,1709.0,7.0274792701167945e-15,3.6397e-05,1.0,27475.0,8.143563428816402e-05,0.0,0.0,981.0,6.083374788394123e-16
2.0,18.0,0.0,10142.0,0.0,1.409018073992249e-16,0.0,0.0,10493.0,1.7105286331035522e-12,0.0,0.0,1709.0,4.216487562070076e-15,0.00010919,3.0,27475.0,9.253738057289842e-05,0.0,0.0,981.0,3.6500248730364735e-16
2.0,19.0,0.0,10142.0,0.0,8.454108443953494e-17,0.0,0.0,10493.0,1.0263171798621313e-12,0.0,0.0,1709.0,2.5298925372420458e-15,0.00010919,3.0,27475.0,9.919842834373905e-05,0.0,0.0,981.0,2.190014923821884e-16
2.0,20.0,0.0,10142.0,0.0,5.072465066372096e-17,0.0,0.0,10493.0,6.157903079172788e-13,0.0,0.0,1709.0,1.5179355223452275e-15,0.00025477700000000003,7.0,27475.0,0.00016142985700624347,0.0,0.0,981.0,1.3140089542931303e-16
2.0,21.0,0.0,10142.0,0.0,3.0434790398232574e-17,0.000190603,2.0,10493.0,7.624120036947419e-05,0.0,0.0,1709.0,9.107613134071364e-16,0.00010919,3.0,27475.0,0.0001405339142037461,0.0,0.0,981.0,7.884053725758782e-17
2.0,22.0,0.0,10142.0,0.0,1.8260874238939545e-17,9.5302e-05,1.0,10493.0,8.386552022168452e-05,0.0,0.0,1709.0,5.464567880442818e-16,0.000400364,11.0,27475.0,0.00024446594852224764,0.0,0.0,981.0,4.730432235455269e-17
2.0,23.0,0.0,10142.0,0.0,1.0956524543363727e-17,0.000857715,9.0,10493.0,0.00039340531213301073,0.0,0.0,1709.0,3.2787407282656904e-16,0.000400364,11.0,27475.0,0.0003068251691133486,0.0,0.0,981.0,2.838259341273161e-17
2.0,24.0,0.0,10142.0,0.0,6.573914726018236e-18,0.001429524,15.0,10493.0,0.0008078527872798064,0.0,0.0,1709.0,1.9672444369594142e-16,0.000655141,18.0,27475.0,0.00044615150146800914,0.0,0.0,981.0,1.7029556047638966e-17
2.0,25.0,0.0,10142.0,0.0,3.944348835610941e-18,0.001810731,19.0,10493.0,0.0012090040723678839,0.0,0.0,1709.0,1.1803466621756484e-16,0.000545951,15.0,27475.0,0.0004860713008808055,0.0030581040000000003,3.0,981.0,0.0012232416000000103
2.0,26.0,0.0001972,10142.0,2.0,7.888000000000238e-05,0.001429524,15.0,10493.0,0.0012972120434207304,0.0,0.0,1709.0,7.08207997305389e-17,0.000545951,15.0,27475.0,0.0005100231805284833,0.0,0.0,981.0,0.0007339449600000062
2.0,27.0,0.0001972,10142.0,2.0,0.00012620800000000143,0.00114362,12.0,10493.0,0.0012357752260524382,0.0,0.0,1709.0,4.249247983832334e-17,7.2793e-05,2.0,27475.0,0.00033513110831708996,0.0,0.0,981.0,0.00044036697600000367
2.0,28.0,0.0,10142.0,0.0,7.572480000000085e-05,0.0013342229999999998,14.0,10493.0,0.0012751543356314629,0.0,0.0,1709.0,2.5495487902994e-17,0.0016378529999999999,45.0,27475.0,0.000856219864990254,0.0,0.0,981.0,0.0002642201856000022
2.0,29.0,0.0,10142.0,0.0,4.543488000000051e-05,0.001810731,19.0,10493.0,0.0014893850013788777,0.0,0.0,1709.0,1.52972927417964e-17,0.0006187440000000001,17.0,27475.0,0.0007612295189941524,0.0,0.0,981.0,0.0001585321113600013
2.0,30.0,0.0,10142.0,0.0,2.7260928000000303e-05,0.001620128,17.0,10493.0,0.0015416822008273265,0.0,0.0,1709.0,9.17837564507784e-18,0.000400364,11.0,27475.0,0.0006168833113964914,0.0,0.0,981.0,9.511926681600077e-05
2.0,31.0,0.0,10142.0,0.0,1.635655680000018e-05,0.0006671110000000001,7.0,10493.0,0.001191853720496396,0.0,0.0,1709.0,5.507025387046704e-18,0.0,0.0,27475.0,0.00037012998683789484,0.0,0.0,981.0,5.7071560089600454e-05
2.0,32.0,0.0,10142.0,0.0,9.813934080000108e-06,0.00047650800000000005,5.0,10493.0,0.0009057154322978376,0.000585138,1.0,1709.0,0.00023405520000000332,0.00025477700000000003,7.0,27475.0,0.0003239887921027369,0.0,0.0,981.0,3.424293605376027e-05
2.0,33.0,0.0,10142.0,0.0,5.888360448000064e-06,0.000381207,4.0,10493.0,0.0006959120593787026,0.00234055,4.0,1709.0,0.001076653120000002,0.00010919,3.0,27475.0,0.00023806927526164213,0.0,0.0,981.0,2.0545761632256162e-05
2.0,34.0,0.0,10142.0,0.0,3.5330162688000383e-06,0.000190603,2.0,10493.0,0.0004937884356272216,0.0,0.0,1709.0,0.0006459918720000012,3.6397e-05,1.0,27475.0,0.00015740036515698527,0.0,0.0,981.0,1.2327456979353696e-05
2.0,35.0,0.0,10142.0,0.0,2.119809761280023e-06,9.5302e-05,1.0,10493.0,0.00033439386137633294,0.0,0.0,1709.0,0.00038759512320000073,0.0,0.0,27475.0,9.444021909419116e-05,0.0,0.0,981.0,7.3964741876122175e-06
2.0,36.0,0.0,10142.0,0.0,1.2718858567680137e-06,0.0,0.0,10493.0,0.00020063631682579975,0.0,0.0,1709.0,0.00023255707392000043,7.2793e-05,2.0,27475.0,8.57813314565147e-05,0.0,0.0,981.0,4.43788451256733e-06
2.0,37.0,0.0,10142.0,0.0,7.631315140608082e-07,0.0,0.0,10493.0,0.00012038179009547984,0.0,0.0,1709.0,0.00013953424435200025,7.2793e-05,2.0,27475.0,8.058599887390883e-05,0.0,0.0,981.0,2.6627307075403977e-06
2.0,38.0,0.0,10142.0,0.0,4.578789084364849e-07,0.0,0.0,10493.0,7.22290740572879e-05,0.0,0.0,1709.0,8.372054661120014e-05,0.0,0.0,27475.0,4.83515993243453e-05,0.0,0.0,981.0,1.5976384245242386e-06
2.0,39.0,0.0,10142.0,0.0,2.7472734506189093e-07,0.0,0.0,10493.0,4.333744443437274e-05,0.0,0.0,1709.0,5.023232796672008e-05,0.0,0.0,27475.0,2.9010959594607176e-05,0.0,0.0,981.0,9.585830547145432e-07
2.0,40.0,0.0,10142.0,0.0,1.6483640703713456e-07,0.0,0.0,10493.0,2.6002466660623646e-05,0.0,0.0,1709.0,3.013939678003205e-05,7.2793e-05,2.0,27475.0,4.652377575676431e-05,0.0,0.0,981.0,5.751498328287258e-07
2.0,41.0,0.0,10142.0,0.0,9.890184422228074e-08,0.0,0.0,10493.0,1.5601479996374186e-05,0.0,0.0,1709.0,1.8083638068019227e-05,0.0,0.0,27475.0,2.7914265454058583e-05,0.0,0.0,981.0,3.450898996972355e-07
2.0,42.0,0.0,10142.0,0.0,5.9341106533368444e-08,0.0,0.0,10493.0,9.36088799782451e-06,0.0,0.0,1709.0,1.0850182840811537e-05,0.0,0.0,27475.0,1.674855927243515e-05,0.0,0.0,981.0,2.070539398183413e-07
2.0,43.0,0.0,10142.0,0.0,3.5604663920021064e-08,0.0,0.0,10493.0,5.616532798694706e-06,0.0,0.0,1709.0,6.510109704486922e-06,0.0,0.0,27475.0,1.004913556346109e-05,0.0,0.0,981.0,1.2423236389100477e-07
2.0,44.0,0.0,10142.0,0.0,2.1362798352012638e-08,0.0,0.0,10493.0,3.3699196792168235e-06,0.0,0.0,1709.0,3.9060658226921535e-06,0.0,0.0,27475.0,6.029481338076653e-06,0.0,0.0,981.0,7.453941833460287e-08
2.0,45.0,0.0,10142.0,0.0,1.2817679011207582e-08,0.0,0.0,10493.0,2.021951807530094e-06,0.0,0.0,1709.0,2.343639493615292e-06,0.0,0.0,27475.0,3.617688802845992e-06,0.0,0.0,981.0,4.4723651000761716e-08
2.0,46.0,0.0,10142.0,0.0,7.69060740672455e-09,0.0,0.0,10493.0,1.2131710845180564e-06,0.0,0.0,1709.0,1.406183696169175e-06,0.0,0.0,27475.0,2.170613281707595e-06,0.0,0.0,981.0,2.683419060045703e-08
2.0,47.0,0.0,10142.0,0.0,4.6143644440347295e-09,0.0,0.0,10493.0,7.279026507108338e-07,0.0,0.0,1709.0,8.43710217701505e-07,0.0,0.0,27475.0,1.302367969024557e-06,0.0,0.0,981.0,1.6100514360274218e-08
2.0,48.0,0.0,10142.0,0.0,2.7686186664208374e-09,0.0,0.0,10493.0,4.3674159042650023e-07,0.0,0.0,1709.0,5.06226130620903e-07,0.0,0.0,27475.0,7.814207814147342e-07,0.0,0.0,981.0,9.660308616164531e-09
2.0,49.0,0.0,10142.0,0.0,1.6611711998525025e-09,0.0,0.0,10493.0,2.6204495425590015e-07,0.0,0.0,1709.0,3.037356783725418e-07,0.0,0.0,27475.0,4.688524688488405e-07,0.0,0.0,981.0,5.796185169698719e-09
2.0,50.0,0.0,10142.0,0.0,9.967027199115014e-10,0.0,0.0,10493.0,1.572269725535401e-07,0.0,0.0,1709.0,1.822414070235251e-07,0.0,0.0,27475.0,2.813114813093043e-07,0.0,0.0,981.0,3.477711101819231e-09
2.0,51.0,0.0,10142.0,0.0,5.980216319469008e-10,0.0,0.0,10493.0,9.433618353212405e-08,0.0,0.0,1709.0,1.0934484421411505e-07,0.0,0.0,27475.0,1.6878688878558257e-07,0.0,0.0,981.0,2.0866266610915387e-09
2.0,52.0,0.0,10142.0,0.0,3.5881297916814045e-10,0.0,0.0,10493.0,5.660171011927443e-08,0.0,0.0,1709.0,6.560690652846902e-08,0.0,0.0,27475.0,1.0127213327134953e-07,0.0,0.0,981.0,1.2519759966549232e-09
3.0,1.0,0.0,10779.0,0.0,2.1528778750088426e-10,0.0,0.0,10493.0,3.396102607156465e-08,0.0,0.0,1709.0,3.936414391708141e-08,0.0,0.0,27475.0,6.076327996280972e-08,0.0,0.0,981.0,7.511855979929539e-10
3.0,2.0,0.0,10779.0,0.0,1.2917267250053055e-10,0.0,0.0,10850.0,2.037661564293879e-08,0.0,0.0,1700.0,2.3618486350248845e-08,0.0,0.0,27439.0,3.645796797768583e-08,0.0,0.0,1034.0,4.507113587957723e-10
3.0,3.0,0.0,10779.0,0.0,7.750360350031833e-11,0.0,0.0,10850.0,1.2225969385763274e-08,0.0,0.0,1700.0,1.4171091810149305e-08,0.0,0.0,27439.0,2.1874780786611495e-08,0.0,0.0,1034.0,2.7042681527746336e-10
3.0,4.0,0.0,10779.0,0.0,4.6502162100190993e-11,0.0,0.0,10850.0,7.335581631457964e-09,0.0,0.0,1700.0,8.502655086089583e-09,0.0,0.0,27439.0,1.3124868471966897e-08,0.0,0.0,1034.0,1.62256089166478e-10
3.0,5.0,0.0,10779.0,0.0,2.7901297260114596e-11,0.0,0.0,10850.0,4.401348978874779e-09,0.0,0.0,1700.0,5.101593051653749e-09,0.0,0.0,27439.0,7.874921083180138e-09,0.0,0.0,1034.0,9.73536534998868e-11
3.0,6.0,0.0,10779.0,0.0,1.6740778356068756e-11,0.0,0.0,10850.0,2.640809387324867e-09,0.0,0.0,1700.0,3.0609558309922494e-09,0.0,0.0,27439.0,4.724952649908083e-09,0.0,0.0,1034.0,5.841219209993208e-11
3.0,7.0,0.0,10779.0,0.0,1.0044467013641254e-11,0.0,0.0,10850.0,1.58448563239492e-09,0.0,0.0,1700.0,1.8365734985953496e-09,0.0,0.0,27439.0,2.8349715899448494e-09,0.0,0.0,1034.0,3.504731525995925e-11
3.0,8.0,0.0,10779.0,0.0,6.026680208184752e-12,0.0,0.0,10850.0,9.50691379436952e-10,0.0,0.0,1700.0,1.1019440991572098e-09,0.0,0.0,27439.0,1.7009829539669096e-09,0.0,0.0,1034.0,2.102838915597555e-11
3.0,9.0,0.0,10779.0,0.0,3.6160081249108513e-12,0.0,0.0,10850.0,5.704148276621711e-10,0.0,0.0,1700.0,6.611664594943258e-10,0.0,0.0,27439.0,1.0205897723801457e-09,0.0,0.0,1034.0,1.261703349358533e-11
3.0,10.0,0.0,10779.0,0.0,2.1696048749465107e-12,0.0,0.0,10850.0,3.4224889659730264e-10,0.0,0.0,1700.0,3.9669987569659547e-10,0.0,0.0,27439.0,6.123538634280874e-10,0.0,0.0,1034.0,7.570220096151197e-12
3.0,11.0,0.0,10779.0,0.0,1.3017629249679063e-12,0.0,0.0,10850.0,2.0534933795838158e-10,0.0,0.0,1700.0,2.3801992541795725e-10,0.0,0.0,27439.0,3.674123180568524e-10,0.0,0.0,1034.0,4.542132057690718e-12
3.0,12.0,0.0,10779.0,0.0,7.810577549807438e-13,0.0,0.0,10850.0,1.2320960277502894e-10,0.0,0.0,1700.0,1.4281195525077435e-10,0.0,0.0,27439.0,2.2044739083411143e-10,0.0,0.0,1034.0,2.7252792346144308e-12
3.0,13.0,0.0,10779.0,0.0,4.686346529884463e-13,0.0,0.0,10850.0,7.392576166501736e-11,0.0,0.0,1700.0,8.568717315046461e-11,0.0,0.0,27439.0,1.3226843450046685e-10,0.0,0.0,1034.0,1.6351675407686585e-12
3.0,14.0,0.0,10779.0,0.0,2.8118079179306775e-13,0.0,0.0,10850.0,4.435545699901041e-11,0.0,0.0,1700.0,5.141230389027877e-11,0.0,0.0,27439.0,7.936106070028011e-11,0.0,0.0,1034.0,9.81100524461195e-13
3.0,15.0,0.0,10779.0,0.0,1.6870847507584066e-13,0.0,0.0,10850.0,2.6613274199406245e-11,0.0,0.0,1700.0,3.084738233416726e-11,0.0,0.0,27439.0,4.761663642016806e-11,0.0,0.0,1034.0,5.88660314676717e-13
3.0,16.0,0.0,10779.0,0.0,1.012250850455044e-13,0.0,0.0,10850.0,1.5967964519643745e-11,0.0,0.0,1700.0,1.8508429400500354e-11,0.0,0.0,27439.0,2.8569981852100837e-11,0.0,0.0,1034.0,3.531961888060302e-13
3.0,17.0,0.0,10779.0,0.0,6.073505102730263e-14,0.0,0.0,10850.0,9.580778711786247e-12,0.0,0.0,1700.0,1.1105057640300213e-11,0.0,0.0,27439.0,1.7141989111260503e-11,0.0,0.0,1034.0,2.119177132836181e-13
3.0,18.0,0.0,10779.0,0.0,3.644103061638158e-14,0.0,0.0,10850.0,5.748467227071748e-12,0.0,0.0,1700.0,6.663034584180127e-12,0.0,0.0,27439.0,1.0285193466756301e-11,0.0,0.0,1034.0,1.2715062797017087e-13
3.0,19.0,0.0,10779.0,0.0,2.1864618369828948e-14,0.0,0.0,10850.0,3.449080336243049e-12,0.0,0.0,1700.0,3.997820750508076e-12,0.0,0.0,27439.0,6.1711160800537805e-12,0.0,0.0,1034.0,7.629037678210252e-14
3.0,20.0,0.0,10779.0,0.0,1.3118771021897367e-14,9.2166e-05,1.0,10850.0,3.6866402069448206e-05,0.0,0.0,1700.0,2.3986924503048455e-12,7.2889e-05,2.0,27439.0,2.915560370266965e-05,0.0,0.0,1034.0,4.577422606926151e-14
3.0,21.0,0.0,10779.0,0.0,7.87126261313842e-15,0.000829493,9.0,10850.0,0.00035391704124166897,0.0,0.0,1700.0,1.4392154701829073e-12,7.2889e-05,2.0,27439.0,4.664896222160179e-05,0.0,0.0,1034.0,2.7464535641556903e-14
3.0,22.0,0.0,10779.0,0.0,4.722757567883052e-15,0.000460829,5.0,10850.0,0.0003966818247450014,0.0,0.0,1700.0,8.635292821097443e-13,7.2889e-05,2.0,27439.0,5.7144977332961075e-05,0.0,0.0,1034.0,1.647872138493414e-14
3.0,23.0,0.0,10779.0,0.0,2.8336545407298314e-15,0.000552995,6.0,10850.0,0.0004592070948470009,0.0,0.0,1700.0,5.181175692658466e-13,0.0,0.0,27439.0,3.428698639977664e-05,0.0,0.0,1034.0,9.887232830960485e-15
3.0,24.0,0.0,10779.0,0.0,1.7001927244378988e-15,9.2166e-05,1.0,10850.0,0.00031239065690820053,0.0,0.0,1700.0,3.1087054155950793e-13,0.00010933299999999999,3.0,27439.0,6.430539183986598e-05,0.0,0.0,1034.0,5.93233969857629e-15
3.0,25.0,0.0,10779.0,0.0,1.0201156346627392e-15,0.000737327,8.0,10850.0,0.0004823651941449203,0.0,0.0,1700.0,1.8652232493570476e-13,0.0,0.0,27439.0,3.858323510391958e-05,0.0,0.0,1034.0,3.559403819145774e-15
3.0,26.0,9.277299999999999e-05,10779.0,1.0,3.7109200000612066e-05,0.000368664,4.0,10850.0,0.00043688471648695214,0.0,0.0,1700.0,1.1191339496142285e-13,3.6444e-05,1.0,27439.0,3.772754106235175e-05,0.0,0.0,1034.0,2.1356422914874644e-15
3.0,27.0,0.00018554599999999997,10779.0,2.0,9.648392000036725e-05,0.000368664,4.0,10850.0,0.00040959642989217126,0.0,0.0,1700.0,6.71480369768537e-14,0.000328,9.0,27439.0,0.00015383652463741107,0.0,0.0,1034.0,1.2813853748924786e-15
3.0,28.0,0.0,10779.0,0.0,5.789035200022034e-05,0.000184332,2.0,10850.0,0.0003194906579353028,0.0,0.0,1700.0,4.028882218611222e-14,0.000145778,4.0,27439.0,0.00015061311478244664,0.0,0.0,1034.0,7.688312249354871e-16
3.0,29.0,0.0,10779.0,0.0,3.47342112001322e-05,0.0,0.0,10850.0,0.00019169439476118165,0.0,0.0,1700.0,2.417329331166733e-14,0.00010933299999999999,3.0,27439.0,0.00013410106886946799,0.0,0.0,1034.0,4.612987349612922e-16
3.0,30.0,0.0,10779.0,0.0,2.084052672007932e-05,0.000645161,7.0,10850.0,0.00037308103685670897,0.0,0.0,1700.0,1.4503975987000398e-14,0.0,0.0,27439.0,8.046064132168079e-05,0.0,0.0,1034.0,2.7677924097677534e-16
3.0,31.0,9.277299999999999e-05,10779.0,1.0,4.961351603204759e-05,0.0,0.0,10850.0,0.00022384862211402538,0.0,0.0,1700.0,8.702385592200239e-15,0.000145778,4.0,27439.0,0.00010658758479300848,0.0,0.0,1034.0,1.6606754458606519e-16
3.0,32.0,9.277299999999999e-05,10779.0,1.0,6.687730961922855e-05,0.000184332,2.0,10850.0,0.00020804197326841525,0.0,0.0,1700.0,5.221431355320143e-15,0.000145778,4.0,27439.0,0.0001222637508758051,0.0,0.0,1034.0,9.964052675163911e-17
3.0,33.0,0.0012060489999999998,10779.0,13.0,0.0005225459857715371,0.000737327,8.0,10850.0,0.00041975598396104915,0.0,0.0,1700.0,3.132858813192086e-15,0.000145778,4.0,27439.0,0.00013166945052548305,0.0,0.0,1034.0,5.978431605098347e-17
3.0,34.0,9.277299999999999e-05,10779.0,1.0,0.0003506367914629223,0.001105991,12.0,10850.0,0.0006942499903766295,0.004705882,8.0,1700.0,0.0018823528000018797,7.2889e-05,2.0,27439.0,0.00010815727031528983,0.0,0.0,1034.0,3.587058963059008e-17
3.0,35.0,0.0,10779.0,0.0,0.0002103820748777534,0.000645161,7.0,10850.0,0.0006746143942259776,0.004117647,7.0,1700.0,0.002776470480001128,0.0,0.0,27439.0,6.48943621891739e-05,0.0,0.0,1034.0,2.1522353778354047e-17
3.0,36.0,0.0,10779.0,0.0,0.00012622924492665204,0.000645161,7.0,10850.0,0.0006628330365355866,0.0,0.0,1700.0,0.0016658822880006767,0.0,0.0,27439.0,3.893661731350434e-05,0.0,0.0,1034.0,1.2913412267012428e-17
3.0,37.0,0.0,10779.0,0.0,7.573754695599122e-05,0.00027649799999999997,3.0,10850.0,0.0005082990219213519,0.0,0.0,1700.0,0.000999529372800406,0.0,0.0,27439.0,2.33619703881026e-05,0.0,0.0,1034.0,7.748047360207456e-18
3.0,38.0,0.0,10779.0,0.0,4.5442528173594734e-05,0.0,0.0,10850.0,0.00030497941315281115,0.0,0.0,1700.0,0.0005997176236802437,0.0,0.0,27439.0,1.401718223286156e-05,0.0,0.0,1034.0,4.648828416124474e-18
3.0,39.0,0.0,10779.0,0.0,2.726551690415684e-05,9.2166e-05,1.0,10850.0,0.0002198540478916867,0.0,0.0,1700.0,0.0003598305742081462,0.000145778,4.0,27439.0,6.672150933971694e-05,0.0,0.0,1034.0,2.7892970496746842e-18
3.0,40.0,0.0,10779.0,0.0,1.6359310142494105e-05,0.0,0.0,10850.0,0.00013191242873501202,0.0,0.0,1700.0,0.00021589834452488772,0.000145778,4.0,27439.0,9.834410560383017e-05,0.0,0.0,1034.0,1.6735782298048104e-18
3.0,41.0,0.0,10779.0,0.0,9.815586085496463e-06,0.0,0.0,10850.0,7.91474572410072e-05,0.0,0.0,1700.0,0.0001295390067149326,0.0,0.0,27439.0,5.90064633622981e-05,0.0,0.0,1034.0,1.0041469378828863e-18
3.0,42.0,0.0,10779.0,0.0,5.889351651297878e-06,0.0,0.0,10850.0,4.748847434460432e-05,0.0,0.0,1700.0,7.772340402895957e-05,0.0,0.0,27439.0,3.540387801737886e-05,0.0,0.0,1034.0,6.024881627297317e-19
3.0,43.0,0.0,10779.0,0.0,3.5336109907787263e-06,0.0,0.0,10850.0,2.849308460676259e-05,0.0,0.0,1700.0,4.663404241737574e-05,0.0,0.0,27439.0,2.1242326810427317e-05,0.0,0.0,1034.0,3.61492897637839e-19
3.0,44.0,0.0,10779.0,0.0,2.120166594467236e-06,0.0,0.0,10850.0,1.7095850764057556e-05,0.0,0.0,1700.0,2.7980425450425442e-05,0.0,0.0,27439.0,1.274539608625639e-05,0.0,0.0,1034.0,2.168957385827034e-19
3.0,45.0,0.0,10779.0,0.0,1.2720999566803414e-06,0.0,0.0,10850.0,1.0257510458434533e-05,0.0,0.0,1700.0,1.6788255270255264e-05,0.0,0.0,27439.0,7.647237651753833e-06,0.0,0.0,1034.0,1.3013744314962202e-19
3.0,46.0,0.0,10779.0,0.0,7.632599740082048e-07,0.0,0.0,10850.0,6.15450627506072e-06,0.0,0.0,1700.0,1.0072953162153158e-05,0.0,0.0,27439.0,4.5883425910523e-06,0.0,0.0,1034.0,7.80824658897732e-20
3.0,47.0,0.0,10779.0,0.0,4.579559844049229e-07,0.0,0.0,10850.0,3.6927037650364315e-06,0.0,0.0,1700.0,6.043771897291895e-06,0.0,0.0,27439.0,2.75300555463138e-06,0.0,0.0,1034.0,4.684947953386392e-20
3.0,48.0,0.0,10779.0,0.0,2.747735906429537e-07,0.0,0.0,10850.0,2.215622259021859e-06,0.0,0.0,1700.0,3.6262631383751367e-06,0.0,0.0,27439.0,1.6518033327788278e-06,0.0,0.0,1034.0,2.810968772031835e-20
3.0,49.0,0.0,10779.0,0.0,1.6486415438577222e-07,0.0,0.0,10850.0,1.3293733554131153e-06,0.0,0.0,1700.0,2.175757883025082e-06,0.0,0.0,27439.0,9.910819996672965e-07,0.0,0.0,1034.0,1.686581263219101e-20
3.0,50.0,0.0,10779.0,0.0,9.891849263146334e-08,0.0,0.0,10850.0,7.976240132478691e-07,0.0,0.0,1700.0,1.3054547298150492e-06,0.0,0.0,27439.0,5.946491998003779e-07,0.0,0.0,1034.0,1.0119487579314605e-20
3.0,51.0,0.0,10779.0,0.0,5.9351095578878e-08,0.0,0.0,10850.0,4.785744079487215e-07,0.0,0.0,1700.0,7.832728378890295e-07,0.0,0.0,27439.0,3.5678951988022675e-07,0.0,0.0,1034.0,6.071692547588763e-21
3.0,52.0,0.0,10779.0,0.0,3.56106573473268e-08,0.0,0.0,10850.0,2.8714464476923284e-07,0.0,0.0,1700.0,4.6996370273341766e-07,0.0,0.0,27439.0,2.1407371192813603e-07,0.0,0.0,1034.0,3.643015528553257e-21
4.0,1.0,0.0,11153.0,0.0,2.136639440839608e-08,0.0,0.0,10850.0,1.722867868615397e-07,0.0,0.0,1700.0,2.819782216400506e-07,0.0,0.0,27439.0,1.284442271568816e-07,0.0,0.0,1034.0,2.185809317131954e-21
4.0,2.0,0.0,11153.0,0.0,1.2819836645037648e-08,0.0,0.0,11087.0,1.0337207211692381e-07,0.0,0.0,1714.0,1.6918693298403035e-07,0.0,0.0,27437.0,7.706653629412896e-08,0.0,0.0,1101.0,1.3114855902791725e-21
4.0,3.0,0.0,11153.0,0.0,7.691901987022589e-09,0.0,0.0,11087.0,6.202324327015428e-08,0.0,0.0,1714.0,1.015121597904182e-07,0.0,0.0,27437.0,4.623992177647737e-08,0.0,0.0,1101.0,7.868913541675034e-22
4.0,4.0,0.0,11153.0,0.0,4.6151411922135535e-09,0.0,0.0,11087.0,3.721394596209257e-08,0.0,0.0,1714.0,6.090729587425092e-08,0.0,0.0,27437.0,2.7743953065886423e-08,0.0,0.0,1101.0,4.72134812500502e-22
4.0,5.0,0.0,11153.0,0.0,2.769084715328132e-09,0.0,0.0,11087.0,2.2328367577255542e-08,0.0,0.0,1714.0,3.6544377524550554e-08,0.0,0.0,27437.0,1.6646371839531853e-08,0.0,0.0,1101.0,2.8328088750030123e-22
4.0,6.0,0.0,11153.0,0.0,1.661450829196879e-09,0.0,0.0,11087.0,1.3397020546353325e-08,0.0,0.0,1714.0,2.1926626514730333e-08,3.6447e-05,1.0,27437.0,1.4588787823103719e-05,0.0,0.0,1101.0,1.6996853250018073e-22
4.0,7.0,0.0,11153.0,0.0,9.968704975181273e-10,0.0,0.0,11087.0,8.038212327811995e-09,0.0,0.0,1714.0,1.31559759088382e-08,0.0,0.0,27437.0,8.753272693862231e-06,0.0,0.0,1101.0,1.0198111950010843e-22
4.0,8.0,0.0,11153.0,0.0,5.981222985108764e-10,0.0,0.0,11087.0,4.822927396687197e-09,0.0,0.0,1714.0,7.89358554530292e-09,3.6447e-05,1.0,27437.0,1.983076361631734e-05,0.0,0.0,1101.0,6.118867170006505e-23
4.0,9.0,0.0,11153.0,0.0,3.588733791065258e-10,0.0,0.0,11087.0,2.893756438012318e-09,0.0,0.0,1714.0,4.736151327181752e-09,0.00021868299999999998,6.0,27437.0,9.93716581697904e-05,0.0,0.0,1101.0,3.671320302003903e-23
4.0,10.0,0.0,11153.0,0.0,2.1532402746391547e-10,0.0,0.0,11087.0,1.7362538628073907e-09,0.0,0.0,1714.0,2.841690796309051e-09,7.2894e-05,2.0,27437.0,8.878059490187424e-05,0.0,0.0,1101.0,2.202792181202342e-23
4.0,11.0,0.0,11153.0,0.0,1.2919441647834928e-10,0.0,0.0,11087.0,1.0417523176844345e-09,0.0,0.0,1714.0,1.7050144777854305e-09,3.6447e-05,1.0,27437.0,6.784715694112454e-05,0.0,0.0,1101.0,1.3216753087214051e-23
4.0,12.0,0.0,11153.0,0.0,7.751664988700957e-11,0.0,0.0,11087.0,6.250513906106606e-10,0.0,0.0,1714.0,1.0230086866712583e-09,3.6447e-05,1.0,27437.0,5.528709416467473e-05,0.0,0.0,1101.0,7.93005185232843e-24
4.0,13.0,0.0,11153.0,0.0,4.650998993220574e-11,0.0,0.0,11087.0,3.7503083436639634e-10,0.000583431,1.0,1714.0,0.00023337301380521204,0.0,0.0,27437.0,3.3172256498804835e-05,0.0,0.0,1101.0,4.758031111397058e-24
4.0,14.0,0.00017932400000000002,11153.0,2.0,7.172962790599397e-05,0.0,0.0,11087.0,2.250185006198378e-10,0.0,0.0,1714.0,0.00014002380828312722,0.00010934100000000001,3.0,27437.0,6.36397538992829e-05,0.0,0.0,1101.0,2.8548186668382345e-24
4.0,15.0,0.000806958,11153.0,9.0,0.00036582097674359637,0.0,0.0,11087.0,1.3501110037190267e-10,0.0,0.0,1714.0,8.401428496987634e-05,7.2894e-05,2.0,27437.0,6.734145233956975e-05,0.0,0.0,1101.0,1.7128912001029407e-24
4.0,16.0,0.000986282,11153.0,11.0,0.0006140053860461579,0.00036078300000000005,4.0,11087.0,0.00014431328100666024,0.000583431,1.0,1714.0,0.0002837809709819258,0.0,0.0,27437.0,4.040487140374185e-05,0.000908265,1.0,1101.0,0.00036330600000000003
4.0,17.0,0.00017932400000000002,11153.0,2.0,0.00044013283162769475,0.00126274,14.0,11087.0,0.0005916839686039961,0.0011668610000000002,2.0,1714.0,0.0006370129825891556,7.2894e-05,2.0,27437.0,5.340052284224511e-05,0.0,0.0,1101.0,0.0002179836
4.0,18.0,0.0,11153.0,0.0,0.00026407969897661684,0.00126274,14.0,11087.0,0.0008601063811623977,0.002917153,5.0,1714.0,0.0015490689895534934,0.000291577,8.0,27437.0,0.00014867111370534707,0.0,0.0,1101.0,0.00013079016
4.0,19.0,0.0,11153.0,0.0,0.0001584478193859701,0.00126274,14.0,11087.0,0.0010211598286974386,0.000583431,1.0,1714.0,0.001162813793732096,0.000692496,19.0,27437.0,0.00036620106822320825,0.0,0.0,1101.0,7.847409599999999e-05
4.0,20.0,0.00017932400000000002,11153.0,2.0,0.00016679829163158207,0.001172544,13.0,11087.0,0.0010817134972184632,0.001750292,3.0,1714.0,0.0013978050762392578,0.00153078,42.0,27437.0,0.000832032640933925,0.0,0.0,1101.0,4.708445759999999e-05
4.0,21.0,0.00035864800000000004,11153.0,4.0,0.00024353817497894926,0.00036078300000000005,4.0,11087.0,0.000793341298331078,0.000583431,1.0,1714.0,0.0010720554457435546,0.0018952510000000001,52.0,27437.0,0.001257319984560355,0.0,0.0,1101.0,2.8250674559999993e-05
4.0,22.0,0.0,11153.0,0.0,0.00014612290498736954,0.00027058700000000003,3.0,11087.0,0.0005842395789986468,0.0,0.0,1714.0,0.0006432332674461327,0.002113934,58.0,27437.0,0.001599965590736213,0.0,0.0,1101.0,1.6950404735999996e-05
4.0,23.0,0.0,11153.0,0.0,8.767374299242172e-05,9.0196e-05,1.0,11087.0,0.0003866221473991881,0.0,0.0,1714.0,0.00038593996046767964,0.001749462,48.0,27437.0,0.0016597641544417278,0.003633061,4.0,1101.0,0.0014633946428416
4.0,24.0,0.0,11153.0,0.0,5.2604245795453035e-05,9.0196e-05,1.0,11087.0,0.00026805168843951286,0.0,0.0,1714.0,0.00023156397628060777,0.00102052,28.0,27437.0,0.0014040664926650366,0.000908265,1.0,1101.0,0.00124134278570496
4.0,25.0,8.966200000000001e-05,11153.0,1.0,6.742734747727181e-05,9.0196e-05,1.0,11087.0,0.0001969094130637077,0.0,0.0,1714.0,0.00013893838576836464,0.001093414,30.0,27437.0,0.001279805495599022,0.00181653,2.0,1101.0,0.001471417671422976
4.0,26.0,0.000268986,11153.0,3.0,0.00014805080848636308,0.000180391,2.0,11087.0,0.0001903020478382246,0.0,0.0,1714.0,8.336303146101879e-05,0.0018952510000000001,52.0,27437.0,0.0015259836973594133,0.0,0.0,1101.0,0.0008828506028537856
4.0,27.0,0.0,11153.0,0.0,8.883048509181784e-05,0.000180391,2.0,11087.0,0.00018633762870293473,0.0,0.0,1714.0,5.0017818876611273e-05,0.0008382839999999999,23.0,27437.0,0.001250903818415648,0.000908265,1.0,1101.0,0.0008930163617122714
4.0,28.0,0.0,11153.0,0.0,5.3298291055090704e-05,0.0,0.0,11087.0,0.00011180257722176082,0.0,0.0,1714.0,3.001069132596676e-05,0.00040091800000000005,11.0,27437.0,0.0009109094910493888,0.0,0.0,1101.0,0.0005358098170273628
4.0,29.0,0.0,11153.0,0.0,3.197897463305442e-05,0.0,0.0,11087.0,6.708154633305649e-05,0.0,0.0,1714.0,1.8006414795580055e-05,0.0,0.0,27437.0,0.0005465456946296333,0.0,0.0,1101.0,0.00032148589021641766
4.0,30.0,0.0,11153.0,0.0,1.918738477983265e-05,0.0,0.0,11087.0,4.0248927799833894e-05,0.0,0.0,1714.0,1.0803848877348032e-05,0.0,0.0,27437.0,0.00032792741677778,0.000908265,1.0,1101.0,0.0005561975341298506
4.0,31.0,8.966200000000001e-05,11153.0,1.0,4.737723086789959e-05,0.0,0.0,11087.0,2.4149356679900336e-05,0.0,0.0,1714.0,6.4823093264088195e-06,0.00010934100000000001,3.0,27437.0,0.000240492850066668,0.000908265,1.0,1101.0,0.0006970245204779104
4.0,32.0,0.0,11153.0,0.0,2.8426338520739752e-05,0.0,0.0,11087.0,1.4489614007940201e-05,0.0,0.0,1714.0,3.889385595845291e-06,0.0,0.0,27437.0,0.0001442957100400008,0.0,0.0,1101.0,0.0004182147122867462
4.0,33.0,0.0,11153.0,0.0,1.705580311244385e-05,0.0,0.0,11087.0,8.69376840476412e-06,0.0,0.0,1714.0,2.3336313575071747e-06,0.0,0.0,27437.0,8.657742602400047e-05,0.0,0.0,1101.0,0.0002509288273720477
4.0,34.0,0.0,11153.0,0.0,1.0233481867466308e-05,0.0,0.0,11087.0,5.2162610428584716e-06,0.0,0.0,1714.0,1.4001788145043047e-06,0.0,0.0,27437.0,5.194645561440028e-05,0.0,0.0,1101.0,0.0001505572964232286
4.0,35.0,0.0,11153.0,0.0,6.140089120479785e-06,0.0,0.0,11087.0,3.1297566257150828e-06,0.0,0.0,1714.0,8.401072887025828e-07,0.00010934100000000001,3.0,27437.0,7.490427336864017e-05,0.0,0.0,1101.0,9.033437785393716e-05
4.0,36.0,0.0,11153.0,0.0,3.6840534722878707e-06,0.0,0.0,11087.0,1.8778539754290496e-06,0.0,0.0,1714.0,5.040643732215496e-07,0.0,0.0,27437.0,4.49425640211841e-05,0.0,0.0,1101.0,5.42006267123623e-05
4.0,37.0,0.0,11153.0,0.0,2.2104320833727225e-06,0.0,0.0,11087.0,1.1267123852574297e-06,0.0,0.0,1714.0,3.0243862393292975e-07,7.2894e-05,2.0,27437.0,5.6123138412710456e-05,0.0,0.0,1101.0,3.252037602741738e-05
4.0,38.0,0.0,11153.0,0.0,1.3262592500236334e-06,0.0,0.0,11087.0,6.760274311544578e-07,0.0,0.0,1714.0,1.8146317435975785e-07,0.0,0.0,27437.0,3.3673883047626274e-05,0.0,0.0,1101.0,1.9512225616450427e-05
4.0,39.0,0.0,11153.0,0.0,7.9575555001418e-07,0.0,0.0,11087.0,4.0561645869267466e-07,0.0,0.0,1714.0,1.088779046158547e-07,0.0,0.0,27437.0,2.0204329828575762e-05,0.0,0.0,1101.0,1.1707335369870256e-05
4.0,40.0,0.0,11153.0,0.0,4.77453330008508e-07,0.0,0.0,11087.0,2.433698752156048e-07,0.0,0.0,1714.0,6.532674276951283e-08,0.0,0.0,27437.0,1.2122597897145458e-05,0.0,0.0,1101.0,7.024401221922154e-06
4.0,41.0,0.0,11153.0,0.0,2.864719980051048e-07,0.0,0.0,11087.0,1.4602192512936287e-07,0.0,0.0,1714.0,3.91960456617077e-08,0.0,0.0,27437.0,7.273558738287274e-06,0.0,0.0,1101.0,4.214640733153292e-06
4.0,42.0,0.0,11153.0,0.0,1.7188319880306287e-07,0.0,0.0,11087.0,8.761315507761772e-08,0.0,0.0,1714.0,2.3517627397024618e-08,0.0,0.0,27437.0,4.364135242972364e-06,0.0,0.0,1101.0,2.5287844398919755e-06
4.0,43.0,0.0,11153.0,0.0,1.0312991928183771e-07,0.0,0.0,11087.0,5.2567893046570626e-08,0.0,0.0,1714.0,1.411057643821477e-08,0.0,0.0,27437.0,2.6184811457834183e-06,0.0,0.0,1101.0,1.5172706639351852e-06
4.0,44.0,0.0,11153.0,0.0,6.187795156910263e-08,0.0,0.0,11087.0,3.1540735827942376e-08,0.0,0.0,1714.0,8.466345862928862e-09,0.0,0.0,27437.0,1.571088687470051e-06,0.0,0.0,1101.0,9.103623983611111e-07
4.0,45.0,0.0,11153.0,0.0,3.7126770941461575e-08,0.0,0.0,11087.0,1.8924441496765424e-08,0.0,0.0,1714.0,5.0798075177573175e-09,0.0,0.0,27437.0,9.426532124820306e-07,0.0,0.0,1101.0,5.462174390166666e-07
4.0,46.0,0.0,11153.0,0.0,2.2276062564876946e-08,0.0,0.0,11087.0,1.1354664898059254e-08,0.0,0.0,1714.0,3.0478845106543905e-09,0.0,0.0,27437.0,5.655919274892184e-07,0.0,0.0,1101.0,3.2773046340999997e-07
4.0,47.0,0.0,11153.0,0.0,1.3365637538926167e-08,0.0,0.0,11087.0,6.812798938835552e-09,0.0,0.0,1714.0,1.8287307063926341e-09,0.0,0.0,27437.0,3.39355156493531e-07,0.0,0.0,1101.0,1.9663827804599997e-07
4.0,48.0,0.0,11153.0,0.0,8.0193825233557e-09,0.0,0.0,11087.0,4.087679363301331e-09,0.0,0.0,1714.0,1.0972384238355805e-09,0.0,0.0,27437.0,2.036130938961186e-07,0.0,0.0,1101.0,1.1798296682759997e-07
4.0,49.0,0.0,11153.0,0.0,4.8116295140134195e-09,0.0,0.0,11087.0,2.4526076179807984e-09,0.0,0.0,1714.0,6.583430543013482e-10,0.0,0.0,27437.0,1.2216785633767116e-07,0.0,0.0,1101.0,7.078978009655998e-08
4.0,50.0,0.0,11153.0,0.0,2.8869777084080514e-09,0.0,0.0,11087.0,1.471564570788479e-09,0.0,0.0,1714.0,3.9500583258080894e-10,0.0,0.0,27437.0,7.330071380260269e-08,0.0,0.0,1101.0,4.2473868057935986e-08
4.0,51.0,0.0,11153.0,0.0,1.7321866250448309e-09,0.0,0.0,11087.0,8.829387424730874e-10,0.0,0.0,1714.0,2.3700349954848536e-10,0.0,0.0,27437.0,4.398042828156161e-08,0.0,0.0,1101.0,2.5484320834761592e-08
4.0,52.0,0.0,11153.0,0.0,1.0393119750268985e-09,0.0,0.0,11087.0,5.297632454838524e-10,0.0,0.0,1714.0,1.4220209972909122e-10,0.0,0.0,27437.0,2.6388256968936966e-08,0.0,0.0,1101.0,1.5290592500856954e-08
5.0,1.0,0.0,11532.0,0.0,6.235871850161391e-10,0.0,0.0,11087.0,3.178579472903114e-10,0.0,0.0,1714.0,8.532125983745473e-11,0.0,0.0,27437.0,1.583295418136218e-08,0.0,0.0,1101.0,9.174355500514173e-09
5.0,2.0,0.0,11532.0,0.0,3.7415231100968343e-10,0.0,0.0,11280.0,1.9071476837418683e-10,0.0,0.0,1714.0,5.1192755902472835e-11,0.0,0.0,27230.0,9.499772508817308e-09,0.0,0.0,1085.0,5.504613300308504e-09
5.0,3.0,0.0,11532.0,0.0,2.2449138660581005e-10,0.0,0.0,11280.0,1.144288610245121e-10,0.0,0.0,1714.0,3.07156535414837e-11,0.0,0.0,27230.0,5.699863505290384e-09,0.0,0.0,1085.0,3.302767980185102e-09
5.0,4.0,0.0,11532.0,0.0,1.3469483196348602e-10,0.0,0.0,11280.0,6.865731661470725e-11,0.0,0.0,1714.0,1.842939212489022e-11,0.0,0.0,27230.0,3.4199181031742305e-09,0.0,0.0,1085.0,1.981660788111061e-09
5.0,5.0,0.0,11532.0,0.0,8.081689917809161e-11,0.0,0.0,11280.0,4.119438996882435e-11,0.0,0.0,1714.0,1.1057635274934132e-11,0.0,0.0,27230.0,2.051950861904538e-09,0.0,0.0,1085.0,1.1889964728666365e-09
5.0,6.0,0.0,11532.0,0.0,4.849013950685497e-11,0.0,0.0,11280.0,2.4716633981294608e-11,0.0,0.0,1714.0,6.634581164960479e-12,0.0,0.0,27230.0,1.2311705171427228e-09,0.0,0.0,1085.0,7.133978837199819e-10
5.0,7.0,0.0,11532.0,0.0,2.909408370411298e-11,0.0,0.0,11280.0,1.4829980388776765e-11,0.0,0.0,1714.0,3.980748698976287e-12,0.0,0.0,27230.0,7.387023102856336e-10,0.0,0.0,1085.0,4.280387302319891e-10
5.0,8.0,0.0,11532.0,0.0,1.7456450222467786e-11,0.0,0.0,11280.0,8.897988233266059e-12,0.0,0.0,1714.0,2.388449219385772e-12,0.0,0.0,27230.0,4.4322138617138015e-10,0.0,0.0,1085.0,2.568232381391934e-10
5.0,9.0,0.0,11532.0,0.0,1.0473870133480672e-11,0.0,0.0,11280.0,5.338792939959635e-12,0.0,0.0,1714.0,1.4330695316314631e-12,0.0,0.0,27230.0,2.659328317028281e-10,0.0,0.0,1085.0,1.5409394288351605e-10
5.0,10.0,0.0,11532.0,0.0,6.284322080088403e-12,0.0,0.0,11280.0,3.2032757639757807e-12,0.0,0.0,1714.0,8.598417189788779e-13,0.0,0.0,27230.0,1.5955969902169685e-10,0.0,0.0,1085.0,9.245636573010963e-11
5.0,11.0,0.0,11532.0,0.0,3.770593248053042e-12,0.0,0.0,11280.0,1.9219654583854683e-12,0.0,0.0,1714.0,5.159050313873268e-13,0.0,0.0,27230.0,9.573581941301811e-11,0.0,0.0,1085.0,5.547381943806578e-11
5.0,12.0,0.0,11532.0,0.0,2.262355948831825e-12,0.0,0.0,11280.0,1.153179275031281e-12,0.0,0.0,1714.0,3.0954301883239604e-13,0.0,0.0,27230.0,5.7441491647810864e-11,0.0,0.0,1085.0,3.3284291662839466e-11
5.0,13.0,0.0,11532.0,0.0,1.3574135692990949e-12,0.0,0.0,11280.0,6.919075650187685e-13,0.0,0.0,1714.0,1.8572581129943763e-13,0.0,0.0,27230.0,3.446489498868652e-11,0.0,0.0,1085.0,1.9970574997703678e-11
5.0,14.0,0.0,11532.0,0.0,8.144481415794569e-13,0.0,0.0,11280.0,4.151445390112611e-13,0.0,0.0,1714.0,1.1143548677966257e-13,0.0,0.0,27230.0,2.067893699321191e-11,0.0,0.0,1085.0,1.1982344998622206e-11
5.0,15.0,0.0,11532.0,0.0,4.886688849476742e-13,0.0,0.0,11280.0,2.490867234067566e-13,0.0,0.0,1714.0,6.686129206779753e-14,0.0,0.0,27230.0,1.2407362195927147e-11,0.0,0.0,1085.0,7.1894069991733235e-12
5.0,16.0,0.0,11532.0,0.0,2.932013309686045e-13,8.8652e-05,1.0,11280.0,3.5460800149452036e-05,0.0,0.0,1714.0,4.011677524067852e-14,0.0,0.0,27230.0,7.444417317556288e-12,0.0,0.0,1085.0,4.313644199503994e-12
5.0,17.0,0.0,11532.0,0.0,1.759207985811627e-13,0.000177305,2.0,11280.0,9.219848008967121e-05,0.003500583,6.0,1714.0,0.00140023320002407,0.00011017299999999999,3.0,27230.0,4.406920446665039e-05,0.0,0.0,1085.0,2.588186519702396e-12
5.0,18.0,0.00017343,11532.0,2.0,6.937200010555247e-05,0.0,0.0,11280.0,5.5319088053802724e-05,0.003500583,6.0,1714.0,0.002240373120014442,0.000146897,4.0,27230.0,8.520032267999024e-05,0.0,0.0,1085.0,1.5529119118214376e-12
5.0,19.0,0.00017343,11532.0,2.0,0.00011099520006333148,0.000177305,2.0,11280.0,0.00010411345283228163,0.0011668610000000002,2.0,1714.0,0.0018109682720086652,0.000514139,14.0,27230.0,0.00025677579360799415,0.0,0.0,1085.0,9.317471470928625e-13
5.0,20.0,8.6715e-05,11532.0,1.0,0.00010128312003799888,0.000531915,6.0,11280.0,0.00027523407169936895,0.0,0.0,1714.0,0.0010865809632051992,0.000587587,16.0,27230.0,0.0003891002761647965,0.0,0.0,1085.0,5.590482882557175e-13
5.0,21.0,8.6715e-05,11532.0,1.0,9.545587202279933e-05,0.000177305,2.0,11280.0,0.00023606244301962136,0.0,0.0,1714.0,0.0006519485779231195,0.000624311,17.0,27230.0,0.00048318456569887793,0.0,0.0,1085.0,3.354289729534305e-13
5.0,22.0,0.0,11532.0,0.0,5.7273523213679595e-05,8.8652e-05,1.0,11280.0,0.0001770982658117728,0.0,0.0,1714.0,0.00039116914675387166,0.000367242,10.0,27230.0,0.0004368075394193268,0.0,0.0,1085.0,2.0125738377205828e-13
5.0,23.0,0.0,11532.0,0.0,3.4364113928207754e-05,0.0,0.0,11280.0,0.00010625895948706368,0.0,0.0,1714.0,0.00023470148805232298,7.3448e-05,2.0,27230.0,0.0002914637236515961,0.0009216589999999999,1.0,1085.0,0.0003686636001207544
5.0,24.0,0.0,11532.0,0.0,2.0618468356924653e-05,0.0,0.0,11280.0,6.37553756922382e-05,0.0,0.0,1714.0,0.00014082089283139378,0.0,0.0,27230.0,0.00017487823419095767,0.0,0.0,1085.0,0.0002211981600724526
5.0,25.0,0.0,11532.0,0.0,1.2371081014154792e-05,0.000265957,3.0,11280.0,0.00014463602541534291,0.0,0.0,1714.0,8.449253569883626e-05,3.6724e-05,1.0,27230.0,0.0001196165405145746,0.0,0.0,1085.0,0.00013271889604347156
5.0,26.0,0.0,11532.0,0.0,7.422648608492875e-06,8.8652e-05,1.0,11280.0,0.00012224241524920573,0.0,0.0,1714.0,5.069552141930175e-05,0.0,0.0,27230.0,7.176992430874476e-05,0.0,0.0,1085.0,7.963133762608293e-05
5.0,27.0,0.0,11532.0,0.0,4.4535891650957245e-06,0.0,0.0,11280.0,7.334544914952344e-05,0.0,0.0,1714.0,3.041731285158105e-05,7.3448e-05,2.0,27230.0,7.244115458524686e-05,0.0,0.0,1085.0,4.777880257564976e-05
5.0,28.0,0.0,11532.0,0.0,2.6721534990574348e-06,0.0,0.0,11280.0,4.400726948971406e-05,0.0,0.0,1714.0,1.825038771094863e-05,0.0,0.0,27230.0,4.3464692751148115e-05,0.0,0.0,1085.0,2.8667281545389855e-05
5.0,29.0,0.0,11532.0,0.0,1.6032920994344608e-06,0.0,0.0,11280.0,2.6404361693828435e-05,0.0,0.0,1714.0,1.0950232626569177e-05,7.3448e-05,2.0,27230.0,5.545801565068887e-05,0.0,0.0,1085.0,1.720036892723391e-05
5.0,30.0,0.0,11532.0,0.0,9.619752596606764e-07,0.0,0.0,11280.0,1.584261701629706e-05,0.0,0.0,1714.0,6.570139575941506e-06,3.6724e-05,1.0,27230.0,4.7964409390413324e-05,0.0,0.0,1085.0,1.0320221356340346e-05
5.0,31.0,0.0,11532.0,0.0,5.771851557964058e-07,0.0,0.0,11280.0,9.505570209778235e-06,0.0,0.0,1714.0,3.942083745564904e-06,0.0,0.0,27230.0,2.8778645634247994e-05,0.0,0.0,1085.0,6.192132813804208e-06
5.0,32.0,0.0,11532.0,0.0,3.4631109347784345e-07,0.0,0.0,11280.0,5.703342125866941e-06,0.0,0.0,1714.0,2.365250247338942e-06,0.0,0.0,27230.0,1.7267187380548797e-05,0.0009216589999999999,1.0,1085.0,0.0003723788796882825
5.0,33.0,0.0,11532.0,0.0,2.0778665608670605e-07,0.0,0.0,11280.0,3.4220052755201644e-06,0.0,0.0,1714.0,1.4191501484033652e-06,0.0,0.0,27230.0,1.0360312428329278e-05,0.0,0.0,1085.0,0.00022342732781296948
5.0,34.0,0.0,11532.0,0.0,1.2467199365202362e-07,0.0,0.0,11280.0,2.0532031653120986e-06,0.0,0.0,1714.0,8.514900890420191e-07,0.0,0.0,27230.0,6.216187456997567e-06,0.0,0.0,1085.0,0.00013405639668778168
5.0,35.0,0.0,11532.0,0.0,7.480319619121416e-08,0.0,0.0,11280.0,1.2319218991872592e-06,0.0,0.0,1714.0,5.108940534252115e-07,0.0,0.0,27230.0,3.72971247419854e-06,0.0,0.0,1085.0,8.0433838012669e-05
5.0,36.0,0.0,11532.0,0.0,4.488191771472849e-08,0.0,0.0,11280.0,7.391531395123555e-07,0.0,0.0,1714.0,3.065364320551269e-07,0.0,0.0,27230.0,2.2378274845191238e-06,0.0,0.0,1085.0,4.8260302807601403e-05
5.0,37.0,0.0,11532.0,0.0,2.6929150628837095e-08,0.0,0.0,11280.0,4.434918837074133e-07,0.0,0.0,1714.0,1.839218592330761e-07,0.0,0.0,27230.0,1.3426964907114743e-06,0.0,0.0,1085.0,2.895618168456084e-05
5.0,38.0,0.0,11532.0,0.0,1.6157490377302258e-08,0.0,0.0,11280.0,2.6609513022444795e-07,0.0,0.0,1714.0,1.1035311553984566e-07,0.0,0.0,27230.0,8.056178944268846e-07,0.0,0.0,1085.0,1.7373709010736502e-05
5.0,39.0,0.0,11532.0,0.0,9.694494226381355e-09,0.0,0.0,11280.0,1.5965707813466877e-07,0.0,0.0,1714.0,6.62118693239074e-08,0.0,0.0,27230.0,4.833707366561307e-07,0.0,0.0,1085.0,1.0424225406441901e-05
5.0,40.0,0.0,11532.0,0.0,5.816696535828813e-09,8.8652e-05,1.0,11280.0,3.5556594246880805e-05,0.0,0.0,1714.0,3.9727121594344435e-08,0.0,0.0,27230.0,2.900224419936784e-07,0.0,0.0,1085.0,6.254535243865141e-06
5.0,41.0,0.0,11532.0,0.0,3.4900179214972876e-09,0.0,0.0,11280.0,2.1333956548128484e-05,0.0,0.0,1714.0,2.383627295660666e-08,0.0,0.0,27230.0,1.7401346519620703e-07,0.0,0.0,1085.0,3.7527211463190844e-06
5.0,42.0,0.0,11532.0,0.0,2.0940107528983723e-09,0.0,0.0,11280.0,1.280037392887709e-05,0.0,0.0,1714.0,1.4301763773963996e-08,0.0,0.0,27230.0,1.0440807911772421e-07,0.0,0.0,1085.0,2.2516326877914505e-06
5.0,43.0,0.0,11532.0,0.0,1.2564064517390233e-09,0.0,0.0,11280.0,7.680224357326253e-06,0.0,0.0,1714.0,8.581058264378398e-09,0.0,0.0,27230.0,6.264484747063452e-08,0.0,0.0,1085.0,1.3509796126748703e-06
5.0,44.0,0.0,11532.0,0.0,7.538438710434139e-10,0.0,0.0,11280.0,4.608134614395752e-06,0.0,0.0,1714.0,5.148634958627039e-09,0.0,0.0,27230.0,3.758690848238071e-08,0.0,0.0,1085.0,8.105877676049221e-07
5.0,45.0,0.0,11532.0,0.0,4.5230632262604833e-10,0.0,0.0,11280.0,2.7648807686374513e-06,0.0,0.0,1714.0,3.089180975176223e-09,0.0,0.0,27230.0,2.2552145089428427e-08,0.0,0.0,1085.0,4.863526605629533e-07
5.0,46.0,0.0,11532.0,0.0,2.71383793575629e-10,0.0,0.0,11280.0,1.6589284611824707e-06,0.0,0.0,1714.0,1.8535085851057339e-09,0.0,0.0,27230.0,1.3531287053657055e-08,0.0,0.0,1085.0,2.9181159633777195e-07
5.0,47.0,0.0,11532.0,0.0,1.628302761453774e-10,0.0,0.0,11280.0,9.953570767094824e-07,0.0,0.0,1714.0,1.1121051510634403e-09,0.0,0.0,27230.0,8.118772232194233e-09,0.0,0.0,1085.0,1.7508695780266315e-07
5.0,48.0,0.0,11532.0,0.0,9.769816568722644e-11,0.0,0.0,11280.0,5.972142460256894e-07,0.0,0.0,1714.0,6.672630906380641e-10,0.0,0.0,27230.0,4.8712633393165395e-09,0.0,0.0,1085.0,1.0505217468159789e-07
5.0,49.0,0.0,11532.0,0.0,5.861889941233587e-11,0.0,0.0,11280.0,3.5832854761541367e-07,0.0,0.0,1714.0,4.0035785438283844e-10,0.0,0.0,27230.0,2.9227580035899235e-09,0.0,0.0,1085.0,6.303130480895873e-08
5.0,50.0,0.0,11532.0,0.0,3.517133964740152e-11,0.0,0.0,11280.0,2.149971285692482e-07,0.0,0.0,1714.0,2.4021471262970305e-10,0.0,0.0,27230.0,1.753654802153954e-09,0.0,0.0,1085.0,3.7818782885375236e-08
5.0,51.0,0.0,11532.0,0.0,2.110280378844091e-11,0.0,0.0,11280.0,1.2899827714154892e-07,0.0,0.0,1714.0,1.4412882757782182e-10,0.0,0.0,27230.0,1.0521928812923724e-09,0.0,0.0,1085.0,2.269126973122514e-08
5.0,52.0,0.0,11532.0,0.0,1.2661682273064545e-11,0.0,0.0,11280.0,7.739896628492935e-08,0.0,0.0,1714.0,8.647729654669309e-11,0.0,0.0,27230.0,6.313157287754234e-10,0.0,0.0,1085.0,1.3614761838735085e-08
6.0,1.0,0.0,11894.0,0.0,7.597009363838727e-12,0.0,0.0,11280.0,4.643937977095761e-08,0.0,0.0,1714.0,5.188637792801585e-11,0.0,0.0,27230.0,3.78789437265254e-10,0.0,0.0,1085.0,8.16885710324105e-09
6.0,2.0,0.0,11894.0,0.0,4.558205618303236e-12,0.0,0.0,11405.0,2.7863627862574567e-08,0.0,0.0,1699.0,3.113182675680951e-11,0.0,0.0,26982.0,2.272736623591524e-10,0.0,0.0,1072.0,4.90131426194463e-09
6.0,3.0,0.0,11894.0,0.0,2.7349233709819417e-12,0.0,0.0,11405.0,1.671817671754474e-08,0.0,0.0,1699.0,1.8679096054085704e-11,0.0,0.0,26982.0,1.3636419741549145e-10,0.0,0.0,1072.0,2.9407885571667777e-09
6.0,4.0,0.0,11894.0,0.0,1.6409540225891648e-12,0.0,0.0,11405.0,1.0030906030526843e-08,0.0,0.0,1699.0,1.1207457632451422e-11,0.0,0.0,26982.0,8.181851844929487e-11,0.0,0.0,1072.0,1.7644731343000665e-09
6.0,5.0,0.0,11894.0,0.0,9.845724135534988e-13,0.0,0.0,11405.0,6.018543618316106e-09,0.0,0.0,1699.0,6.724474579470852e-12,0.0,0.0,26982.0,4.909111106957692e-11,0.0,0.0,1072.0,1.0586838805800398e-09
6.0,6.0,0.0,11894.0,0.0,5.907434481320993e-13,0.0,0.0,11405.0,3.611126170989663e-09,0.0,0.0,1699.0,4.0346847476825116e-12,0.0,0.0,26982.0,2.945466664174615e-11,0.0,0.0,1072.0,6.352103283480238e-10
6.0,7.0,0.0,11894.0,0.0,3.5444606887925956e-13,0.0,0.0,11405.0,2.1666757025937978e-09,0.0,0.0,1699.0,2.4208108486095067e-12,0.0,0.0,26982.0,1.767279998504769e-11,0.0,0.0,1072.0,3.811261970088143e-10
6.0,8.0,0.0,11894.0,0.0,2.1266764132755573e-13,0.0,0.0,11405.0,1.3000054215562787e-09,0.0,0.0,1699.0,1.452486509165704e-12,0.0,0.0,26982.0,1.0603679991028613e-11,0.0,0.0,1072.0,2.2867571820528855e-10
6.0,9.0,0.0,11894.0,0.0,1.2760058479653343e-13,0.0,0.0,11405.0,7.800032529337672e-10,0.0,0.0,1699.0,8.714919054994224e-13,0.0,0.0,26982.0,6.362207994617168e-12,0.0,0.0,1072.0,1.3720543092317313e-10
6.0,10.0,0.0,11894.0,0.0,7.656035087792006e-14,0.0,0.0,11405.0,4.680019517602602e-10,0.0,0.0,1699.0,5.228951432996534e-13,0.0,0.0,26982.0,3.8173247967703004e-12,0.0,0.0,1072.0,8.232325855390388e-11
6.0,11.0,0.0,11894.0,0.0,4.5936210526752036e-14,0.0,0.0,11405.0,2.8080117105615614e-10,0.0,0.0,1699.0,3.1373708597979205e-13,3.7062e-05,1.0,26982.0,1.482480229039488e-05,0.0,0.0,1072.0,4.9393955132342325e-11
6.0,12.0,0.0,11894.0,0.0,2.756172631605122e-14,0.0,0.0,11405.0,1.6848070263369368e-10,0.0,0.0,1699.0,1.8824225158787522e-13,0.0,0.0,26982.0,8.894881374236927e-06,0.0,0.0,1072.0,2.963637307940539e-11
6.0,13.0,8.4076e-05,11894.0,1.0,3.363040001653704e-05,0.0,0.0,11405.0,1.0108842158021621e-10,0.0,0.0,1699.0,1.1294535095272513e-13,0.0,0.0,26982.0,5.336928824542156e-06,0.0,0.0,1072.0,1.7781823847643233e-11
6.0,14.0,8.4076e-05,11894.0,1.0,5.3808640009922226e-05,0.0,0.0,11405.0,6.065305294812972e-11,0.0,0.0,1699.0,6.776721057163508e-14,3.7062e-05,1.0,26982.0,1.8026957294725295e-05,0.0,0.0,1072.0,1.066909430858594e-11
6.0,15.0,8.4076e-05,11894.0,1.0,6.591558400595335e-05,0.0,0.0,11405.0,3.639183176887783e-11,0.0,0.0,1699.0,4.0660326342981044e-14,3.7062e-05,1.0,26982.0,2.5640974376835176e-05,0.0,0.0,1072.0,6.401456585151564e-12
6.0,16.0,0.0,11894.0,0.0,3.9549350403572007e-05,0.0,0.0,11405.0,2.1835099061326696e-11,0.0,0.0,1699.0,2.4396195805788626e-14,7.412300000000001e-05,2.0,26982.0,4.503378462610111e-05,0.0,0.0,1072.0,3.840873951090938e-12
6.0,17.0,0.00042038,11894.0,5.0,0.0001918816102421432,0.000789128,9.0,11405.0,0.0003156512131010595,0.0,0.0,1699.0,1.4637717483473174e-14,3.7062e-05,1.0,26982.0,4.184507077566067e-05,0.0,0.0,1072.0,2.304524370654563e-12
6.0,18.0,0.000168152,11894.0,2.0,0.00018238976614528592,0.001139851,13.0,11405.0,0.0006453311278606358,0.0,0.0,1699.0,8.782630490083904e-15,7.412300000000001e-05,2.0,26982.0,5.475624246539641e-05,0.0,0.0,1072.0,1.3827146223927377e-12
6.0,19.0,0.000756684,11894.0,9.0,0.00041210745968717156,0.0009644889999999999,11.0,11405.0,0.0007729942767163814,0.0029429079999999997,5.0,1699.0,0.0011771632000052697,0.000185309,5.0,26982.0,0.00010697734547923784,0.000932836,1.0,1072.0,0.00037313440082962883
6.0,20.0,0.000588532,11894.0,7.0,0.00048267727581230294,0.000613766,7.0,11405.0,0.0007093029660298288,0.001177163,2.0,1699.0,0.0011771631200031619,3.7062e-05,1.0,26982.0,7.901120728754271e-05,0.002798507,3.0,1072.0,0.0013432834404977774
6.0,21.0,8.4076e-05,11894.0,1.0,0.0003232367654873818,0.001139851,13.0,11405.0,0.0008815221796178974,0.0005885819999999999,1.0,1699.0,0.000941730672001897,0.00025943200000000003,7.0,26982.0,0.00015117952437252564,0.0,0.0,1072.0,0.0008059700642986664
6.0,22.0,0.000504456,11894.0,6.0,0.0003957244592924291,0.00043840400000000004,5.0,11405.0,0.0007042749077707385,0.001765745,3.0,1699.0,0.0012713364032011384,0.00044474099999999996,12.0,26982.0,0.0002686041146235154,0.000932836,1.0,1072.0,0.0008567164385791999
6.0,23.0,0.000252228,11894.0,3.0,0.00033832587557545746,0.0009644889999999999,11.0,11405.0,0.0008083605446624431,0.002354326,4.0,1699.0,0.001704532241920683,0.000111185,3.0,26982.0,0.00020563646877410925,0.0,0.0,1072.0,0.0005140298631475199
6.0,24.0,8.4076e-05,11894.0,1.0,0.0002366259253452745,0.00026304299999999997,3.0,11405.0,0.0005902335267974658,0.0,0.0,1699.0,0.0010227193451524097,0.000148247,4.0,26982.0,0.00018268068126446556,0.0,0.0,1072.0,0.0003084179178885119
6.0,25.0,8.4076e-05,11894.0,1.0,0.00017560595520716468,0.000175362,2.0,11405.0,0.0004242849160784795,0.0005885819999999999,1.0,1699.0,0.0008490644070914458,0.000704173,19.0,26982.0,0.00039127760875867936,0.0,0.0,1072.0,0.00018505075073310713
6.0,26.0,0.0,11894.0,0.0,0.00010536357312429881,8.7681e-05,1.0,11405.0,0.00028964334964708767,0.0,0.0,1699.0,0.0005094386442548674,0.00025943200000000003,7.0,26982.0,0.0003385393652552076,0.0,0.0,1072.0,0.00011103045043986428
6.0,27.0,8.4076e-05,11894.0,1.0,9.684854387457929e-05,0.0,0.0,11405.0,0.00017378600978825258,0.0,0.0,1699.0,0.00030566318655292043,7.412300000000001e-05,2.0,26982.0,0.00023277281915312458,0.0,0.0,1072.0,6.661827026391856e-05
6.0,28.0,8.4076e-05,11894.0,1.0,9.173952632474758e-05,0.0,0.0,11405.0,0.00010427160587295155,0.0,0.0,1699.0,0.00018339791193175225,0.000185309,5.0,26982.0,0.00021378729149187475,0.001865672,2.0,1072.0,0.0007862397621583512
6.0,29.0,0.0,11894.0,0.0,5.5043715794848546e-05,8.7681e-05,1.0,11405.0,9.763536352377092e-05,0.0,0.0,1699.0,0.00011003874715905134,0.00025943200000000003,7.0,26982.0,0.00023204517489512486,0.000932836,1.0,1072.0,0.0008448782572950107
6.0,30.0,0.0,11894.0,0.0,3.3026229476909126e-05,8.7681e-05,1.0,11405.0,9.365361811426255e-05,0.0,0.0,1699.0,6.60232482954308e-05,0.000148247,4.0,26982.0,0.00019852590493707491,0.0,0.0,1072.0,0.0005069269543770063
6.0,31.0,8.4076e-05,11894.0,1.0,5.3446137686145474e-05,0.0,0.0,11405.0,5.619217086855753e-05,0.0,0.0,1699.0,3.961394897725848e-05,3.7062e-05,1.0,26982.0,0.00013394034296224496,0.0,0.0,1072.0,0.0003041561726262038
6.0,32.0,8.4076e-05,11894.0,1.0,6.569808261168729e-05,8.7681e-05,1.0,11405.0,6.878770252113452e-05,0.0,0.0,1699.0,2.3768369386355085e-05,0.0,0.0,26982.0,8.036420577734698e-05,0.0,0.0,1072.0,0.00018249370357572228
6.0,33.0,0.0,11894.0,0.0,3.941884956701237e-05,0.0,0.0,11405.0,4.127262151268071e-05,0.0,0.0,1699.0,1.426102163181305e-05,0.0,0.0,26982.0,4.8218523466408185e-05,0.0,0.0,1072.0,0.00010949622214543337
6.0,34.0,0.0,11894.0,0.0,2.365130974020742e-05,0.0,0.0,11405.0,2.4763572907608425e-05,0.0,0.0,1699.0,8.55661297908783e-06,0.0,0.0,26982.0,2.893111407984491e-05,0.0,0.0,1072.0,6.569773328726002e-05
6.0,35.0,8.4076e-05,11894.0,1.0,4.7821185844124454e-05,8.7681e-05,1.0,11405.0,4.993054374456506e-05,0.0,0.0,1699.0,5.133967787452698e-06,0.000185309,5.0,26982.0,9.148226844790696e-05,0.0,0.0,1072.0,3.941863997235601e-05
6.0,36.0,0.0,11894.0,0.0,2.869271150647467e-05,0.0,0.0,11405.0,2.9958326246739033e-05,0.0,0.0,1699.0,3.0803806724716186e-06,0.0,0.0,26982.0,5.4889361068744174e-05,0.0,0.0,1072.0,2.3651183983413605e-05
6.0,37.0,0.0,11894.0,0.0,1.7215626903884802e-05,0.0,0.0,11405.0,1.7974995748043418e-05,0.0,0.0,1699.0,1.8482284034829711e-06,3.7062e-05,1.0,26982.0,4.775841664124651e-05,0.0,0.0,1072.0,1.4190710390048162e-05
6.0,38.0,0.0,11894.0,0.0,1.032937614233088e-05,0.0,0.0,11405.0,1.0784997448826051e-05,0.0,0.0,1699.0,1.1089370420897827e-06,3.7062e-05,1.0,26982.0,4.3479849984747905e-05,0.0,0.0,1072.0,8.514426234028897e-06
6.0,39.0,0.0,11894.0,0.0,6.197625685398528e-06,0.0,0.0,11405.0,6.47099846929563e-06,0.0,0.0,1699.0,6.653622252538696e-07,0.0,0.0,26982.0,2.6087909990848743e-05,0.0,0.0,1072.0,5.108655740417338e-06
6.0,40.0,0.0,11894.0,0.0,3.7185754112391167e-06,0.0,0.0,11405.0,3.882599081577378e-06,0.0,0.0,1699.0,3.992173351523218e-07,3.7062e-05,1.0,26982.0,3.0477545994509244e-05,0.0,0.0,1072.0,3.0651934442504027e-06
6.0,41.0,0.0,11894.0,0.0,2.2311452467434698e-06,0.0,0.0,11405.0,2.3295594489464267e-06,0.0,0.0,1699.0,2.3953040109139306e-07,0.0,0.0,26982.0,1.8286527596705545e-05,0.0,0.0,1072.0,1.8391160665502414e-06
6.0,42.0,0.0,11894.0,0.0,1.3386871480460817e-06,0.0,0.0,11405.0,1.397735669367856e-06,0.0,0.0,1699.0,1.4371824065483584e-07,0.0,0.0,26982.0,1.0971916558023327e-05,0.0,0.0,1072.0,1.1034696399301449e-06
6.0,43.0,0.0,11894.0,0.0,8.03212288827649e-07,0.0,0.0,11405.0,8.386414016207135e-07,0.0,0.0,1699.0,8.62309443929015e-08,0.0,0.0,26982.0,6.583149934813996e-06,0.0,0.0,1072.0,6.620817839580869e-07
6.0,44.0,0.0,11894.0,0.0,4.819273732965894e-07,0.0,0.0,11405.0,5.031848409724281e-07,0.0,0.0,1699.0,5.1738566635740894e-08,0.0,0.0,26982.0,3.949889960888397e-06,0.0,0.0,1072.0,3.972490703748521e-07
6.0,45.0,0.0,11894.0,0.0,2.891564239779536e-07,0.0,0.0,11405.0,3.0191090458345687e-07,0.0,0.0,1699.0,3.104313998144453e-08,0.0,0.0,26982.0,2.3699339765330382e-06,0.0,0.0,1072.0,2.3834944222491126e-07
6.0,46.0,0.0,11894.0,0.0,1.7349385438677216e-07,0.0,0.0,11405.0,1.8114654275007413e-07,0.0,0.0,1699.0,1.8625883988866718e-08,0.0,0.0,26982.0,1.4219603859198228e-06,0.0,0.0,1072.0,1.4300966533494675e-07
6.0,47.0,0.0,11894.0,0.0,1.0409631263206329e-07,0.0,0.0,11405.0,1.0868792565004447e-07,0.0,0.0,1699.0,1.1175530393320031e-08,0.0,0.0,26982.0,8.531762315518936e-07,0.0,0.0,1072.0,8.580579920096805e-08
6.0,48.0,0.0,11894.0,0.0,6.245778757923797e-08,0.0,0.0,11405.0,6.521275539002668e-08,0.0,0.0,1699.0,6.705318235992019e-09,0.0,0.0,26982.0,5.119057389311362e-07,0.0,0.0,1072.0,5.148347952058083e-08
6.0,49.0,0.0,11894.0,0.0,3.747467254754278e-08,0.0,0.0,11405.0,3.912765323401601e-08,0.0,0.0,1699.0,4.023190941595211e-09,0.0,0.0,26982.0,3.071434433586817e-07,0.0,0.0,1072.0,3.0890087712348493e-08
6.0,50.0,0.0,11894.0,0.0,2.248480352852567e-08,0.0,0.0,11405.0,2.3476591940409606e-08,0.0,0.0,1699.0,2.4139145649571264e-09,0.0,0.0,26982.0,1.8428606601520902e-07,0.0,0.0,1072.0,1.8534052627409095e-08
6.0,51.0,0.0,11894.0,0.0,1.3490882117115401e-08,0.0,0.0,11405.0,1.4085955164245763e-08,0.0,0.0,1699.0,1.4483487389742758e-09,0.0,0.0,26982.0,1.1057163960912541e-07,0.0,0.0,1072.0,1.1120431576445456e-08
6.0,52.0,0.0,11894.0,0.0,8.09452927026924e-09,0.0,0.0,11405.0,8.451573098547457e-09,0.0,0.0,1699.0,8.690092433845654e-10,0.0,0.0,26982.0,6.634298376547525e-08,0.0,0.0,1072.0,6.672258945867273e-09
7.0,1.0,0.0,11408.0,0.0,4.8567175621615446e-09,0.0,0.0,11405.0,5.070943859128474e-09,0.0,0.0,1699.0,5.214055460307392e-10,0.0,0.0,26982.0,3.980579025928515e-08,0.0,0.0,1072.0,4.003355367520364e-09
7.0,2.0,0.0,11408.0,0.0,2.914030537296927e-09,0.0,0.0,11219.0,3.0425663154770843e-09,0.0,0.0,1739.0,3.128433276184435e-10,0.0,0.0,27103.0,2.388347415557109e-08,0.0,0.0,1047.0,2.4020132205122183e-09
7.0,3.0,0.0,11408.0,0.0,1.748418322378156e-09,0.0,0.0,11219.0,1.8255397892862504e-09,0.0,0.0,1739.0,1.877059965710661e-10,0.0,0.0,27103.0,1.4330084493342652e-08,0.0,0.0,1047.0,1.4412079323073309e-09
7.0,4.0,0.0,11408.0,0.0,1.0490509934268936e-09,0.0,0.0,11219.0,1.0953238735717501e-09,0.0,0.0,1739.0,1.1262359794263964e-10,0.0,0.0,27103.0,8.598050696005591e-09,0.0,0.0,1047.0,8.647247593843985e-10
7.0,5.0,0.0,11408.0,0.0,6.294305960561361e-10,0.0,0.0,11219.0,6.571943241430501e-10,0.0,0.0,1739.0,6.757415876558378e-11,0.0,0.0,27103.0,5.1588304176033545e-09,0.0,0.0,1047.0,5.188348556306391e-10
7.0,6.0,0.0,11408.0,0.0,3.7765835763368163e-10,0.0,0.0,11219.0,3.9431659448583003e-10,0.0,0.0,1739.0,4.054449525935027e-11,0.0,0.0,27103.0,3.0952982505620127e-09,0.0,0.0,1047.0,3.1130091337838344e-10
7.0,7.0,0.0,11408.0,0.0,2.2659501458020896e-10,0.0,0.0,11219.0,2.3658995669149803e-10,0.0,0.0,1739.0,2.4326697155610158e-11,0.0,0.0,27103.0,1.8571789503372075e-09,0.0,0.0,1047.0,1.8678054802703005e-10
7.0,8.0,0.0,11408.0,0.0,1.3595700874812538e-10,0.0,0.0,11219.0,1.419539740148988e-10,0.0,0.0,1739.0,1.4596018293366094e-11,0.0,0.0,27103.0,1.1143073702023244e-09,0.0,0.0,1047.0,1.1206832881621802e-10
7.0,9.0,0.0,11408.0,0.0,8.157420524887523e-11,0.0,0.0,11219.0,8.517238440893928e-11,0.0,0.0,1739.0,8.757610976019656e-12,0.0,0.0,27103.0,6.685844221213946e-10,0.0,0.0,1047.0,6.724099728973081e-11
7.0,10.0,0.0,11408.0,0.0,4.8944523149325133e-11,0.0,0.0,11219.0,5.1103430645363567e-11,0.0,0.0,1739.0,5.254566585611793e-12,0.0,0.0,27103.0,4.011506532728367e-10,0.0,0.0,1047.0,4.0344598373838486e-11
7.0,11.0,0.0,11408.0,0.0,2.936671388959508e-11,0.0,0.0,11219.0,3.066205838721814e-11,0.0,0.0,1739.0,3.152739951367076e-12,0.0,0.0,27103.0,2.40690391963702e-10,0.0,0.0,1047.0,2.420675902430309e-11
7.0,12.0,0.0,11408.0,0.0,1.7620028333757047e-11,0.0,0.0,11219.0,1.8397235032330883e-11,0.0,0.0,1739.0,1.8916439708202455e-12,0.0,0.0,27103.0,1.444142351782212e-10,0.0,0.0,1047.0,1.4524055414581854e-11
7.0,13.0,0.0,11408.0,0.0,1.0572017000254227e-11,0.0,0.0,11219.0,1.103834101939853e-11,0.0,0.0,1739.0,1.1349863824921473e-12,0.0,0.0,27103.0,8.664854110693271e-11,0.0,0.0,1047.0,8.714433248749112e-12
7.0,14.0,0.0,11408.0,0.0,6.343210200152536e-12,0.0,0.0,11219.0,6.623004611639118e-12,0.0,0.0,1739.0,6.809918294952884e-13,0.0,0.0,27103.0,5.198912466415962e-11,0.0,0.0,1047.0,5.228659949249467e-12
7.0,15.0,0.0,11408.0,0.0,3.8059261200915215e-12,0.0,0.0,11219.0,3.97380276698347e-12,0.0,0.0,1739.0,4.08595097697173e-13,0.0,0.0,27103.0,3.119347479849577e-11,0.0,0.0,1047.0,3.1371959695496804e-12
7.0,16.0,0.0,11408.0,0.0,2.2835556720549126e-12,0.0,0.0,11219.0,2.384281660190082e-12,0.0,0.0,1739.0,2.451570586183038e-13,0.0,0.0,27103.0,1.8716084879097462e-11,0.0,0.0,1047.0,1.882317581729808e-12
7.0,17.0,0.0,11408.0,0.0,1.3701334032329475e-12,0.0,0.0,11219.0,1.4305689961140493e-12,0.0,0.0,1739.0,1.4709423517098226e-13,0.0,0.0,27103.0,1.1229650927458477e-11,0.0,0.0,1047.0,1.1293905490378848e-12
7.0,18.0,0.0,11408.0,0.0,8.220800419397684e-13,0.0,0.0,11219.0,8.583413976684295e-13,0.0,0.0,1739.0,8.825654110258936e-14,0.0,0.0,27103.0,6.737790556475086e-12,0.0,0.0,1047.0,6.776343294227309e-13
7.0,19.0,0.0,11408.0,0.0,4.93248025163861e-13,0.0,0.0,11219.0,5.150048386010577e-13,0.0,0.0,1739.0,5.2953924661553615e-14,0.0,0.0,27103.0,4.042674333885051e-12,0.0,0.0,1047.0,4.065805976536385e-13
7.0,20.0,0.0,11408.0,0.0,2.959488150983166e-13,0.0,0.0,11219.0,3.090029031606346e-13,0.0,0.0,1739.0,3.177235479693217e-14,0.0,0.0,27103.0,2.425604600331031e-12,0.0,0.0,1047.0,2.439483585921831e-13
7.0,21.0,0.0,11408.0,0.0,1.7756928905898997e-13,0.0,0.0,11219.0,1.8540174189638076e-13,0.0,0.0,1739.0,1.90634128781593e-14,0.0,0.0,27103.0,1.4553627601986185e-12,0.0,0.0,1047.0,1.4636901515530987e-13
7.0,22.0,0.0,11408.0,0.0,1.0654157343539397e-13,0.0,0.0,11219.0,1.1124104513782845e-13,0.0,0.0,1739.0,1.1438047726895581e-14,0.0,0.0,27103.0,8.73217656119171e-13,0.0,0.0,1047.0,8.782140909318592e-14
7.0,23.0,0.0,11408.0,0.0,6.392494406123638e-14,0.0,0.0,11219.0,6.674462708269707e-14,0.0,0.0,1739.0,6.862828636137348e-15,0.0,0.0,27103.0,5.239305936715026e-13,0.0,0.0,1047.0,5.269284545591155e-14
7.0,24.0,0.0,11408.0,0.0,3.8354966436741825e-14,0.000267404,3.0,11219.0,0.00010696160004004679,0.0,0.0,1739.0,4.117697181682409e-15,0.0,0.0,27103.0,3.1435835620290154e-13,0.0,0.0,1047.0,3.161570727354693e-14
7.0,25.0,8.765799999999999e-05,11408.0,1.0,3.506320002301298e-05,8.9135e-05,1.0,11219.0,9.983096002402807e-05,0.0,0.0,1739.0,2.4706183090094453e-15,0.0,0.0,27103.0,1.8861501372174092e-13,0.0,0.0,1047.0,1.8969424364128156e-14
7.0,26.0,0.0,11408.0,0.0,2.1037920013807784e-05,0.00035653800000000005,4.0,11219.0,0.00020251377601441687,0.0,0.0,1739.0,1.482370985405667e-15,3.6896e-05,1.0,27103.0,1.4758400113169008e-05,0.0,0.0,1047.0,1.1381654618476894e-14
7.0,27.0,0.0,11408.0,0.0,1.2622752008284671e-05,8.9135e-05,1.0,11219.0,0.00015716226560865012,0.0,0.0,1739.0,8.894225912434003e-16,0.000147585,4.0,27103.0,6.78890400679014e-05,0.0,0.0,1047.0,6.828992771086136e-15
7.0,28.0,8.765799999999999e-05,11408.0,1.0,4.2636851204970804e-05,0.00035653800000000005,4.0,11219.0,0.0002369125593651901,0.0,0.0,1739.0,5.336535547460402e-16,7.3793e-05,2.0,27103.0,7.025062404074085e-05,0.0,0.0,1047.0,4.097395662651682e-15
7.0,29.0,8.765799999999999e-05,11408.0,1.0,6.0645310722982486e-05,0.001069614,12.0,11219.0,0.0005699931356191141,0.0,0.0,1739.0,3.201921328476241e-16,0.00033206699999999996,9.0,27103.0,0.0001749771744244445,0.0,0.0,1047.0,2.4584373975910088e-15
7.0,30.0,0.0,11408.0,0.0,3.638718643378949e-05,0.000802211,9.0,11219.0,0.0006628802813714685,0.0,0.0,1739.0,1.9211527970857446e-16,0.00047965199999999995,13.0,27103.0,0.0002968471046546667,0.0,0.0,1047.0,1.4750624385546052e-15
7.0,31.0,8.765799999999999e-05,11408.0,1.0,5.689551186027369e-05,0.00017826900000000002,2.0,11219.0,0.00046903576882288103,0.0,0.0,1739.0,1.1526916782514468e-16,0.00033206699999999996,9.0,27103.0,0.00031093506279279996,0.0,0.0,1047.0,8.85037463132763e-16
7.0,32.0,8.765799999999999e-05,11408.0,1.0,6.920050711616422e-05,0.000267404,3.0,11219.0,0.0003883830612937286,0.0,0.0,1739.0,6.91615006950868e-17,0.000258274,7.0,27103.0,0.00028987063767567996,0.0,0.0,1047.0,5.310224778796578e-16
7.0,33.0,0.00017531599999999999,11408.0,2.0,0.00011164670426969853,0.00035653800000000005,4.0,11219.0,0.0003756450367762372,0.000575043,1.0,1739.0,0.00023001720000004152,7.3793e-05,2.0,27103.0,0.00020343958260540796,0.0,0.0,1047.0,3.186134867277947e-16
7.0,34.0,8.765799999999999e-05,11408.0,1.0,0.00010205122256181912,0.001247883,14.0,11219.0,0.0007245402220657423,0.0,0.0,1739.0,0.0001380103200000249,0.0,0.0,27103.0,0.00012206374956324477,0.00095511,1.0,1047.0,0.00038204400000019115
7.0,35.0,0.0,11408.0,0.0,6.123073353709147e-05,0.00044567300000000005,5.0,11219.0,0.0006129933332394454,0.0,0.0,1739.0,8.280619200001493e-05,0.000147585,4.0,27103.0,0.00013227224973794686,0.0,0.0,1047.0,0.00022922640000011467
7.0,36.0,0.0,11408.0,0.0,3.673844012225488e-05,8.9135e-05,1.0,11219.0,0.0004034499999436672,0.0,0.0,1739.0,4.9683715200008956e-05,7.3793e-05,2.0,27103.0,0.0001088805498427681,0.0,0.0,1047.0,0.0001375358400000688
7.0,37.0,0.0,11408.0,0.0,2.2043064073352925e-05,0.0,0.0,11219.0,0.00024206999996620031,0.0,0.0,1739.0,2.9810229120005372e-05,7.3793e-05,2.0,27103.0,9.484552990566086e-05,0.0,0.0,1047.0,8.252150400004126e-05
7.0,38.0,0.0,11408.0,0.0,1.3225838444011754e-05,0.0,0.0,11219.0,0.00014524199997972018,0.0,0.0,1739.0,1.7886137472003224e-05,0.0,0.0,27103.0,5.6907317943396514e-05,0.0,0.0,1047.0,4.951290240002476e-05
7.0,39.0,0.0,11408.0,0.0,7.935503066407051e-06,0.0,0.0,11219.0,8.71451999878321e-05,0.0,0.0,1739.0,1.0731682483201934e-05,0.0,0.0,27103.0,3.4144390766037906e-05,0.0,0.0,1047.0,2.970774144001485e-05
7.0,40.0,0.0,11408.0,0.0,4.761301839844231e-06,0.0,0.0,11219.0,5.228711999269926e-05,0.0,0.0,1739.0,6.43900948992116e-06,0.0,0.0,27103.0,2.048663445962274e-05,0.0,0.0,1047.0,1.782464486400891e-05
7.0,41.0,0.0,11408.0,0.0,2.8567811039065384e-06,0.0,0.0,11219.0,3.1372271995619553e-05,0.0,0.0,1739.0,3.863405693952696e-06,0.0,0.0,27103.0,1.2291980675773645e-05,0.0,0.0,1047.0,1.0694786918405346e-05
7.0,42.0,0.0,11408.0,0.0,1.714068662343923e-06,0.0,0.0,11219.0,1.882336319737173e-05,0.0,0.0,1739.0,2.318043416371617e-06,0.0,0.0,27103.0,7.375188405464186e-06,0.0,0.0,1047.0,6.416872151043207e-06
7.0,43.0,0.0,11408.0,0.0,1.0284411974063537e-06,0.0,0.0,11219.0,1.1294017918423038e-05,0.0,0.0,1739.0,1.3908260498229703e-06,0.0,0.0,27103.0,4.425113043278511e-06,0.0,0.0,1047.0,3.850123290625924e-06
7.0,44.0,0.0,11408.0,0.0,6.170647184438122e-07,0.0,0.0,11219.0,6.776410751053823e-06,0.0,0.0,1739.0,8.344956298937821e-07,0.0,0.0,27103.0,2.655067825967107e-06,0.0,0.0,1047.0,2.310073974375554e-06
7.0,45.0,0.0,11408.0,0.0,3.702388310662873e-07,0.0,0.0,11219.0,4.065846450632294e-06,0.0,0.0,1739.0,5.006973779362693e-07,0.0,0.0,27103.0,1.5930406955802641e-06,0.0,0.0,1047.0,1.3860443846253325e-06
7.0,46.0,0.0,11408.0,0.0,2.2214329863977238e-07,0.0,0.0,11219.0,2.4395078703793764e-06,0.0,0.0,1739.0,3.0041842676176155e-07,0.0,0.0,27103.0,9.558244173481585e-07,0.0,0.0,1047.0,8.316266307751994e-07
7.0,47.0,0.0,11408.0,0.0,1.3328597918386343e-07,0.0,0.0,11219.0,1.4637047222276257e-06,0.0,0.0,1739.0,1.8025105605705692e-07,0.0,0.0,27103.0,5.734946504088951e-07,0.0,0.0,1047.0,4.989759784651197e-07
7.0,48.0,0.0,11408.0,0.0,7.997158751031805e-08,0.0,0.0,11219.0,8.782228333365754e-07,0.0,0.0,1739.0,1.0815063363423415e-07,0.0,0.0,27103.0,3.44096790245337e-07,0.0,0.0,1047.0,2.993855870790718e-07
7.0,49.0,0.0,11408.0,0.0,4.7982952506190825e-08,0.0,0.0,11219.0,5.269337000019452e-07,0.0,0.0,1739.0,6.489038018054049e-08,0.0,0.0,27103.0,2.0645807414720221e-07,0.0,0.0,1047.0,1.7963135224744308e-07
7.0,50.0,0.0,11408.0,0.0,2.8789771503714494e-08,0.0,0.0,11219.0,3.161602200011671e-07,0.0,0.0,1739.0,3.8934228108324294e-08,0.0,0.0,27103.0,1.2387484448832133e-07,0.0,0.0,1047.0,1.0777881134846584e-07
7.0,51.0,0.0,11408.0,0.0,1.7273862902228697e-08,0.0,0.0,11219.0,1.8969613200070027e-07,0.0,0.0,1739.0,2.3360536864994576e-08,0.0,0.0,27103.0,7.43249066929928e-08,0.0,0.0,1047.0,6.46672868090795e-08
7.0,52.0,0.0,11408.0,0.0,1.0364317741337218e-08,0.0,0.0,11219.0,1.1381767920042015e-07,0.0,0.0,1739.0,1.4016322118996745e-08,0.0,0.0,27103.0,4.4594944015795674e-08,0.0,0.0,1047.0,3.88003720854477e-08
8.0,1.0,0.0,11039.0,0.0,6.218590644802331e-09,0.0,0.0,11219.0,6.829060752025209e-08,0.0,0.0,1739.0,8.409793271398047e-09,0.0,0.0,27103.0,2.6756966409477404e-08,0.0,0.0,1047.0,2.328022325126862e-08
8.0,2.0,0.0,11039.0,0.0,3.731154386881399e-09,0.0,0.0,11098.0,4.097436451215125e-08,0.0,0.0,1718.0,5.045875962838829e-09,0.0,0.0,27141.0,1.6054179845686443e-08,0.0,0.0,1020.0,1.3968133950761172e-08
8.0,3.0,0.0,11039.0,0.0,2.2386926321288392e-09,0.0,0.0,11098.0,2.4584618707290747e-08,0.0,0.0,1718.0,3.027525577703297e-09,0.0,0.0,27141.0,9.632507907411865e-09,0.0,0.0,1020.0,8.380880370456702e-09
8.0,4.0,0.0,11039.0,0.0,1.3432155792773035e-09,0.0,0.0,11098.0,1.4750771224374447e-08,0.0,0.0,1718.0,1.816515346621978e-09,0.0,0.0,27141.0,5.779504744447119e-09,0.0,0.0,1020.0,5.028528222274021e-09
8.0,5.0,0.0,11039.0,0.0,8.05929347566382e-10,0.0,0.0,11098.0,8.850462734624669e-09,0.0,0.0,1718.0,1.0899092079731869e-09,0.0,0.0,27141.0,3.467702846668271e-09,0.0,0.0,1020.0,3.0171169333644126e-09
8.0,6.0,0.0,11039.0,0.0,4.835576085398292e-10,0.0,0.0,11098.0,5.310277640774801e-09,0.0,0.0,1718.0,6.539455247839121e-10,0.0,0.0,27141.0,2.0806217080009627e-09,0.0,0.0,1020.0,1.8102701600186474e-09
8.0,7.0,0.0,11039.0,0.0,2.901345651238975e-10,0.0,0.0,11098.0,3.1861665844648807e-09,0.0,0.0,1718.0,3.9236731487034724e-10,0.0,0.0,27141.0,1.2483730248005775e-09,0.0,0.0,1020.0,1.0861620960111884e-09
8.0,8.0,0.0,11039.0,0.0,1.7408073907433852e-10,0.0,0.0,11098.0,1.9116999506789282e-09,0.0,0.0,1718.0,2.3542038892220835e-10,0.0,0.0,27141.0,7.490238148803465e-10,0.0,0.0,1020.0,6.51697257606713e-10
8.0,9.0,0.0,11039.0,0.0,1.044484434446031e-10,0.0,0.0,11098.0,1.147019970407357e-09,0.0,0.0,1718.0,1.41252233353325e-10,0.0,0.0,27141.0,4.4941428892820785e-10,0.0,0.0,1020.0,3.9101835456402776e-10
8.0,10.0,0.0,11039.0,0.0,6.266906606676186e-11,0.0,0.0,11098.0,6.882119822444142e-10,0.0,0.0,1718.0,8.4751340011995e-11,0.0,0.0,27141.0,2.696485733569247e-10,0.0,0.0,1020.0,2.3461101273841666e-10
8.0,11.0,0.0,11039.0,0.0,3.7601439640057115e-11,0.0,0.0,11098.0,4.129271893466485e-10,0.0,0.0,1718.0,5.0850804007197e-11,0.0,0.0,27141.0,1.617891440141548e-10,0.0,0.0,1020.0,1.4076660764304998e-10
8.0,12.0,0.0,11039.0,0.0,2.256086378403427e-11,0.0,0.0,11098.0,2.477563136079891e-10,0.0,0.0,1718.0,3.05104824043182e-11,0.0,0.0,27141.0,9.707348640849289e-11,0.0,0.0,1020.0,8.445996458582999e-11
8.0,13.0,0.0,11039.0,0.0,1.353651827042056e-11,0.0,0.0,11098.0,1.4865378816479344e-10,0.0,0.0,1718.0,1.830628944259092e-11,0.0,0.0,27141.0,5.824409184509573e-11,0.0,0.0,1020.0,5.067597875149799e-11
8.0,14.0,0.0,11039.0,0.0,8.121910962252336e-12,0.0,0.0,11098.0,8.919227289887606e-11,0.0,0.0,1718.0,1.0983773665554551e-11,0.0,0.0,27141.0,3.494645510705744e-11,0.0,0.0,1020.0,3.0405587250898795e-11
8.0,15.0,0.0,11039.0,0.0,4.873146577351402e-12,0.0,0.0,11098.0,5.3515363739325635e-11,0.0,0.0,1718.0,6.59026419933273e-12,0.0,0.0,27141.0,2.096787306423446e-11,0.0,0.0,1020.0,1.8243352350539278e-11
8.0,16.0,9.0588e-05,11039.0,1.0,3.623520292388795e-05,0.0,0.0,11098.0,3.210921824359538e-11,0.0,0.0,1718.0,3.954158519599638e-12,0.0,0.0,27141.0,1.2580723838540677e-11,0.0,0.0,1020.0,1.0946011410323566e-11
8.0,17.0,0.0,11039.0,0.0,2.174112175433277e-05,0.0,0.0,11098.0,1.9265530946157228e-11,0.0,0.0,1718.0,2.3724951117597827e-12,0.0,0.0,27141.0,7.548434303124407e-12,0.0,0.0,1020.0,6.567606846194139e-12
8.0,18.0,0.0,11039.0,0.0,1.304467305259966e-05,9.010600000000001e-05,1.0,11098.0,3.604241155931857e-05,0.0,0.0,1718.0,1.4234970670558695e-12,7.368899999999999e-05,2.0,27141.0,2.947560452906058e-05,0.0,0.0,1020.0,3.9405641077164835e-12
8.0,19.0,0.0,11039.0,0.0,7.826803831559796e-06,0.00027031900000000004,3.0,11098.0,0.00012975304693559116,0.0,0.0,1718.0,8.540982402335217e-13,0.0008474260000000001,23.0,27141.0,0.0003566557627174364,0.0,0.0,1020.0,2.36433846462989e-12
8.0,20.0,0.0,11039.0,0.0,4.696082298935877e-06,0.00045053199999999996,5.0,11098.0,0.00025806462816135465,0.0,0.0,1718.0,5.12458944140113e-13,0.0008842710000000001,24.0,27141.0,0.0005677018576304619,0.0,0.0,1020.0,1.4186030787779338e-12
8.0,21.0,0.0,11039.0,0.0,2.8176493793615264e-06,0.0007208510000000001,8.0,11098.0,0.0004431791768968129,0.0,0.0,1718.0,3.074753664840678e-13,0.000700048,19.0,27141.0,0.000620640314578277,0.0,0.0,1020.0,8.511618472667602e-13
8.0,22.0,0.000362352,11039.0,4.0,0.0001466313896276169,0.0007208510000000001,8.0,11098.0,0.0005542479061380879,0.0,0.0,1718.0,1.8448521989044066e-13,0.0008842710000000001,24.0,27141.0,0.0007260925887469662,0.0,0.0,1020.0,5.106971083600561e-13
8.0,23.0,0.000181176,11039.0,2.0,0.00016044923377657016,0.002252658,25.0,11098.0,0.0012336119436828527,0.001164144,2.0,1718.0,0.00046565760011069114,0.000147379,4.0,27141.0,0.0004946071532481798,0.001960784,2.0,1020.0,0.0007843136003064184
8.0,24.0,0.000181176,11039.0,2.0,0.0001687399402659421,0.002613083,29.0,11098.0,0.0017854003662097118,0.001164144,2.0,1718.0,0.0007450521600664147,0.00033160199999999996,9.0,27141.0,0.0004294050919489078,0.0,0.0,1020.0,0.000470588160183851
8.0,25.0,0.000271764,11039.0,3.0,0.00020994956415956527,0.000630744,7.0,11098.0,0.001323537819725827,0.003492433,6.0,1718.0,0.001844004496039849,0.000257912,7.0,27141.0,0.00036080785516934467,0.0029411759999999998,3.0,1020.0,0.0014588232961103105
8.0,26.0,0.000181176,11039.0,2.0,0.00019844013849573916,0.00045053199999999996,5.0,11098.0,0.0009743354918354962,0.000582072,1.0,1718.0,0.0013392314976239095,0.00033160199999999996,9.0,27141.0,0.00034912551310160676,0.001960784,2.0,1020.0,0.0016596075776661864
8.0,27.0,9.0588e-05,11039.0,1.0,0.00015529928309744348,0.0005406380000000001,6.0,11098.0,0.0008008564951012977,0.0,0.0,1718.0,0.0008035388985743457,0.000221068,6.0,27141.0,0.00029790250786096407,0.0,0.0,1020.0,0.0009957645465997118
8.0,28.0,0.0,11039.0,0.0,9.317956985846609e-05,0.000901063,10.0,11098.0,0.0008409390970607787,0.0,0.0,1718.0,0.0004821233391446074,0.000184223,5.0,27141.0,0.00025243070471657843,0.000980392,1.0,1020.0,0.000989615527959827
8.0,29.0,9.0588e-05,11039.0,1.0,9.214294191507965e-05,0.000630744,7.0,11098.0,0.0007568610582364672,0.0,0.0,1718.0,0.00028927400348676443,7.368899999999999e-05,2.0,27141.0,0.00018093402282994708,0.0,0.0,1020.0,0.0005937693167758962
8.0,30.0,9.0588e-05,11039.0,1.0,9.152096514904779e-05,0.000180213,2.0,11098.0,0.0005262018349418803,0.0,0.0,1718.0,0.00017356440209205864,0.000184223,5.0,27141.0,0.00018224961369796825,0.000980392,1.0,1020.0,0.0007484183900655377
8.0,31.0,9.0588e-05,11039.0,1.0,9.114777908942867e-05,9.010600000000001e-05,1.0,11098.0,0.00035176350096512816,0.0,0.0,1718.0,0.00010413864125523519,0.000221068,6.0,27141.0,0.00019777696821878096,0.0,0.0,1020.0,0.00044905103403932264
8.0,32.0,9.0588e-05,11039.0,1.0,9.09238674536572e-05,0.0,0.0,11098.0,0.00021105810057907688,0.0,0.0,1718.0,6.248318475314111e-05,7.368899999999999e-05,2.0,27141.0,0.00014814178093126856,0.0,0.0,1020.0,0.00026943062042359355
8.0,33.0,0.0,11039.0,0.0,5.455432047219432e-05,0.0,0.0,11098.0,0.00012663486034744613,0.0,0.0,1718.0,3.7489910851884666e-05,0.0,0.0,27141.0,8.888506855876114e-05,0.0,0.0,1020.0,0.00016165837225415612
8.0,34.0,0.0,11039.0,0.0,3.2732592283316594e-05,0.0,0.0,11098.0,7.598091620846767e-05,0.0,0.0,1718.0,2.2493946511130798e-05,0.0,0.0,27141.0,5.333104113525668e-05,0.0,0.0,1020.0,9.699502335249367e-05
8.0,35.0,0.0,11039.0,0.0,1.9639555369989956e-05,0.0,0.0,11098.0,4.55885497250806e-05,0.0,0.0,1718.0,1.3496367906678478e-05,0.0,0.0,27141.0,3.199862468115401e-05,0.0,0.0,1020.0,5.81970140114962e-05
8.0,36.0,0.0,11039.0,0.0,1.1783733221993973e-05,0.0,0.0,11098.0,2.735312983504836e-05,0.000582072,1.0,1718.0,0.0002409266207440071,0.0,0.0,27141.0,1.9199174808692404e-05,0.001960784,2.0,1020.0,0.0008192318084068979
8.0,37.0,0.0,11039.0,0.0,7.070239933196383e-06,0.0,0.0,11098.0,1.6411877901029016e-05,0.0,0.0,1718.0,0.00014455597244640426,3.6845e-05,1.0,27141.0,2.6257504885215442e-05,0.0,0.0,1020.0,0.0004915390850441387
8.0,38.0,0.0,11039.0,0.0,4.24214395991783e-06,0.0,0.0,11098.0,9.847126740617408e-06,0.0,0.0,1718.0,8.673358346784255e-05,0.0,0.0,27141.0,1.5754502931129263e-05,0.0,0.0,1020.0,0.0002949234510264832
8.0,39.0,0.0,11039.0,0.0,2.5452863759506977e-06,9.010600000000001e-05,1.0,11098.0,4.195067604437045e-05,0.0,0.0,1718.0,5.204015008070553e-05,0.0,0.0,27141.0,9.452701758677558e-06,0.0,0.0,1020.0,0.0001769540706158899
8.0,40.0,0.0,11039.0,0.0,1.5271718255704186e-06,0.0,0.0,11098.0,2.517040562662227e-05,0.0,0.0,1718.0,3.122409004842332e-05,0.0,0.0,27141.0,5.6716210552065345e-06,0.0,0.0,1020.0,0.00010617244236953393
8.0,41.0,0.0,11039.0,0.0,9.163030953422511e-07,0.0,0.0,11098.0,1.5102243375973361e-05,0.0,0.0,1718.0,1.873445402905399e-05,0.0,0.0,27141.0,3.4029726331239205e-06,0.0,0.0,1020.0,6.370346542172035e-05
8.0,42.0,0.0,11039.0,0.0,5.497818572053506e-07,0.0,0.0,11098.0,9.061346025584017e-06,0.0,0.0,1718.0,1.1240672417432394e-05,0.0,0.0,27141.0,2.0417835798743522e-06,0.0,0.0,1020.0,3.822207925303221e-05
8.0,43.0,0.0,11039.0,0.0,3.2986911432321035e-07,0.0,0.0,11098.0,5.43680761535041e-06,0.0,0.0,1718.0,6.744403450459436e-06,0.0,0.0,27141.0,1.2250701479246114e-06,0.0,0.0,1020.0,2.2933247551819327e-05
8.0,44.0,0.0,11039.0,0.0,1.979214685939262e-07,0.0,0.0,11098.0,3.262084569210246e-06,0.0,0.0,1718.0,4.046642070275662e-06,0.0,0.0,27141.0,7.350420887547668e-07,0.0,0.0,1020.0,1.3759948531091596e-05
8.0,45.0,0.0,11039.0,0.0,1.1875288115635571e-07,0.0,0.0,11098.0,1.9572507415261475e-06,0.0,0.0,1718.0,2.427985242165397e-06,0.0,0.0,27141.0,4.4102525325286005e-07,0.0,0.0,1020.0,8.255969118654957e-06
8.0,46.0,0.0,11039.0,0.0,7.125172869381342e-08,0.0,0.0,11098.0,1.1743504449156885e-06,0.0,0.0,1718.0,1.4567911452992382e-06,0.0,0.0,27141.0,2.6461515195171604e-07,0.0,0.0,1020.0,4.953581471192974e-06
8.0,47.0,0.0,11039.0,0.0,4.2751037216288055e-08,0.0,0.0,11098.0,7.04610266949413e-07,0.0,0.0,1718.0,8.740746871795429e-07,0.0,0.0,27141.0,1.587690911710296e-07,0.0,0.0,1020.0,2.9721488827157843e-06
8.0,48.0,0.0,11039.0,0.0,2.5650622329772834e-08,0.0,0.0,11098.0,4.227661601696478e-07,0.0,0.0,1718.0,5.244448123077257e-07,0.0,0.0,27141.0,9.526145470261776e-08,0.0,0.0,1020.0,1.7832893296294705e-06
8.0,49.0,0.0,11039.0,0.0,1.53903733978637e-08,0.0,0.0,11098.0,2.5365969610178866e-07,0.0,0.0,1718.0,3.146668873846354e-07,0.0,0.0,27141.0,5.715687282157065e-08,0.0,0.0,1020.0,1.0699735977776823e-06
8.0,50.0,0.0,11039.0,0.0,9.23422403871822e-09,0.0,0.0,11098.0,1.5219581766107318e-07,0.0,0.0,1718.0,1.8880013243078124e-07,0.0,0.0,27141.0,3.429412369294239e-08,0.0,0.0,1020.0,6.419841586666094e-07
8.0,51.0,0.0,11039.0,0.0,5.540534423230932e-09,0.0,0.0,11098.0,9.131749059664391e-08,0.0,0.0,1718.0,1.1328007945846873e-07,0.0,0.0,27141.0,2.0576474215765435e-08,0.0,0.0,1020.0,3.8519049519996565e-07
8.0,52.0,0.0,11039.0,0.0,3.324320653938559e-09,0.0,0.0,11098.0,5.479049435798634e-08,0.0,0.0,1718.0,6.796804767508124e-08,0.0,0.0,27141.0,1.234588452945926e-08,0.0,0.0,1020.0,2.311142971199794e-07
9.0,1.0,0.0,10682.0,0.0,1.9945923923631354e-09,0.0,0.0,11098.0,3.28742966147918e-08,0.0,0.0,1718.0,4.078082860504874e-08,0.0,0.0,27141.0,7.407530717675555e-09,0.0,0.0,1020.0,1.3866857827198764e-07
9.0,2.0,0.0,10682.0,0.0,1.1967554354178812e-09,0.0,0.0,10978.0,1.972457796887508e-08,0.0,0.0,1697.0,2.4468497163029243e-08,0.0,0.0,27181.0,4.444518430605333e-09,0.0,0.0,994.0,8.320114696319258e-08
9.0,3.0,0.0,10682.0,0.0,7.180532612507287e-10,0.0,0.0,10978.0,1.1834746781325048e-08,0.0,0.0,1697.0,1.4681098297817544e-08,0.0,0.0,27181.0,2.6667110583631998e-09,0.0,0.0,994.0,4.9920688177915546e-08
9.0,4.0,0.0,10682.0,0.0,4.308319567504372e-10,0.0,0.0,10978.0,7.100848068795028e-09,0.0,0.0,1697.0,8.808658978690526e-09,0.0,0.0,27181.0,1.6000266350179197e-09,0.0,0.0,994.0,2.995241290674933e-08
9.0,5.0,0.0,10682.0,0.0,2.584991740502623e-10,0.0,0.0,10978.0,4.260508841277016e-09,0.0,0.0,1697.0,5.285195387214315e-09,0.0,0.0,27181.0,9.600159810107519e-10,0.0,0.0,994.0,1.7971447744049596e-08
9.0,6.0,0.0,10682.0,0.0,1.550995044301574e-10,0.0,0.0,10978.0,2.5563053047662097e-09,0.0,0.0,1697.0,3.1711172323285887e-09,0.0,0.0,27181.0,5.760095886064511e-10,0.0,0.0,994.0,1.0782868646429758e-08
9.0,7.0,0.0,10682.0,0.0,9.305970265809443e-11,0.0,0.0,10978.0,1.5337831828597259e-09,0.0,0.0,1697.0,1.902670339397153e-09,0.0,0.0,27181.0,3.4560575316387066e-10,0.0,0.0,994.0,6.4697211878578545e-09
9.0,8.0,0.0,10682.0,0.0,5.583582159485666e-11,0.0,0.0,10978.0,9.202699097158355e-10,0.0,0.0,1697.0,1.1416022036382918e-09,0.0,0.0,27181.0,2.073634518983224e-10,0.0,0.0,994.0,3.881832712714712e-09
9.0,9.0,0.0,10682.0,0.0,3.3501492956913994e-11,0.0,0.0,10978.0,5.521619458295013e-10,0.0,0.0,1697.0,6.849613221829751e-10,3.679e-05,1.0,27181.0,1.4716124418071138e-05,0.0,0.0,994.0,2.329099627628827e-09
9.0,10.0,0.0,10682.0,0.0,2.0100895774148396e-11,0.0,0.0,10978.0,3.312971674977008e-10,0.0,0.0,1697.0,4.1097679330978505e-10,0.0,0.0,27181.0,8.829674650842683e-06,0.0,0.0,994.0,1.3974597765772963e-09
9.0,11.0,0.0,10682.0,0.0,1.2060537464489038e-11,0.0,0.0,10978.0,1.9877830049862045e-10,0.0,0.0,1697.0,2.4658607598587104e-10,0.0,0.0,27181.0,5.297804790505609e-06,0.0,0.0,994.0,8.384758659463777e-10
9.0,12.0,0.0,10682.0,0.0,7.236322478693423e-12,0.0,0.0,10978.0,1.1926698029917226e-10,0.0,0.0,1697.0,1.4795164559152262e-10,0.0,0.0,27181.0,3.1786828743033654e-06,0.0,0.0,994.0,5.030855195678266e-10
9.0,13.0,0.000280848,10682.0,3.0,0.00011233920434179348,0.0,0.0,10978.0,7.156018817950335e-11,0.0,0.0,1697.0,8.877098735491357e-11,0.0,0.0,27181.0,1.907209724582019e-06,0.0,0.0,994.0,3.0185131174069597e-10
9.0,14.0,9.3616e-05,10682.0,1.0,0.00010484992260507609,0.0,0.0,10978.0,4.293611290770201e-11,0.0,0.0,1697.0,5.326259241294814e-11,3.679e-05,1.0,27181.0,1.586032583474921e-05,0.0,0.0,994.0,1.8111078704441759e-10
9.0,15.0,9.3616e-05,10682.0,1.0,0.00010035635356304566,0.0,0.0,10978.0,2.5761667744621208e-11,0.0,0.0,1697.0,3.195755544776888e-11,0.0,0.0,27181.0,9.516195500849526e-06,0.0,0.0,994.0,1.0866647222665054e-10
9.0,16.0,0.001497856,10682.0,16.0,0.0006593562121378275,0.000182177,2.0,10978.0,7.287081545700064e-05,0.0,0.0,1697.0,1.917453326866133e-11,3.679e-05,1.0,27181.0,2.0425717300509715e-05,0.0,0.0,994.0,6.519988333599032e-11
9.0,17.0,0.000187232,10682.0,2.0,0.00047050652728269655,0.000637621,7.0,10978.0,0.00029877088927420035,0.0,0.0,1697.0,1.1504719961196797e-11,0.0,0.0,27181.0,1.2255430380305828e-05,0.007044406,7.0,994.0,0.00281776243911993
9.0,18.0,0.000280848,10682.0,3.0,0.0003946431163696179,0.000273266,3.0,10978.0,0.0002885689335645202,0.001178374,2.0,1697.0,0.000471349606902832,7.3581e-05,2.0,27181.0,3.6785658228183494e-05,0.004025375,4.0,994.0,0.003300807463471958
9.0,19.0,0.000561696,10682.0,6.0,0.0004614642698217707,0.000364355,4.0,10978.0,0.0003188833601387121,0.0,0.0,1697.0,0.0002828097641416992,0.000147162,4.0,27181.0,8.093619493691009e-05,0.007044406,7.0,994.0,0.004798246878083175
9.0,20.0,0.00140424,10682.0,15.0,0.0008385745618930624,0.000455444,5.0,10978.0,0.00037350761608322727,0.0,0.0,1697.0,0.00016968585848501952,0.000257533,7.0,27181.0,0.00015157491696214607,0.0050317190000000005,5.0,994.0,0.004891635726849905
9.0,21.0,0.002246784,10682.0,24.0,0.0014018583371358372,0.000455444,5.0,10978.0,0.00040628216964993635,0.000589187,1.0,1697.0,0.00033748631509101173,0.000110371,3.0,27181.0,0.00013509335017728764,0.001006344,1.0,994.0,0.003337519036109943
9.0,22.0,0.0027148640000000004,10682.0,29.0,0.0019270606022815024,0.0013663310000000001,15.0,10978.0,0.0007903017017899618,0.001767561,3.0,1697.0,0.000909516189054607,0.000367905,10.0,27181.0,0.0002282180101063726,0.001006344,1.0,994.0,0.0024050490216659657
9.0,23.0,0.0017787039999999999,10682.0,19.0,0.0018677179613689012,0.002550485,28.0,10978.0,0.0014943750210739772,0.001178374,2.0,1697.0,0.0010170593134327642,0.000662229,18.0,27181.0,0.00040182240606382355,0.002012687,2.0,994.0,0.0022481042129995797
9.0,24.0,0.0024340160000000002,10682.0,26.0,0.0020942371768213407,0.00218613,24.0,10978.0,0.0017710770126443862,0.000589187,1.0,1697.0,0.0008459103880596585,0.000588648,16.0,27181.0,0.0004765526436382941,0.010063437,10.0,994.0,0.005374237327799748
