year,flu week,SG rate,SG pop,SG count,SG weighted rate,PA rate,PA count,PA pop,PA weighted rate
,,,,,0.0,,,,
1.0,1.0,0.0,3618.0,0.0,0.0,,,,0.0
1.0,2.0,0.0,3618.0,0.0,0.0,0.0,0.0,15597.0,0.0
1.0,3.0,0.0,3618.0,0.0,0.0,0.0,0.0,15597.0,0.0
1.0,4.0,0.0,3618.0,0.0,0.0,6.4115e-05,1.0,15597.0,2.5646000000000005e-05
1.0,5.0,0.0,3618.0,0.0,0.0,0.0,0.0,15597.0,1.53876e-05
1.0,6.0,0.007462687,3618.0,27.0,0.0029850748,6.4115e-05,1.0,15597.0,3.4878560000000006e-05
1.0,7.0,0.011885018999999998,3618.0,43.0,0.00654505248,0.00025646,4.0,15597.0,0.00012351113600000003
1.0,8.0,0.007462687,3618.0,27.0,0.006912106288,0.00326986,51.0,15597.0,0.0013820506816
1.0,9.0,0.007462687,3618.0,27.0,0.0071323385728,0.004808617,75.0,15597.0,0.00275267720896
1.0,10.0,0.00525152,3618.0,19.0,0.00638001114368,0.012374175,193.0,15597.0,0.006601276325376
1.0,11.0,0.0046987290000000004,3618.0,17.0,0.005707498286208,0.009232545,144.0,15597.0,0.0076537837952256
1.0,12.0,0.004422333,3618.0,16.0,0.0051934321717248,0.0007693789999999999,12.0,15597.0,0.00490002187713536
1.0,13.0,0.001105583,3618.0,4.0,0.0035582925030348796,0.000577034,9.0,15597.0,0.003170826726281216
1.0,14.0,0.001381979,3618.0,5.0,0.0026877671018209278,0.000448804,7.0,15597.0,0.0020820176357687296
1.0,15.0,0.002211166,3618.0,8.0,0.0024971266610925567,0.000192345,3.0,15597.0,0.0013261485814612375
1.0,16.0,0.0030403540000000003,3618.0,11.0,0.0027144175966555342,0.0,0.0,15597.0,0.0007956891488767425
1.0,17.0,0.003593145,3618.0,13.0,0.003065908557993321,0.0,0.0,15597.0,0.00047741348932604544
1.0,18.0,0.0030403540000000003,3618.0,11.0,0.0030556867347959924,0.0,0.0,15597.0,0.00028644809359562725
1.0,19.0,0.001934771,3618.0,7.0,0.0026073204408775955,0.0,0.0,15597.0,0.00017186885615737635
1.0,20.0,0.002487562,3618.0,9.0,0.0025594170645265573,0.0,0.0,15597.0,0.0001031213136944258
1.0,21.0,0.002211166,3618.0,8.0,0.0024201166387159342,0.0,0.0,15597.0,6.187278821665547e-05
1.0,22.0,0.002763958,3618.0,10.0,0.002557653183229561,0.0,0.0,15597.0,3.712367292999328e-05
1.0,23.0,0.001934771,3618.0,7.0,0.0023085003099377367,0.0,0.0,15597.0,2.2274203757995967e-05
1.0,24.0,0.002763958,3618.0,10.0,0.002490683385962642,0.0,0.0,15597.0,1.3364522254797579e-05
1.0,25.0,0.001658375,3618.0,6.0,0.002157760031577585,0.0,0.0,15597.0,8.018713352878548e-06
1.0,26.0,0.001381979,3618.0,5.0,0.001847447618946551,0.0,0.0,15597.0,4.8112280117271285e-06
1.0,27.0,0.001934771,3618.0,7.0,0.0018823769713679308,0.0,0.0,15597.0,2.886736807036277e-06
1.0,28.0,0.001934771,3618.0,7.0,0.0019033345828207587,0.0,0.0,15597.0,1.7320420842217662e-06
1.0,29.0,0.0,3618.0,0.0,0.0011420007496924553,0.0,0.0,15597.0,1.0392252505330597e-06
1.0,30.0,0.0,3618.0,0.0,0.0006852004498154731,0.0,0.0,15597.0,6.235351503198358e-07
1.0,31.0,0.0,3618.0,0.0,0.0004111202698892839,0.0,0.0,15597.0,3.7412109019190146e-07
1.0,32.0,0.0,3618.0,0.0,0.0002466721619335703,0.0,0.0,15597.0,2.2447265411514086e-07
1.0,33.0,0.0,3618.0,0.0,0.00014800329716014218,0.0,0.0,15597.0,1.346835924690845e-07
1.0,34.0,0.0,3618.0,0.0,8.88019782960853e-05,0.0,0.0,15597.0,8.081015548145071e-08
1.0,35.0,0.0,3618.0,0.0,5.3281186977651176e-05,0.0,0.0,15597.0,4.8486093288870424e-08
1.0,36.0,0.0,3618.0,0.0,3.19687121865907e-05,0.0,0.0,15597.0,2.9091655973322254e-08
1.0,37.0,0.0,3618.0,0.0,1.918122731195442e-05,0.0,0.0,15597.0,1.745499358399335e-08
1.0,38.0,0.0,3618.0,0.0,1.1508736387172652e-05,0.0,0.0,15597.0,1.0472996150396011e-08
1.0,39.0,0.0,3618.0,0.0,6.905241832303591e-06,0.0,0.0,15597.0,6.283797690237606e-09
1.0,40.0,0.0,3618.0,0.0,4.143145099382155e-06,0.0,0.0,15597.0,3.770278614142564e-09
1.0,41.0,0.0,3618.0,0.0,2.4858870596292925e-06,0.0,0.0,15597.0,2.262167168485538e-09
1.0,42.0,0.0,3618.0,0.0,1.4915322357775754e-06,0.0,0.0,15597.0,1.3573003010913227e-09
1.0,43.0,0.0,3618.0,0.0,8.949193414665452e-07,0.0,0.0,15597.0,8.143801806547936e-10
1.0,44.0,0.0,3618.0,0.0,5.36951604879927e-07,0.0,0.0,15597.0,4.886281083928761e-10
1.0,45.0,0.0,3618.0,0.0,3.221709629279562e-07,0.0,0.0,15597.0,2.931768650357257e-10
1.0,46.0,0.0,3618.0,0.0,1.9330257775677372e-07,0.0,0.0,15597.0,1.759061190214354e-10
1.0,47.0,0.0,3618.0,0.0,1.1598154665406422e-07,0.0,0.0,15597.0,1.0554367141286123e-10
1.0,48.0,0.0,3618.0,0.0,6.958892799243853e-08,0.0,0.0,15597.0,6.332620284771674e-11
1.0,49.0,0.0,3618.0,0.0,4.175335679546312e-08,0.0,0.0,15597.0,3.799572170863004e-11
1.0,50.0,0.0,3618.0,0.0,2.505201407727787e-08,0.0,0.0,15597.0,2.2797433025178023e-11
1.0,51.0,0.0,3618.0,0.0,1.503120844636672e-08,0.0,0.0,15597.0,1.3678459815106813e-11
1.0,52.0,0.0,3618.0,0.0,9.018725067820032e-09,0.0,0.0,15597.0,8.207075889064088e-12
1.0,53.0,0.0,3618.0,0.0,5.411235040692019e-09,0.0,0.0,15597.0,4.924245533438452e-12
2.0,1.0,0.0,3585.0,0.0,3.2467410244152112e-09,0.0,0.0,15597.0,2.9545473200630713e-12
2.0,2.0,0.0,3585.0,0.0,1.9480446146491267e-09,0.0,0.0,15506.0,1.7727283920378427e-12
2.0,3.0,0.0,3585.0,0.0,1.168826768789476e-09,0.0,0.0,15506.0,1.0636370352227055e-12
2.0,4.0,0.0,3585.0,0.0,7.012960612736856e-10,0.0,0.0,15506.0,6.381822211336233e-13
2.0,5.0,0.0,3585.0,0.0,4.2077763676421136e-10,0.0,0.0,15506.0,3.8290933268017397e-13
2.0,6.0,0.0,3585.0,0.0,2.524665820585268e-10,0.0,0.0,15506.0,2.297455996081044e-13
2.0,7.0,0.0,3585.0,0.0,1.5147994923511608e-10,0.0,0.0,15506.0,1.3784735976486264e-13
2.0,8.0,0.0,3585.0,0.0,9.088796954106965e-11,0.0,0.0,15506.0,8.270841585891758e-14
2.0,9.0,0.0,3585.0,0.0,5.4532781724641786e-11,0.0,0.0,15506.0,4.962504951535055e-14
2.0,10.0,0.0,3585.0,0.0,3.271966903478507e-11,0.0,0.0,15506.0,2.9775029709210326e-14
2.0,11.0,0.0,3585.0,0.0,1.9631801420871044e-11,0.0,0.0,15506.0,1.7865017825526196e-14
2.0,12.0,0.0,3585.0,0.0,1.1779080852522626e-11,0.0,0.0,15506.0,1.0719010695315718e-14
2.0,13.0,0.0,3585.0,0.0,7.0674485115135755e-12,0.0,0.0,15506.0,6.4314064171894306e-15
2.0,14.0,0.0,3585.0,0.0,4.2404691069081455e-12,0.0,0.0,15506.0,3.8588438503136585e-15
2.0,15.0,0.0,3585.0,0.0,2.544281464144887e-12,0.0,0.0,15506.0,2.315306310188195e-15
2.0,16.0,0.0,3585.0,0.0,1.5265688784869322e-12,0.00038694699999999995,6.0,15506.0,0.0001547788000013892
2.0,17.0,0.0,3585.0,0.0,9.159413270921593e-13,0.000257965,4.0,15506.0,0.00019605328000083352
2.0,18.0,0.0,3585.0,0.0,5.495647962552956e-13,0.000451438,7.0,15506.0,0.0002982071680005001
2.0,19.0,0.0,3585.0,0.0,3.2973887775317734e-13,0.000451438,7.0,15506.0,0.0003594995008003001
2.0,20.0,0.0,3585.0,0.0,1.978433266519064e-13,0.000257965,4.0,15506.0,0.00031888570048018
2.0,21.0,0.0,3585.0,0.0,1.1870599599114385e-13,0.0,0.0,15506.0,0.00019133142028810802
2.0,22.0,0.0,3585.0,0.0,7.12235975946863e-14,0.0,0.0,15506.0,0.0001147988521728648
2.0,23.0,0.0,3585.0,0.0,4.273415855681178e-14,0.000451438,7.0,15506.0,0.0002494545113037189
2.0,24.0,0.0,3585.0,0.0,2.5640495134087066e-14,0.000644912,10.0,15506.0,0.0004076375067822314
2.0,25.0,0.0,3585.0,0.0,1.5384297080452237e-14,0.000838385,13.0,15506.0,0.0005799365040693389
2.0,26.0,0.0,3585.0,0.0,9.230578248271343e-15,0.000451438,7.0,15506.0,0.0005285371024416033
2.0,27.0,0.0,3585.0,0.0,5.538346948962805e-15,0.00038694699999999995,6.0,15506.0,0.00047190106146496197
2.0,28.0,0.0,3585.0,0.0,3.323008169377683e-15,0.000902876,14.0,15506.0,0.0006442910368789773
2.0,29.0,0.0,3585.0,0.0,1.9938049016266096e-15,0.0007738939999999999,12.0,15506.0,0.0006961322221273863
2.0,30.0,0.00167364,3585.0,6.0,0.0006694560000011963,0.000644912,10.0,15506.0,0.0006756441332764318
2.0,31.0,0.00055788,3585.0,2.0,0.0006248256000007178,0.000709403,11.0,15506.0,0.000689147679965859
2.0,32.0,0.00055788,3585.0,2.0,0.0005980473600004307,0.000451438,7.0,15506.0,0.0005940638079795154
2.0,33.0,0.00111576,3585.0,4.0,0.0008051324160002584,6.4491e-05,1.0,15506.0,0.0003822346847877092
2.0,34.0,0.0,3585.0,0.0,0.00048307944960015504,0.000128982,2.0,15506.0,0.0002809336108726255
2.0,35.0,0.0,3585.0,0.0,0.000289847669760093,0.0,0.0,15506.0,0.0001685601665235753
2.0,36.0,0.0,3585.0,0.0,0.0001739086018560558,0.0,0.0,15506.0,0.00010113609991414518
2.0,37.0,0.0,3585.0,0.0,0.00010434516111363348,0.0,0.0,15506.0,6.0681659948487104e-05
2.0,38.0,0.0,3585.0,0.0,6.260709666818009e-05,0.0,0.0,15506.0,3.640899596909226e-05
2.0,39.0,0.0,3585.0,0.0,3.756425800090805e-05,0.0,0.0,15506.0,2.1845397581455356e-05
2.0,40.0,0.0,3585.0,0.0,2.2538554800544827e-05,0.0,0.0,15506.0,1.3107238548873214e-05
2.0,41.0,0.0,3585.0,0.0,1.3523132880326895e-05,0.0,0.0,15506.0,7.864343129323928e-06
2.0,42.0,0.0,3585.0,0.0,8.113879728196137e-06,0.0,0.0,15506.0,4.718605877594356e-06
2.0,43.0,0.0,3585.0,0.0,4.868327836917682e-06,0.0,0.0,15506.0,2.831163526556614e-06
2.0,44.0,0.0,3585.0,0.0,2.920996702150609e-06,0.0,0.0,15506.0,1.6986981159339684e-06
2.0,45.0,0.0,3585.0,0.0,1.7525980212903653e-06,0.0,0.0,15506.0,1.019218869560381e-06
2.0,46.0,0.0,3585.0,0.0,1.0515588127742191e-06,0.0,0.0,15506.0,6.115313217362285e-07
2.0,47.0,0.0,3585.0,0.0,6.309352876645315e-07,0.0,0.0,15506.0,3.669187930417371e-07
2.0,48.0,0.0,3585.0,0.0,3.7856117259871887e-07,0.0,0.0,15506.0,2.2015127582504224e-07
2.0,49.0,0.0,3585.0,0.0,2.271367035592313e-07,0.0,0.0,15506.0,1.3209076549502533e-07
2.0,50.0,0.0,3585.0,0.0,1.3628202213553877e-07,0.0,0.0,15506.0,7.92544592970152e-08
2.0,51.0,0.0,3585.0,0.0,8.176921328132327e-08,0.0,0.0,15506.0,4.7552675578209116e-08
2.0,52.0,0.0,3585.0,0.0,4.906152796879396e-08,0.0,0.0,15506.0,2.853160534692547e-08
3.0,1.0,0.0,3582.0,0.0,2.9436916781276374e-08,0.0,0.0,15506.0,1.711896320815528e-08
3.0,2.0,0.0,3582.0,0.0,1.7662150068765825e-08,0.0,0.0,15590.0,1.0271377924893168e-08
3.0,3.0,0.0,3582.0,0.0,1.0597290041259495e-08,0.0,0.0,15590.0,6.1628267549359006e-09
3.0,4.0,0.0,3582.0,0.0,6.358374024755697e-09,0.0,0.0,15590.0,3.69769605296154e-09
3.0,5.0,0.0,3582.0,0.0,3.815024414853418e-09,0.0,0.0,15590.0,2.218617631776924e-09
3.0,6.0,0.0,3582.0,0.0,2.2890146489120507e-09,0.0,0.0,15590.0,1.3311705790661544e-09
3.0,7.0,0.0,3582.0,0.0,1.3734087893472303e-09,0.0,0.0,15590.0,7.987023474396926e-10
3.0,8.0,0.0,3582.0,0.0,8.240452736083382e-10,0.0,0.0,15590.0,4.792214084638156e-10
3.0,9.0,0.0,3582.0,0.0,4.944271641650029e-10,0.0,0.0,15590.0,2.8753284507828933e-10
3.0,10.0,0.0,3582.0,0.0,2.966562984990018e-10,0.0,0.0,15590.0,1.725197070469736e-10
3.0,11.0,0.0,3582.0,0.0,1.7799377909940107e-10,0.0,0.0,15590.0,1.0351182422818416e-10
3.0,12.0,0.0,3582.0,0.0,1.0679626745964063e-10,0.0,0.0,15590.0,6.21070945369105e-11
3.0,13.0,0.0,3582.0,0.0,6.407776047578437e-11,0.0,0.0,15590.0,3.7264256722146295e-11
3.0,14.0,0.0,3582.0,0.0,3.8446656285470623e-11,0.0,0.0,15590.0,2.2358554033287777e-11
3.0,15.0,0.0,3582.0,0.0,2.3067993771282373e-11,0.0,0.0,15590.0,1.3415132419972665e-11
3.0,16.0,0.0,3582.0,0.0,1.3840796262769423e-11,0.0,0.0,15590.0,8.0490794519836e-12
3.0,17.0,0.0,3582.0,0.0,8.304477757661653e-12,0.0,0.0,15590.0,4.829447671190159e-12
3.0,18.0,0.0,3582.0,0.0,4.982686654596992e-12,0.0,0.0,15590.0,2.8976686027140956e-12
3.0,19.0,0.0,3582.0,0.0,2.989611992758195e-12,0.0,0.0,15590.0,1.7386011616284573e-12
3.0,20.0,0.0,3582.0,0.0,1.793767195654917e-12,0.0,0.0,15590.0,1.0431606969770743e-12
3.0,21.0,0.0,3582.0,0.0,1.0762603173929501e-12,0.0,0.0,15590.0,6.258964181862445e-13
3.0,22.0,0.0,3582.0,0.0,6.4575619043577e-13,0.0,0.0,15590.0,3.755378509117467e-13
3.0,23.0,0.0,3582.0,0.0,3.87453714261462e-13,0.0,0.0,15590.0,2.2532271054704802e-13
3.0,24.0,0.0,3582.0,0.0,2.324722285568772e-13,0.0,0.0,15590.0,1.351936263282288e-13
3.0,25.0,0.0,3582.0,0.0,1.394833371341263e-13,0.0,0.0,15590.0,8.111617579693729e-14
3.0,26.0,0.0,3582.0,0.0,8.369000228047578e-14,0.0,0.0,15590.0,4.866970547816237e-14
3.0,27.0,0.0,3582.0,0.0,5.0214001368285463e-14,0.0,0.0,15590.0,2.920182328689742e-14
3.0,28.0,0.0,3582.0,0.0,3.012840082097128e-14,0.000192431,3.0,15590.0,7.69724000175211e-05
3.0,29.0,0.0,3582.0,0.0,1.8077040492582767e-14,0.000449006,7.0,15590.0,0.00022578584001051267
3.0,30.0,0.0,3582.0,0.0,1.0846224295549659e-14,0.000320718,5.0,15590.0,0.0002637587040063076
3.0,31.0,0.0,3582.0,0.0,6.5077345773297955e-15,0.001282874,20.0,15590.0,0.0006714048224037846
3.0,32.0,0.0,3582.0,0.0,3.9046407463978774e-15,0.000320718,5.0,15590.0,0.0005311300934422707
3.0,33.0,0.0,3582.0,0.0,2.3427844478387264e-15,0.00012828700000000001,2.0,15590.0,0.00036999285606536246
3.0,34.0,0.0,3582.0,0.0,1.4056706687032358e-15,0.000513149,8.0,15590.0,0.00042725531363921744
3.0,35.0,0.0,3582.0,0.0,8.434024012219414e-16,0.0,0.0,15590.0,0.00025635318818353046
3.0,36.0,0.0,3582.0,0.0,5.060414407331648e-16,0.0,0.0,15590.0,0.00015381191291011828
3.0,37.0,0.0,3582.0,0.0,3.036248644398989e-16,0.0,0.0,15590.0,9.228714774607096e-05
3.0,38.0,0.0,3582.0,0.0,1.8217491866393933e-16,0.0,0.0,15590.0,5.537228864764257e-05
3.0,39.0,0.0,3582.0,0.0,1.093049511983636e-16,0.0,0.0,15590.0,3.322337318858554e-05
3.0,40.0,0.0,3582.0,0.0,6.558297071901816e-17,0.0,0.0,15590.0,1.9934023913151325e-05
3.0,41.0,0.0,3582.0,0.0,3.9349782431410895e-17,0.0,0.0,15590.0,1.1960414347890795e-05
3.0,42.0,0.0,3582.0,0.0,2.3609869458846536e-17,0.0,0.0,15590.0,7.176248608734477e-06
3.0,43.0,0.0,3582.0,0.0,1.4165921675307922e-17,0.0,0.0,15590.0,4.305749165240686e-06
3.0,44.0,0.0,3582.0,0.0,8.499553005184753e-18,0.0,0.0,15590.0,2.5834494991444113e-06
3.0,45.0,0.0,3582.0,0.0,5.099731803110852e-18,0.0,0.0,15590.0,1.5500696994866468e-06
3.0,46.0,0.0,3582.0,0.0,3.059839081866511e-18,0.0,0.0,15590.0,9.30041819691988e-07
3.0,47.0,0.0,3582.0,0.0,1.8359034491199066e-18,0.0,0.0,15590.0,5.580250918151927e-07
3.0,48.0,0.0,3582.0,0.0,1.1015420694719439e-18,0.0,0.0,15590.0,3.3481505508911563e-07
3.0,49.0,0.0,3582.0,0.0,6.609252416831663e-19,0.0,0.0,15590.0,2.0088903305346939e-07
3.0,50.0,0.0,3582.0,0.0,3.9655514500989975e-19,0.0,0.0,15590.0,1.2053341983208162e-07
3.0,51.0,0.0,3582.0,0.0,2.3793308700593984e-19,0.0,0.0,15590.0,7.232005189924897e-08
3.0,52.0,0.0,3582.0,0.0,1.427598522035639e-19,0.0,0.0,15590.0,4.339203113954938e-08
4.0,1.0,0.0,3655.0,0.0,8.565591132213834e-20,0.0,0.0,15590.0,2.603521868372963e-08
4.0,2.0,0.0,3655.0,0.0,5.1393546793283e-20,0.0,0.0,15691.0,1.5621131210237776e-08
4.0,3.0,0.0,3655.0,0.0,3.08361280759698e-20,0.0,0.0,15691.0,9.372678726142665e-09
4.0,4.0,0.0,3655.0,0.0,1.850167684558188e-20,0.0,0.0,15691.0,5.623607235685599e-09
4.0,5.0,0.0,3655.0,0.0,1.1101006107349128e-20,0.0,0.0,15691.0,3.3741643414113593e-09
4.0,6.0,0.0,3655.0,0.0,6.6606036644094766e-21,6.3731e-05,1.0,15691.0,2.549442449860485e-05
4.0,7.0,0.0,3655.0,0.0,3.996362198645686e-21,0.0,0.0,15691.0,1.529665469916291e-05
4.0,8.0,0.0,3655.0,0.0,2.3978173191874116e-21,0.000127462,2.0,15691.0,6.0162792819497753e-05
4.0,9.0,0.0,3655.0,0.0,1.438690391512447e-21,0.000127462,2.0,15691.0,8.708247569169865e-05
4.0,10.0,0.0,3655.0,0.0,8.632142349074682e-22,0.000382385,6.0,15691.0,0.0002052034854150192
4.0,11.0,0.0,3655.0,0.0,5.179285409444809e-22,0.000254923,4.0,15691.0,0.00022509129124901152
4.0,12.0,0.0,3655.0,0.0,3.1075712456668856e-22,0.000254923,4.0,15691.0,0.00023702397474940692
4.0,13.0,0.0,3655.0,0.0,1.8645427474001313e-22,0.000382385,6.0,15691.0,0.0002951683848496442
4.0,14.0,0.0,3655.0,0.0,1.1187256484400787e-22,0.000509846,8.0,15691.0,0.0003810394309097865
4.0,15.0,0.0,3655.0,0.0,6.712353890640472e-23,0.0,0.0,15691.0,0.00022862365854587187
4.0,16.0,0.0,3655.0,0.0,4.0274123343842833e-23,0.000127462,2.0,15691.0,0.00018815899512752312
4.0,17.0,0.000820793,3655.0,3.0,0.0003283172,0.0005735769999999999,9.0,15691.0,0.00034232619707651386
4.0,18.0,0.000273598,3655.0,1.0,0.00030642952,0.001210885,19.0,15691.0,0.0006897497182459084
4.0,19.0,0.0,3655.0,0.0,0.000183857712,0.0008285,13.0,15691.0,0.0007452498309475451
4.0,20.0,0.001367989,3655.0,5.0,0.0006575102272,0.0017844620000000001,28.0,15691.0,0.0011609346985685272
4.0,21.0,0.000273598,3655.0,1.0,0.00050394533632,0.0011471539999999998,18.0,15691.0,0.0011554224191411163
4.0,22.0,0.0021887820000000002,3655.0,8.0,0.001177880001792,0.0006373080000000001,10.0,15691.0,0.0009481766514846698
4.0,23.0,0.001367989,3655.0,5.0,0.0012539236010752,0.00031865400000000003,5.0,15691.0,0.0006963675908908019
4.0,24.0,0.000820793,3655.0,3.0,0.00108067136064512,0.000446116,7.0,15691.0,0.0005962669545344812
4.0,25.0,0.0016415870000000001,3655.0,6.0,0.001305037616387072,0.000127462,2.0,15691.0,0.0004087449727206887
4.0,26.0,0.000820793,3655.0,3.0,0.0011113397698322433,6.3731e-05,1.0,15691.0,0.0002707393836324132
4.0,27.0,0.000547196,3655.0,2.0,0.000885682261899346,0.00031865400000000003,5.0,15691.0,0.0002899052301794479
4.0,28.0,0.0,3655.0,0.0,0.0005314093571396075,0.0,0.0,15691.0,0.00017394313810766875
4.0,29.0,0.000273598,3655.0,1.0,0.00042828481428376457,0.0,0.0,15691.0,0.00010436588286460124
4.0,30.0,0.000547196,3655.0,2.0,0.00047584928857025876,0.000191192,3.0,15691.0,0.00013909632971876077
4.0,31.0,0.0,3655.0,0.0,0.00028550957314215524,6.3731e-05,1.0,15691.0,0.00010895019783125647
4.0,32.0,0.0,3655.0,0.0,0.00017130574388529314,0.0,0.0,15691.0,6.537011869875388e-05
4.0,33.0,0.0,3655.0,0.0,0.00010278344633117588,0.0,0.0,15691.0,3.922207121925232e-05
4.0,34.0,0.0,3655.0,0.0,6.167006779870553e-05,0.0,0.0,15691.0,2.3533242731551394e-05
4.0,35.0,0.0,3655.0,0.0,3.700204067922332e-05,0.0,0.0,15691.0,1.4119945638930837e-05
4.0,36.0,0.0,3655.0,0.0,2.220122440753399e-05,0.0,0.0,15691.0,8.471967383358502e-06
4.0,37.0,0.0,3655.0,0.0,1.3320734644520394e-05,0.0,0.0,15691.0,5.083180430015101e-06
4.0,38.0,0.0,3655.0,0.0,7.992440786712236e-06,0.0,0.0,15691.0,3.0499082580090606e-06
4.0,39.0,0.0,3655.0,0.0,4.795464472027341e-06,0.0,0.0,15691.0,1.8299449548054363e-06
4.0,40.0,0.0,3655.0,0.0,2.877278683216405e-06,0.0,0.0,15691.0,1.0979669728832618e-06
4.0,41.0,0.0,3655.0,0.0,1.7263672099298428e-06,0.0,0.0,15691.0,6.587801837299571e-07
4.0,42.0,0.0,3655.0,0.0,1.0358203259579056e-06,0.0,0.0,15691.0,3.952681102379742e-07
4.0,43.0,0.0,3655.0,0.0,6.214921955747434e-07,0.0,0.0,15691.0,2.371608661427845e-07
4.0,44.0,0.0,3655.0,0.0,3.7289531734484603e-07,0.0,0.0,15691.0,1.422965196856707e-07
4.0,45.0,0.0,3655.0,0.0,2.237371904069076e-07,0.0,0.0,15691.0,8.537791181140242e-08
4.0,46.0,0.0,3655.0,0.0,1.3424231424414456e-07,0.0,0.0,15691.0,5.122674708684145e-08
4.0,47.0,0.0,3655.0,0.0,8.054538854648673e-08,0.0,0.0,15691.0,3.073604825210487e-08
4.0,48.0,0.0,3655.0,0.0,4.832723312789204e-08,0.0,0.0,15691.0,1.8441628951262923e-08
4.0,49.0,0.0,3655.0,0.0,2.8996339876735222e-08,0.0,0.0,15691.0,1.1064977370757754e-08
4.0,50.0,0.0,3655.0,0.0,1.739780392604113e-08,0.0,0.0,15691.0,6.638986422454652e-09
4.0,51.0,0.0,3655.0,0.0,1.0438682355624678e-08,0.0,0.0,15691.0,3.983391853472791e-09
4.0,52.0,0.0,3655.0,0.0,6.263209413374807e-09,0.0,0.0,15691.0,2.3900351120836747e-09
5.0,1.0,0.0,3637.0,0.0,3.757925648024884e-09,0.0,0.0,15691.0,1.4340210672502047e-09
5.0,2.0,0.0,3637.0,0.0,2.2547553888149303e-09,0.0,0.0,15901.0,8.604126403501228e-10
5.0,3.0,0.0,3637.0,0.0,1.352853233288958e-09,0.0,0.0,15901.0,5.162475842100737e-10
5.0,4.0,0.0,3637.0,0.0,8.117119399733749e-10,0.0,0.0,15901.0,3.097485505260442e-10
5.0,5.0,0.0,3637.0,0.0,4.870271639840249e-10,0.0,0.0,15901.0,1.8584913031562652e-10
5.0,6.0,0.0,3637.0,0.0,2.9221629839041495e-10,0.0,0.0,15901.0,1.115094781893759e-10
5.0,7.0,0.0,3637.0,0.0,1.7532977903424896e-10,0.0,0.0,15901.0,6.690568691362553e-11
5.0,8.0,0.0,3637.0,0.0,1.0519786742054938e-10,0.0,0.0,15901.0,4.014341214817532e-11
5.0,9.0,0.0,3637.0,0.0,6.311872045232963e-11,0.0,0.0,15901.0,2.4086047288905192e-11
5.0,10.0,0.0,3637.0,0.0,3.787123227139777e-11,0.0,0.0,15901.0,1.4451628373343115e-11
5.0,11.0,0.0,3637.0,0.0,2.2722739362838664e-11,0.0,0.0,15901.0,8.670977024005868e-12
5.0,12.0,0.0,3637.0,0.0,1.3633643617703197e-11,6.2889e-05,1.0,15901.0,2.5155605202586216e-05
5.0,13.0,0.0,3637.0,0.0,8.180186170621918e-12,0.0,0.0,15901.0,1.5093363121551729e-05
5.0,14.0,0.0,3637.0,0.0,4.908111702373151e-12,0.0,0.0,15901.0,9.056017872931036e-06
5.0,15.0,0.0,3637.0,0.0,2.9448670214238903e-12,0.000188667,3.0,15901.0,8.090041072375862e-05
5.0,16.0,0.000274952,3637.0,1.0,0.00010998080176692023,0.000188667,3.0,15901.0,0.00012400704643425518
5.0,17.0,0.000549904,3637.0,2.0,0.0002859500810601522,0.000188667,3.0,15901.0,0.0001498710278605531
5.0,18.0,0.000274952,3637.0,1.0,0.0002815508486360913,0.000503113,8.0,15901.0,0.0002911678167163319
5.0,19.0,0.000549904,3637.0,2.0,0.00038889210918165477,0.000440224,7.0,15901.0,0.00035079029002979913
5.0,20.0,0.000274952,3637.0,1.0,0.00034331606550899285,0.000377335,6.0,15901.0,0.0003614081740178795
5.0,21.0,0.0,3637.0,0.0,0.00020598963930539571,0.000251557,4.0,15901.0,0.0003174677044107277
5.0,22.0,0.0,3637.0,0.0,0.00012359378358323743,0.000188667,3.0,15901.0,0.0002659474226464366
5.0,23.0,0.0,3637.0,0.0,7.415627014994245e-05,0.000125778,2.0,15901.0,0.00020987965358786197
5.0,24.0,0.0,3637.0,0.0,4.449376208996547e-05,6.2889e-05,1.0,15901.0,0.0001510833921527172
5.0,25.0,0.0,3637.0,0.0,2.669625725397928e-05,0.000188667,3.0,15901.0,0.0001661168352916303
5.0,26.0,0.0,3637.0,0.0,1.6017754352387568e-05,6.2889e-05,1.0,15901.0,0.00012482570117497817
5.0,27.0,0.0,3637.0,0.0,9.61065261143254e-06,0.0,0.0,15901.0,7.48954207049869e-05
5.0,28.0,0.0,3637.0,0.0,5.766391566859524e-06,0.0,0.0,15901.0,4.4937252422992136e-05
5.0,29.0,0.0,3637.0,0.0,3.459834940115714e-06,0.0,0.0,15901.0,2.696235145379528e-05
5.0,30.0,0.0,3637.0,0.0,2.0759009640694283e-06,0.0,0.0,15901.0,1.6177410872277168e-05
5.0,31.0,0.0,3637.0,0.0,1.245540578441657e-06,0.0,0.0,15901.0,9.7064465233663e-06
5.0,32.0,0.0,3637.0,0.0,7.473243470649942e-07,6.2889e-05,1.0,15901.0,3.097946791401978e-05
5.0,33.0,0.0,3637.0,0.0,4.483946082389965e-07,0.0,0.0,15901.0,1.8587680748411868e-05
5.0,34.0,0.0,3637.0,0.0,2.6903676494339787e-07,6.2889e-05,1.0,15901.0,3.630820844904712e-05
5.0,35.0,0.0,3637.0,0.0,1.6142205896603872e-07,0.0,0.0,15901.0,2.178492506942827e-05
5.0,36.0,0.0,3637.0,0.0,9.685323537962323e-08,0.0,0.0,15901.0,1.3070955041656961e-05
5.0,37.0,0.0,3637.0,0.0,5.811194122777394e-08,0.0,0.0,15901.0,7.842573024994177e-06
5.0,38.0,0.0,3637.0,0.0,3.486716473666436e-08,0.0,0.0,15901.0,4.7055438149965055e-06
5.0,39.0,0.0,3637.0,0.0,2.0920298841998614e-08,0.0,0.0,15901.0,2.8233262889979033e-06
5.0,40.0,0.0,3637.0,0.0,1.2552179305199167e-08,0.0,0.0,15901.0,1.6939957733987418e-06
5.0,41.0,0.0,3637.0,0.0,7.5313075831195e-09,0.0,0.0,15901.0,1.016397464039245e-06
5.0,42.0,0.0,3637.0,0.0,4.5187845498717e-09,0.0,0.0,15901.0,6.09838478423547e-07
5.0,43.0,0.0,3637.0,0.0,2.7112707299230197e-09,0.0,0.0,15901.0,3.6590308705412815e-07
5.0,44.0,0.0,3637.0,0.0,1.6267624379538118e-09,0.0,0.0,15901.0,2.195418522324769e-07
5.0,45.0,0.0,3637.0,0.0,9.76057462772287e-10,0.0,0.0,15901.0,1.3172511133948612e-07
5.0,46.0,0.0,3637.0,0.0,5.856344776633722e-10,0.0,0.0,15901.0,7.903506680369167e-08
5.0,47.0,0.0,3637.0,0.0,3.5138068659802333e-10,0.0,0.0,15901.0,4.7421040082215e-08
5.0,48.0,0.0,3637.0,0.0,2.1082841195881398e-10,0.0,0.0,15901.0,2.8452624049328998e-08
5.0,49.0,0.0,3637.0,0.0,1.2649704717528837e-10,0.0,0.0,15901.0,1.7071574429597398e-08
5.0,50.0,0.0,3637.0,0.0,7.589822830517303e-11,0.0,0.0,15901.0,1.0242944657758439e-08
5.0,51.0,0.0,3637.0,0.0,4.5538936983103814e-11,0.0,0.0,15901.0,6.1457667946550635e-09
5.0,52.0,0.0,3637.0,0.0,2.7323362189862286e-11,0.0,0.0,15901.0,3.687460076793038e-09
6.0,1.0,0.0,3619.0,0.0,1.6394017313917372e-11,0.0,0.0,15901.0,2.2124760460758227e-09
6.0,2.0,0.0,3619.0,0.0,9.836410388350424e-12,0.0,0.0,15963.0,1.3274856276454936e-09
6.0,3.0,0.0,3619.0,0.0,5.901846233010254e-12,0.0,0.0,15963.0,7.964913765872961e-10
6.0,4.0,0.0,3619.0,0.0,3.541107739806152e-12,0.0,0.0,15963.0,4.778948259523777e-10
6.0,5.0,0.0,3619.0,0.0,2.124664643883691e-12,0.0,0.0,15963.0,2.867368955714266e-10
6.0,6.0,0.0,3619.0,0.0,1.2747987863302146e-12,0.0,0.0,15963.0,1.7204213734285597e-10
6.0,7.0,0.0,3619.0,0.0,7.648792717981288e-13,0.0,0.0,15963.0,1.0322528240571357e-10
6.0,8.0,0.0,3619.0,0.0,4.589275630788772e-13,0.0,0.0,15963.0,6.193516944342814e-11
6.0,9.0,0.0,3619.0,0.0,2.753565378473263e-13,0.0,0.0,15963.0,3.716110166605688e-11
6.0,10.0,0.0,3619.0,0.0,1.6521392270839578e-13,0.0,0.0,15963.0,2.2296660999634126e-11
6.0,11.0,0.0,3619.0,0.0,9.912835362503747e-14,0.0,0.0,15963.0,1.3377996599780474e-11
6.0,12.0,0.0,3619.0,0.0,5.947701217502248e-14,0.0,0.0,15963.0,8.026797959868284e-12
6.0,13.0,0.000276319,3619.0,1.0,0.00011052760003568621,0.0,0.0,15963.0,4.81607877592097e-12
6.0,14.0,0.000276319,3619.0,1.0,0.00017684416002141173,6.2645e-05,1.0,15963.0,2.5058002889647265e-05
6.0,15.0,0.0,3619.0,0.0,0.00010610649601284704,6.2645e-05,1.0,15963.0,4.009280173378836e-05
6.0,16.0,0.0005526390000000001,3619.0,2.0,0.00028471949760770825,0.000187935,3.0,15963.0,9.922968104027303e-05
6.0,17.0,0.0011052780000000001,3619.0,4.0,0.000612942898564625,0.000187935,3.0,15963.0,0.0001347118086241638
6.0,18.0,0.0005526390000000001,3619.0,2.0,0.000588821339138775,0.000250579,4.0,15963.0,0.0001810586851744983
6.0,19.0,0.000276319,3619.0,1.0,0.000463820403483265,0.00012529,2.0,15963.0,0.000158751211104699
6.0,20.0,0.0,3619.0,0.0,0.000278292242089959,0.00037586900000000003,6.0,15963.0,0.0002455983266628194
6.0,21.0,0.0,3619.0,0.0,0.0001669753452539754,0.00037586900000000003,6.0,15963.0,0.00029770659599769164
6.0,22.0,0.0,3619.0,0.0,0.00010018520715238524,6.2645e-05,1.0,15963.0,0.00020368195759861498
6.0,23.0,0.0011052780000000001,3619.0,4.0,0.0005022223242914313,6.2645e-05,1.0,15963.0,0.00014726717455916898
6.0,24.0,0.0005526390000000001,3619.0,2.0,0.0005223889945748588,0.00043851400000000004,7.0,15963.0,0.0002637659047355014
6.0,25.0,0.0,3619.0,0.0,0.0003134333967449153,0.000187935,3.0,15963.0,0.00023343354284130087
6.0,26.0,0.0,3619.0,0.0,0.00018806003804694918,0.0,0.0,15963.0,0.00014006012570478053
6.0,27.0,0.0,3619.0,0.0,0.0001128360228281695,0.0,0.0,15963.0,8.403607542286832e-05
6.0,28.0,0.0,3619.0,0.0,6.77016136969017e-05,0.0,0.0,15963.0,5.042164525372099e-05
6.0,29.0,0.0,3619.0,0.0,4.062096821814102e-05,0.0,0.0,15963.0,3.025298715223259e-05
6.0,30.0,0.000276319,3619.0,1.0,0.0001349001809308846,0.0,0.0,15963.0,1.8151792291339553e-05
6.0,31.0,0.0,3619.0,0.0,8.094010855853077e-05,0.0,0.0,15963.0,1.0891075374803732e-05
6.0,32.0,0.0,3619.0,0.0,4.856406513511846e-05,0.000313224,5.0,15963.0,0.00013182424522488226
6.0,33.0,0.0,3619.0,0.0,2.9138439081071074e-05,0.0,0.0,15963.0,7.909454713492935e-05
6.0,34.0,0.0,3619.0,0.0,1.7483063448642643e-05,0.0,0.0,15963.0,4.745672828095761e-05
6.0,35.0,0.0,3619.0,0.0,1.0489838069185585e-05,0.0,0.0,15963.0,2.8474036968574563e-05
6.0,36.0,0.0,3619.0,0.0,6.293902841511351e-06,6.2645e-05,1.0,15963.0,4.2142422181144737e-05
6.0,37.0,0.0,3619.0,0.0,3.7763417049068104e-06,0.0,0.0,15963.0,2.528545330868684e-05
6.0,38.0,0.0,3619.0,0.0,2.265805022944086e-06,0.0,0.0,15963.0,1.5171271985212104e-05
6.0,39.0,0.0,3619.0,0.0,1.3594830137664517e-06,0.0,0.0,15963.0,9.102763191127263e-06
6.0,40.0,0.0,3619.0,0.0,8.15689808259871e-07,0.0,0.0,15963.0,5.461657914676358e-06
6.0,41.0,0.0,3619.0,0.0,4.894138849559226e-07,0.0,0.0,15963.0,3.2769947488058143e-06
6.0,42.0,0.0,3619.0,0.0,2.936483309735536e-07,0.0,0.0,15963.0,1.9661968492834886e-06
6.0,43.0,0.0,3619.0,0.0,1.7618899858413214e-07,0.0,0.0,15963.0,1.179718109570093e-06
6.0,44.0,0.0,3619.0,0.0,1.0571339915047929e-07,0.0,0.0,15963.0,7.078308657420558e-07
6.0,45.0,0.0,3619.0,0.0,6.342803949028756e-08,0.0,0.0,15963.0,4.2469851944523346e-07
6.0,46.0,0.0,3619.0,0.0,3.805682369417254e-08,0.0,0.0,15963.0,2.5481911166714004e-07
6.0,47.0,0.0,3619.0,0.0,2.2834094216503522e-08,0.0,0.0,15963.0,1.52891467000284e-07
6.0,48.0,0.0,3619.0,0.0,1.3700456529902113e-08,0.0,0.0,15963.0,9.17348802001704e-08
6.0,49.0,0.0,3619.0,0.0,8.220273917941268e-09,0.0,0.0,15963.0,5.504092812010224e-08
6.0,50.0,0.0,3619.0,0.0,4.93216435076476e-09,0.0,0.0,15963.0,3.302455687206134e-08
6.0,51.0,0.0,3619.0,0.0,2.959298610458856e-09,0.0,0.0,15963.0,1.9814734123236802e-08
6.0,52.0,0.0,3619.0,0.0,1.7755791662753135e-09,0.0,0.0,15963.0,1.188884047394208e-08
7.0,1.0,0.0,3628.0,0.0,1.0653474997651881e-09,0.0,0.0,15963.0,7.133304284365248e-09
7.0,2.0,0.0,3628.0,0.0,6.392084998591129e-10,0.0,0.0,16098.0,4.279982570619149e-09
7.0,3.0,0.0,3628.0,0.0,3.8352509991546773e-10,0.0,0.0,16098.0,2.567989542371489e-09
7.0,4.0,0.0,3628.0,0.0,2.3011505994928064e-10,0.0,0.0,16098.0,1.5407937254228934e-09
7.0,5.0,0.0,3628.0,0.0,1.3806903596956837e-10,0.0,0.0,16098.0,9.24476235253736e-10
7.0,6.0,0.0,3628.0,0.0,8.284142158174102e-11,0.0,0.0,16098.0,5.546857411522415e-10
7.0,7.0,0.0,3628.0,0.0,4.970485294904461e-11,0.0,0.0,16098.0,3.328114446913449e-10
7.0,8.0,0.0,3628.0,0.0,2.9822911769426766e-11,0.0,0.0,16098.0,1.9968686681480692e-10
7.0,9.0,0.0,3628.0,0.0,1.789374706165606e-11,0.0,0.0,16098.0,1.1981212008888416e-10
7.0,10.0,0.0,3628.0,0.0,1.0736248236993636e-11,0.0,0.0,16098.0,7.188727205333049e-11
7.0,11.0,0.0,3628.0,0.0,6.441748942196181e-12,0.0,0.0,16098.0,4.313236323199829e-11
7.0,12.0,0.0,3628.0,0.0,3.865049365317708e-12,0.0,0.0,16098.0,2.5879417939198973e-11
7.0,13.0,0.0,3628.0,0.0,2.3190296191906248e-12,0.0,0.0,16098.0,1.5527650763519385e-11
7.0,14.0,0.0,3628.0,0.0,1.3914177715143749e-12,6.212e-05,1.0,16098.0,2.4848009316590458e-05
7.0,15.0,0.0,3628.0,0.0,8.348506629086249e-13,0.0,0.0,16098.0,1.4908805589954274e-05
7.0,16.0,0.0,3628.0,0.0,5.009103977451749e-13,0.0,0.0,16098.0,8.945283353972564e-06
7.0,17.0,0.0,3628.0,0.0,3.005462386471049e-13,0.0,0.0,16098.0,5.367170012383538e-06
7.0,18.0,0.0,3628.0,0.0,1.8032774318826294e-13,6.212e-05,1.0,16098.0,2.806830200743012e-05
7.0,19.0,0.0,3628.0,0.0,1.0819664591295776e-13,0.0,0.0,16098.0,1.684098120445807e-05
7.0,20.0,0.0,3628.0,0.0,6.491798754777466e-14,0.0,0.0,16098.0,1.0104588722674843e-05
7.0,21.0,0.0,3628.0,0.0,3.8950792528664794e-14,0.0,0.0,16098.0,6.062753233604906e-06
7.0,22.0,0.0,3628.0,0.0,2.3370475517198877e-14,0.0,0.0,16098.0,3.6376519401629434e-06
7.0,23.0,0.0,3628.0,0.0,1.4022285310319325e-14,0.0,0.0,16098.0,2.182591164097766e-06
7.0,24.0,0.0,3628.0,0.0,8.413371186191595e-15,0.0,0.0,16098.0,1.3095546984586596e-06
7.0,25.0,0.0,3628.0,0.0,5.048022711714957e-15,0.0,0.0,16098.0,7.857328190751958e-07
7.0,26.0,0.000275634,3628.0,1.0,0.00011025360000302883,0.0,0.0,16098.0,4.7143969144511744e-07
7.0,27.0,0.0,3628.0,0.0,6.61521600018173e-05,0.000248478,4.0,16098.0,9.967406381486708e-05
7.0,28.0,0.0,3628.0,0.0,3.9691296001090375e-05,0.001428749,23.0,16098.0,0.0006313040382889203
7.0,29.0,0.000275634,3628.0,1.0,0.00013406837760065424,0.0,0.0,16098.0,0.0003787824229733522
7.0,30.0,0.000275634,3628.0,1.0,0.00019069462656039256,0.000621195,10.0,16098.0,0.0004757474537840113
7.0,31.0,0.000826902,3628.0,3.0,0.0004451775759362356,0.001180271,19.0,16098.0,0.0007575568722704069
7.0,32.0,0.0,3628.0,0.0,0.00026710654556174137,0.0007454339999999999,12.0,16098.0,0.000752707723362244
7.0,33.0,0.0,3628.0,0.0,0.0001602639273370448,0.000248478,4.0,16098.0,0.0005510158340173465
7.0,34.0,0.0,3628.0,0.0,9.615835640222689e-05,0.000434837,7.0,16098.0,0.0005045443004104079
7.0,35.0,0.0,3628.0,0.0,5.769501384133613e-05,0.000310598,5.0,16098.0,0.00042696578024624475
7.0,36.0,0.000275634,3628.0,1.0,0.0001448706083048017,0.000186359,3.0,16098.0,0.0003307230681477469
7.0,37.0,0.0,3628.0,0.0,8.692236498288101e-05,0.000124239,2.0,16098.0,0.0002481294408886481
7.0,38.0,0.0,3628.0,0.0,5.215341898972861e-05,6.212e-05,1.0,16098.0,0.00017372566453318887
7.0,39.0,0.0,3628.0,0.0,3.129205139383716e-05,0.0,0.0,16098.0,0.00010423539871991332
7.0,40.0,0.0,3628.0,0.0,1.8775230836302295e-05,0.0,0.0,16098.0,6.2541239231948e-05
7.0,41.0,0.0,3628.0,0.0,1.1265138501781377e-05,0.0,0.0,16098.0,3.7524743539168795e-05
7.0,42.0,0.0,3628.0,0.0,6.7590831010688255e-06,0.0,0.0,16098.0,2.2514846123501275e-05
7.0,43.0,0.0,3628.0,0.0,4.055449860641295e-06,0.0,0.0,16098.0,1.3508907674100766e-05
7.0,44.0,0.0,3628.0,0.0,2.4332699163847768e-06,0.0,0.0,16098.0,8.105344604460459e-06
7.0,45.0,0.0,3628.0,0.0,1.459961949830866e-06,0.0,0.0,16098.0,4.863206762676275e-06
7.0,46.0,0.0,3628.0,0.0,8.759771698985196e-07,0.0,0.0,16098.0,2.9179240576057653e-06
7.0,47.0,0.0,3628.0,0.0,5.255863019391117e-07,0.0,0.0,16098.0,1.7507544345634591e-06
7.0,48.0,0.0,3628.0,0.0,3.15351781163467e-07,0.0,0.0,16098.0,1.0504526607380754e-06
7.0,49.0,0.0,3628.0,0.0,1.892110686980802e-07,0.0,0.0,16098.0,6.302715964428452e-07
7.0,50.0,0.0,3628.0,0.0,1.1352664121884812e-07,0.0,0.0,16098.0,3.7816295786570714e-07
7.0,51.0,0.0,3628.0,0.0,6.811598473130886e-08,0.0,0.0,16098.0,2.2689777471942428e-07
7.0,52.0,0.0,3628.0,0.0,4.086959083878532e-08,0.0,0.0,16098.0,1.3613866483165456e-07
8.0,1.0,0.0,3691.0,0.0,2.452175450327119e-08,0.0,0.0,16098.0,8.168319889899274e-08
8.0,2.0,0.0,3691.0,0.0,1.4713052701962714e-08,0.0,0.0,16353.0,4.900991933939564e-08
8.0,3.0,0.0,3691.0,0.0,8.827831621177628e-09,0.0,0.0,16353.0,2.940595160363738e-08
8.0,4.0,0.0,3691.0,0.0,5.296698972706576e-09,0.0,0.0,16353.0,1.764357096218243e-08
8.0,5.0,0.0,3691.0,0.0,3.1780193836239456e-09,0.0,0.0,16353.0,1.0586142577309457e-08
8.0,6.0,0.0,3691.0,0.0,1.906811630174367e-09,0.0,0.0,16353.0,6.351685546385674e-09
8.0,7.0,0.0,3691.0,0.0,1.1440869781046202e-09,0.0,0.0,16353.0,3.8110113278314046e-09
8.0,8.0,0.0,3691.0,0.0,6.864521868627721e-10,0.0,0.0,16353.0,2.2866067966988426e-09
8.0,9.0,0.0,3691.0,0.0,4.1187131211766327e-10,6.1151e-05,1.0,16353.0,2.446177196407802e-05
8.0,10.0,0.0,3691.0,0.0,2.4712278727059793e-10,6.1151e-05,1.0,16353.0,3.913746317844681e-05
8.0,11.0,0.0,3691.0,0.0,1.4827367236235874e-10,0.0,0.0,16353.0,2.3482477907068086e-05
8.0,12.0,0.0,3691.0,0.0,8.896420341741524e-11,6.1151e-05,1.0,16353.0,3.854988674424085e-05
8.0,13.0,0.0,3691.0,0.0,5.337852205044914e-11,6.1151e-05,1.0,16353.0,4.759033204654451e-05
8.0,14.0,0.0,3691.0,0.0,3.2027113230269484e-11,0.000122302,2.0,16353.0,7.74749992279267e-05
8.0,15.0,0.0,3691.0,0.0,1.921626793816169e-11,0.0,0.0,16353.0,4.648499953675602e-05
8.0,16.0,0.0,3691.0,0.0,1.1529760762897014e-11,0.0,0.0,16353.0,2.789099972205361e-05
8.0,17.0,0.0,3691.0,0.0,6.917856457738208e-12,0.0,0.0,16353.0,1.6734599833232166e-05
8.0,18.0,0.0,3691.0,0.0,4.1507138746429246e-12,0.000244603,4.0,16353.0,0.0001078819598999393
8.0,19.0,0.000270929,3691.0,1.0,0.00010837160249042833,0.000428056,7.0,16353.0,0.00023595157593996359
8.0,20.0,0.0,3691.0,0.0,6.502296149425699e-05,0.00030575400000000004,5.0,16353.0,0.0002638725455639782
8.0,21.0,0.0,3691.0,0.0,3.901377689655419e-05,0.000366905,6.0,16353.0,0.0003050855273383869
8.0,22.0,0.0013546460000000001,3691.0,5.0,0.0005652666661379326,0.000122302,2.0,16353.0,0.00023197211640303212
8.0,23.0,0.003251151,3691.0,12.0,0.0016396203996827596,0.00030575400000000004,5.0,16353.0,0.0002614848698418193
8.0,24.0,0.0010837169999999999,3691.0,4.0,0.0014172590398096557,0.000550358,9.0,16353.0,0.00037703412190509165
8.0,25.0,0.001896505,3691.0,7.0,0.0016089574238857935,0.0006726589999999999,11.0,16353.0,0.0004952840731430549
8.0,26.0,0.0,3691.0,0.0,0.000965374454331476,0.00073381,12.0,16353.0,0.0005906944438858329
8.0,27.0,0.0,3691.0,0.0,0.0005792246725988856,0.000550358,9.0,16353.0,0.0005745598663314998
8.0,28.0,0.0,3691.0,0.0,0.00034753480355933136,0.000428056,7.0,16353.0,0.0005159583197988999
8.0,29.0,0.000541859,3691.0,2.0,0.0004252644821355989,0.000244603,4.0,16353.0,0.0004074161918793399
8.0,30.0,0.0,3691.0,0.0,0.0002551586892813593,0.000244603,4.0,16353.0,0.00034229091512760394
8.0,31.0,0.000270929,3691.0,1.0,0.0002614668135688156,6.1151e-05,1.0,16353.0,0.00022983494907656234
8.0,32.0,0.0,3691.0,0.0,0.00015688008814128935,0.000244603,4.0,16353.0,0.0002357421694459374
8.0,33.0,0.0,3691.0,0.0,9.41280528847736e-05,0.000244603,4.0,16353.0,0.00023928650166756243
8.0,34.0,0.000270929,3691.0,1.0,0.00016484843173086416,0.000122302,2.0,16353.0,0.00019249270100053746
8.0,35.0,0.0,3691.0,0.0,9.89090590385185e-05,0.000122302,2.0,16353.0,0.00016441642060032247
8.0,36.0,0.0,3691.0,0.0,5.9345435423111096e-05,0.0,0.0,16353.0,9.864985236019348e-05
8.0,37.0,0.0,3691.0,0.0,3.560726125386666e-05,6.1151e-05,1.0,16353.0,8.36503114161161e-05
8.0,38.0,0.0,3691.0,0.0,2.1364356752319994e-05,6.1151e-05,1.0,16353.0,7.465058684966966e-05
8.0,39.0,0.0,3691.0,0.0,1.2818614051391996e-05,6.1151e-05,1.0,16353.0,6.92507521098018e-05
8.0,40.0,0.0,3691.0,0.0,7.691168430835197e-06,0.0,0.0,16353.0,4.1550451265881075e-05
8.0,41.0,0.0,3691.0,0.0,4.614701058501118e-06,0.0,0.0,16353.0,2.4930270759528645e-05
8.0,42.0,0.0,3691.0,0.0,2.7688206351006704e-06,0.0,0.0,16353.0,1.4958162455717186e-05
8.0,43.0,0.0,3691.0,0.0,1.6612923810604022e-06,0.0,0.0,16353.0,8.974897473430312e-06
8.0,44.0,0.0,3691.0,0.0,9.967754286362413e-07,0.0,0.0,16353.0,5.384938484058187e-06
8.0,45.0,0.0,3691.0,0.0,5.980652571817448e-07,0.0,0.0,16353.0,3.2309630904349123e-06
8.0,46.0,0.0,3691.0,0.0,3.5883915430904686e-07,0.0,0.0,16353.0,1.9385778542609474e-06
8.0,47.0,0.0,3691.0,0.0,2.153034925854281e-07,0.0,0.0,16353.0,1.1631467125565684e-06
8.0,48.0,0.0,3691.0,0.0,1.2918209555125685e-07,0.0,0.0,16353.0,6.97888027533941e-07
8.0,49.0,0.0,3691.0,0.0,7.750925733075411e-08,0.0,0.0,16353.0,4.1873281652036457e-07
8.0,50.0,0.0,3691.0,0.0,4.650555439845247e-08,0.0,0.0,16353.0,2.5123968991221875e-07
8.0,51.0,0.0,3691.0,0.0,2.7903332639071478e-08,0.0,0.0,16353.0,1.5074381394733126e-07
8.0,52.0,0.0,3691.0,0.0,1.6741999583442887e-08,0.0,0.0,16353.0,9.044628836839876e-08
9.0,1.0,0.0,3755.0,0.0,1.0045199750065731e-08,0.0,0.0,16353.0,5.426777302103925e-08
9.0,2.0,0.0,3755.0,0.0,6.0271198500394384e-09,0.0,0.0,16612.0,3.256066381262355e-08
9.0,3.0,0.0,3755.0,0.0,3.6162719100236627e-09,0.0,0.0,16612.0,1.953639828757413e-08
9.0,4.0,0.0,3755.0,0.0,2.1697631460141975e-09,0.0,0.0,16612.0,1.1721838972544477e-08
9.0,5.0,0.0,3755.0,0.0,1.3018578876085185e-09,0.0,0.0,16612.0,7.0331033835266856e-09
9.0,6.0,0.0,3755.0,0.0,7.81114732565111e-10,0.0,0.0,16612.0,4.219862030116011e-09
9.0,7.0,0.0,3755.0,0.0,4.686688395390666e-10,6.0197e-05,1.0,16612.0,2.408133191721807e-05
9.0,8.0,0.0,3755.0,0.0,2.8120130372343997e-10,0.0,0.0,16612.0,1.4448799150330842e-05
9.0,9.0,0.0,3755.0,0.0,1.6872078223406398e-10,0.0,0.0,16612.0,8.669279490198505e-06
9.0,10.0,0.0,3755.0,0.0,1.0123246934043839e-10,0.0,0.0,16612.0,5.201567694119102e-06
9.0,11.0,0.0,3755.0,0.0,6.073948160426303e-11,6.0197e-05,1.0,16612.0,2.7199740616471463e-05
9.0,12.0,0.0,3755.0,0.0,3.6443688962557814e-11,0.0,0.0,16612.0,1.6319844369882875e-05
9.0,13.0,0.0,3755.0,0.0,2.186621337753469e-11,6.0197e-05,1.0,16612.0,3.3870706621929724e-05
9.0,14.0,0.0,3755.0,0.0,1.3119728026520813e-11,0.0,0.0,16612.0,2.0322423973157834e-05
9.0,15.0,0.0,3755.0,0.0,7.871836815912488e-12,0.0,0.0,16612.0,1.21934543838947e-05
9.0,16.0,0.0,3755.0,0.0,4.723102089547493e-12,0.0,0.0,16612.0,7.3160726303368194e-06
9.0,17.0,0.00053261,3755.0,2.0,0.00021304400283386128,0.000120395,2.0,16612.0,5.2547643578202094e-05
9.0,18.0,0.00106522,3755.0,4.0,0.0005539144017003169,0.00024078900000000001,4.0,16612.0,0.0001278441861469213
9.0,19.0,0.000266305,3755.0,1.0,0.0004388706410201901,0.000180592,3.0,16612.0,0.00014894331168815279
9.0,20.0,0.000798915,3755.0,3.0,0.000582888384612114,0.000361184,6.0,16612.0,0.0002338395870128917
9.0,21.0,0.0,3755.0,0.0,0.0003497330307672684,0.000120395,2.0,16612.0,0.00018846175220773502
9.0,22.0,0.0,3755.0,0.0,0.00020983981846036106,0.00024078900000000001,4.0,16612.0,0.000209392651324641
9.0,23.0,0.0,3755.0,0.0,0.00012590389107621663,0.00024078900000000001,4.0,16612.0,0.0002219511907947846
9.0,24.0,0.0,3755.0,0.0,7.554233464572998e-05,0.000120395,2.0,16612.0,0.00018132871447687076
