year,flu week,SH rate,SH pop,SH count,SH weighted rate,CMHD rate,CMHD count,CMHD pop,CMHD weighted rate,RO rate,RO count,RO pop,RO weighted rate
,,,,,0.0,,,,,,,,
1.0,1.0,0.0,3368.0,0.0,0.0,,,,0.0,,,,0.0
1.0,2.0,0.0,3368.0,0.0,0.0,3.6304000000000003e-05,1.0,27545.0,3.6304000000000003e-05,0.00038303199999999995,4.0,10443.0,0.00038303199999999995
1.0,3.0,0.0,3368.0,0.0,0.0,0.0,0.0,27545.0,2.17824e-05,0.00038303199999999995,4.0,10443.0,0.00038303199999999995
1.0,4.0,0.00029691200000000003,3368.0,1.0,0.00011876480000000002,0.0,0.0,27545.0,1.306944e-05,0.000287274,3.0,10443.0,0.0003447288
1.0,5.0,0.0,3368.0,0.0,7.125888000000001e-05,0.0005082590000000001,14.0,27545.0,0.00021114526400000004,0.001053337,11.0,10443.0,0.00062817208
1.0,6.0,0.0,3368.0,0.0,4.2755328000000004e-05,0.000217825,6.0,27545.0,0.00021381715840000003,0.000957579,10.0,10443.0,0.000759934848
1.0,7.0,0.0017814729999999998,3368.0,6.0,0.0007382423967999999,0.0005082590000000001,14.0,27545.0,0.00033159389504000005,0.00047879,5.0,10443.0,0.0006474769087999999
1.0,8.0,0.0011876480000000001,3368.0,4.0,0.00091800463808,0.0012343439999999998,34.0,27545.0,0.0006926939370239999,0.000766063,8.0,10443.0,0.00069491134528
1.0,9.0,0.0,3368.0,0.0,0.0005508027828479999,0.00094391,26.0,27545.0,0.0007931803622144,0.002393948,25.0,10443.0,0.001374526007168
1.0,10.0,0.0,3368.0,0.0,0.00033048166970879995,0.002178254,60.0,27545.0,0.00134720981732864,0.006415781,67.0,10443.0,0.0033910280043008
1.0,11.0,0.0011876480000000001,3368.0,4.0,0.0006733482018252801,0.001161735,32.0,27545.0,0.001273019890397184,0.012161256,127.0,10443.0,0.006899119202580481
1.0,12.0,0.0,3368.0,0.0,0.00040400892109516805,0.0005082590000000001,14.0,27545.0,0.0009671155342383104,0.01244853,130.0,10443.0,0.009118883521548288
1.0,13.0,0.0,3368.0,0.0,0.00024240535265710082,7.260800000000001e-05,2.0,27545.0,0.0006093125205429863,0.003926075,41.0,10443.0,0.007041760112928973
1.0,14.0,0.0,3368.0,0.0,0.0001454432115942605,0.0,0.0,27545.0,0.00036558751232579177,0.001340611,14.0,10443.0,0.004761300467757384
1.0,15.0,0.0,3368.0,0.0,8.726592695655628e-05,0.0,0.0,27545.0,0.00021935250739547505,0.001819401,19.0,10443.0,0.00358454068065443
1.0,16.0,0.0,3368.0,0.0,5.235955617393377e-05,3.6304000000000003e-05,1.0,27545.0,0.00014613310443728502,0.000670305,7.0,10443.0,0.002418846408392658
1.0,17.0,0.00029691200000000003,3368.0,1.0,0.00015018053370436028,0.0,0.0,27545.0,8.7679862662371e-05,0.00038303199999999995,4.0,10443.0,0.0016045206450355947
1.0,18.0,0.0,3368.0,0.0,9.010832022261616e-05,7.260800000000001e-05,2.0,27545.0,8.165111759742261e-05,0.00038303199999999995,4.0,10443.0,0.0011159251870213568
1.0,19.0,0.0,3368.0,0.0,5.40649921335697e-05,0.000145217,4.0,27545.0,0.00010707747055845358,9.575799999999999e-05,1.0,10443.0,0.0007078583122128141
1.0,20.0,0.0,3368.0,0.0,3.243899528014182e-05,7.260800000000001e-05,2.0,27545.0,9.328968233507215e-05,0.000287274,3.0,10443.0,0.0005396245873276885
1.0,21.0,0.0,3368.0,0.0,1.9463397168085092e-05,0.0,0.0,27545.0,5.597380940104329e-05,9.575799999999999e-05,1.0,10443.0,0.0003620779523966131
1.0,22.0,0.0,3368.0,0.0,1.1678038300851054e-05,3.6304000000000003e-05,1.0,27545.0,4.810588564062597e-05,0.000287274,3.0,10443.0,0.00033215637143796785
1.0,23.0,0.0,3368.0,0.0,7.0068229805106325e-06,0.0,0.0,27545.0,2.886353138437558e-05,0.00019151599999999997,2.0,10443.0,0.0002759002228627807
1.0,24.0,0.0,3368.0,0.0,4.2040937883063795e-06,7.260800000000001e-05,2.0,27545.0,4.636131883062535e-05,0.0,0.0,10443.0,0.0001655401337176684
1.0,25.0,0.0,3368.0,0.0,2.5224562729838277e-06,0.00010891299999999999,3.0,27545.0,7.138199129837521e-05,0.000670305,7.0,10443.0,0.00036744608023060103
1.0,26.0,0.0,3368.0,0.0,1.5134737637902966e-06,0.00010891299999999999,3.0,27545.0,8.639439477902513e-05,0.000287274,3.0,10443.0,0.0003353772481383606
1.0,27.0,0.0,3368.0,0.0,9.080842582741779e-07,0.0,0.0,27545.0,5.183663686741508e-05,0.00019151599999999997,2.0,10443.0,0.00027783274888301636
1.0,28.0,0.0,3368.0,0.0,5.448505549645067e-07,0.0,0.0,27545.0,3.1101982120449046e-05,0.0,0.0,10443.0,0.0001666996493298098
1.0,29.0,0.0,3368.0,0.0,3.2691033297870405e-07,0.0,0.0,27545.0,1.8661189272269427e-05,9.575799999999999e-05,1.0,10443.0,0.0001383229895978859
1.0,30.0,0.0,3368.0,0.0,1.9614619978722244e-07,3.6304000000000003e-05,1.0,27545.0,2.5718313563361657e-05,9.575799999999999e-05,1.0,10443.0,0.00012129699375873154
1.0,31.0,0.0,3368.0,0.0,1.1768771987233345e-07,0.000471955,13.0,27545.0,0.000204212988138017,9.575799999999999e-05,1.0,10443.0,0.00011108139625523892
1.0,32.0,0.0,3368.0,0.0,7.061263192340007e-08,3.6304000000000003e-05,1.0,27545.0,0.0001370493928828102,9.575799999999999e-05,1.0,10443.0,0.00010495203775314334
1.0,33.0,0.0,3368.0,0.0,4.236757915404004e-08,0.0,0.0,27545.0,8.222963572968611e-05,9.575799999999999e-05,1.0,10443.0,0.000101274422651886
1.0,34.0,0.0,3368.0,0.0,2.5420547492424024e-08,0.0,0.0,27545.0,4.933778143781167e-05,9.575799999999999e-05,1.0,10443.0,9.90678535911316e-05
1.0,35.0,0.0,3368.0,0.0,1.5252328495454415e-08,7.260800000000001e-05,2.0,27545.0,5.8645868862687e-05,0.0,0.0,10443.0,5.944071215467895e-05
1.0,36.0,0.0,3368.0,0.0,9.151397097272648e-09,0.0,0.0,27545.0,3.51875213176122e-05,0.0,0.0,10443.0,3.566442729280737e-05
1.0,37.0,0.0,3368.0,0.0,5.490838258363588e-09,0.0,0.0,27545.0,2.111251279056732e-05,9.575799999999999e-05,1.0,10443.0,5.970185637568441e-05
1.0,38.0,0.0,3368.0,0.0,3.294502955018153e-09,0.0,0.0,27545.0,1.2667507674340391e-05,0.0,0.0,10443.0,3.5821113825410646e-05
1.0,39.0,0.0,3368.0,0.0,1.9767017730108918e-09,0.0,0.0,27545.0,7.600504604604234e-06,0.0,0.0,10443.0,2.1492668295246386e-05
1.0,40.0,0.0,3368.0,0.0,1.186021063806535e-09,0.0,0.0,27545.0,4.56030276276254e-06,0.0,0.0,10443.0,1.289560097714783e-05
1.0,41.0,0.0,3368.0,0.0,7.11612638283921e-10,0.0,0.0,27545.0,2.736181657657524e-06,0.0,0.0,10443.0,7.737360586288698e-06
1.0,42.0,0.0,3368.0,0.0,4.269675829703526e-10,0.0,0.0,27545.0,1.6417089945945145e-06,0.0,0.0,10443.0,4.642416351773219e-06
1.0,43.0,0.0,3368.0,0.0,2.561805497822115e-10,0.0,0.0,27545.0,9.850253967567086e-07,0.0,0.0,10443.0,2.785449811063931e-06
1.0,44.0,0.0,3368.0,0.0,1.537083298693269e-10,0.0,0.0,27545.0,5.910152380540252e-07,0.0,0.0,10443.0,1.6712698866383586e-06
1.0,45.0,0.0,3368.0,0.0,9.222499792159613e-11,0.0,0.0,27545.0,3.546091428324151e-07,0.0,0.0,10443.0,1.002761931983015e-06
1.0,46.0,0.0,3368.0,0.0,5.533499875295768e-11,0.0,0.0,27545.0,2.1276548569944905e-07,0.0,0.0,10443.0,6.01657159189809e-07
1.0,47.0,0.0,3368.0,0.0,3.3200999251774605e-11,0.0,0.0,27545.0,1.2765929141966942e-07,0.0,0.0,10443.0,3.609942955138854e-07
1.0,48.0,0.0,3368.0,0.0,1.9920599551064762e-11,0.0,0.0,27545.0,7.659557485180165e-08,0.0,0.0,10443.0,2.165965773083312e-07
1.0,49.0,0.0,3368.0,0.0,1.1952359730638857e-11,0.0,0.0,27545.0,4.595734491108099e-08,0.0,0.0,10443.0,1.2995794638499873e-07
1.0,50.0,0.0,3368.0,0.0,7.171415838383314e-12,0.0,0.0,27545.0,2.757440694664859e-08,0.0,0.0,10443.0,7.797476783099923e-08
1.0,51.0,0.0,3368.0,0.0,4.3028495030299885e-12,0.0,0.0,27545.0,1.6544644167989155e-08,0.0,0.0,10443.0,4.6784860698599536e-08
1.0,52.0,0.0,3368.0,0.0,2.581709701817993e-12,0.0,0.0,27545.0,9.926786500793493e-09,0.0,0.0,10443.0,2.807091641915972e-08
1.0,53.0,0.0,3368.0,0.0,1.5490258210907956e-12,0.0,0.0,27545.0,5.956071900476096e-09,0.0,0.0,10443.0,1.684254985149583e-08
2.0,1.0,0.0,3418.0,0.0,9.294154926544773e-13,0.0,0.0,27545.0,3.5736431402856573e-09,0.0,0.0,10443.0,1.0105529910897498e-08
2.0,2.0,0.0,3418.0,0.0,5.576492955926864e-13,0.0,0.0,27475.0,2.144185884171394e-09,0.0,0.0,10493.0,6.063317946538499e-09
2.0,3.0,0.0,3418.0,0.0,3.3458957735561187e-13,0.0,0.0,27475.0,1.2865115305028364e-09,0.0,0.0,10493.0,3.6379907679230993e-09
2.0,4.0,0.0,3418.0,0.0,2.0075374641336713e-13,0.0,0.0,27475.0,7.719069183017018e-10,0.0,0.0,10493.0,2.1827944607538594e-09
2.0,5.0,0.0,3418.0,0.0,1.2045224784802026e-13,0.0,0.0,27475.0,4.631441509810211e-10,0.0,0.0,10493.0,1.3096766764523157e-09
2.0,6.0,0.0,3418.0,0.0,7.227134870881215e-14,0.0,0.0,27475.0,2.7788649058861266e-10,0.0,0.0,10493.0,7.858060058713894e-10
2.0,7.0,0.0,3418.0,0.0,4.3362809225287287e-14,0.0,0.0,27475.0,1.667318943531676e-10,0.0,0.0,10493.0,4.714836035228336e-10
2.0,8.0,0.0,3418.0,0.0,2.601768553517237e-14,0.0,0.0,27475.0,1.0003913661190055e-10,0.0,0.0,10493.0,2.828901621137002e-10
2.0,9.0,0.0,3418.0,0.0,1.561061132110342e-14,0.0,0.0,27475.0,6.002348196714032e-11,0.0,0.0,10493.0,1.697340972682201e-10
2.0,10.0,0.0,3418.0,0.0,9.366366792662052e-15,0.0,0.0,27475.0,3.601408918028419e-11,0.0,0.0,10493.0,1.0184045836093207e-10
2.0,11.0,0.0,3418.0,0.0,5.619820075597231e-15,0.0,0.0,27475.0,2.1608453508170515e-11,0.0,0.0,10493.0,6.110427501655923e-11
2.0,12.0,0.0,3418.0,0.0,3.371892045358338e-15,0.0,0.0,27475.0,1.2965072104902309e-11,0.0,0.0,10493.0,3.666256500993554e-11
2.0,13.0,0.0,3418.0,0.0,2.0231352272150027e-15,3.6397e-05,1.0,27475.0,1.4558807779043264e-05,0.0,0.0,10493.0,2.1997539005961322e-11
2.0,14.0,0.0,3418.0,0.0,1.2138811363290016e-15,0.000145587,4.0,27475.0,6.697008466742596e-05,0.0,0.0,10493.0,1.3198523403576793e-11
2.0,15.0,0.0,3418.0,0.0,7.283286817974009e-16,0.00018198400000000002,5.0,27475.0,0.00011297565080045558,0.0,0.0,10493.0,7.919114042146076e-12
2.0,16.0,0.0,3418.0,0.0,4.369972090784405e-16,0.00010919,3.0,27475.0,0.00011146139048027336,0.0,0.0,10493.0,4.751468425287646e-12
2.0,17.0,0.0,3418.0,0.0,2.621983254470643e-16,3.6397e-05,1.0,27475.0,8.143563428816402e-05,0.0,0.0,10493.0,2.8508810551725872e-12
2.0,18.0,0.0,3418.0,0.0,1.5731899526823856e-16,0.00010919,3.0,27475.0,9.253738057289842e-05,0.0,0.0,10493.0,1.7105286331035522e-12
2.0,19.0,0.0,3418.0,0.0,9.439139716094313e-17,0.00010919,3.0,27475.0,9.919842834373905e-05,0.0,0.0,10493.0,1.0263171798621313e-12
2.0,20.0,0.0,3418.0,0.0,5.663483829656588e-17,0.00025477700000000003,7.0,27475.0,0.00016142985700624347,0.0,0.0,10493.0,6.157903079172788e-13
2.0,21.0,0.0,3418.0,0.0,3.398090297793953e-17,0.00010919,3.0,27475.0,0.0001405339142037461,0.000190603,2.0,10493.0,7.624120036947419e-05
2.0,22.0,0.000585138,3418.0,2.0,0.0002340552000000204,0.000400364,11.0,27475.0,0.00024446594852224764,9.5302e-05,1.0,10493.0,8.386552022168452e-05
2.0,23.0,0.000292569,3418.0,1.0,0.00025746072000001224,0.000400364,11.0,27475.0,0.0003068251691133486,0.000857715,9.0,10493.0,0.00039340531213301073
2.0,24.0,0.0,3418.0,0.0,0.00015447643200000734,0.000655141,18.0,27475.0,0.00044615150146800914,0.001429524,15.0,10493.0,0.0008078527872798064
2.0,25.0,0.000877706,3418.0,3.0,0.00044376825920000443,0.000545951,15.0,27475.0,0.0004860713008808055,0.001810731,19.0,10493.0,0.0012090040723678839
2.0,26.0,0.000292569,3418.0,1.0,0.00038328855552000263,0.000545951,15.0,27475.0,0.0005100231805284833,0.001429524,15.0,10493.0,0.0012972120434207304
2.0,27.0,0.0,3418.0,0.0,0.00022997313331200156,7.2793e-05,2.0,27475.0,0.00033513110831708996,0.00114362,12.0,10493.0,0.0012357752260524382
2.0,28.0,0.0,3418.0,0.0,0.00013798387998720094,0.0016378529999999999,45.0,27475.0,0.000856219864990254,0.0013342229999999998,14.0,10493.0,0.0012751543356314629
2.0,29.0,0.0,3418.0,0.0,8.279032799232056e-05,0.0006187440000000001,17.0,27475.0,0.0007612295189941524,0.001810731,19.0,10493.0,0.0014893850013788777
2.0,30.0,0.0,3418.0,0.0,4.967419679539233e-05,0.000400364,11.0,27475.0,0.0006168833113964914,0.001620128,17.0,10493.0,0.0015416822008273265
2.0,31.0,0.0,3418.0,0.0,2.9804518077235396e-05,0.0,0.0,27475.0,0.00037012998683789484,0.0006671110000000001,7.0,10493.0,0.001191853720496396
2.0,32.0,0.0,3418.0,0.0,1.7882710846341238e-05,0.00025477700000000003,7.0,27475.0,0.0003239887921027369,0.00047650800000000005,5.0,10493.0,0.0009057154322978376
2.0,33.0,0.0,3418.0,0.0,1.0729626507804742e-05,0.00010919,3.0,27475.0,0.00023806927526164213,0.000381207,4.0,10493.0,0.0006959120593787026
2.0,34.0,0.0,3418.0,0.0,6.437775904682845e-06,3.6397e-05,1.0,27475.0,0.00015740036515698527,0.000190603,2.0,10493.0,0.0004937884356272216
2.0,35.0,0.0,3418.0,0.0,3.862665542809707e-06,0.0,0.0,27475.0,9.444021909419116e-05,9.5302e-05,1.0,10493.0,0.00033439386137633294
2.0,36.0,0.0,3418.0,0.0,2.317599325685824e-06,7.2793e-05,2.0,27475.0,8.57813314565147e-05,0.0,0.0,10493.0,0.00020063631682579975
2.0,37.0,0.0,3418.0,0.0,1.3905595954114943e-06,7.2793e-05,2.0,27475.0,8.058599887390883e-05,0.0,0.0,10493.0,0.00012038179009547984
2.0,38.0,0.0,3418.0,0.0,8.343357572468966e-07,0.0,0.0,27475.0,4.83515993243453e-05,0.0,0.0,10493.0,7.22290740572879e-05
2.0,39.0,0.0,3418.0,0.0,5.00601454348138e-07,0.0,0.0,27475.0,2.9010959594607176e-05,0.0,0.0,10493.0,4.333744443437274e-05
2.0,40.0,0.0,3418.0,0.0,3.0036087260888276e-07,7.2793e-05,2.0,27475.0,4.652377575676431e-05,0.0,0.0,10493.0,2.6002466660623646e-05
2.0,41.0,0.0,3418.0,0.0,1.8021652356532966e-07,0.0,0.0,27475.0,2.7914265454058583e-05,0.0,0.0,10493.0,1.5601479996374186e-05
2.0,42.0,0.0,3418.0,0.0,1.0812991413919779e-07,0.0,0.0,27475.0,1.674855927243515e-05,0.0,0.0,10493.0,9.36088799782451e-06
2.0,43.0,0.0,3418.0,0.0,6.487794848351868e-08,0.0,0.0,27475.0,1.004913556346109e-05,0.0,0.0,10493.0,5.616532798694706e-06
2.0,44.0,0.0,3418.0,0.0,3.892676909011121e-08,0.0,0.0,27475.0,6.029481338076653e-06,0.0,0.0,10493.0,3.3699196792168235e-06
2.0,45.0,0.0,3418.0,0.0,2.3356061454066722e-08,0.0,0.0,27475.0,3.617688802845992e-06,0.0,0.0,10493.0,2.021951807530094e-06
2.0,46.0,0.0,3418.0,0.0,1.4013636872440033e-08,0.0,0.0,27475.0,2.170613281707595e-06,0.0,0.0,10493.0,1.2131710845180564e-06
2.0,47.0,0.0,3418.0,0.0,8.40818212346402e-09,0.0,0.0,27475.0,1.302367969024557e-06,0.0,0.0,10493.0,7.279026507108338e-07
2.0,48.0,0.0,3418.0,0.0,5.044909274078412e-09,0.0,0.0,27475.0,7.814207814147342e-07,0.0,0.0,10493.0,4.3674159042650023e-07
2.0,49.0,0.0,3418.0,0.0,3.026945564447047e-09,0.0,0.0,27475.0,4.688524688488405e-07,0.0,0.0,10493.0,2.6204495425590015e-07
2.0,50.0,0.0,3418.0,0.0,1.8161673386682281e-09,0.0,0.0,27475.0,2.813114813093043e-07,0.0,0.0,10493.0,1.572269725535401e-07
2.0,51.0,0.0,3418.0,0.0,1.0897004032009369e-09,0.0,0.0,27475.0,1.6878688878558257e-07,0.0,0.0,10493.0,9.433618353212405e-08
2.0,52.0,0.0,3418.0,0.0,6.538202419205621e-10,0.0,0.0,27475.0,1.0127213327134953e-07,0.0,0.0,10493.0,5.660171011927443e-08
3.0,1.0,0.0,3549.0,0.0,3.9229214515233724e-10,0.0,0.0,27475.0,6.076327996280972e-08,0.0,0.0,10493.0,3.396102607156465e-08
3.0,2.0,0.0,3549.0,0.0,2.353752870914023e-10,0.0,0.0,27439.0,3.645796797768583e-08,0.0,0.0,10850.0,2.037661564293879e-08
3.0,3.0,0.0,3549.0,0.0,1.412251722548414e-10,0.0,0.0,27439.0,2.1874780786611495e-08,0.0,0.0,10850.0,1.2225969385763274e-08
3.0,4.0,0.0,3549.0,0.0,8.473510335290483e-11,0.0,0.0,27439.0,1.3124868471966897e-08,0.0,0.0,10850.0,7.335581631457964e-09
3.0,5.0,0.0,3549.0,0.0,5.0841062011742896e-11,0.0,0.0,27439.0,7.874921083180138e-09,0.0,0.0,10850.0,4.401348978874779e-09
3.0,6.0,0.0,3549.0,0.0,3.0504637207045737e-11,0.0,0.0,27439.0,4.724952649908083e-09,0.0,0.0,10850.0,2.640809387324867e-09
3.0,7.0,0.0,3549.0,0.0,1.8302782324227443e-11,0.0,0.0,27439.0,2.8349715899448494e-09,0.0,0.0,10850.0,1.58448563239492e-09
3.0,8.0,0.0,3549.0,0.0,1.0981669394536465e-11,0.0,0.0,27439.0,1.7009829539669096e-09,0.0,0.0,10850.0,9.50691379436952e-10
3.0,9.0,0.0,3549.0,0.0,6.589001636721879e-12,0.0,0.0,27439.0,1.0205897723801457e-09,0.0,0.0,10850.0,5.704148276621711e-10
3.0,10.0,0.0,3549.0,0.0,3.953400982033128e-12,0.0,0.0,27439.0,6.123538634280874e-10,0.0,0.0,10850.0,3.4224889659730264e-10
3.0,11.0,0.0,3549.0,0.0,2.3720405892198765e-12,0.0,0.0,27439.0,3.674123180568524e-10,0.0,0.0,10850.0,2.0534933795838158e-10
3.0,12.0,0.0,3549.0,0.0,1.4232243535319259e-12,0.0,0.0,27439.0,2.2044739083411143e-10,0.0,0.0,10850.0,1.2320960277502894e-10
3.0,13.0,0.0,3549.0,0.0,8.539346121191554e-13,0.0,0.0,27439.0,1.3226843450046685e-10,0.0,0.0,10850.0,7.392576166501736e-11
3.0,14.0,0.0,3549.0,0.0,5.123607672714932e-13,0.0,0.0,27439.0,7.936106070028011e-11,0.0,0.0,10850.0,4.435545699901041e-11
3.0,15.0,0.0,3549.0,0.0,3.0741646036289593e-13,0.0,0.0,27439.0,4.761663642016806e-11,0.0,0.0,10850.0,2.6613274199406245e-11
3.0,16.0,0.0,3549.0,0.0,1.8444987621773756e-13,0.0,0.0,27439.0,2.8569981852100837e-11,0.0,0.0,10850.0,1.5967964519643745e-11
3.0,17.0,0.0,3549.0,0.0,1.1066992573064253e-13,0.0,0.0,27439.0,1.7141989111260503e-11,0.0,0.0,10850.0,9.580778711786247e-12
3.0,18.0,0.0,3549.0,0.0,6.640195543838551e-14,0.0,0.0,27439.0,1.0285193466756301e-11,0.0,0.0,10850.0,5.748467227071748e-12
3.0,19.0,0.0,3549.0,0.0,3.9841173263031306e-14,0.0,0.0,27439.0,6.1711160800537805e-12,0.0,0.0,10850.0,3.449080336243049e-12
3.0,20.0,0.0,3549.0,0.0,2.3904703957818784e-14,7.2889e-05,2.0,27439.0,2.915560370266965e-05,9.2166e-05,1.0,10850.0,3.6866402069448206e-05
3.0,21.0,0.0,3549.0,0.0,1.434282237469127e-14,7.2889e-05,2.0,27439.0,4.664896222160179e-05,0.000829493,9.0,10850.0,0.00035391704124166897
3.0,22.0,0.0,3549.0,0.0,8.605693424814762e-15,7.2889e-05,2.0,27439.0,5.7144977332961075e-05,0.000460829,5.0,10850.0,0.0003966818247450014
3.0,23.0,0.0,3549.0,0.0,5.163416054888857e-15,0.0,0.0,27439.0,3.428698639977664e-05,0.000552995,6.0,10850.0,0.0004592070948470009
3.0,24.0,0.0,3549.0,0.0,3.098049632933314e-15,0.00010933299999999999,3.0,27439.0,6.430539183986598e-05,9.2166e-05,1.0,10850.0,0.00031239065690820053
3.0,25.0,0.0,3549.0,0.0,1.8588297797599886e-15,0.0,0.0,27439.0,3.858323510391958e-05,0.000737327,8.0,10850.0,0.0004823651941449203
3.0,26.0,0.0,3549.0,0.0,1.1152978678559932e-15,3.6444e-05,1.0,27439.0,3.772754106235175e-05,0.000368664,4.0,10850.0,0.00043688471648695214
3.0,27.0,0.0,3549.0,0.0,6.691787207135959e-16,0.000328,9.0,27439.0,0.00015383652463741107,0.000368664,4.0,10850.0,0.00040959642989217126
3.0,28.0,0.0,3549.0,0.0,4.015072324281575e-16,0.000145778,4.0,27439.0,0.00015061311478244664,0.000184332,2.0,10850.0,0.0003194906579353028
3.0,29.0,0.0008453089999999999,3549.0,3.0,0.0003381236000002409,0.00010933299999999999,3.0,27439.0,0.00013410106886946799,0.0,0.0,10850.0,0.00019169439476118165
3.0,30.0,0.0014088479999999999,3549.0,5.0,0.0007664133600001446,0.0,0.0,27439.0,8.046064132168079e-05,0.000645161,7.0,10850.0,0.00037308103685670897
3.0,31.0,0.0,3549.0,0.0,0.00045984801600008673,0.000145778,4.0,27439.0,0.00010658758479300848,0.0,0.0,10850.0,0.00022384862211402538
3.0,32.0,0.0,3549.0,0.0,0.00027590880960005204,0.000145778,4.0,27439.0,0.0001222637508758051,0.000184332,2.0,10850.0,0.00020804197326841525
3.0,33.0,0.0,3549.0,0.0,0.0001655452857600312,0.000145778,4.0,27439.0,0.00013166945052548305,0.000737327,8.0,10850.0,0.00041975598396104915
3.0,34.0,0.0,3549.0,0.0,9.932717145601873e-05,7.2889e-05,2.0,27439.0,0.00010815727031528983,0.001105991,12.0,10850.0,0.0006942499903766295
3.0,35.0,0.0,3549.0,0.0,5.959630287361123e-05,0.0,0.0,27439.0,6.48943621891739e-05,0.000645161,7.0,10850.0,0.0006746143942259776
3.0,36.0,0.0,3549.0,0.0,3.575778172416674e-05,0.0,0.0,27439.0,3.893661731350434e-05,0.000645161,7.0,10850.0,0.0006628330365355866
3.0,37.0,0.0,3549.0,0.0,2.1454669034500043e-05,0.0,0.0,27439.0,2.33619703881026e-05,0.00027649799999999997,3.0,10850.0,0.0005082990219213519
3.0,38.0,0.0,3549.0,0.0,1.2872801420700026e-05,0.0,0.0,27439.0,1.401718223286156e-05,0.0,0.0,10850.0,0.00030497941315281115
3.0,39.0,0.0,3549.0,0.0,7.723680852420015e-06,0.000145778,4.0,27439.0,6.672150933971694e-05,9.2166e-05,1.0,10850.0,0.0002198540478916867
3.0,40.0,0.0,3549.0,0.0,4.634208511452009e-06,0.000145778,4.0,27439.0,9.834410560383017e-05,0.0,0.0,10850.0,0.00013191242873501202
3.0,41.0,0.0,3549.0,0.0,2.7805251068712053e-06,0.0,0.0,27439.0,5.90064633622981e-05,0.0,0.0,10850.0,7.91474572410072e-05
3.0,42.0,0.0,3549.0,0.0,1.6683150641227232e-06,0.0,0.0,27439.0,3.540387801737886e-05,0.0,0.0,10850.0,4.748847434460432e-05
3.0,43.0,0.0,3549.0,0.0,1.0009890384736338e-06,0.0,0.0,27439.0,2.1242326810427317e-05,0.0,0.0,10850.0,2.849308460676259e-05
3.0,44.0,0.0,3549.0,0.0,6.005934230841802e-07,0.0,0.0,27439.0,1.274539608625639e-05,0.0,0.0,10850.0,1.7095850764057556e-05
3.0,45.0,0.0,3549.0,0.0,3.603560538505081e-07,0.0,0.0,27439.0,7.647237651753833e-06,0.0,0.0,10850.0,1.0257510458434533e-05
3.0,46.0,0.0,3549.0,0.0,2.1621363231030485e-07,0.0,0.0,27439.0,4.5883425910523e-06,0.0,0.0,10850.0,6.15450627506072e-06
3.0,47.0,0.0,3549.0,0.0,1.297281793861829e-07,0.0,0.0,27439.0,2.75300555463138e-06,0.0,0.0,10850.0,3.6927037650364315e-06
3.0,48.0,0.0,3549.0,0.0,7.783690763170974e-08,0.0,0.0,27439.0,1.6518033327788278e-06,0.0,0.0,10850.0,2.215622259021859e-06
3.0,49.0,0.0,3549.0,0.0,4.670214457902584e-08,0.0,0.0,27439.0,9.910819996672965e-07,0.0,0.0,10850.0,1.3293733554131153e-06
3.0,50.0,0.0,3549.0,0.0,2.8021286747415505e-08,0.0,0.0,27439.0,5.946491998003779e-07,0.0,0.0,10850.0,7.976240132478691e-07
3.0,51.0,0.0,3549.0,0.0,1.6812772048449302e-08,0.0,0.0,27439.0,3.5678951988022675e-07,0.0,0.0,10850.0,4.785744079487215e-07
3.0,52.0,0.0,3549.0,0.0,1.0087663229069581e-08,0.0,0.0,27439.0,2.1407371192813603e-07,0.0,0.0,10850.0,2.8714464476923284e-07
4.0,1.0,0.0,3624.0,0.0,6.052597937441749e-09,0.0,0.0,27439.0,1.284442271568816e-07,0.0,0.0,10850.0,1.722867868615397e-07
4.0,2.0,0.0,3624.0,0.0,3.631558762465049e-09,0.0,0.0,27437.0,7.706653629412896e-08,0.0,0.0,11087.0,1.0337207211692381e-07
4.0,3.0,0.0,3624.0,0.0,2.1789352574790293e-09,0.0,0.0,27437.0,4.623992177647737e-08,0.0,0.0,11087.0,6.202324327015428e-08
4.0,4.0,0.0,3624.0,0.0,1.3073611544874175e-09,0.0,0.0,27437.0,2.7743953065886423e-08,0.0,0.0,11087.0,3.721394596209257e-08
4.0,5.0,0.0,3624.0,0.0,7.844166926924505e-10,0.0,0.0,27437.0,1.6646371839531853e-08,0.0,0.0,11087.0,2.2328367577255542e-08
4.0,6.0,0.0,3624.0,0.0,4.706500156154702e-10,3.6447e-05,1.0,27437.0,1.4588787823103719e-05,0.0,0.0,11087.0,1.3397020546353325e-08
4.0,7.0,0.0,3624.0,0.0,2.823900093692821e-10,0.0,0.0,27437.0,8.753272693862231e-06,0.0,0.0,11087.0,8.038212327811995e-09
4.0,8.0,0.0,3624.0,0.0,1.6943400562156927e-10,3.6447e-05,1.0,27437.0,1.983076361631734e-05,0.0,0.0,11087.0,4.822927396687197e-09
4.0,9.0,0.0,3624.0,0.0,1.0166040337294156e-10,0.00021868299999999998,6.0,27437.0,9.93716581697904e-05,0.0,0.0,11087.0,2.893756438012318e-09
4.0,10.0,0.0,3624.0,0.0,6.099624202376494e-11,7.2894e-05,2.0,27437.0,8.878059490187424e-05,0.0,0.0,11087.0,1.7362538628073907e-09
4.0,11.0,0.0,3624.0,0.0,3.659774521425896e-11,3.6447e-05,1.0,27437.0,6.784715694112454e-05,0.0,0.0,11087.0,1.0417523176844345e-09
4.0,12.0,0.0,3624.0,0.0,2.1958647128555375e-11,3.6447e-05,1.0,27437.0,5.528709416467473e-05,0.0,0.0,11087.0,6.250513906106606e-10
4.0,13.0,0.0,3624.0,0.0,1.3175188277133225e-11,0.0,0.0,27437.0,3.3172256498804835e-05,0.0,0.0,11087.0,3.7503083436639634e-10
4.0,14.0,0.0,3624.0,0.0,7.905112966279935e-12,0.00010934100000000001,3.0,27437.0,6.36397538992829e-05,0.0,0.0,11087.0,2.250185006198378e-10
4.0,15.0,0.000551876,3624.0,2.0,0.00022075040474306778,7.2894e-05,2.0,27437.0,6.734145233956975e-05,0.0,0.0,11087.0,1.3501110037190267e-10
4.0,16.0,0.000551876,3624.0,2.0,0.00035320064284584065,0.0,0.0,27437.0,4.040487140374185e-05,0.00036078300000000005,4.0,11087.0,0.00014431328100666024
4.0,17.0,0.0,3624.0,0.0,0.0002119203857075044,7.2894e-05,2.0,27437.0,5.340052284224511e-05,0.00126274,14.0,11087.0,0.0005916839686039961
4.0,18.0,0.0,3624.0,0.0,0.00012715223142450264,0.000291577,8.0,27437.0,0.00014867111370534707,0.00126274,14.0,11087.0,0.0008601063811623977
4.0,19.0,0.0,3624.0,0.0,7.629133885470159e-05,0.000692496,19.0,27437.0,0.00036620106822320825,0.00126274,14.0,11087.0,0.0010211598286974386
4.0,20.0,0.001655629,3624.0,6.0,0.000708026403312821,0.00153078,42.0,27437.0,0.000832032640933925,0.001172544,13.0,11087.0,0.0010817134972184632
4.0,21.0,0.000827815,3624.0,3.0,0.0007559418419876927,0.0018952510000000001,52.0,27437.0,0.001257319984560355,0.00036078300000000005,4.0,11087.0,0.000793341298331078
4.0,22.0,0.0,3624.0,0.0,0.0004535651051926156,0.002113934,58.0,27437.0,0.001599965590736213,0.00027058700000000003,3.0,11087.0,0.0005842395789986468
4.0,23.0,0.000551876,3624.0,2.0,0.0004928894631155694,0.001749462,48.0,27437.0,0.0016597641544417278,9.0196e-05,1.0,11087.0,0.0003866221473991881
4.0,24.0,0.005518764000000001,3624.0,20.0,0.002503239277869342,0.00102052,28.0,27437.0,0.0014040664926650366,9.0196e-05,1.0,11087.0,0.00026805168843951286
4.0,25.0,0.006622517,3624.0,24.0,0.004150950366721605,0.001093414,30.0,27437.0,0.001279805495599022,9.0196e-05,1.0,11087.0,0.0001969094130637077
4.0,26.0,0.004139073,3624.0,15.0,0.004146199420032963,0.0018952510000000001,52.0,27437.0,0.0015259836973594133,0.000180391,2.0,11087.0,0.0001903020478382246
4.0,27.0,0.000551876,3624.0,2.0,0.002708470052019778,0.0008382839999999999,23.0,27437.0,0.001250903818415648,0.000180391,2.0,11087.0,0.00018633762870293473
4.0,28.0,0.000275938,3624.0,1.0,0.0017354572312118669,0.00040091800000000005,11.0,27437.0,0.0009109094910493888,0.0,0.0,11087.0,0.00011180257722176082
4.0,29.0,0.0,3624.0,0.0,0.0010412743387271202,0.0,0.0,27437.0,0.0005465456946296333,0.0,0.0,11087.0,6.708154633305649e-05
4.0,30.0,0.000275938,3624.0,1.0,0.0007351398032362721,0.0,0.0,27437.0,0.00032792741677778,0.0,0.0,11087.0,4.0248927799833894e-05
4.0,31.0,0.0,3624.0,0.0,0.0004410838819417632,0.00010934100000000001,3.0,27437.0,0.000240492850066668,0.0,0.0,11087.0,2.4149356679900336e-05
4.0,32.0,0.0,3624.0,0.0,0.0002646503291650579,0.0,0.0,27437.0,0.0001442957100400008,0.0,0.0,11087.0,1.4489614007940201e-05
4.0,33.0,0.0,3624.0,0.0,0.00015879019749903475,0.0,0.0,27437.0,8.657742602400047e-05,0.0,0.0,11087.0,8.69376840476412e-06
4.0,34.0,0.0,3624.0,0.0,9.527411849942084e-05,0.0,0.0,27437.0,5.194645561440028e-05,0.0,0.0,11087.0,5.2162610428584716e-06
4.0,35.0,0.0,3624.0,0.0,5.71644710996525e-05,0.00010934100000000001,3.0,27437.0,7.490427336864017e-05,0.0,0.0,11087.0,3.1297566257150828e-06
4.0,36.0,0.0,3624.0,0.0,3.42986826597915e-05,0.0,0.0,27437.0,4.49425640211841e-05,0.0,0.0,11087.0,1.8778539754290496e-06
4.0,37.0,0.0,3624.0,0.0,2.0579209595874897e-05,7.2894e-05,2.0,27437.0,5.6123138412710456e-05,0.0,0.0,11087.0,1.1267123852574297e-06
4.0,38.0,0.0,3624.0,0.0,1.2347525757524938e-05,0.0,0.0,27437.0,3.3673883047626274e-05,0.0,0.0,11087.0,6.760274311544578e-07
4.0,39.0,0.0,3624.0,0.0,7.408515454514962e-06,0.0,0.0,27437.0,2.0204329828575762e-05,0.0,0.0,11087.0,4.0561645869267466e-07
4.0,40.0,0.0,3624.0,0.0,4.445109272708977e-06,0.0,0.0,27437.0,1.2122597897145458e-05,0.0,0.0,11087.0,2.433698752156048e-07
4.0,41.0,0.0,3624.0,0.0,2.6670655636253864e-06,0.0,0.0,27437.0,7.273558738287274e-06,0.0,0.0,11087.0,1.4602192512936287e-07
4.0,42.0,0.0,3624.0,0.0,1.6002393381752318e-06,0.0,0.0,27437.0,4.364135242972364e-06,0.0,0.0,11087.0,8.761315507761772e-08
4.0,43.0,0.0,3624.0,0.0,9.60143602905139e-07,0.0,0.0,27437.0,2.6184811457834183e-06,0.0,0.0,11087.0,5.2567893046570626e-08
4.0,44.0,0.0,3624.0,0.0,5.760861617430834e-07,0.0,0.0,27437.0,1.571088687470051e-06,0.0,0.0,11087.0,3.1540735827942376e-08
4.0,45.0,0.0,3624.0,0.0,3.4565169704585004e-07,0.0,0.0,27437.0,9.426532124820306e-07,0.0,0.0,11087.0,1.8924441496765424e-08
4.0,46.0,0.0,3624.0,0.0,2.0739101822751003e-07,0.0,0.0,27437.0,5.655919274892184e-07,0.0,0.0,11087.0,1.1354664898059254e-08
4.0,47.0,0.0,3624.0,0.0,1.2443461093650602e-07,0.0,0.0,27437.0,3.39355156493531e-07,0.0,0.0,11087.0,6.812798938835552e-09
4.0,48.0,0.0,3624.0,0.0,7.466076656190361e-08,0.0,0.0,27437.0,2.036130938961186e-07,0.0,0.0,11087.0,4.087679363301331e-09
4.0,49.0,0.0,3624.0,0.0,4.479645993714217e-08,0.0,0.0,27437.0,1.2216785633767116e-07,0.0,0.0,11087.0,2.4526076179807984e-09
4.0,50.0,0.0,3624.0,0.0,2.68778759622853e-08,0.0,0.0,27437.0,7.330071380260269e-08,0.0,0.0,11087.0,1.471564570788479e-09
4.0,51.0,0.0,3624.0,0.0,1.612672557737118e-08,0.0,0.0,27437.0,4.398042828156161e-08,0.0,0.0,11087.0,8.829387424730874e-10
4.0,52.0,0.0,3624.0,0.0,9.676035346422707e-09,0.0,0.0,27437.0,2.6388256968936966e-08,0.0,0.0,11087.0,5.297632454838524e-10
5.0,1.0,0.0,3651.0,0.0,5.805621207853624e-09,0.0,0.0,27437.0,1.583295418136218e-08,0.0,0.0,11087.0,3.178579472903114e-10
5.0,2.0,0.0,3651.0,0.0,3.4833727247121744e-09,0.0,0.0,27230.0,9.499772508817308e-09,0.0,0.0,11280.0,1.9071476837418683e-10
5.0,3.0,0.0,3651.0,0.0,2.0900236348273045e-09,0.0,0.0,27230.0,5.699863505290384e-09,0.0,0.0,11280.0,1.144288610245121e-10
5.0,4.0,0.0,3651.0,0.0,1.2540141808963826e-09,0.0,0.0,27230.0,3.4199181031742305e-09,0.0,0.0,11280.0,6.865731661470725e-11
5.0,5.0,0.0,3651.0,0.0,7.524085085378296e-10,0.0,0.0,27230.0,2.051950861904538e-09,0.0,0.0,11280.0,4.119438996882435e-11
5.0,6.0,0.0,3651.0,0.0,4.5144510512269776e-10,0.0,0.0,27230.0,1.2311705171427228e-09,0.0,0.0,11280.0,2.4716633981294608e-11
5.0,7.0,0.0,3651.0,0.0,2.7086706307361864e-10,0.0,0.0,27230.0,7.387023102856336e-10,0.0,0.0,11280.0,1.4829980388776765e-11
5.0,8.0,0.0,3651.0,0.0,1.6252023784417119e-10,0.0,0.0,27230.0,4.4322138617138015e-10,0.0,0.0,11280.0,8.897988233266059e-12
5.0,9.0,0.0,3651.0,0.0,9.75121427065027e-11,0.0,0.0,27230.0,2.659328317028281e-10,0.0,0.0,11280.0,5.338792939959635e-12
5.0,10.0,0.0,3651.0,0.0,5.850728562390163e-11,0.0,0.0,27230.0,1.5955969902169685e-10,0.0,0.0,11280.0,3.2032757639757807e-12
5.0,11.0,0.0,3651.0,0.0,3.510437137434098e-11,0.0,0.0,27230.0,9.573581941301811e-11,0.0,0.0,11280.0,1.9219654583854683e-12
5.0,12.0,0.0,3651.0,0.0,2.1062622824604586e-11,0.0,0.0,27230.0,5.7441491647810864e-11,0.0,0.0,11280.0,1.153179275031281e-12
5.0,13.0,0.0,3651.0,0.0,1.263757369476275e-11,0.0,0.0,27230.0,3.446489498868652e-11,0.0,0.0,11280.0,6.919075650187685e-13
5.0,14.0,0.0,3651.0,0.0,7.58254421685765e-12,0.0,0.0,27230.0,2.067893699321191e-11,0.0,0.0,11280.0,4.151445390112611e-13
5.0,15.0,0.0,3651.0,0.0,4.54952653011459e-12,0.0,0.0,27230.0,1.2407362195927147e-11,0.0,0.0,11280.0,2.490867234067566e-13
5.0,16.0,0.0,3651.0,0.0,2.729715918068754e-12,0.0,0.0,27230.0,7.444417317556288e-12,8.8652e-05,1.0,11280.0,3.5460800149452036e-05
5.0,17.0,0.0,3651.0,0.0,1.6378295508412522e-12,0.00011017299999999999,3.0,27230.0,4.406920446665039e-05,0.000177305,2.0,11280.0,9.219848008967121e-05
5.0,18.0,0.0,3651.0,0.0,9.826977305047512e-13,0.000146897,4.0,27230.0,8.520032267999024e-05,0.0,0.0,11280.0,5.5319088053802724e-05
5.0,19.0,0.0008216930000000001,3651.0,3.0,0.0003286772005896187,0.000514139,14.0,27230.0,0.00025677579360799415,0.000177305,2.0,11280.0,0.00010411345283228163
5.0,20.0,0.0,3651.0,0.0,0.00019720632035377122,0.000587587,16.0,27230.0,0.0003891002761647965,0.000531915,6.0,11280.0,0.00027523407169936895
5.0,21.0,0.000273898,3651.0,1.0,0.00022788299221226273,0.000624311,17.0,27230.0,0.00048318456569887793,0.000177305,2.0,11280.0,0.00023606244301962136
5.0,22.0,0.0,3651.0,0.0,0.00013672979532735764,0.000367242,10.0,27230.0,0.0004368075394193268,8.8652e-05,1.0,11280.0,0.0001770982658117728
5.0,23.0,0.0,3651.0,0.0,8.203787719641459e-05,7.3448e-05,2.0,27230.0,0.0002914637236515961,0.0,0.0,11280.0,0.00010625895948706368
5.0,24.0,0.0,3651.0,0.0,4.922272631784875e-05,0.0,0.0,27230.0,0.00017487823419095767,0.0,0.0,11280.0,6.37553756922382e-05
5.0,25.0,0.000273898,3651.0,1.0,0.00013909283579070927,3.6724e-05,1.0,27230.0,0.0001196165405145746,0.000265957,3.0,11280.0,0.00014463602541534291
5.0,26.0,0.000273898,3651.0,1.0,0.00019301490147442558,0.0,0.0,27230.0,7.176992430874476e-05,8.8652e-05,1.0,11280.0,0.00012224241524920573
5.0,27.0,0.0,3651.0,0.0,0.00011580894088465534,7.3448e-05,2.0,27230.0,7.244115458524686e-05,0.0,0.0,11280.0,7.334544914952344e-05
5.0,28.0,0.0,3651.0,0.0,6.948536453079321e-05,0.0,0.0,27230.0,4.3464692751148115e-05,0.0,0.0,11280.0,4.400726948971406e-05
5.0,29.0,0.0,3651.0,0.0,4.1691218718475925e-05,7.3448e-05,2.0,27230.0,5.545801565068887e-05,0.0,0.0,11280.0,2.6404361693828435e-05
5.0,30.0,0.0,3651.0,0.0,2.5014731231085554e-05,3.6724e-05,1.0,27230.0,4.7964409390413324e-05,0.0,0.0,11280.0,1.584261701629706e-05
5.0,31.0,0.0,3651.0,0.0,1.5008838738651333e-05,0.0,0.0,27230.0,2.8778645634247994e-05,0.0,0.0,11280.0,9.505570209778235e-06
5.0,32.0,0.0,3651.0,0.0,9.0053032431908e-06,0.0,0.0,27230.0,1.7267187380548797e-05,0.0,0.0,11280.0,5.703342125866941e-06
5.0,33.0,0.0,3651.0,0.0,5.403181945914479e-06,0.0,0.0,27230.0,1.0360312428329278e-05,0.0,0.0,11280.0,3.4220052755201644e-06
5.0,34.0,0.0,3651.0,0.0,3.2419091675486873e-06,0.0,0.0,27230.0,6.216187456997567e-06,0.0,0.0,11280.0,2.0532031653120986e-06
5.0,35.0,0.0,3651.0,0.0,1.9451455005292123e-06,0.0,0.0,27230.0,3.72971247419854e-06,0.0,0.0,11280.0,1.2319218991872592e-06
5.0,36.0,0.0,3651.0,0.0,1.1670873003175274e-06,0.0,0.0,27230.0,2.2378274845191238e-06,0.0,0.0,11280.0,7.391531395123555e-07
5.0,37.0,0.0,3651.0,0.0,7.002523801905164e-07,0.0,0.0,27230.0,1.3426964907114743e-06,0.0,0.0,11280.0,4.434918837074133e-07
5.0,38.0,0.0,3651.0,0.0,4.201514281143098e-07,0.0,0.0,27230.0,8.056178944268846e-07,0.0,0.0,11280.0,2.6609513022444795e-07
5.0,39.0,0.0,3651.0,0.0,2.5209085686858587e-07,0.0,0.0,27230.0,4.833707366561307e-07,0.0,0.0,11280.0,1.5965707813466877e-07
5.0,40.0,0.0,3651.0,0.0,1.5125451412115152e-07,0.0,0.0,27230.0,2.900224419936784e-07,8.8652e-05,1.0,11280.0,3.5556594246880805e-05
5.0,41.0,0.0,3651.0,0.0,9.075270847269091e-08,0.0,0.0,27230.0,1.7401346519620703e-07,0.0,0.0,11280.0,2.1333956548128484e-05
5.0,42.0,0.0,3651.0,0.0,5.4451625083614546e-08,0.0,0.0,27230.0,1.0440807911772421e-07,0.0,0.0,11280.0,1.280037392887709e-05
5.0,43.0,0.0,3651.0,0.0,3.2670975050168726e-08,0.0,0.0,27230.0,6.264484747063452e-08,0.0,0.0,11280.0,7.680224357326253e-06
5.0,44.0,0.0,3651.0,0.0,1.9602585030101235e-08,0.0,0.0,27230.0,3.758690848238071e-08,0.0,0.0,11280.0,4.608134614395752e-06
5.0,45.0,0.0,3651.0,0.0,1.1761551018060741e-08,0.0,0.0,27230.0,2.2552145089428427e-08,0.0,0.0,11280.0,2.7648807686374513e-06
5.0,46.0,0.0,3651.0,0.0,7.056930610836444e-09,0.0,0.0,27230.0,1.3531287053657055e-08,0.0,0.0,11280.0,1.6589284611824707e-06
5.0,47.0,0.0,3651.0,0.0,4.234158366501866e-09,0.0,0.0,27230.0,8.118772232194233e-09,0.0,0.0,11280.0,9.953570767094824e-07
5.0,48.0,0.0,3651.0,0.0,2.5404950199011195e-09,0.0,0.0,27230.0,4.8712633393165395e-09,0.0,0.0,11280.0,5.972142460256894e-07
5.0,49.0,0.0,3651.0,0.0,1.5242970119406717e-09,0.0,0.0,27230.0,2.9227580035899235e-09,0.0,0.0,11280.0,3.5832854761541367e-07
5.0,50.0,0.0,3651.0,0.0,9.14578207164403e-10,0.0,0.0,27230.0,1.753654802153954e-09,0.0,0.0,11280.0,2.149971285692482e-07
5.0,51.0,0.0,3651.0,0.0,5.487469242986418e-10,0.0,0.0,27230.0,1.0521928812923724e-09,0.0,0.0,11280.0,1.2899827714154892e-07
5.0,52.0,0.0,3651.0,0.0,3.2924815457918507e-10,0.0,0.0,27230.0,6.313157287754234e-10,0.0,0.0,11280.0,7.739896628492935e-08
6.0,1.0,0.0,3652.0,0.0,1.9754889274751103e-10,0.0,0.0,27230.0,3.78789437265254e-10,0.0,0.0,11280.0,4.643937977095761e-08
6.0,2.0,0.0,3652.0,0.0,1.1852933564850662e-10,0.0,0.0,26982.0,2.272736623591524e-10,0.0,0.0,11405.0,2.7863627862574567e-08
6.0,3.0,0.0,3652.0,0.0,7.111760138910396e-11,0.0,0.0,26982.0,1.3636419741549145e-10,0.0,0.0,11405.0,1.671817671754474e-08
6.0,4.0,0.0,3652.0,0.0,4.267056083346238e-11,0.0,0.0,26982.0,8.181851844929487e-11,0.0,0.0,11405.0,1.0030906030526843e-08
6.0,5.0,0.0,3652.0,0.0,2.5602336500077424e-11,0.0,0.0,26982.0,4.909111106957692e-11,0.0,0.0,11405.0,6.018543618316106e-09
6.0,6.0,0.0,3652.0,0.0,1.5361401900046455e-11,0.0,0.0,26982.0,2.945466664174615e-11,0.0,0.0,11405.0,3.611126170989663e-09
6.0,7.0,0.0,3652.0,0.0,9.216841140027873e-12,0.0,0.0,26982.0,1.767279998504769e-11,0.0,0.0,11405.0,2.1666757025937978e-09
6.0,8.0,0.0,3652.0,0.0,5.530104684016723e-12,0.0,0.0,26982.0,1.0603679991028613e-11,0.0,0.0,11405.0,1.3000054215562787e-09
6.0,9.0,0.0,3652.0,0.0,3.3180628104100338e-12,0.0,0.0,26982.0,6.362207994617168e-12,0.0,0.0,11405.0,7.800032529337672e-10
6.0,10.0,0.0,3652.0,0.0,1.9908376862460203e-12,0.0,0.0,26982.0,3.8173247967703004e-12,0.0,0.0,11405.0,4.680019517602602e-10
6.0,11.0,0.0,3652.0,0.0,1.194502611747612e-12,3.7062e-05,1.0,26982.0,1.482480229039488e-05,0.0,0.0,11405.0,2.8080117105615614e-10
6.0,12.0,0.0,3652.0,0.0,7.167015670485672e-13,0.0,0.0,26982.0,8.894881374236927e-06,0.0,0.0,11405.0,1.6848070263369368e-10
6.0,13.0,0.0,3652.0,0.0,4.300209402291403e-13,0.0,0.0,26982.0,5.336928824542156e-06,0.0,0.0,11405.0,1.0108842158021621e-10
6.0,14.0,0.0,3652.0,0.0,2.580125641374842e-13,3.7062e-05,1.0,26982.0,1.8026957294725295e-05,0.0,0.0,11405.0,6.065305294812972e-11
6.0,15.0,0.0,3652.0,0.0,1.548075384824905e-13,3.7062e-05,1.0,26982.0,2.5640974376835176e-05,0.0,0.0,11405.0,3.639183176887783e-11
6.0,16.0,0.00027382299999999997,3652.0,1.0,0.00010952920009288451,7.412300000000001e-05,2.0,26982.0,4.503378462610111e-05,0.0,0.0,11405.0,2.1835099061326696e-11
6.0,17.0,0.00027382299999999997,3652.0,1.0,0.0001752467200557307,3.7062e-05,1.0,26982.0,4.184507077566067e-05,0.000789128,9.0,11405.0,0.0003156512131010595
6.0,18.0,0.002464403,3652.0,9.0,0.0010909092320334384,7.412300000000001e-05,2.0,26982.0,5.475624246539641e-05,0.001139851,13.0,11405.0,0.0006453311278606358
6.0,19.0,0.00109529,3652.0,4.0,0.0010926615392200631,0.000185309,5.0,26982.0,0.00010697734547923784,0.0009644889999999999,11.0,11405.0,0.0007729942767163814
6.0,20.0,0.003833516,3652.0,14.0,0.002189003323532038,3.7062e-05,1.0,26982.0,7.901120728754271e-05,0.000613766,7.0,11405.0,0.0007093029660298288
6.0,21.0,0.0032858709999999997,3652.0,12.0,0.002627750394119223,0.00025943200000000003,7.0,26982.0,0.00015117952437252564,0.001139851,13.0,11405.0,0.0008815221796178974
6.0,22.0,0.000821468,3652.0,3.0,0.0019052374364715338,0.00044474099999999996,12.0,26982.0,0.0002686041146235154,0.00043840400000000004,5.0,11405.0,0.0007042749077707385
6.0,23.0,0.0,3652.0,0.0,0.0011431424618829201,0.000111185,3.0,26982.0,0.00020563646877410925,0.0009644889999999999,11.0,11405.0,0.0008083605446624431
6.0,24.0,0.0,3652.0,0.0,0.0006858854771297521,0.000148247,4.0,26982.0,0.00018268068126446556,0.00026304299999999997,3.0,11405.0,0.0005902335267974658
6.0,25.0,0.0,3652.0,0.0,0.0004115312862778512,0.000704173,19.0,26982.0,0.00039127760875867936,0.000175362,2.0,11405.0,0.0004242849160784795
6.0,26.0,0.0,3652.0,0.0,0.0002469187717667107,0.00025943200000000003,7.0,26982.0,0.0003385393652552076,8.7681e-05,1.0,11405.0,0.00028964334964708767
6.0,27.0,0.00027382299999999997,3652.0,1.0,0.0002576804630600264,7.412300000000001e-05,2.0,26982.0,0.00023277281915312458,0.0,0.0,11405.0,0.00017378600978825258
6.0,28.0,0.0,3652.0,0.0,0.00015460827783601584,0.000185309,5.0,26982.0,0.00021378729149187475,0.0,0.0,11405.0,0.00010427160587295155
6.0,29.0,0.0,3652.0,0.0,9.27649667016095e-05,0.00025943200000000003,7.0,26982.0,0.00023204517489512486,8.7681e-05,1.0,11405.0,9.763536352377092e-05
6.0,30.0,0.0,3652.0,0.0,5.56589800209657e-05,0.000148247,4.0,26982.0,0.00019852590493707491,8.7681e-05,1.0,11405.0,9.365361811426255e-05
6.0,31.0,0.00109529,3652.0,4.0,0.00047151138801257946,3.7062e-05,1.0,26982.0,0.00013394034296224496,0.0,0.0,11405.0,5.619217086855753e-05
6.0,32.0,0.0,3652.0,0.0,0.0002829068328075477,0.0,0.0,26982.0,8.036420577734698e-05,8.7681e-05,1.0,11405.0,6.878770252113452e-05
6.0,33.0,0.0,3652.0,0.0,0.0001697440996845286,0.0,0.0,26982.0,4.8218523466408185e-05,0.0,0.0,11405.0,4.127262151268071e-05
6.0,34.0,0.0,3652.0,0.0,0.00010184645981071716,0.0,0.0,26982.0,2.893111407984491e-05,0.0,0.0,11405.0,2.4763572907608425e-05
6.0,35.0,0.0,3652.0,0.0,6.110787588643029e-05,0.000185309,5.0,26982.0,9.148226844790696e-05,8.7681e-05,1.0,11405.0,4.993054374456506e-05
6.0,36.0,0.0,3652.0,0.0,3.666472553185817e-05,0.0,0.0,26982.0,5.4889361068744174e-05,0.0,0.0,11405.0,2.9958326246739033e-05
6.0,37.0,0.0,3652.0,0.0,2.1998835319114902e-05,3.7062e-05,1.0,26982.0,4.775841664124651e-05,0.0,0.0,11405.0,1.7974995748043418e-05
6.0,38.0,0.0,3652.0,0.0,1.319930119146894e-05,3.7062e-05,1.0,26982.0,4.3479849984747905e-05,0.0,0.0,11405.0,1.0784997448826051e-05
6.0,39.0,0.0,3652.0,0.0,7.919580714881364e-06,0.0,0.0,26982.0,2.6087909990848743e-05,0.0,0.0,11405.0,6.47099846929563e-06
6.0,40.0,0.0,3652.0,0.0,4.751748428928818e-06,3.7062e-05,1.0,26982.0,3.0477545994509244e-05,0.0,0.0,11405.0,3.882599081577378e-06
6.0,41.0,0.0,3652.0,0.0,2.8510490573572906e-06,0.0,0.0,26982.0,1.8286527596705545e-05,0.0,0.0,11405.0,2.3295594489464267e-06
6.0,42.0,0.0,3652.0,0.0,1.7106294344143743e-06,0.0,0.0,26982.0,1.0971916558023327e-05,0.0,0.0,11405.0,1.397735669367856e-06
6.0,43.0,0.0,3652.0,0.0,1.0263776606486245e-06,0.0,0.0,26982.0,6.583149934813996e-06,0.0,0.0,11405.0,8.386414016207135e-07
6.0,44.0,0.0,3652.0,0.0,6.158265963891747e-07,0.0,0.0,26982.0,3.949889960888397e-06,0.0,0.0,11405.0,5.031848409724281e-07
6.0,45.0,0.0,3652.0,0.0,3.694959578335048e-07,0.0,0.0,26982.0,2.3699339765330382e-06,0.0,0.0,11405.0,3.0191090458345687e-07
6.0,46.0,0.0,3652.0,0.0,2.2169757470010287e-07,0.0,0.0,26982.0,1.4219603859198228e-06,0.0,0.0,11405.0,1.8114654275007413e-07
6.0,47.0,0.0,3652.0,0.0,1.3301854482006172e-07,0.0,0.0,26982.0,8.531762315518936e-07,0.0,0.0,11405.0,1.0868792565004447e-07
6.0,48.0,0.0,3652.0,0.0,7.981112689203703e-08,0.0,0.0,26982.0,5.119057389311362e-07,0.0,0.0,11405.0,6.521275539002668e-08
6.0,49.0,0.0,3652.0,0.0,4.788667613522222e-08,0.0,0.0,26982.0,3.071434433586817e-07,0.0,0.0,11405.0,3.912765323401601e-08
6.0,50.0,0.0,3652.0,0.0,2.873200568113333e-08,0.0,0.0,26982.0,1.8428606601520902e-07,0.0,0.0,11405.0,2.3476591940409606e-08
6.0,51.0,0.0,3652.0,0.0,1.7239203408679998e-08,0.0,0.0,26982.0,1.1057163960912541e-07,0.0,0.0,11405.0,1.4085955164245763e-08
6.0,52.0,0.0,3652.0,0.0,1.0343522045208e-08,0.0,0.0,26982.0,6.634298376547525e-08,0.0,0.0,11405.0,8.451573098547457e-09
7.0,1.0,0.0,3596.0,0.0,6.206113227124799e-09,0.0,0.0,26982.0,3.980579025928515e-08,0.0,0.0,11405.0,5.070943859128474e-09
7.0,2.0,0.0,3596.0,0.0,3.723667936274879e-09,0.0,0.0,27103.0,2.388347415557109e-08,0.0,0.0,11219.0,3.0425663154770843e-09
7.0,3.0,0.0,3596.0,0.0,2.2342007617649272e-09,0.0,0.0,27103.0,1.4330084493342652e-08,0.0,0.0,11219.0,1.8255397892862504e-09
7.0,4.0,0.0,3596.0,0.0,1.3405204570589563e-09,0.0,0.0,27103.0,8.598050696005591e-09,0.0,0.0,11219.0,1.0953238735717501e-09
7.0,5.0,0.0,3596.0,0.0,8.043122742353738e-10,0.0,0.0,27103.0,5.1588304176033545e-09,0.0,0.0,11219.0,6.571943241430501e-10
7.0,6.0,0.0,3596.0,0.0,4.825873645412243e-10,0.0,0.0,27103.0,3.0952982505620127e-09,0.0,0.0,11219.0,3.9431659448583003e-10
7.0,7.0,0.0,3596.0,0.0,2.8955241872473454e-10,0.0,0.0,27103.0,1.8571789503372075e-09,0.0,0.0,11219.0,2.3658995669149803e-10
7.0,8.0,0.0,3596.0,0.0,1.737314512348407e-10,0.0,0.0,27103.0,1.1143073702023244e-09,0.0,0.0,11219.0,1.419539740148988e-10
7.0,9.0,0.0,3596.0,0.0,1.0423887074090442e-10,0.0,0.0,27103.0,6.685844221213946e-10,0.0,0.0,11219.0,8.517238440893928e-11
7.0,10.0,0.0,3596.0,0.0,6.254332244454265e-11,0.0,0.0,27103.0,4.011506532728367e-10,0.0,0.0,11219.0,5.1103430645363567e-11
7.0,11.0,0.0,3596.0,0.0,3.752599346672558e-11,0.0,0.0,27103.0,2.40690391963702e-10,0.0,0.0,11219.0,3.066205838721814e-11
7.0,12.0,0.0,3596.0,0.0,2.251559608003535e-11,0.0,0.0,27103.0,1.444142351782212e-10,0.0,0.0,11219.0,1.8397235032330883e-11
7.0,13.0,0.0,3596.0,0.0,1.3509357648021209e-11,0.0,0.0,27103.0,8.664854110693271e-11,0.0,0.0,11219.0,1.103834101939853e-11
7.0,14.0,0.0,3596.0,0.0,8.105614588812725e-12,0.0,0.0,27103.0,5.198912466415962e-11,0.0,0.0,11219.0,6.623004611639118e-12
7.0,15.0,0.0,3596.0,0.0,4.863368753287634e-12,0.0,0.0,27103.0,3.119347479849577e-11,0.0,0.0,11219.0,3.97380276698347e-12
7.0,16.0,0.0,3596.0,0.0,2.9180212519725806e-12,0.0,0.0,27103.0,1.8716084879097462e-11,0.0,0.0,11219.0,2.384281660190082e-12
7.0,17.0,0.0,3596.0,0.0,1.7508127511835483e-12,0.0,0.0,27103.0,1.1229650927458477e-11,0.0,0.0,11219.0,1.4305689961140493e-12
7.0,18.0,0.0,3596.0,0.0,1.0504876507101289e-12,0.0,0.0,27103.0,6.737790556475086e-12,0.0,0.0,11219.0,8.583413976684295e-13
7.0,19.0,0.0,3596.0,0.0,6.302925904260773e-13,0.0,0.0,27103.0,4.042674333885051e-12,0.0,0.0,11219.0,5.150048386010577e-13
7.0,20.0,0.0,3596.0,0.0,3.7817555425564636e-13,0.0,0.0,27103.0,2.425604600331031e-12,0.0,0.0,11219.0,3.090029031606346e-13
7.0,21.0,0.0,3596.0,0.0,2.2690533255338782e-13,0.0,0.0,27103.0,1.4553627601986185e-12,0.0,0.0,11219.0,1.8540174189638076e-13
7.0,22.0,0.0,3596.0,0.0,1.3614319953203268e-13,0.0,0.0,27103.0,8.73217656119171e-13,0.0,0.0,11219.0,1.1124104513782845e-13
7.0,23.0,0.0,3596.0,0.0,8.168591971921961e-14,0.0,0.0,27103.0,5.239305936715026e-13,0.0,0.0,11219.0,6.674462708269707e-14
7.0,24.0,0.0,3596.0,0.0,4.9011551831531763e-14,0.0,0.0,27103.0,3.1435835620290154e-13,0.000267404,3.0,11219.0,0.00010696160004004679
7.0,25.0,0.0,3596.0,0.0,2.9406931098919057e-14,0.0,0.0,27103.0,1.8861501372174092e-13,8.9135e-05,1.0,11219.0,9.983096002402807e-05
7.0,26.0,0.000556174,3596.0,2.0,0.00022246960001764417,3.6896e-05,1.0,27103.0,1.4758400113169008e-05,0.00035653800000000005,4.0,11219.0,0.00020251377601441687
7.0,27.0,0.000556174,3596.0,2.0,0.0003559513600105865,0.000147585,4.0,27103.0,6.78890400679014e-05,8.9135e-05,1.0,11219.0,0.00015716226560865012
7.0,28.0,0.0013904339999999999,3596.0,5.0,0.0007697444160063519,7.3793e-05,2.0,27103.0,7.025062404074085e-05,0.00035653800000000005,4.0,11219.0,0.0002369125593651901
7.0,29.0,0.0013904339999999999,3596.0,5.0,0.001018020249603811,0.00033206699999999996,9.0,27103.0,0.0001749771744244445,0.001069614,12.0,11219.0,0.0005699931356191141
7.0,30.0,0.000278087,3596.0,1.0,0.0007220469497622867,0.00047965199999999995,13.0,27103.0,0.0002968471046546667,0.000802211,9.0,11219.0,0.0006628802813714685
7.0,31.0,0.000278087,3596.0,1.0,0.000544462969857372,0.00033206699999999996,9.0,27103.0,0.00031093506279279996,0.00017826900000000002,2.0,11219.0,0.00046903576882288103
7.0,32.0,0.0,3596.0,0.0,0.0003266777819144232,0.000258274,7.0,27103.0,0.00028987063767567996,0.000267404,3.0,11219.0,0.0003883830612937286
7.0,33.0,0.000278087,3596.0,1.0,0.00030724146914865393,7.3793e-05,2.0,27103.0,0.00020343958260540796,0.00035653800000000005,4.0,11219.0,0.0003756450367762372
7.0,34.0,0.0,3596.0,0.0,0.00018434488148919234,0.0,0.0,27103.0,0.00012206374956324477,0.001247883,14.0,11219.0,0.0007245402220657423
7.0,35.0,0.0,3596.0,0.0,0.0001106069288935154,0.000147585,4.0,27103.0,0.00013227224973794686,0.00044567300000000005,5.0,11219.0,0.0006129933332394454
7.0,36.0,0.0,3596.0,0.0,6.636415733610923e-05,7.3793e-05,2.0,27103.0,0.0001088805498427681,8.9135e-05,1.0,11219.0,0.0004034499999436672
7.0,37.0,0.0,3596.0,0.0,3.981849440166554e-05,7.3793e-05,2.0,27103.0,9.484552990566086e-05,0.0,0.0,11219.0,0.00024206999996620031
7.0,38.0,0.0,3596.0,0.0,2.3891096640999323e-05,0.0,0.0,27103.0,5.6907317943396514e-05,0.0,0.0,11219.0,0.00014524199997972018
7.0,39.0,0.0,3596.0,0.0,1.4334657984599593e-05,0.0,0.0,27103.0,3.4144390766037906e-05,0.0,0.0,11219.0,8.71451999878321e-05
7.0,40.0,0.0,3596.0,0.0,8.600794790759755e-06,0.0,0.0,27103.0,2.048663445962274e-05,0.0,0.0,11219.0,5.228711999269926e-05
7.0,41.0,0.0,3596.0,0.0,5.160476874455853e-06,0.0,0.0,27103.0,1.2291980675773645e-05,0.0,0.0,11219.0,3.1372271995619553e-05
7.0,42.0,0.0,3596.0,0.0,3.096286124673512e-06,0.0,0.0,27103.0,7.375188405464186e-06,0.0,0.0,11219.0,1.882336319737173e-05
7.0,43.0,0.0,3596.0,0.0,1.857771674804107e-06,0.0,0.0,27103.0,4.425113043278511e-06,0.0,0.0,11219.0,1.1294017918423038e-05
7.0,44.0,0.0,3596.0,0.0,1.114663004882464e-06,0.0,0.0,27103.0,2.655067825967107e-06,0.0,0.0,11219.0,6.776410751053823e-06
7.0,45.0,0.0,3596.0,0.0,6.687978029294784e-07,0.0,0.0,27103.0,1.5930406955802641e-06,0.0,0.0,11219.0,4.065846450632294e-06
7.0,46.0,0.0,3596.0,0.0,4.0127868175768705e-07,0.0,0.0,27103.0,9.558244173481585e-07,0.0,0.0,11219.0,2.4395078703793764e-06
7.0,47.0,0.0,3596.0,0.0,2.4076720905461223e-07,0.0,0.0,27103.0,5.734946504088951e-07,0.0,0.0,11219.0,1.4637047222276257e-06
7.0,48.0,0.0,3596.0,0.0,1.4446032543276734e-07,0.0,0.0,27103.0,3.44096790245337e-07,0.0,0.0,11219.0,8.782228333365754e-07
7.0,49.0,0.0,3596.0,0.0,8.66761952596604e-08,0.0,0.0,27103.0,2.0645807414720221e-07,0.0,0.0,11219.0,5.269337000019452e-07
7.0,50.0,0.0,3596.0,0.0,5.200571715579624e-08,0.0,0.0,27103.0,1.2387484448832133e-07,0.0,0.0,11219.0,3.161602200011671e-07
7.0,51.0,0.0,3596.0,0.0,3.120343029347774e-08,0.0,0.0,27103.0,7.43249066929928e-08,0.0,0.0,11219.0,1.8969613200070027e-07
7.0,52.0,0.0,3596.0,0.0,1.8722058176086644e-08,0.0,0.0,27103.0,4.4594944015795674e-08,0.0,0.0,11219.0,1.1381767920042015e-07
8.0,1.0,0.0,3469.0,0.0,1.1233234905651987e-08,0.0,0.0,27103.0,2.6756966409477404e-08,0.0,0.0,11219.0,6.829060752025209e-08
8.0,2.0,0.0,3469.0,0.0,6.739940943391192e-09,0.0,0.0,27141.0,1.6054179845686443e-08,0.0,0.0,11098.0,4.097436451215125e-08
8.0,3.0,0.0,3469.0,0.0,4.043964566034715e-09,0.0,0.0,27141.0,9.632507907411865e-09,0.0,0.0,11098.0,2.4584618707290747e-08
8.0,4.0,0.0,3469.0,0.0,2.426378739620829e-09,0.0,0.0,27141.0,5.779504744447119e-09,0.0,0.0,11098.0,1.4750771224374447e-08
8.0,5.0,0.0,3469.0,0.0,1.4558272437724972e-09,0.0,0.0,27141.0,3.467702846668271e-09,0.0,0.0,11098.0,8.850462734624669e-09
8.0,6.0,0.0,3469.0,0.0,8.734963462634983e-10,0.0,0.0,27141.0,2.0806217080009627e-09,0.0,0.0,11098.0,5.310277640774801e-09
8.0,7.0,0.0,3469.0,0.0,5.240978077580989e-10,0.0,0.0,27141.0,1.2483730248005775e-09,0.0,0.0,11098.0,3.1861665844648807e-09
8.0,8.0,0.0,3469.0,0.0,3.1445868465485936e-10,0.0,0.0,27141.0,7.490238148803465e-10,0.0,0.0,11098.0,1.9116999506789282e-09
8.0,9.0,0.0,3469.0,0.0,1.8867521079291561e-10,0.0,0.0,27141.0,4.4941428892820785e-10,0.0,0.0,11098.0,1.147019970407357e-09
8.0,10.0,0.0,3469.0,0.0,1.1320512647574937e-10,0.0,0.0,27141.0,2.696485733569247e-10,0.0,0.0,11098.0,6.882119822444142e-10
8.0,11.0,0.0,3469.0,0.0,6.792307588544961e-11,0.0,0.0,27141.0,1.617891440141548e-10,0.0,0.0,11098.0,4.129271893466485e-10
8.0,12.0,0.0,3469.0,0.0,4.075384553126977e-11,0.0,0.0,27141.0,9.707348640849289e-11,0.0,0.0,11098.0,2.477563136079891e-10
8.0,13.0,0.0,3469.0,0.0,2.445230731876186e-11,0.0,0.0,27141.0,5.824409184509573e-11,0.0,0.0,11098.0,1.4865378816479344e-10
8.0,14.0,0.0,3469.0,0.0,1.4671384391257115e-11,0.0,0.0,27141.0,3.494645510705744e-11,0.0,0.0,11098.0,8.919227289887606e-11
8.0,15.0,0.0,3469.0,0.0,8.802830634754268e-12,0.0,0.0,27141.0,2.096787306423446e-11,0.0,0.0,11098.0,5.3515363739325635e-11
8.0,16.0,0.0,3469.0,0.0,5.281698380852561e-12,0.0,0.0,27141.0,1.2580723838540677e-11,0.0,0.0,11098.0,3.210921824359538e-11
8.0,17.0,0.0,3469.0,0.0,3.169019028511537e-12,0.0,0.0,27141.0,7.548434303124407e-12,0.0,0.0,11098.0,1.9265530946157228e-11
8.0,18.0,0.000288268,3469.0,1.0,0.00011530720190141141,7.368899999999999e-05,2.0,27141.0,2.947560452906058e-05,9.010600000000001e-05,1.0,11098.0,3.604241155931857e-05
8.0,19.0,0.000288268,3469.0,1.0,0.00018449152114084685,0.0008474260000000001,23.0,27141.0,0.0003566557627174364,0.00027031900000000004,3.0,11098.0,0.00012975304693559116
8.0,20.0,0.000576535,3469.0,2.0,0.00034130891268450807,0.0008842710000000001,24.0,27141.0,0.0005677018576304619,0.00045053199999999996,5.0,11098.0,0.00025806462816135465
8.0,21.0,0.0,3469.0,0.0,0.00020478534761070484,0.000700048,19.0,27141.0,0.000620640314578277,0.0007208510000000001,8.0,11098.0,0.0004431791768968129
8.0,22.0,0.0,3469.0,0.0,0.0001228712085664229,0.0008842710000000001,24.0,27141.0,0.0007260925887469662,0.0007208510000000001,8.0,11098.0,0.0005542479061380879
8.0,23.0,0.000576535,3469.0,2.0,0.00030433672513985376,0.000147379,4.0,27141.0,0.0004946071532481798,0.002252658,25.0,11098.0,0.0012336119436828527
8.0,24.0,0.000288268,3469.0,1.0,0.00029790923508391225,0.00033160199999999996,9.0,27141.0,0.0004294050919489078,0.002613083,29.0,11098.0,0.0017854003662097118
8.0,25.0,0.000288268,3469.0,1.0,0.00029405274105034733,0.000257912,7.0,27141.0,0.00036080785516934467,0.000630744,7.0,11098.0,0.001323537819725827
8.0,26.0,0.000288268,3469.0,1.0,0.0002917388446302084,0.00033160199999999996,9.0,27141.0,0.00034912551310160676,0.00045053199999999996,5.0,11098.0,0.0009743354918354962
8.0,27.0,0.0,3469.0,0.0,0.000175043306778125,0.000221068,6.0,27141.0,0.00029790250786096407,0.0005406380000000001,6.0,11098.0,0.0008008564951012977
8.0,28.0,0.000576535,3469.0,2.0,0.000335639984066875,0.000184223,5.0,27141.0,0.00025243070471657843,0.000901063,10.0,11098.0,0.0008409390970607787
8.0,29.0,0.000864803,3469.0,3.0,0.000547305190440125,7.368899999999999e-05,2.0,27141.0,0.00018093402282994708,0.000630744,7.0,11098.0,0.0007568610582364672
8.0,30.0,0.0,3469.0,0.0,0.000328383114264075,0.000184223,5.0,27141.0,0.00018224961369796825,0.000180213,2.0,11098.0,0.0005262018349418803
8.0,31.0,0.0,3469.0,0.0,0.000197029868558445,0.000221068,6.0,27141.0,0.00019777696821878096,9.010600000000001e-05,1.0,11098.0,0.00035176350096512816
8.0,32.0,0.000288268,3469.0,1.0,0.00023352512113506698,7.368899999999999e-05,2.0,27141.0,0.00014814178093126856,0.0,0.0,11098.0,0.00021105810057907688
8.0,33.0,0.0,3469.0,0.0,0.00014011507268104018,0.0,0.0,27141.0,8.888506855876114e-05,0.0,0.0,11098.0,0.00012663486034744613
8.0,34.0,0.000288268,3469.0,1.0,0.0001993762436086241,0.0,0.0,27141.0,5.333104113525668e-05,0.0,0.0,11098.0,7.598091620846767e-05
8.0,35.0,0.0,3469.0,0.0,0.00011962574616517446,0.0,0.0,27141.0,3.199862468115401e-05,0.0,0.0,11098.0,4.55885497250806e-05
8.0,36.0,0.0,3469.0,0.0,7.177544769910467e-05,0.0,0.0,27141.0,1.9199174808692404e-05,0.0,0.0,11098.0,2.735312983504836e-05
8.0,37.0,0.0,3469.0,0.0,4.30652686194628e-05,3.6845e-05,1.0,27141.0,2.6257504885215442e-05,0.0,0.0,11098.0,1.6411877901029016e-05
8.0,38.0,0.0,3469.0,0.0,2.583916117167768e-05,0.0,0.0,27141.0,1.5754502931129263e-05,0.0,0.0,11098.0,9.847126740617408e-06
8.0,39.0,0.0,3469.0,0.0,1.5503496703006606e-05,0.0,0.0,27141.0,9.452701758677558e-06,9.010600000000001e-05,1.0,11098.0,4.195067604437045e-05
8.0,40.0,0.000288268,3469.0,1.0,0.00012460929802180396,0.0,0.0,27141.0,5.6716210552065345e-06,0.0,0.0,11098.0,2.517040562662227e-05
8.0,41.0,0.0,3469.0,0.0,7.476557881308238e-05,0.0,0.0,27141.0,3.4029726331239205e-06,0.0,0.0,11098.0,1.5102243375973361e-05
8.0,42.0,0.0,3469.0,0.0,4.4859347287849423e-05,0.0,0.0,27141.0,2.0417835798743522e-06,0.0,0.0,11098.0,9.061346025584017e-06
8.0,43.0,0.0,3469.0,0.0,2.6915608372709654e-05,0.0,0.0,27141.0,1.2250701479246114e-06,0.0,0.0,11098.0,5.43680761535041e-06
8.0,44.0,0.0,3469.0,0.0,1.614936502362579e-05,0.0,0.0,27141.0,7.350420887547668e-07,0.0,0.0,11098.0,3.262084569210246e-06
8.0,45.0,0.0,3469.0,0.0,9.689619014175474e-06,0.0,0.0,27141.0,4.4102525325286005e-07,0.0,0.0,11098.0,1.9572507415261475e-06
8.0,46.0,0.0,3469.0,0.0,5.8137714085052846e-06,0.0,0.0,27141.0,2.6461515195171604e-07,0.0,0.0,11098.0,1.1743504449156885e-06
8.0,47.0,0.0,3469.0,0.0,3.4882628451031707e-06,0.0,0.0,27141.0,1.587690911710296e-07,0.0,0.0,11098.0,7.04610266949413e-07
8.0,48.0,0.0,3469.0,0.0,2.092957707061902e-06,0.0,0.0,27141.0,9.526145470261776e-08,0.0,0.0,11098.0,4.227661601696478e-07
8.0,49.0,0.0,3469.0,0.0,1.2557746242371412e-06,0.0,0.0,27141.0,5.715687282157065e-08,0.0,0.0,11098.0,2.5365969610178866e-07
8.0,50.0,0.0,3469.0,0.0,7.534647745422848e-07,0.0,0.0,27141.0,3.429412369294239e-08,0.0,0.0,11098.0,1.5219581766107318e-07
8.0,51.0,0.0,3469.0,0.0,4.520788647253708e-07,0.0,0.0,27141.0,2.0576474215765435e-08,0.0,0.0,11098.0,9.131749059664391e-08
8.0,52.0,0.0,3469.0,0.0,2.7124731883522246e-07,0.0,0.0,27141.0,1.234588452945926e-08,0.0,0.0,11098.0,5.479049435798634e-08
9.0,1.0,0.0,3346.0,0.0,1.6274839130113346e-07,0.0,0.0,27141.0,7.407530717675555e-09,0.0,0.0,11098.0,3.28742966147918e-08
9.0,2.0,0.0,3346.0,0.0,9.764903478068007e-08,0.0,0.0,27181.0,4.444518430605333e-09,0.0,0.0,10978.0,1.972457796887508e-08
9.0,3.0,0.0,3346.0,0.0,5.858942086840804e-08,0.0,0.0,27181.0,2.6667110583631998e-09,0.0,0.0,10978.0,1.1834746781325048e-08
9.0,4.0,0.0,3346.0,0.0,3.515365252104482e-08,0.0,0.0,27181.0,1.6000266350179197e-09,0.0,0.0,10978.0,7.100848068795028e-09
9.0,5.0,0.0,3346.0,0.0,2.109219151262689e-08,0.0,0.0,27181.0,9.600159810107519e-10,0.0,0.0,10978.0,4.260508841277016e-09
9.0,6.0,0.0,3346.0,0.0,1.2655314907576133e-08,0.0,0.0,27181.0,5.760095886064511e-10,0.0,0.0,10978.0,2.5563053047662097e-09
9.0,7.0,0.0,3346.0,0.0,7.593188944545679e-09,0.0,0.0,27181.0,3.4560575316387066e-10,0.0,0.0,10978.0,1.5337831828597259e-09
9.0,8.0,0.0,3346.0,0.0,4.555913366727407e-09,0.0,0.0,27181.0,2.073634518983224e-10,0.0,0.0,10978.0,9.202699097158355e-10
9.0,9.0,0.0,3346.0,0.0,2.733548020036444e-09,3.679e-05,1.0,27181.0,1.4716124418071138e-05,0.0,0.0,10978.0,5.521619458295013e-10
9.0,10.0,0.0,3346.0,0.0,1.6401288120218665e-09,0.0,0.0,27181.0,8.829674650842683e-06,0.0,0.0,10978.0,3.312971674977008e-10
9.0,11.0,0.0,3346.0,0.0,9.840772872131198e-10,0.0,0.0,27181.0,5.297804790505609e-06,0.0,0.0,10978.0,1.9877830049862045e-10
9.0,12.0,0.0,3346.0,0.0,5.904463723278719e-10,0.0,0.0,27181.0,3.1786828743033654e-06,0.0,0.0,10978.0,1.1926698029917226e-10
9.0,13.0,0.0,3346.0,0.0,3.542678233967231e-10,0.0,0.0,27181.0,1.907209724582019e-06,0.0,0.0,10978.0,7.156018817950335e-11
9.0,14.0,0.0,3346.0,0.0,2.1256069403803386e-10,3.679e-05,1.0,27181.0,1.586032583474921e-05,0.0,0.0,10978.0,4.293611290770201e-11
9.0,15.0,0.000298821,3346.0,1.0,0.00011952852753641643,0.0,0.0,27181.0,9.516195500849526e-06,0.0,0.0,10978.0,2.5761667744621208e-11
9.0,16.0,0.0,3346.0,0.0,7.171711652184986e-05,3.679e-05,1.0,27181.0,2.0425717300509715e-05,0.000182177,2.0,10978.0,7.287081545700064e-05
9.0,17.0,0.001494105,3346.0,5.0,0.0006406722699131099,0.0,0.0,27181.0,1.2255430380305828e-05,0.000637621,7.0,10978.0,0.00029877088927420035
9.0,18.0,0.000597642,3346.0,2.0,0.0006234601619478659,7.3581e-05,2.0,27181.0,3.6785658228183494e-05,0.000273266,3.0,10978.0,0.0002885689335645202
9.0,19.0,0.00298821,3346.0,10.0,0.0015693600971687196,0.000147162,4.0,27181.0,8.093619493691009e-05,0.000364355,4.0,10978.0,0.0003188833601387121
9.0,20.0,0.000896463,3346.0,3.0,0.0013002012583012317,0.000257533,7.0,27181.0,0.00015157491696214607,0.000455444,5.0,10978.0,0.00037350761608322727
9.0,21.0,0.0032870309999999997,3346.0,11.0,0.002094933154980739,0.000110371,3.0,27181.0,0.00013509335017728764,0.000455444,5.0,10978.0,0.00040628216964993635
9.0,22.0,0.001792926,3346.0,6.0,0.0019741302929884436,0.000367905,10.0,27181.0,0.0002282180101063726,0.0013663310000000001,15.0,10978.0,0.0007903017017899618
9.0,23.0,0.000896463,3346.0,3.0,0.0015430633757930663,0.000662229,18.0,27181.0,0.00040182240606382355,0.002550485,28.0,10978.0,0.0014943750210739772
9.0,24.0,0.0,3346.0,0.0,0.0009258380254758398,0.000588648,16.0,27181.0,0.0004765526436382941,0.00218613,24.0,10978.0,0.0017710770126443862
