year,flu week,TO rate,TO pop,TO count,TO weighted rate,GL rate,GL count,GL pop,GL weighted rate,PO rate,PO count,PO pop,PO weighted rate,LI rate,LI count,LI pop,LI weighted rate
,,,,,0.0,,,,,,,,,,,,
1.0,1.0,0.0,5343.0,0.0,0.0,,,,0.0,,,,0.0,,,,0.0
1.0,2.0,0.0,5343.0,0.0,0.0,0.00022361400000000002,3.0,13416.0,0.00022361400000000002,0.000324781,2.0,6158.0,0.000324781,0.0,0.0,2347.0,0.0
1.0,3.0,0.0,5343.0,0.0,0.0,0.00044722699999999997,6.0,13416.0,0.0003130592,0.0,0.0,6158.0,0.0001948686,0.0,0.0,2347.0,0.0
1.0,4.0,0.0,5343.0,0.0,0.0,0.000670841,9.0,13416.0,0.00045617192,0.0,0.0,6158.0,0.00011692115999999998,0.0,0.0,2347.0,0.0
1.0,5.0,0.0,5343.0,0.0,0.0,0.000149076,2.0,13416.0,0.000333333552,0.0,0.0,6158.0,7.015269599999999e-05,0.000852152,2.0,2347.0,0.0003408608
1.0,6.0,0.00018716099999999998,5343.0,1.0,7.48644e-05,0.000149076,2.0,13416.0,0.0002596305312,0.0,0.0,6158.0,4.209161759999999e-05,0.001278228,3.0,2347.0,0.00071580768
1.0,7.0,0.003743215,5343.0,20.0,0.00154220464,0.0,0.0,13416.0,0.00015577831872,0.0,0.0,6158.0,2.5254970559999993e-05,0.001278228,3.0,2347.0,0.0009407758080000001
1.0,8.0,0.0056148230000000006,5343.0,30.0,0.0031712519840000003,0.0,0.0,13416.0,9.3466991232e-05,0.0027606370000000002,17.0,6158.0,0.001119407782336,0.0,0.0,2347.0,0.0005644654848000001
1.0,9.0,0.0056148230000000006,5343.0,30.0,0.004148680390400001,0.0,0.0,13416.0,5.608019473919999e-05,0.003085417,19.0,6158.0,0.0019058114694016001,0.0,0.0,2347.0,0.00033867929088000003
1.0,10.0,0.0018716079999999999,5343.0,10.0,0.0032378514342400002,7.4538e-05,1.0,13416.0,6.346331684351999e-05,0.0,0.0,6158.0,0.00114348688164096,0.000426076,1.0,2347.0,0.00037363797452800003
1.0,11.0,0.0,5343.0,0.0,0.001942710860544,0.0,0.0,13416.0,3.8077990106111994e-05,0.0,0.0,6158.0,0.0006860921289845761,0.0,0.0,2347.0,0.00022418278471680002
1.0,12.0,0.0,5343.0,0.0,0.0011656265163264,0.0,0.0,13416.0,2.2846794063667197e-05,0.0,0.0,6158.0,0.00041165527739074566,0.0,0.0,2347.0,0.00013450967083008
1.0,13.0,0.0,5343.0,0.0,0.0006993759097958399,0.0,0.0,13416.0,1.3708076438200318e-05,0.0,0.0,6158.0,0.00024699316643444737,0.0,0.0,2347.0,8.0705802498048e-05
1.0,14.0,0.0,5343.0,0.0,0.0004196255458775039,0.0,0.0,13416.0,8.22484586292019e-06,0.0,0.0,6158.0,0.00014819589986066843,0.0,0.0,2347.0,4.84234814988288e-05
1.0,15.0,0.0,5343.0,0.0,0.0002517753275265023,0.0,0.0,13416.0,4.934907517752114e-06,0.0,0.0,6158.0,8.891753991640106e-05,0.0,0.0,2347.0,2.9054088899297276e-05
1.0,16.0,0.0,5343.0,0.0,0.00015106519651590138,0.0,0.0,13416.0,2.960944510651268e-06,0.0,0.0,6158.0,5.3350523949840636e-05,0.0,0.0,2347.0,1.7432453339578366e-05
1.0,17.0,0.00018716099999999998,5343.0,1.0,0.00016550351790954083,0.0,0.0,13416.0,1.7765667063907609e-06,0.0,0.0,6158.0,3.201031436990438e-05,0.0,0.0,2347.0,1.0459472003747018e-05
1.0,18.0,0.0,5343.0,0.0,9.93021107457245e-05,0.0,0.0,13416.0,1.0659400238344565e-06,0.0,0.0,6158.0,1.920618862194263e-05,0.0,0.0,2347.0,6.275683202248211e-06
1.0,19.0,0.0,5343.0,0.0,5.95812664474347e-05,0.0,0.0,13416.0,6.395640143006738e-07,0.0,0.0,6158.0,1.1523713173165576e-05,0.0,0.0,2347.0,3.765409921348926e-06
1.0,20.0,0.0,5343.0,0.0,3.5748759868460814e-05,0.0,0.0,13416.0,3.837384085804043e-07,0.0,0.0,6158.0,6.914227903899346e-06,0.0,0.0,2347.0,2.259245952809356e-06
1.0,21.0,0.0,5343.0,0.0,2.1449255921076487e-05,0.0,0.0,13416.0,2.3024304514824258e-07,0.0,0.0,6158.0,4.1485367423396075e-06,0.0,0.0,2347.0,1.3555475716856135e-06
1.0,22.0,0.0,5343.0,0.0,1.2869553552645892e-05,0.0,0.0,13416.0,1.3814582708894553e-07,0.0,0.0,6158.0,2.4891220454037644e-06,0.0,0.0,2347.0,8.133285430113681e-07
1.0,23.0,0.0,5343.0,0.0,7.721732131587534e-06,0.0,0.0,13416.0,8.288749625336732e-08,0.0,0.0,6158.0,1.4934732272422586e-06,0.0,0.0,2347.0,4.879971258068209e-07
1.0,24.0,0.0,5343.0,0.0,4.633039278952521e-06,0.0,0.0,13416.0,4.973249775202039e-08,0.0,0.0,6158.0,8.960839363453551e-07,0.0,0.0,2347.0,2.9279827548409253e-07
1.0,25.0,0.0,5343.0,0.0,2.779823567371512e-06,0.0,0.0,13416.0,2.983949865121223e-08,0.0,0.0,6158.0,5.376503618072131e-07,0.0,0.0,2347.0,1.756789652904555e-07
1.0,26.0,0.0,5343.0,0.0,1.6678941404229073e-06,0.0,0.0,13416.0,1.7903699190727338e-08,0.0,0.0,6158.0,3.225902170843278e-07,0.0,0.0,2347.0,1.0540737917427331e-07
1.0,27.0,0.0,5343.0,0.0,1.0007364842537444e-06,0.0,0.0,13416.0,1.0742219514436403e-08,0.0,0.0,6158.0,1.935541302505967e-07,0.0,0.0,2347.0,6.324442750456398e-08
1.0,28.0,0.0,5343.0,0.0,6.004418905522467e-07,0.0,0.0,13416.0,6.4453317086618415e-09,0.0,0.0,6158.0,1.1613247815035801e-07,0.0,0.0,2347.0,3.7946656502738385e-08
1.0,29.0,0.0,5343.0,0.0,3.6026513433134797e-07,0.0,0.0,13416.0,3.867199025197105e-09,0.0,0.0,6158.0,6.967948689021481e-08,0.0,0.0,2347.0,2.276799390164303e-08
1.0,30.0,0.0,5343.0,0.0,2.1615908059880877e-07,0.0,0.0,13416.0,2.320319415118263e-09,0.0,0.0,6158.0,4.1807692134128885e-08,0.0,0.0,2347.0,1.3660796340985819e-08
1.0,31.0,0.0,5343.0,0.0,1.2969544835928526e-07,0.0,0.0,13416.0,1.3921916490709577e-09,0.0,0.0,6158.0,2.508461528047733e-08,0.0,0.0,2347.0,8.19647780459149e-09
1.0,32.0,0.0,5343.0,0.0,7.781726901557115e-08,0.0,0.0,13416.0,8.353149894425747e-10,0.0,0.0,6158.0,1.5050769168286398e-08,0.0,0.0,2347.0,4.917886682754894e-09
1.0,33.0,0.0,5343.0,0.0,4.669036140934269e-08,0.0,0.0,13416.0,5.011889936655447e-10,0.0,0.0,6158.0,9.030461500971838e-09,0.0,0.0,2347.0,2.9507320096529364e-09
1.0,34.0,0.0,5343.0,0.0,2.8014216845605612e-08,0.0,0.0,13416.0,3.0071339619932686e-10,0.0,0.0,6158.0,5.418276900583103e-09,0.0,0.0,2347.0,1.7704392057917618e-09
1.0,35.0,0.0,5343.0,0.0,1.6808530107363366e-08,0.0,0.0,13416.0,1.8042803771959612e-10,0.0,0.0,6158.0,3.2509661403498616e-09,0.0,0.0,2347.0,1.062263523475057e-09
1.0,36.0,0.0,5343.0,0.0,1.0085118064418019e-08,0.0,0.0,13416.0,1.0825682263175766e-10,0.0,0.0,6158.0,1.950579684209917e-09,0.0,0.0,2347.0,6.373581140850343e-10
1.0,37.0,0.0,5343.0,0.0,6.051070838650811e-09,0.0,0.0,13416.0,6.49540935790546e-11,0.0,0.0,6158.0,1.1703478105259501e-09,0.0,0.0,2347.0,3.8241486845102056e-10
1.0,38.0,0.0,5343.0,0.0,3.6306425031904862e-09,0.0,0.0,13416.0,3.897245614743276e-11,0.0,0.0,6158.0,7.022086863155701e-10,0.0,0.0,2347.0,2.2944892107061234e-10
1.0,39.0,0.0,5343.0,0.0,2.1783855019142917e-09,0.0,0.0,13416.0,2.3383473688459657e-11,0.0,0.0,6158.0,4.2132521178934205e-10,0.0,0.0,2347.0,1.3766935264236739e-10
1.0,40.0,0.0,5343.0,0.0,1.307031301148575e-09,0.0,0.0,13416.0,1.4030084213075794e-11,0.0,0.0,6158.0,2.527951270736052e-10,0.0,0.0,2347.0,8.260161158542043e-11
1.0,41.0,0.0,5343.0,0.0,7.84218780689145e-10,0.0,0.0,13416.0,8.418050527845475e-12,0.0,0.0,6158.0,1.5167707624416312e-10,0.0,0.0,2347.0,4.9560966951252253e-11
1.0,42.0,0.0,5343.0,0.0,4.70531268413487e-10,0.0,0.0,13416.0,5.050830316707285e-12,0.0,0.0,6158.0,9.100624574649787e-11,0.0,0.0,2347.0,2.973658017075135e-11
1.0,43.0,0.0,5343.0,0.0,2.823187610480922e-10,0.0,0.0,13416.0,3.030498190024371e-12,0.0,0.0,6158.0,5.4603747447898716e-11,0.0,0.0,2347.0,1.7841948102450807e-11
1.0,44.0,0.0,5343.0,0.0,1.6939125662885532e-10,0.0,0.0,13416.0,1.8182989140146224e-12,0.0,0.0,6158.0,3.276224846873923e-11,0.0,0.0,2347.0,1.0705168861470484e-11
1.0,45.0,0.0,5343.0,0.0,1.016347539773132e-10,0.0,0.0,13416.0,1.0909793484087734e-12,0.0,0.0,6158.0,1.965734908124354e-11,0.0,0.0,2347.0,6.42310131688229e-12
1.0,46.0,0.0,5343.0,0.0,6.098085238638791e-11,0.0,0.0,13416.0,6.54587609045264e-13,0.0,0.0,6158.0,1.1794409448746123e-11,0.0,0.0,2347.0,3.853860790129374e-12
1.0,47.0,0.0,5343.0,0.0,3.658851143183275e-11,0.0,0.0,13416.0,3.9275256542715836e-13,0.0,0.0,6158.0,7.076645669247673e-12,0.0,0.0,2347.0,2.3123164740776245e-12
1.0,48.0,0.0,5343.0,0.0,2.1953106859099647e-11,0.0,0.0,13416.0,2.35651539256295e-13,0.0,0.0,6158.0,4.2459874015486036e-12,0.0,0.0,2347.0,1.3873898844465746e-12
1.0,49.0,0.0,5343.0,0.0,1.3171864115459787e-11,0.0,0.0,13416.0,1.41390923553777e-13,0.0,0.0,6158.0,2.547592440929162e-12,0.0,0.0,2347.0,8.324339306679447e-13
1.0,50.0,0.0,5343.0,0.0,7.903118469275872e-12,0.0,0.0,13416.0,8.48345541322662e-14,0.0,0.0,6158.0,1.5285554645574972e-12,0.0,0.0,2347.0,4.994603584007668e-13
1.0,51.0,0.0,5343.0,0.0,4.741871081565524e-12,0.0,0.0,13416.0,5.090073247935972e-14,0.0,0.0,6158.0,9.171332787344983e-13,0.0,0.0,2347.0,2.9967621504046005e-13
1.0,52.0,0.0,5343.0,0.0,2.845122648939314e-12,0.0,0.0,13416.0,3.054043948761583e-14,0.0,0.0,6158.0,5.502799672406989e-13,0.0,0.0,2347.0,1.7980572902427604e-13
1.0,53.0,0.0,5343.0,0.0,1.7070735893635882e-12,0.0,0.0,13416.0,1.83242636925695e-14,0.0,0.0,6158.0,3.301679803444194e-13,0.0,0.0,2347.0,1.0788343741456561e-13
2.0,1.0,0.0,5151.0,0.0,1.0242441536181529e-12,0.0,0.0,13416.0,1.09945582155417e-14,0.0,0.0,6158.0,1.981007882066516e-13,0.0,0.0,2347.0,6.473006244873937e-14
2.0,2.0,0.0,5151.0,0.0,6.145464921708918e-13,0.0,0.0,13568.0,6.596734929325019e-15,0.0,0.0,6189.0,1.1886047292399096e-13,0.0,0.0,2377.0,3.883803746924362e-14
2.0,3.0,0.0,5151.0,0.0,3.6872789530253504e-13,0.0,0.0,13568.0,3.958040957595011e-15,0.0,0.0,6189.0,7.131628375439457e-14,0.0,0.0,2377.0,2.330282248154617e-14
2.0,4.0,0.0,5151.0,0.0,2.21236737181521e-13,0.0,0.0,13568.0,2.3748245745570066e-15,0.0,0.0,6189.0,4.278977025263674e-14,0.0,0.0,2377.0,1.3981693488927702e-14
2.0,5.0,0.0,5151.0,0.0,1.327420423089126e-13,0.0,0.0,13568.0,1.4248947447342039e-15,0.0,0.0,6189.0,2.5673862151582045e-14,0.0,0.0,2377.0,8.38901609335662e-15
2.0,6.0,0.0,5151.0,0.0,7.964522538534756e-14,0.0,0.0,13568.0,8.549368468405223e-16,0.0,0.0,6189.0,1.5404317290949227e-14,0.0,0.0,2377.0,5.033409656013972e-15
2.0,7.0,0.0,5151.0,0.0,4.778713523120853e-14,0.0,0.0,13568.0,5.129621081043134e-16,0.0,0.0,6189.0,9.242590374569536e-15,0.0,0.0,2377.0,3.020045793608383e-15
2.0,8.0,0.0,5151.0,0.0,2.867228113872512e-14,0.0,0.0,13568.0,3.07777264862588e-16,0.0,0.0,6189.0,5.545554224741722e-15,0.0,0.0,2377.0,1.8120274761650297e-15
2.0,9.0,0.0,5151.0,0.0,1.7203368683235072e-14,0.0,0.0,13568.0,1.8466635891755281e-16,0.0,0.0,6189.0,3.327332534845033e-15,0.0,0.0,2377.0,1.0872164856990177e-15
2.0,10.0,0.0,5151.0,0.0,1.0322021209941043e-14,0.0,0.0,13568.0,1.1079981535053168e-16,0.0,0.0,6189.0,1.9963995209070196e-15,0.0,0.0,2377.0,6.523298914194107e-16
2.0,11.0,0.0,5151.0,0.0,6.193212725964626e-15,0.0,0.0,13568.0,6.6479889210319e-17,0.0,0.0,6189.0,1.1978397125442117e-15,0.0,0.0,2377.0,3.9139793485164636e-16
2.0,12.0,0.0,5151.0,0.0,3.7159276355787755e-15,0.0,0.0,13568.0,3.98879335261914e-17,0.0,0.0,6189.0,7.1870382752652705e-16,0.0,0.0,2377.0,2.3483876091098783e-16
2.0,13.0,0.0,5151.0,0.0,2.2295565813472653e-15,0.0,0.0,13568.0,2.393276011571484e-17,0.0,0.0,6189.0,4.312222965159162e-16,0.0,0.0,2377.0,1.4090325654659268e-16
2.0,14.0,0.0,5151.0,0.0,1.3377339488083592e-15,0.0,0.0,13568.0,1.43596560694289e-17,0.0,0.0,6189.0,2.587333779095497e-16,0.0,0.0,2377.0,8.45419539279556e-17
2.0,15.0,0.0,5151.0,0.0,8.026403692850154e-16,0.0,0.0,13568.0,8.61579364165734e-18,0.0,0.0,6189.0,1.552400267457298e-16,0.0,0.0,2377.0,5.072517235677336e-17
2.0,16.0,0.0,5151.0,0.0,4.815842215710093e-16,0.0,0.0,13568.0,5.1694761849944045e-18,0.0,0.0,6189.0,9.314401604743789e-17,0.0,0.0,2377.0,3.0435103414064016e-17
2.0,17.0,0.0,5151.0,0.0,2.8895053294260554e-16,0.0,0.0,13568.0,3.1016857109966425e-18,0.0,0.0,6189.0,5.588640962846273e-17,0.0,0.0,2377.0,1.826106204843841e-17
2.0,18.0,0.0,5151.0,0.0,1.7337031976556332e-16,0.0,0.0,13568.0,1.8610114265979855e-18,0.0,0.0,6189.0,3.353184577707764e-17,0.0,0.0,2377.0,1.0956637229063046e-17
2.0,19.0,0.0,5151.0,0.0,1.0402219185933799e-16,0.0,0.0,13568.0,1.1166068559587913e-18,0.000807885,5.0,6189.0,0.00032315400000002014,0.0,0.0,2377.0,6.573982337437827e-18
2.0,20.0,0.0,5151.0,0.0,6.241331511560279e-17,0.0,0.0,13568.0,6.699641135752747e-19,0.0,0.0,6189.0,0.00019389240000001207,0.0,0.0,2377.0,3.944389402462696e-18
2.0,21.0,0.0,5151.0,0.0,3.7447989069361674e-17,0.0,0.0,13568.0,4.019784681451648e-19,0.00016157700000000002,1.0,6189.0,0.00018096624000000724,0.0,0.0,2377.0,2.3666336414776177e-18
2.0,22.0,0.0007765480000000001,5151.0,4.0,0.0003106192000000225,0.0,0.0,13568.0,2.4118708088709885e-19,0.000807885,5.0,6189.0,0.00043173374400000435,0.0,0.0,2377.0,1.4199801848865706e-18
2.0,23.0,0.00038827400000000003,5151.0,2.0,0.00034168112000001354,0.0,0.0,13568.0,1.4471224853225931e-19,0.00016157700000000002,1.0,6189.0,0.00032367104640000264,0.0,0.0,2377.0,8.519881109319423e-19
2.0,24.0,0.0,5151.0,0.0,0.00020500867200000812,0.0,0.0,13568.0,8.682734911935559e-20,0.0,0.0,6189.0,0.00019420262784000157,0.0,0.0,2377.0,5.111928665591653e-19
2.0,25.0,0.00019413700000000002,5151.0,1.0,0.0002006600032000049,7.3703e-05,1.0,13568.0,2.948120000000005e-05,0.0012926160000000001,8.0,6189.0,0.000633567976704001,0.0,0.0,2377.0,3.067157199354992e-19
2.0,26.0,0.0019413710000000001,5151.0,10.0,0.000896944401920003,0.000368514,5.0,13568.0,0.00016509432000000004,0.0009694619999999999,6.0,6189.0,0.0007679255860224006,0.000420698,1.0,2377.0,0.0001682792000000002
2.0,27.0,0.006212385999999999,5151.0,32.0,0.0030231210411520017,0.00044221699999999996,6.0,13568.0,0.000275943392,0.002423655,15.0,6189.0,0.0014302173516134403,0.0,0.0,2377.0,0.00010096752000000012
2.0,28.0,0.0,5151.0,0.0,0.001813872624691201,0.00029481099999999997,4.0,13568.0,0.0002834904352,0.0,0.0,6189.0,0.0008581304109680642,0.0,0.0,2377.0,6.058051200000007e-05
2.0,29.0,0.00019413700000000002,5151.0,1.0,0.0011659783748147205,0.0,0.0,13568.0,0.00017009426112,0.0,0.0,6189.0,0.0005148782465808385,0.0,0.0,2377.0,3.634830720000004e-05
2.0,30.0,0.00038827400000000003,5151.0,2.0,0.0008548966248888324,0.0,0.0,13568.0,0.000102056556672,0.0,0.0,6189.0,0.0003089269479485031,0.0,0.0,2377.0,2.1808984320000025e-05
2.0,31.0,0.00019413700000000002,5151.0,1.0,0.0005905927749332994,0.0,0.0,13568.0,6.123393400319999e-05,0.0,0.0,6189.0,0.00018535616876910188,0.0,0.0,2377.0,1.3085390592000015e-05
2.0,32.0,0.0,5151.0,0.0,0.00035435566495997965,0.0,0.0,13568.0,3.6740360401919995e-05,0.0,0.0,6189.0,0.00011121370126146113,0.0,0.0,2377.0,7.851234355200009e-06
2.0,33.0,0.0,5151.0,0.0,0.00021261339897598778,0.0,0.0,13568.0,2.2044216241151996e-05,0.0,0.0,6189.0,6.672822075687668e-05,0.0,0.0,2377.0,4.710740613120005e-06
2.0,34.0,0.0,5151.0,0.0,0.00012756803938559266,0.0,0.0,13568.0,1.3226529744691198e-05,0.0,0.0,6189.0,4.0036932454126005e-05,0.0,0.0,2377.0,2.8264443678720033e-06
2.0,35.0,0.0,5151.0,0.0,7.654082363135559e-05,0.0,0.0,13568.0,7.935917846814719e-06,0.0,0.0,6189.0,2.40221594724756e-05,0.0,0.0,2377.0,1.695866620723202e-06
2.0,36.0,0.0,5151.0,0.0,4.592449417881335e-05,0.0,0.0,13568.0,4.7615507080888315e-06,0.0,0.0,6189.0,1.441329568348536e-05,0.0,0.0,2377.0,1.0175199724339212e-06
2.0,37.0,0.0,5151.0,0.0,2.755469650728801e-05,0.0,0.0,13568.0,2.856930424853299e-06,0.0,0.0,6189.0,8.647977410091216e-06,0.0,0.0,2377.0,6.105119834603527e-07
2.0,38.0,0.0,5151.0,0.0,1.6532817904372804e-05,0.0,0.0,13568.0,1.7141582549119792e-06,0.0,0.0,6189.0,5.18878644605473e-06,0.0,0.0,2377.0,3.6630719007621166e-07
2.0,39.0,0.0,5151.0,0.0,9.919690742623682e-06,0.0,0.0,13568.0,1.0284949529471875e-06,0.0,0.0,6189.0,3.113271867632838e-06,0.0,0.0,2377.0,2.1978431404572697e-07
2.0,40.0,0.0,5151.0,0.0,5.951814445574209e-06,0.0,0.0,13568.0,6.170969717683125e-07,0.0,0.0,6189.0,1.8679631205797026e-06,0.0,0.0,2377.0,1.318705884274362e-07
2.0,41.0,0.0,5151.0,0.0,3.5710886673445252e-06,0.0,0.0,13568.0,3.702581830609875e-07,0.0,0.0,6189.0,1.1207778723478215e-06,0.0,0.0,2377.0,7.912235305646172e-08
2.0,42.0,0.0,5151.0,0.0,2.142653200406715e-06,0.0,0.0,13568.0,2.2215490983659248e-07,0.0,0.0,6189.0,6.724667234086929e-07,0.0,0.0,2377.0,4.747341183387703e-08
2.0,43.0,0.0,5151.0,0.0,1.285591920244029e-06,0.0,0.0,13568.0,1.3329294590195548e-07,0.0,0.0,6189.0,4.034800340452157e-07,0.0,0.0,2377.0,2.8484047100326216e-08
2.0,44.0,0.0,5151.0,0.0,7.713551521464175e-07,0.0,0.0,13568.0,7.997576754117328e-08,0.0,0.0,6189.0,2.420880204271294e-07,0.0,0.0,2377.0,1.709042826019573e-08
2.0,45.0,0.0,5151.0,0.0,4.628130912878505e-07,0.0,0.0,13568.0,4.7985460524703966e-08,0.0,0.0,6189.0,1.4525281225627764e-07,0.0,0.0,2377.0,1.0254256956117438e-08
2.0,46.0,0.0,5151.0,0.0,2.776878547727103e-07,0.0,0.0,13568.0,2.879127631482238e-08,0.0,0.0,6189.0,8.715168735376658e-08,0.0,0.0,2377.0,6.152554173670462e-09
2.0,47.0,0.0,5151.0,0.0,1.6661271286362616e-07,0.0,0.0,13568.0,1.7274765788893425e-08,0.0,0.0,6189.0,5.229101241225995e-08,0.0,0.0,2377.0,3.6915325042022772e-09
2.0,48.0,0.0,5151.0,0.0,9.99676277181757e-08,0.0,0.0,13568.0,1.0364859473336055e-08,0.0,0.0,6189.0,3.137460744735597e-08,0.0,0.0,2377.0,2.2149195025213663e-09
2.0,49.0,0.0,5151.0,0.0,5.998057663090542e-08,0.0,0.0,13568.0,6.218915684001633e-09,0.0,0.0,6189.0,1.882476446841358e-08,0.0,0.0,2377.0,1.3289517015128198e-09
2.0,50.0,0.0,5151.0,0.0,3.598834597854325e-08,0.0,0.0,13568.0,3.731349410400979e-09,0.0,0.0,6189.0,1.1294858681048148e-08,0.0,0.0,2377.0,7.973710209076919e-10
2.0,51.0,0.0,5151.0,0.0,2.159300758712595e-08,0.0,0.0,13568.0,2.2388096462405873e-09,0.0,0.0,6189.0,6.776915208628889e-09,0.0,0.0,2377.0,4.784226125446151e-10
2.0,52.0,0.0,5151.0,0.0,1.2955804552275569e-08,0.0,0.0,13568.0,1.3432857877443524e-09,0.0,0.0,6189.0,4.066149125177333e-09,0.0,0.0,2377.0,2.8705356752676904e-10
3.0,1.0,0.0,5216.0,0.0,7.773482731365342e-09,0.0,0.0,13568.0,8.059714726466114e-10,0.0,0.0,6189.0,2.4396894751064e-09,0.0,0.0,2377.0,1.7223214051606142e-10
3.0,2.0,0.0,5216.0,0.0,4.664089638819205e-09,0.0,0.0,13667.0,4.835828835879668e-10,0.0,0.0,6153.0,1.4638136850638398e-09,0.0,0.0,2392.0,1.0333928430963685e-10
3.0,3.0,0.0,5216.0,0.0,2.7984537832915228e-09,0.0,0.0,13667.0,2.901497301527801e-10,0.0,0.0,6153.0,8.782882110383038e-10,0.0,0.0,2392.0,6.200357058578211e-11
3.0,4.0,0.0,5216.0,0.0,1.6790722699749135e-09,0.0,0.0,13667.0,1.7408983809166807e-10,0.0,0.0,6153.0,5.269729266229823e-10,0.0,0.0,2392.0,3.720214235146927e-11
3.0,5.0,0.0,5216.0,0.0,1.0074433619849482e-09,0.0,0.0,13667.0,1.0445390285500083e-10,0.0,0.0,6153.0,3.161837559737894e-10,0.0,0.0,2392.0,2.232128541088156e-11
3.0,6.0,0.0,5216.0,0.0,6.044660171909689e-10,0.0,0.0,13667.0,6.26723417130005e-11,0.0,0.0,6153.0,1.8971025358427364e-10,0.0,0.0,2392.0,1.3392771246528936e-11
3.0,7.0,0.0,5216.0,0.0,3.6267961031458134e-10,0.0,0.0,13667.0,3.760340502780029e-11,0.0,0.0,6153.0,1.1382615215056418e-10,0.0,0.0,2392.0,8.03566274791736e-12
3.0,8.0,0.0,5216.0,0.0,2.176077661887488e-10,0.0,0.0,13667.0,2.2562043016680175e-11,0.0,0.0,6153.0,6.829569129033851e-11,0.0,0.0,2392.0,4.821397648750416e-12
3.0,9.0,0.0,5216.0,0.0,1.3056465971324927e-10,0.0,0.0,13667.0,1.3537225810008104e-11,0.0,0.0,6153.0,4.0977414774203103e-11,0.0,0.0,2392.0,2.8928385892502496e-12
3.0,10.0,0.0,5216.0,0.0,7.833879582794956e-11,0.0,0.0,13667.0,8.122335486004863e-12,0.0,0.0,6153.0,2.4586448864521863e-11,0.0,0.0,2392.0,1.7357031535501497e-12
3.0,11.0,0.0,5216.0,0.0,4.700327749676974e-11,0.0,0.0,13667.0,4.873401291602918e-12,0.0,0.0,6153.0,1.4751869318713117e-11,0.0,0.0,2392.0,1.0414218921300899e-12
3.0,12.0,0.0,5216.0,0.0,2.8201966498061843e-11,0.0,0.0,13667.0,2.9240407749617507e-12,0.0,0.0,6153.0,8.85112159122787e-12,0.0,0.0,2392.0,6.248531352780539e-13
3.0,13.0,0.0,5216.0,0.0,1.6921179898837104e-11,0.0,0.0,13667.0,1.7544244649770504e-12,0.0,0.0,6153.0,5.310672954736721e-12,0.0,0.0,2392.0,3.7491188116683234e-13
3.0,14.0,0.0,5216.0,0.0,1.0152707939302262e-11,0.0,0.0,13667.0,1.0526546789862303e-12,0.0,0.0,6153.0,3.1864037728420324e-12,0.0,0.0,2392.0,2.249471287000994e-13
3.0,15.0,0.0,5216.0,0.0,6.091624763581357e-12,0.0,0.0,13667.0,6.315928073917381e-13,0.0,0.0,6153.0,1.9118422637052193e-12,0.0,0.0,2392.0,1.3496827722005963e-13
3.0,16.0,0.0,5216.0,0.0,3.654974858148814e-12,0.0,0.0,13667.0,3.7895568443504286e-13,0.0,0.0,6153.0,1.1471053582231316e-12,0.0,0.0,2392.0,8.098096633203577e-14
3.0,17.0,0.0,5216.0,0.0,2.1929849148892884e-12,0.0,0.0,13667.0,2.273734106610257e-13,0.0,0.0,6153.0,6.88263214933879e-13,0.0,0.0,2392.0,4.8588579799221465e-14
3.0,18.0,0.0,5216.0,0.0,1.315790948933573e-12,0.0,0.0,13667.0,1.364240463966154e-13,0.0,0.0,6153.0,4.1295792896032737e-13,0.0,0.0,2392.0,2.9153147879532876e-14
3.0,19.0,0.0,5216.0,0.0,7.894745693601438e-13,0.0,0.0,13667.0,8.185442783796924e-14,0.0,0.0,6153.0,2.477747573761964e-13,0.0,0.0,2392.0,1.7491888727719724e-14
3.0,20.0,0.0,5216.0,0.0,4.736847416160862e-13,0.0,0.0,13667.0,4.9112656702781545e-14,0.0,0.0,6153.0,1.4866485442571783e-13,0.0,0.0,2392.0,1.0495133236631834e-14
3.0,21.0,0.0,5216.0,0.0,2.8421084496965175e-13,0.0,0.0,13667.0,2.946759402166893e-14,0.0,0.0,6153.0,8.91989126554307e-14,0.0,0.0,2392.0,6.2970799419791e-15
3.0,22.0,0.000766871,5216.0,4.0,0.00030674840017052657,0.0,0.0,13667.0,1.7680556413001356e-14,0.0,0.0,6153.0,5.351934759325841e-14,0.0,0.0,2392.0,3.77824796518746e-15
3.0,23.0,0.00038343599999999997,5216.0,2.0,0.0003374234401023159,0.0,0.0,13667.0,1.0608333847800814e-14,0.000325045,2.0,6153.0,0.0001300180000321116,0.0,0.0,2392.0,2.266948779112476e-15
3.0,24.0,0.0,5216.0,0.0,0.00020245406406138954,0.0,0.0,13667.0,6.365000308680488e-15,0.00016252200000000001,1.0,6153.0,0.00014301960001926697,0.0,0.0,2392.0,1.3601692674674856e-15
3.0,25.0,0.00038343599999999997,5216.0,2.0,0.0002748468384368337,0.0,0.0,13667.0,3.819000185208292e-15,0.0,0.0,6153.0,8.581176001156018e-05,0.0,0.0,2392.0,8.161015604804913e-16
3.0,26.0,0.000575153,5216.0,3.0,0.00039496930306210027,0.0,0.0,13667.0,2.2914001111249753e-15,0.000325045,2.0,6153.0,0.0001815050560069361,0.0,0.0,2392.0,4.896609362882947e-16
3.0,27.0,0.0009585889999999999,5216.0,5.0,0.0006204171818372602,0.00014633799999999998,2.0,13667.0,5.853520000137484e-05,0.00016252200000000001,1.0,6153.0,0.00017391183360416167,0.0,0.0,2392.0,2.9379656177297686e-16
3.0,28.0,0.000766871,5216.0,4.0,0.0006789987091023561,7.316899999999999e-05,1.0,13667.0,6.43887200008249e-05,0.00016252200000000001,1.0,6153.0,0.000169355900162497,0.0,0.0,2392.0,1.762779370637861e-16
3.0,29.0,0.000575153,5216.0,3.0,0.0006374604254614137,0.000219507,3.0,13667.0,0.00012643603200049493,0.000325045,2.0,6153.0,0.00023163154009749818,0.0,0.0,2392.0,1.0576676223827166e-16
3.0,30.0,0.000575153,5216.0,3.0,0.0006125374552768481,7.316899999999999e-05,1.0,13667.0,0.00010512921920029694,0.0,0.0,6153.0,0.0001389789240584989,0.0,0.0,2392.0,6.346005734296299e-17
3.0,31.0,0.0,5216.0,0.0,0.0003675224731661089,0.000219507,3.0,13667.0,0.00015088033152017816,0.0,0.0,6153.0,8.338735443509935e-05,0.0,0.0,2392.0,3.807603440577779e-17
3.0,32.0,0.0,5216.0,0.0,0.00022051348389966533,0.0,0.0,13667.0,9.052819891210689e-05,0.0,0.0,6153.0,5.0032412661059605e-05,0.0,0.0,2392.0,2.2845620643466673e-17
3.0,33.0,0.00038343599999999997,5216.0,2.0,0.00028568249033979914,0.0,0.0,13667.0,5.4316919347264135e-05,0.000325045,2.0,6153.0,0.00016003744759663575,0.0,0.0,2392.0,1.3707372386080004e-17
3.0,34.0,0.0,5216.0,0.0,0.00017140949420387948,0.0,0.0,13667.0,3.259015160835848e-05,0.00048756699999999995,3.0,6153.0,0.00029104926855798145,0.0,0.0,2392.0,8.224423431648001e-18
3.0,35.0,0.0,5216.0,0.0,0.00010284569652232768,0.0,0.0,13667.0,1.9554090965015088e-05,0.0,0.0,6153.0,0.00017462956113478887,0.0,0.0,2392.0,4.9346540589888e-18
3.0,36.0,0.0,5216.0,0.0,6.170741791339661e-05,0.0,0.0,13667.0,1.1732454579009052e-05,0.0,0.0,6153.0,0.00010477773668087332,0.0,0.0,2392.0,2.96079243539328e-18
3.0,37.0,0.0,5216.0,0.0,3.7024450748037965e-05,0.0,0.0,13667.0,7.039472747405431e-06,0.0,0.0,6153.0,6.286664200852398e-05,0.0,0.0,2392.0,1.776475461235968e-18
3.0,38.0,0.0,5216.0,0.0,2.221467044882278e-05,0.0,0.0,13667.0,4.223683648443258e-06,0.0,0.0,6153.0,3.771998520511439e-05,0.0,0.0,2392.0,1.0658852767415807e-18
3.0,39.0,0.0,5216.0,0.0,1.3328802269293667e-05,0.000219507,3.0,13667.0,9.033701018906595e-05,0.0,0.0,6153.0,2.2631991123068634e-05,0.0,0.0,2392.0,6.395311660449484e-19
3.0,40.0,0.0,5216.0,0.0,7.9972813615762e-06,0.0,0.0,13667.0,5.420220611343957e-05,0.0,0.0,6153.0,1.357919467384118e-05,0.0,0.0,2392.0,3.8371869962696904e-19
3.0,41.0,0.0,5216.0,0.0,4.79836881694572e-06,0.0,0.0,13667.0,3.252132366806374e-05,0.0,0.0,6153.0,8.147516804304707e-06,0.0,0.0,2392.0,2.302312197761814e-19
3.0,42.0,0.0,5216.0,0.0,2.879021290167432e-06,0.0,0.0,13667.0,1.9512794200838245e-05,0.0,0.0,6153.0,4.8885100825828245e-06,0.0,0.0,2392.0,1.3813873186570884e-19
3.0,43.0,0.0,5216.0,0.0,1.727412774100459e-06,0.0,0.0,13667.0,1.1707676520502946e-05,0.0,0.0,6153.0,2.9331060495496945e-06,0.0,0.0,2392.0,8.28832391194253e-20
3.0,44.0,0.0,5216.0,0.0,1.0364476644602754e-06,0.0,0.0,13667.0,7.024605912301767e-06,0.0,0.0,6153.0,1.7598636297298167e-06,0.0,0.0,2392.0,4.972994347165518e-20
3.0,45.0,0.0,5216.0,0.0,6.218685986761653e-07,0.0,0.0,13667.0,4.2147635473810605e-06,0.0,0.0,6153.0,1.05591817783789e-06,0.0,0.0,2392.0,2.9837966082993107e-20
3.0,46.0,0.0,5216.0,0.0,3.7312115920569916e-07,0.0,0.0,13667.0,2.528858128428636e-06,0.0,0.0,6153.0,6.33550906702734e-07,0.0,0.0,2392.0,1.7902779649795862e-20
3.0,47.0,0.0,5216.0,0.0,2.238726955234195e-07,0.0,0.0,13667.0,1.5173148770571816e-06,0.0,0.0,6153.0,3.801305440216404e-07,0.0,0.0,2392.0,1.0741667789877516e-20
3.0,48.0,0.0,5216.0,0.0,1.343236173140517e-07,0.0,0.0,13667.0,9.10388926234309e-07,0.0,0.0,6153.0,2.2807832641298423e-07,0.0,0.0,2392.0,6.445000673926509e-21
3.0,49.0,0.0,5216.0,0.0,8.059417038843101e-08,0.0,0.0,13667.0,5.462333557405854e-07,0.0,0.0,6153.0,1.3684699584779053e-07,0.0,0.0,2392.0,3.867000404355905e-21
3.0,50.0,0.0,5216.0,0.0,4.835650223305861e-08,0.0,0.0,13667.0,3.2774001344435125e-07,0.0,0.0,6153.0,8.210819750867432e-08,0.0,0.0,2392.0,2.320200242613543e-21
3.0,51.0,0.0,5216.0,0.0,2.9013901339835163e-08,0.0,0.0,13667.0,1.9664400806661075e-07,0.0,0.0,6153.0,4.926491850520459e-08,0.0,0.0,2392.0,1.3921201455681258e-21
3.0,52.0,0.0,5216.0,0.0,1.74083408039011e-08,0.0,0.0,13667.0,1.1798640483996645e-07,0.0,0.0,6153.0,2.9558951103122752e-08,0.0,0.0,2392.0,8.352720873408755e-22
4.0,1.0,0.0,5118.0,0.0,1.0445004482340658e-08,0.0,0.0,13667.0,7.079184290397987e-08,0.0,0.0,6153.0,1.773537066187365e-08,0.0,0.0,2392.0,5.011632524045252e-22
4.0,2.0,0.0,5118.0,0.0,6.2670026894043946e-09,0.0,0.0,13770.0,4.247510574238792e-08,0.0,0.0,6204.0,1.064122239712419e-08,0.0,0.0,2360.0,3.0069795144271513e-22
4.0,3.0,0.0,5118.0,0.0,3.760201613642637e-09,0.0,0.0,13770.0,2.5485063445432753e-08,0.0,0.0,6204.0,6.384733438274514e-09,0.0,0.0,2360.0,1.8041877086562907e-22
4.0,4.0,0.0,5118.0,0.0,2.256120968185582e-09,0.0,0.0,13770.0,1.529103806725965e-08,0.0,0.0,6204.0,3.830840062964708e-09,0.0,0.0,2360.0,1.0825126251937743e-22
4.0,5.0,0.0,5118.0,0.0,1.3536725809113492e-09,0.0,0.0,13770.0,9.17462284035579e-09,0.0,0.0,6204.0,2.2985040377788245e-09,0.0,0.0,2360.0,6.495075751162645e-23
4.0,6.0,0.0,5118.0,0.0,8.122035485468095e-10,0.0,0.0,13770.0,5.504773704213474e-09,0.0,0.0,6204.0,1.3791024226672947e-09,0.0,0.0,2360.0,3.8970454506975867e-23
4.0,7.0,0.0,5118.0,0.0,4.873221291280857e-10,0.0,0.0,13770.0,3.302864222528084e-09,0.0,0.0,6204.0,8.274614536003768e-10,0.0,0.0,2360.0,2.338227270418552e-23
4.0,8.0,0.0,5118.0,0.0,2.923932774768514e-10,0.0,0.0,13770.0,1.9817185335168505e-09,0.0,0.0,6204.0,4.964768721602261e-10,0.0,0.0,2360.0,1.402936362251131e-23
4.0,9.0,0.0,5118.0,0.0,1.7543596648611083e-10,0.0,0.0,13770.0,1.1890311201101104e-09,0.0,0.0,6204.0,2.9788612329613563e-10,0.0,0.0,2360.0,8.417618173506786e-24
4.0,10.0,0.0,5118.0,0.0,1.052615798916665e-10,0.0,0.0,13770.0,7.134186720660662e-10,0.0,0.0,6204.0,1.7873167397768138e-10,0.0,0.0,2360.0,5.050570904104071e-24
4.0,11.0,0.0,5118.0,0.0,6.315694793499989e-11,0.0,0.0,13770.0,4.280512032396397e-10,0.0,0.0,6204.0,1.0723900438660883e-10,0.0,0.0,2360.0,3.0303425424624428e-24
4.0,12.0,0.0,5118.0,0.0,3.7894168760999934e-11,0.0,0.0,13770.0,2.568307219437838e-10,0.0,0.0,6204.0,6.43434026319653e-11,0.0,0.0,2360.0,1.8182055254774654e-24
4.0,13.0,0.0,5118.0,0.0,2.273650125659996e-11,0.0,0.0,13770.0,1.5409843316627027e-10,0.0,0.0,6204.0,3.860604157917918e-11,0.0,0.0,2360.0,1.0909233152864793e-24
4.0,14.0,0.0,5118.0,0.0,1.3641900753959975e-11,0.0,0.0,13770.0,9.245905989976216e-11,0.0,0.0,6204.0,2.3163624947507506e-11,0.0,0.0,2360.0,6.545539891718875e-25
4.0,15.0,0.0,5118.0,0.0,8.185140452375985e-12,0.0,0.0,13770.0,5.5475435939857295e-11,0.0,0.0,6204.0,1.3898174968504502e-11,0.0,0.0,2360.0,3.927323935031325e-25
4.0,16.0,0.0,5118.0,0.0,4.911084271425591e-12,7.2622e-05,1.0,13770.0,2.9048833285261563e-05,0.0,0.0,6204.0,8.3389049811027e-12,0.000423729,1.0,2360.0,0.0001694916
4.0,17.0,0.00039077800000000005,5118.0,2.0,0.0001563112029466506,7.2622e-05,1.0,13770.0,4.6478099971156934e-05,0.000483559,3.0,6204.0,0.000193423605003343,0.001271186,3.0,2360.0,0.0006101693600000001
4.0,18.0,0.0,5118.0,0.0,9.378672176799036e-05,7.2622e-05,1.0,13770.0,5.6935659982694156e-05,0.001128304,7.0,6204.0,0.0005673757630020057,0.006355932,15.0,2360.0,0.002908474416
4.0,19.0,0.00332161,5118.0,17.0,0.0013849160330607943,0.000508351,7.0,13770.0,0.0002375017959896165,0.000644745,4.0,6204.0,0.0005983234578012034,0.0025423729999999997,6.0,2360.0,0.0027620338496
4.0,20.0,0.006838609,5118.0,35.0,0.0035663932198364764,0.00043573,6.0,13770.0,0.0003167930775937699,0.000322373,2.0,6204.0,0.000487943274680722,0.001271186,3.0,2360.0,0.00216569470976
4.0,21.0,0.00039077800000000005,5118.0,2.0,0.002296147131901886,0.000363108,5.0,13770.0,0.00033531904655626193,0.000161186,1.0,6204.0,0.0003572403648084332,0.001271186,3.0,2360.0,0.001807891225856
4.0,22.0,0.0,5118.0,0.0,0.0013776882791411314,0.000363108,5.0,13770.0,0.00034643462793375714,0.000967118,6.0,6204.0,0.0006011914188850599,0.001694915,4.0,2360.0,0.0017627007355136
4.0,23.0,0.0,5118.0,0.0,0.0008266129674846789,0.001016703,14.0,13770.0,0.0006145419767602543,0.001450677,9.0,6204.0,0.0009409856513310361,0.001694915,4.0,2360.0,0.00173558644130816
4.0,24.0,0.002344666,5118.0,12.0,0.0014338341804908073,0.000508351,7.0,13770.0,0.0005720655860561526,0.000322373,2.0,6204.0,0.0006935405907986216,0.000423729,1.0,2360.0,0.001210843464784896
4.0,25.0,0.0031262209999999998,5118.0,16.0,0.0021107889082944845,0.0007988380000000001,11.0,13770.0,0.0006627745516336915,0.001289491,8.0,6204.0,0.000931920754479173,0.001694915,4.0,2360.0,0.0014044720788709375
4.0,26.0,0.005470887,5118.0,28.0,0.0034548281449766904,0.000726216,10.0,13770.0,0.0006881511309802149,0.000644745,4.0,6204.0,0.0008170504526875037,0.002118644,5.0,2360.0,0.0016901408473225625
4.0,27.0,0.0021492770000000002,5118.0,11.0,0.0029326076869860144,0.000217865,3.0,13770.0,0.0005000366785881289,0.000322373,2.0,6204.0,0.0006191794716125023,0.000847458,2.0,2360.0,0.0013530677083935375
4.0,28.0,0.001953888,5118.0,10.0,0.0025411198121916088,0.000653595,9.0,13770.0,0.0005614600071528773,0.0,0.0,6204.0,0.0003715076829675014,0.000423729,1.0,2360.0,0.0009813322250361225
4.0,29.0,0.00019538900000000002,5118.0,1.0,0.0016028274873149653,0.000653595,9.0,13770.0,0.0005983140042917264,0.000644745,4.0,6204.0,0.00048080260978050084,0.000423729,1.0,2360.0,0.0007582909350216735
4.0,30.0,0.0,5118.0,0.0,0.0009616964923889791,0.000580973,8.0,13770.0,0.0005913776025750358,0.0,0.0,6204.0,0.0002884815658683005,0.0,0.0,2360.0,0.0004549745610130041
4.0,31.0,0.0005861659999999999,5118.0,3.0,0.0008114842954333875,0.000363108,5.0,13770.0,0.0005000697615450215,0.0,0.0,6204.0,0.0001730889395209803,0.000423729,1.0,2360.0,0.0004424763366078025
4.0,32.0,0.001172333,5118.0,6.0,0.0009558237772600326,0.00043573,6.0,13770.0,0.0004743338569270129,0.000483559,3.0,6204.0,0.0002972769637125882,0.0,0.0,2360.0,0.0002654858019646815
4.0,33.0,0.0,5118.0,0.0,0.0005734942663560195,0.0,0.0,13770.0,0.00028460031415620775,0.0,0.0,6204.0,0.00017836617822755292,0.0,0.0,2360.0,0.0001592914811788089
4.0,34.0,0.0,5118.0,0.0,0.0003440965598136117,0.0,0.0,13770.0,0.00017076018849372464,0.0,0.0,6204.0,0.00010701970693653175,0.0,0.0,2360.0,9.557488870728534e-05
4.0,35.0,0.0,5118.0,0.0,0.00020645793588816702,0.0,0.0,13770.0,0.00010245611309623478,0.0,0.0,6204.0,6.421182416191905e-05,0.0,0.0,2360.0,5.73449332243712e-05
4.0,36.0,0.0,5118.0,0.0,0.00012387476153290022,0.0,0.0,13770.0,6.147366785774087e-05,0.0,0.0,6204.0,3.852709449715143e-05,0.0,0.0,2360.0,3.440695993462272e-05
4.0,37.0,0.0,5118.0,0.0,7.432485691974012e-05,0.0,0.0,13770.0,3.688420071464452e-05,0.0,0.0,6204.0,2.3116256698290855e-05,0.0,0.0,2360.0,2.0644175960773632e-05
4.0,38.0,0.0,5118.0,0.0,4.459491415184407e-05,0.0,0.0,13770.0,2.213052042878671e-05,0.0,0.0,6204.0,1.3869754018974512e-05,0.0,0.0,2360.0,1.2386505576464179e-05
4.0,39.0,0.0,5118.0,0.0,2.6756948491106443e-05,0.0,0.0,13770.0,1.3278312257272027e-05,0.0,0.0,6204.0,8.321852411384706e-06,0.0,0.0,2360.0,7.431903345878507e-06
4.0,40.0,0.0,5118.0,0.0,1.6054169094663865e-05,0.0,0.0,13770.0,7.966987354363216e-06,0.0,0.0,6204.0,4.993111446830824e-06,0.0,0.0,2360.0,4.459142007527104e-06
4.0,41.0,0.0,5118.0,0.0,9.632501456798318e-06,0.0,0.0,13770.0,4.78019241261793e-06,0.0,0.0,6204.0,2.9958668680984943e-06,0.0,0.0,2360.0,2.6754852045162625e-06
4.0,42.0,0.0,5118.0,0.0,5.779500874078991e-06,0.0,0.0,13770.0,2.868115447570758e-06,0.0,0.0,6204.0,1.7975201208590965e-06,0.0,0.0,2360.0,1.6052911227097574e-06
4.0,43.0,0.0,5118.0,0.0,3.4677005244473944e-06,0.0,0.0,13770.0,1.7208692685424545e-06,0.0,0.0,6204.0,1.0785120725154578e-06,0.0,0.0,2360.0,9.631746736258543e-07
4.0,44.0,0.0,5118.0,0.0,2.0806203146684367e-06,0.0,0.0,13770.0,1.0325215611254727e-06,0.0,0.0,6204.0,6.471072435092747e-07,0.0,0.0,2360.0,5.779048041755126e-07
4.0,45.0,0.0,5118.0,0.0,1.248372188801062e-06,0.0,0.0,13770.0,6.195129366752837e-07,0.0,0.0,6204.0,3.882643461055648e-07,0.0,0.0,2360.0,3.4674288250530753e-07
4.0,46.0,0.0,5118.0,0.0,7.490233132806372e-07,0.0,0.0,13770.0,3.717077620051702e-07,0.0,0.0,6204.0,2.329586076633389e-07,0.0,0.0,2360.0,2.080457295031845e-07
4.0,47.0,0.0,5118.0,0.0,4.494139879683823e-07,0.0,0.0,13770.0,2.2302465720310212e-07,0.0,0.0,6204.0,1.3977516459800333e-07,0.0,0.0,2360.0,1.248274377019107e-07
4.0,48.0,0.0,5118.0,0.0,2.6964839278102936e-07,0.0,0.0,13770.0,1.3381479432186127e-07,0.0,0.0,6204.0,8.3865098758802e-08,0.0,0.0,2360.0,7.489646262114642e-08
4.0,49.0,0.0,5118.0,0.0,1.6178903566861762e-07,0.0,0.0,13770.0,8.028887659311677e-08,0.0,0.0,6204.0,5.0319059255281196e-08,0.0,0.0,2360.0,4.493787757268785e-08
4.0,50.0,0.0,5118.0,0.0,9.707342140117057e-08,0.0,0.0,13770.0,4.817332595587006e-08,0.0,0.0,6204.0,3.0191435553168715e-08,0.0,0.0,2360.0,2.696272654361271e-08
4.0,51.0,0.0,5118.0,0.0,5.824405284070234e-08,0.0,0.0,13770.0,2.8903995573522035e-08,0.0,0.0,6204.0,1.8114861331901227e-08,0.0,0.0,2360.0,1.6177635926167626e-08
4.0,52.0,0.0,5118.0,0.0,3.49464317044214e-08,0.0,0.0,13770.0,1.734239734411322e-08,0.0,0.0,6204.0,1.0868916799140736e-08,0.0,0.0,2360.0,9.706581555700575e-09
5.0,1.0,0.0,5113.0,0.0,2.0967859022652838e-08,0.0,0.0,13770.0,1.0405438406467932e-08,0.0,0.0,6204.0,6.521350079484441e-09,0.0,0.0,2360.0,5.823948933420345e-09
5.0,2.0,0.0,5113.0,0.0,1.2580715413591703e-08,0.0,0.0,13686.0,6.243263043880759e-09,0.0,0.0,6128.0,3.912810047690665e-09,0.0,0.0,2348.0,3.494369360052207e-09
5.0,3.0,0.0,5113.0,0.0,7.548429248155021e-09,0.0,0.0,13686.0,3.745957826328455e-09,0.0,0.0,6128.0,2.3476860286143985e-09,0.0,0.0,2348.0,2.0966216160313242e-09
5.0,4.0,0.0,5113.0,0.0,4.529057548893013e-09,0.0,0.0,13686.0,2.2475746957970727e-09,0.0,0.0,6128.0,1.408611617168639e-09,0.0,0.0,2348.0,1.2579729696187946e-09
5.0,5.0,0.0,5113.0,0.0,2.7174345293358078e-09,0.0,0.0,13686.0,1.3485448174782437e-09,0.0,0.0,6128.0,8.451669703011834e-10,0.0,0.0,2348.0,7.547837817712767e-10
5.0,6.0,0.0,5113.0,0.0,1.6304607176014846e-09,0.0,0.0,13686.0,8.091268904869462e-10,0.0,0.0,6128.0,5.0710018218071e-10,0.0,0.0,2348.0,4.5287026906276603e-10
5.0,7.0,0.0,5113.0,0.0,9.782764305608908e-10,0.0,0.0,13686.0,4.854761342921677e-10,0.0,0.0,6128.0,3.04260109308426e-10,0.0,0.0,2348.0,2.7172216143765963e-10
5.0,8.0,0.0,5113.0,0.0,5.869658583365345e-10,0.0,0.0,13686.0,2.912856805753006e-10,0.0,0.0,6128.0,1.825560655850556e-10,0.0,0.0,2348.0,1.6303329686259578e-10
5.0,9.0,0.0,5113.0,0.0,3.521795150019207e-10,0.0,0.0,13686.0,1.7477140834518037e-10,0.0,0.0,6128.0,1.0953363935103336e-10,0.0,0.0,2348.0,9.781997811755747e-11
5.0,10.0,0.0,5113.0,0.0,2.113077090011524e-10,0.0,0.0,13686.0,1.0486284500710822e-10,0.0,0.0,6128.0,6.572018361062001e-11,0.0,0.0,2348.0,5.869198687053448e-11
5.0,11.0,0.0,5113.0,0.0,1.2678462540069143e-10,0.0,0.0,13686.0,6.291770700426493e-11,0.0,0.0,6128.0,3.943211016637201e-11,0.0,0.0,2348.0,3.521519212232069e-11
5.0,12.0,0.0,5113.0,0.0,7.607077524041485e-11,0.0,0.0,13686.0,3.775062420255896e-11,0.0,0.0,6128.0,2.3659266099823205e-11,0.0,0.0,2348.0,2.1129115273392413e-11
5.0,13.0,0.0,5113.0,0.0,4.564246514424891e-11,0.0,0.0,13686.0,2.2650374521535373e-11,0.0,0.0,6128.0,1.4195559659893923e-11,0.0,0.0,2348.0,1.2677469164035447e-11
5.0,14.0,0.0,5113.0,0.0,2.7385479086549345e-11,0.0,0.0,13686.0,1.3590224712921222e-11,0.0,0.0,6128.0,8.517335795936353e-12,0.0,0.0,2348.0,7.606481498421267e-12
5.0,15.0,0.0,5113.0,0.0,1.6431287451929606e-11,0.0,0.0,13686.0,8.154134827752733e-12,0.0,0.0,6128.0,5.110401477561811e-12,0.0,0.0,2348.0,4.56388889905276e-12
5.0,16.0,0.0,5113.0,0.0,9.858772471157762e-12,0.0,0.0,13686.0,4.8924808966516394e-12,0.0,0.0,6128.0,3.066240886537087e-12,0.0,0.0,2348.0,2.738333339431656e-12
5.0,17.0,0.0,5113.0,0.0,5.915263482694657e-12,7.3067e-05,1.0,13686.0,2.922680293548854e-05,0.0,0.0,6128.0,1.839744531922252e-12,0.0,0.0,2348.0,1.6430000036589936e-12
5.0,18.0,0.0,5113.0,0.0,3.549158089616794e-12,0.000146135,2.0,13686.0,7.599008176129313e-05,0.0004895559999999999,3.0,6128.0,0.0001958224011038467,0.0008517889999999999,2.0,2348.0,0.0003407156009858
5.0,19.0,0.00058674,5113.0,3.0,0.00023469600212949485,0.0,0.0,13686.0,4.559404905677587e-05,0.001795039,11.0,6128.0,0.0008355090406623081,0.0,0.0,2348.0,0.00020442936059148
5.0,20.0,0.0,5113.0,0.0,0.0001408176012776969,0.000584539,8.0,13686.0,0.00026117202943406554,0.000326371,2.0,6128.0,0.0006318538243973848,0.000425894,1.0,2348.0,0.000293015216354888
5.0,21.0,0.00019558,5113.0,1.0,0.00016272256076661816,0.00043840400000000004,6.0,13686.0,0.0003320648176604393,0.0004895559999999999,3.0,6128.0,0.0005749346946384308,0.000425894,1.0,2348.0,0.0003461667298129328
5.0,22.0,0.00039116,5113.0,2.0,0.0002540975364599709,0.00043840400000000004,6.0,13686.0,0.0003746004905962636,0.000326371,2.0,6128.0,0.00047550921678305845,0.0,0.0,2348.0,0.0002077000378877597
5.0,23.0,0.00019558,5113.0,1.0,0.00023069052187598256,0.00021920200000000002,3.0,13686.0,0.00031244109435775815,0.000326371,2.0,6128.0,0.00041585393006983505,0.0,0.0,2348.0,0.0001246200227326558
5.0,24.0,0.00019558,5113.0,1.0,0.00021664631312558956,0.000146135,2.0,13686.0,0.00024591865661465487,0.0,0.0,6128.0,0.000249512358041901,0.0,0.0,2348.0,7.477201363959348e-05
5.0,25.0,0.0,5113.0,0.0,0.00012998778787535372,0.000146135,2.0,13686.0,0.00020600519396879295,0.0,0.0,6128.0,0.00014970741482514058,0.0,0.0,2348.0,4.486320818375608e-05
5.0,26.0,0.0,5113.0,0.0,7.799267272521223e-05,0.0,0.0,13686.0,0.00012360311638127575,0.0,0.0,6128.0,8.982444889508435e-05,0.0,0.0,2348.0,2.6917924910253648e-05
5.0,27.0,0.0,5113.0,0.0,4.679560363512734e-05,0.00021920200000000002,3.0,13686.0,0.00016184266982876547,0.0,0.0,6128.0,5.389466933705061e-05,0.000425894,1.0,2348.0,0.0001865083549461522
5.0,28.0,0.0,5113.0,0.0,2.8077362181076402e-05,0.000292269,4.0,13686.0,0.00021401320189725929,0.0,0.0,6128.0,3.2336801602230364e-05,0.0,0.0,2348.0,0.00011190501296769131
5.0,29.0,0.0,5113.0,0.0,1.684641730864584e-05,7.3067e-05,1.0,13686.0,0.00015763472113835558,0.0,0.0,6128.0,1.9402080961338218e-05,0.0,0.0,2348.0,6.714300778061478e-05
5.0,30.0,0.0,5113.0,0.0,1.0107850385187504e-05,0.000146135,2.0,13686.0,0.00015303483268301333,0.0,0.0,6128.0,1.1641248576802931e-05,0.0,0.0,2348.0,4.028580466836887e-05
5.0,31.0,0.0,5113.0,0.0,6.064710231112502e-06,0.0,0.0,13686.0,9.182089960980799e-05,0.0,0.0,6128.0,6.984749146081759e-06,0.0,0.0,2348.0,2.417148280102132e-05
5.0,32.0,0.0,5113.0,0.0,3.6388261386675013e-06,0.000146135,2.0,13686.0,0.00011354653976588481,0.0,0.0,6128.0,4.190849487649055e-06,0.0,0.0,2348.0,1.450288968061279e-05
5.0,33.0,0.0,5113.0,0.0,2.1832956832005008e-06,7.3067e-05,1.0,13686.0,9.735472385953087e-05,0.0,0.0,6128.0,2.514509692589433e-06,0.0,0.0,2348.0,8.701733808367674e-06
5.0,34.0,0.0,5113.0,0.0,1.3099774099203005e-06,0.0,0.0,13686.0,5.841283431571852e-05,0.0,0.0,6128.0,1.5087058155536598e-06,0.0,0.0,2348.0,5.221040285020604e-06
5.0,35.0,0.0,5113.0,0.0,7.859864459521803e-07,0.0,0.0,13686.0,3.504770058943111e-05,0.0,0.0,6128.0,9.052234893321958e-07,0.0,0.0,2348.0,3.1326241710123624e-06
5.0,36.0,0.0,5113.0,0.0,4.7159186757130816e-07,0.0,0.0,13686.0,2.1028620353658667e-05,0.0,0.0,6128.0,5.431340935993175e-07,0.0,0.0,2348.0,1.8795745026074173e-06
5.0,37.0,0.0,5113.0,0.0,2.829551205427849e-07,0.0,0.0,13686.0,1.26171722121952e-05,0.0,0.0,6128.0,3.2588045615959045e-07,0.0,0.0,2348.0,1.1277447015644503e-06
5.0,38.0,0.0,5113.0,0.0,1.6977307232567092e-07,0.0,0.0,13686.0,7.570303327317119e-06,0.0,0.0,6128.0,1.9552827369575425e-07,0.0,0.0,2348.0,6.766468209386702e-07
5.0,39.0,0.0,5113.0,0.0,1.0186384339540255e-07,0.0,0.0,13686.0,4.542181996390271e-06,0.0,0.0,6128.0,1.1731696421745254e-07,0.0,0.0,2348.0,4.059880925632021e-07
5.0,40.0,0.0,5113.0,0.0,6.111830603724153e-08,0.0,0.0,13686.0,2.7253091978341625e-06,0.0,0.0,6128.0,7.039017853047152e-08,0.0,0.0,2348.0,2.4359285553792125e-07
5.0,41.0,0.0,5113.0,0.0,3.6670983622344914e-08,0.0,0.0,13686.0,1.6351855187004975e-06,0.0,0.0,6128.0,4.223410711828291e-08,0.0,0.0,2348.0,1.4615571332275274e-07
5.0,42.0,0.0,5113.0,0.0,2.2002590173406948e-08,0.0,0.0,13686.0,9.811113112202985e-07,0.0,0.0,6128.0,2.5340464270969744e-08,0.0,0.0,2348.0,8.769342799365164e-08
5.0,43.0,0.0,5113.0,0.0,1.3201554104044169e-08,0.0,0.0,13686.0,5.886667867321791e-07,0.0,0.0,6128.0,1.5204278562581844e-08,0.0,0.0,2348.0,5.261605679619098e-08
5.0,44.0,0.0,5113.0,0.0,7.9209324624265e-09,0.0,0.0,13686.0,3.532000720393074e-07,0.0,0.0,6128.0,9.122567137549106e-09,0.0,0.0,2348.0,3.156963407771459e-08
5.0,45.0,0.0,5113.0,0.0,4.7525594774559e-09,0.0,0.0,13686.0,2.1192004322358444e-07,0.0,0.0,6128.0,5.473540282529463e-09,0.0,0.0,2348.0,1.8941780446628755e-08
5.0,46.0,0.0,5113.0,0.0,2.85153568647354e-09,0.0,0.0,13686.0,1.2715202593415067e-07,0.0,0.0,6128.0,3.284124169517678e-09,0.0,0.0,2348.0,1.1365068267977253e-08
5.0,47.0,0.0,5113.0,0.0,1.7109214118841239e-09,0.0,0.0,13686.0,7.62912155604904e-08,0.0,0.0,6128.0,1.9704745017106065e-09,0.0,0.0,2348.0,6.819040960786351e-09
5.0,48.0,0.0,5113.0,0.0,1.0265528471304743e-09,0.0,0.0,13686.0,4.5774729336294236e-08,0.0,0.0,6128.0,1.1822847010263639e-09,0.0,0.0,2348.0,4.091424576471811e-09
5.0,49.0,0.0,5113.0,0.0,6.159317082782846e-10,0.0,0.0,13686.0,2.7464837601776542e-08,0.0,0.0,6128.0,7.093708206158183e-10,0.0,0.0,2348.0,2.4548547458830864e-09
5.0,50.0,0.0,5113.0,0.0,3.6955902496697074e-10,0.0,0.0,13686.0,1.6478902561065926e-08,0.0,0.0,6128.0,4.2562249236949097e-10,0.0,0.0,2348.0,1.4729128475298519e-09
5.0,51.0,0.0,5113.0,0.0,2.2173541498018243e-10,0.0,0.0,13686.0,9.887341536639556e-09,0.0,0.0,6128.0,2.553734954216946e-10,0.0,0.0,2348.0,8.83747708517911e-10
5.0,52.0,0.0,5113.0,0.0,1.3304124898810946e-10,0.0,0.0,13686.0,5.932404921983733e-09,0.0,0.0,6128.0,1.5322409725301673e-10,0.0,0.0,2348.0,5.302486251107466e-10
6.0,1.0,0.0,5076.0,0.0,7.982474939286568e-11,0.0,0.0,13686.0,3.55944295319024e-09,0.0,0.0,6128.0,9.193445835181004e-11,0.0,0.0,2348.0,3.1814917506644796e-10
6.0,2.0,0.0,5076.0,0.0,4.789484963571941e-11,0.0,0.0,13622.0,2.135665771914144e-09,0.0,0.0,6084.0,5.516067501108602e-11,0.0,0.0,2393.0,1.9088950503986878e-10
6.0,3.0,0.0,5076.0,0.0,2.8736909781431642e-11,0.0,0.0,13622.0,1.2813994631484862e-09,0.0,0.0,6084.0,3.309640500665161e-11,0.0,0.0,2393.0,1.1453370302392126e-10
6.0,4.0,0.0,5076.0,0.0,1.7242145868858984e-11,0.0,0.0,13622.0,7.688396778890917e-10,0.0,0.0,6084.0,1.9857843003990967e-11,0.0,0.0,2393.0,6.872022181435276e-11
6.0,5.0,0.0,5076.0,0.0,1.034528752131539e-11,0.0,0.0,13622.0,4.61303806733455e-10,0.0,0.0,6084.0,1.191470580239458e-11,0.0,0.0,2393.0,4.123213308861166e-11
6.0,6.0,0.0,5076.0,0.0,6.207172512789234e-12,0.0,0.0,13622.0,2.7678228404007297e-10,0.0,0.0,6084.0,7.148823481436747e-12,0.0,0.0,2393.0,2.4739279853166993e-11
6.0,7.0,0.0,5076.0,0.0,3.72430350767354e-12,0.0,0.0,13622.0,1.660693704240438e-10,0.0,0.0,6084.0,4.289294088862048e-12,0.0,0.0,2393.0,1.4843567911900194e-11
6.0,8.0,0.0,5076.0,0.0,2.234582104604124e-12,0.0,0.0,13622.0,9.964162225442627e-11,0.0,0.0,6084.0,2.5735764533172285e-12,0.0,0.0,2393.0,8.906140747140117e-12
6.0,9.0,0.0,5076.0,0.0,1.3407492627624744e-12,7.3411e-05,1.0,13622.0,2.9364459784973355e-05,0.0,0.0,6084.0,1.5441458719903371e-12,0.0,0.0,2393.0,5.34368444828407e-12
6.0,10.0,0.0,5076.0,0.0,8.044495576574847e-13,0.0,0.0,13622.0,1.7618675870984013e-05,0.0,0.0,6084.0,9.264875231942023e-13,0.0,0.0,2393.0,3.2062106689704417e-12
6.0,11.0,0.0,5076.0,0.0,4.826697345944908e-13,0.0,0.0,13622.0,1.0571205522590407e-05,0.0,0.0,6084.0,5.558925139165214e-13,0.0,0.0,2393.0,1.923726401382265e-12
6.0,12.0,0.0,5076.0,0.0,2.896018407566945e-13,0.0,0.0,13622.0,6.342723313554245e-06,0.0,0.0,6084.0,3.335355083499128e-13,0.0,0.0,2393.0,1.1542358408293591e-12
6.0,13.0,0.0,5076.0,0.0,1.7376110445401668e-13,0.0,0.0,13622.0,3.8056339881325468e-06,0.0,0.0,6084.0,2.0012130500994767e-13,0.0,0.0,2393.0,6.925415044976154e-13
6.0,14.0,0.0,5076.0,0.0,1.0425666267241e-13,0.0,0.0,13622.0,2.283380392879528e-06,0.002794214,17.0,6084.0,0.001117685600120073,0.0,0.0,2393.0,4.1552490269856924e-13
6.0,15.0,0.000394011,5076.0,2.0,0.000157604400062554,0.0,0.0,13622.0,1.3700282357277168e-06,0.000164366,1.0,6084.0,0.0007363577600720438,0.0,0.0,2393.0,2.4931494161914155e-13
6.0,16.0,0.000394011,5076.0,2.0,0.0002521670400375324,0.000440464,6.0,13622.0,0.00017700761694143665,0.000164366,1.0,6084.0,0.0005075610560432263,0.000835771,2.0,2393.0,0.000334308400149589
6.0,17.0,0.000788022,5076.0,4.0,0.0004665090240225195,0.0011745710000000001,16.0,13622.0,0.000576032970164862,0.0013149239999999999,8.0,6084.0,0.0008305062336259356,0.002089427,5.0,2393.0,0.0010363558400897535
6.0,18.0,0.000788022,5076.0,4.0,0.0005951142144135118,0.000220232,3.0,13622.0,0.00043371258209891724,0.002465483,15.0,6084.0,0.0014844969401755614,0.0012536560000000001,3.0,2393.0,0.0011232759040538521
6.0,19.0,0.00019700599999999998,5076.0,1.0,0.0004358709286481071,0.000660696,9.0,13622.0,0.0005245059492593504,0.0013149239999999999,8.0,6084.0,0.0014166677641053367,0.0012536560000000001,3.0,2393.0,0.0011754279424323114
6.0,20.0,0.000591017,5076.0,3.0,0.0004979293571888642,0.0018352660000000001,25.0,13622.0,0.0010488099695556102,0.00032873099999999997,2.0,6084.0,0.000981493058463202,0.0012536560000000001,3.0,2393.0,0.0012067191654593868
6.0,21.0,0.0,5076.0,0.0,0.00029875761431331856,0.000146821,2.0,13622.0,0.0006880143817333661,0.00032873099999999997,2.0,6084.0,0.0007203882350779211,0.0,0.0,2393.0,0.0007240314992756321
6.0,22.0,0.0,5076.0,0.0,0.00017925456858799112,0.001468213,20.0,13622.0,0.0010000938290400197,0.00032873099999999997,2.0,6084.0,0.0005637253410467526,0.0,0.0,2393.0,0.00043441889956537927
6.0,23.0,0.00019700599999999998,5076.0,1.0,0.00018635514115279467,0.000220232,3.0,13622.0,0.0006881490974240119,0.000164366,1.0,6084.0,0.0004039816046280516,0.0,0.0,2393.0,0.00026065133973922756
6.0,24.0,0.0,5076.0,0.0,0.00011181308469167679,7.3411e-05,1.0,13622.0,0.00044225385845440715,0.000493097,3.0,6084.0,0.00043962776277683095,0.002089427,5.0,2393.0,0.0009921616038435367
6.0,25.0,0.0,5076.0,0.0,6.708785081500607e-05,7.3411e-05,1.0,13622.0,0.0002947167150726443,0.001643655,10.0,6084.0,0.0009212386576660987,0.000417885,1.0,2393.0,0.000762450962306122
6.0,26.0,0.0,5076.0,0.0,4.025271048900364e-05,0.0,0.0,13622.0,0.00017683002904358657,0.00147929,9.0,6084.0,0.0011444591945996593,0.0,0.0,2393.0,0.0004574705773836732
6.0,27.0,0.0,5076.0,0.0,2.4151626293402186e-05,0.0,0.0,13622.0,0.00010609801742615194,0.000986193,6.0,6084.0,0.0010811527167597956,0.000417885,1.0,2393.0,0.0004416363464302039
6.0,28.0,0.0,5076.0,0.0,1.449097577604131e-05,0.0,0.0,13622.0,6.365881045569116e-05,0.00032873099999999997,2.0,6084.0,0.0007801840300558773,0.000417885,1.0,2393.0,0.00043213580785812235
6.0,29.0,0.0,5076.0,0.0,8.694585465624786e-06,0.0,0.0,13622.0,3.819528627341469e-05,0.0,0.0,6084.0,0.0004681104180335264,0.0,0.0,2393.0,0.0002592814847148734
6.0,30.0,0.0,5076.0,0.0,5.216751279374871e-06,0.0,0.0,13622.0,2.2917171764048813e-05,0.0,0.0,6084.0,0.0002808662508201158,0.000835771,2.0,2393.0,0.0004898772908289241
6.0,31.0,0.0,5076.0,0.0,3.1300507676249224e-06,0.0,0.0,13622.0,1.3750303058429287e-05,0.0,0.0,6084.0,0.00016851975049206948,0.0,0.0,2393.0,0.0002939263744973544
6.0,32.0,0.0,5076.0,0.0,1.8780304605749533e-06,0.0,0.0,13622.0,8.250181835057572e-06,0.000164366,1.0,6084.0,0.0001668582502952417,0.0,0.0,2393.0,0.00017635582469841264
6.0,33.0,0.0,5076.0,0.0,1.126818276344972e-06,0.0,0.0,13622.0,4.950109101034543e-06,0.0,0.0,6084.0,0.00010011495017714502,0.000417885,1.0,2393.0,0.0002729674948190476
6.0,34.0,0.0,5076.0,0.0,6.760909658069831e-07,0.0,0.0,13622.0,2.970065460620726e-06,0.0,0.0,6084.0,6.006897010628701e-05,0.000417885,1.0,2393.0,0.00033093449689142857
6.0,35.0,0.0,5076.0,0.0,4.056545794841899e-07,0.0,0.0,13622.0,1.7820392763724355e-06,0.0,0.0,6084.0,3.6041382063772204e-05,0.0,0.0,2393.0,0.00019856069813485713
6.0,36.0,0.0,5076.0,0.0,2.4339274769051393e-07,0.0,0.0,13622.0,1.0692235658234612e-06,0.0,0.0,6084.0,2.162482923826332e-05,0.001671542,4.0,2393.0,0.0007877532188809143
6.0,37.0,0.0,5076.0,0.0,1.4603564861430836e-07,0.0,0.0,13622.0,6.415341394940767e-07,0.0,0.0,6084.0,1.2974897542957992e-05,0.000417885,1.0,2393.0,0.0006398059313285486
6.0,38.0,0.0,5076.0,0.0,8.762138916858502e-08,0.0,0.0,13622.0,3.8492048369644604e-07,0.0,0.0,6084.0,7.784938525774795e-06,0.0,0.0,2393.0,0.00038388355879712913
6.0,39.0,0.0,5076.0,0.0,5.257283350115101e-08,0.0,0.0,13622.0,2.309522902178676e-07,0.0,0.0,6084.0,4.670963115464877e-06,0.0,0.0,2393.0,0.00023033013527827746
6.0,40.0,0.0,5076.0,0.0,3.15437001006906e-08,0.0,0.0,13622.0,1.3857137413072057e-07,0.0,0.0,6084.0,2.802577869278926e-06,0.0,0.0,2393.0,0.00013819808116696648
6.0,41.0,0.0,5076.0,0.0,1.892622006041436e-08,0.0,0.0,13622.0,8.314282447843233e-08,0.0,0.0,6084.0,1.6815467215673555e-06,0.0,0.0,2393.0,8.291884870017988e-05
6.0,42.0,0.0,5076.0,0.0,1.1355732036248616e-08,0.0,0.0,13622.0,4.98856946870594e-08,0.0,0.0,6084.0,1.0089280329404133e-06,0.0,0.0,2393.0,4.975130922010793e-05
6.0,43.0,0.0,5076.0,0.0,6.81343922174917e-09,0.0,0.0,13622.0,2.993141681223564e-08,0.0,0.0,6084.0,6.05356819764248e-07,0.0,0.0,2393.0,2.9850785532064757e-05
6.0,44.0,0.0,5076.0,0.0,4.088063533049501e-09,0.0,0.0,13622.0,1.7958850087341383e-08,0.0,0.0,6084.0,3.632140918585488e-07,0.0,0.0,2393.0,1.7910471319238852e-05
6.0,45.0,0.0,5076.0,0.0,2.4528381198297008e-09,0.0,0.0,13622.0,1.077531005240483e-08,0.0,0.0,6084.0,2.1792845511512925e-07,0.0,0.0,2393.0,1.074628279154331e-05
6.0,46.0,0.0,5076.0,0.0,1.4717028718978205e-09,0.0,0.0,13622.0,6.465186031442898e-09,0.0,0.0,6084.0,1.3075707306907753e-07,0.0,0.0,2393.0,6.447769674925986e-06
6.0,47.0,0.0,5076.0,0.0,8.830217231386923e-10,0.0,0.0,13622.0,3.8791116188657385e-09,0.0,0.0,6084.0,7.845424384144652e-08,0.0,0.0,2393.0,3.868661804955591e-06
6.0,48.0,0.0,5076.0,0.0,5.298130338832153e-10,0.0,0.0,13622.0,2.3274669713194432e-09,0.0,0.0,6084.0,4.707254630486791e-08,0.0,0.0,2393.0,2.3211970829733545e-06
6.0,49.0,0.0,5076.0,0.0,3.178878203299292e-10,0.0,0.0,13622.0,1.3964801827916658e-09,0.0,0.0,6084.0,2.8243527782920745e-08,0.0,0.0,2393.0,1.3927182497840127e-06
6.0,50.0,0.0,5076.0,0.0,1.907326921979575e-10,0.0,0.0,13622.0,8.378881096749994e-10,0.0,0.0,6084.0,1.6946116669752448e-08,0.0,0.0,2393.0,8.356309498704076e-07
6.0,51.0,0.0,5076.0,0.0,1.144396153187745e-10,0.0,0.0,13622.0,5.027328658049997e-10,0.0,0.0,6084.0,1.0167670001851468e-08,0.0,0.0,2393.0,5.013785699222446e-07
6.0,52.0,0.0,5076.0,0.0,6.866376919126469e-11,0.0,0.0,13622.0,3.016397194829998e-10,0.0,0.0,6084.0,6.1006020011108804e-09,0.0,0.0,2393.0,3.0082714195334673e-07
7.0,1.0,0.0,4961.0,0.0,4.1198261514758814e-11,0.0,0.0,13622.0,1.8098383168979987e-10,0.0,0.0,6084.0,3.660361200666528e-09,0.0,0.0,2393.0,1.8049628517200804e-07
7.0,2.0,0.0,4961.0,0.0,2.4718956908855287e-11,0.0,0.0,13669.0,1.0859029901387992e-10,0.0,0.0,6028.0,2.1962167203999166e-09,0.0,0.0,2428.0,1.0829777110320482e-07
7.0,3.0,0.0,4961.0,0.0,1.483137414531317e-11,0.0,0.0,13669.0,6.515417940832794e-11,0.0,0.0,6028.0,1.31773003223995e-09,0.0,0.0,2428.0,6.497866266192289e-08
7.0,4.0,0.0,4961.0,0.0,8.898824487187903e-12,0.0,0.0,13669.0,3.909250764499676e-11,0.0,0.0,6028.0,7.906380193439699e-10,0.0,0.0,2428.0,3.898719759715373e-08
7.0,5.0,0.0,4961.0,0.0,5.339294692312741e-12,0.0,0.0,13669.0,2.3455504586998057e-11,0.0,0.0,6028.0,4.743828116063819e-10,0.0,0.0,2428.0,2.3392318558292238e-08
7.0,6.0,0.0,4961.0,0.0,3.2035768153876444e-12,0.0,0.0,13669.0,1.4073302752198833e-11,0.0,0.0,6028.0,2.8462968696382916e-10,0.0,0.0,2428.0,1.4035391134975342e-08
7.0,7.0,0.0,4961.0,0.0,1.9221460892325867e-12,0.0,0.0,13669.0,8.4439816513193e-12,0.0,0.0,6028.0,1.707778121782975e-10,0.0,0.0,2428.0,8.421234680985206e-09
7.0,8.0,0.0,4961.0,0.0,1.153287653539552e-12,0.0,0.0,13669.0,5.0663889907915795e-12,0.0,0.0,6028.0,1.0246668730697849e-10,0.0,0.0,2428.0,5.052740808591123e-09
7.0,9.0,0.0,4961.0,0.0,6.919725921237311e-13,0.0,0.0,13669.0,3.0398333944749476e-12,0.0,0.0,6028.0,6.14800123841871e-11,0.0,0.0,2428.0,3.0316444851546738e-09
7.0,10.0,0.0,4961.0,0.0,4.1518355527423867e-13,0.0,0.0,13669.0,1.8239000366849686e-12,0.0,0.0,6028.0,3.688800743051226e-11,0.0,0.0,2428.0,1.8189866910928041e-09
7.0,11.0,0.0,4961.0,0.0,2.491101331645432e-13,0.0,0.0,13669.0,1.094340022010981e-12,0.0,0.0,6028.0,2.2132804458307353e-11,0.0,0.0,2428.0,1.0913920146556824e-09
7.0,12.0,0.0,4961.0,0.0,1.4946607989872593e-13,0.0,0.0,13669.0,6.566040132065886e-13,0.0,0.0,6028.0,1.3279682674984411e-11,0.0,0.0,2428.0,6.548352087934095e-10
7.0,13.0,0.0,4961.0,0.0,8.967964793923555e-14,0.0,0.0,13669.0,3.9396240792395314e-13,0.0,0.0,6028.0,7.967809604990647e-12,0.0,0.0,2428.0,3.929011252760457e-10
7.0,14.0,0.0,4961.0,0.0,5.380778876354133e-14,0.0,0.0,13669.0,2.363774447543719e-13,0.0,0.0,6028.0,4.780685762994388e-12,0.0,0.0,2428.0,2.357406751656274e-10
7.0,15.0,0.0,4961.0,0.0,3.22846732581248e-14,0.0,0.0,13669.0,1.4182646685262314e-13,0.0,0.0,6028.0,2.8684114577966328e-12,0.0,0.0,2428.0,1.4144440509937645e-10
7.0,16.0,0.0,4961.0,0.0,1.937080395487488e-14,0.0,0.0,13669.0,8.509588011157388e-14,0.0,0.0,6028.0,1.7210468746779796e-12,0.0,0.0,2428.0,8.486664305962587e-11
7.0,17.0,0.0,4961.0,0.0,1.1622482372924927e-14,0.0,0.0,13669.0,5.105752806694433e-14,0.0,0.0,6028.0,1.0326281248067876e-12,0.0,0.0,2428.0,5.0919985835775525e-11
7.0,18.0,0.0,4961.0,0.0,6.973489423754956e-15,0.0,0.0,13669.0,3.0634516840166594e-14,0.0,0.0,6028.0,6.195768748840725e-13,0.0,0.0,2428.0,3.0551991501465315e-11
7.0,19.0,0.0,4961.0,0.0,4.184093654252974e-15,0.0,0.0,13669.0,1.8380710104099954e-14,0.0,0.0,6028.0,3.717461249304435e-13,0.0,0.0,2428.0,1.8331194900879188e-11
7.0,20.0,0.0,4961.0,0.0,2.510456192551784e-15,0.0,0.0,13669.0,1.1028426062459972e-14,0.0,0.0,6028.0,2.230476749582661e-13,0.0,0.0,2428.0,1.0998716940527512e-11
7.0,21.0,0.0,4961.0,0.0,1.5062737155310705e-15,0.0,0.0,13669.0,6.617055637475983e-15,0.0,0.0,6028.0,1.3382860497495965e-13,0.0,0.0,2428.0,6.599230164316507e-12
7.0,22.0,0.0,4961.0,0.0,9.037642293186422e-16,0.0,0.0,13669.0,3.9702333824855895e-15,0.0,0.0,6028.0,8.029716298497579e-14,0.0,0.0,2428.0,3.959538098589904e-12
7.0,23.0,0.0,4961.0,0.0,5.422585375911853e-16,7.3158e-05,1.0,13669.0,2.9263200002382146e-05,0.0,0.0,6028.0,4.817829779098547e-14,0.0,0.0,2428.0,2.3757228591539425e-12
7.0,24.0,0.0,4961.0,0.0,3.253551225547112e-16,0.0,0.0,13669.0,1.7557920001429288e-05,0.000165893,1.0,6028.0,6.635720002890699e-05,0.0,0.0,2428.0,1.4254337154923655e-12
7.0,25.0,0.0,4961.0,0.0,1.9521307353282673e-16,0.0,0.0,13669.0,1.0534752000857573e-05,0.00066357,4.0,6028.0,0.00030524232001734417,0.0,0.0,2428.0,8.552602292954192e-13
7.0,26.0,0.00020157200000000001,4961.0,1.0,8.062880000011715e-05,7.3158e-05,1.0,13669.0,3.558405120051455e-05,0.000165893,1.0,6028.0,0.0002495025920104065,0.0,0.0,2428.0,5.131561375772515e-13
7.0,27.0,0.00020157200000000001,4961.0,1.0,0.0001290060800000703,0.0,0.0,13669.0,2.1350430720308728e-05,0.000497678,3.0,6028.0,0.0003487727552062439,0.0,0.0,2428.0,3.078936825463509e-13
7.0,28.0,0.000403145,4961.0,2.0,0.00023866164800004217,7.3158e-05,1.0,13669.0,4.207345843218524e-05,0.000331785,2.0,6028.0,0.0003419776531237463,0.001235585,3.0,2428.0,0.0004942340001847362
7.0,29.0,0.00020157200000000001,4961.0,1.0,0.0002238257888000253,7.3158e-05,1.0,13669.0,5.450727505931115e-05,0.000331785,2.0,6028.0,0.0003379005918742478,0.0008237230000000001,2.0,2428.0,0.0006260296001108418
7.0,30.0,0.0,4961.0,0.0,0.00013429547328001518,0.000292633,4.0,13669.0,0.0001497575650355867,0.000497678,3.0,6028.0,0.00040181155512454867,0.0,0.0,2428.0,0.0003756177600665051
7.0,31.0,0.000806289,4961.0,4.0,0.0004030928839680091,0.00036579099999999997,5.0,13669.0,0.000236170939021352,0.00066357,4.0,6028.0,0.0005065149330747293,0.000411862,1.0,2428.0,0.000390115456039903
7.0,32.0,0.000403145,4961.0,2.0,0.00040311373038080545,0.00036579099999999997,5.0,13669.0,0.0002880189634128112,0.000165893,1.0,6028.0,0.0003702661598448375,0.000411862,1.0,2428.0,0.00039881407362394184
7.0,33.0,0.0,4961.0,0.0,0.00024186823822848325,0.00036579099999999997,5.0,13669.0,0.0003191277780476867,0.000165893,1.0,6028.0,0.00028851689590690254,0.0,0.0,2428.0,0.00023928844417436508
7.0,34.0,0.0,4961.0,0.0,0.00014512094293708995,0.000512108,7.0,13669.0,0.00039631986682861205,0.000331785,2.0,6028.0,0.00030582413754414155,0.000411862,1.0,2428.0,0.00030831786650461904
7.0,35.0,0.0,4961.0,0.0,8.707256576225396e-05,7.3158e-05,1.0,13669.0,0.0002670551200971672,0.0,0.0,6028.0,0.00018349448252648492,0.0016474460000000001,4.0,2428.0,0.0008439691199027715
7.0,36.0,0.0,4961.0,0.0,5.224353945735238e-05,0.000219475,3.0,13669.0,0.00024802307205830035,0.000165893,1.0,6028.0,0.00017645388951589093,0.0,0.0,2428.0,0.0005063814719416629
7.0,37.0,0.0,4961.0,0.0,3.1346123674411425e-05,7.3158e-05,1.0,13669.0,0.00017807704323498022,0.000165893,1.0,6028.0,0.00017222953370953455,0.0,0.0,2428.0,0.00030382888316499775
7.0,38.0,0.0,4961.0,0.0,1.8807674204646855e-05,7.3158e-05,1.0,13669.0,0.00013610942594098814,0.000165893,1.0,6028.0,0.00016969492022572073,0.0,0.0,2428.0,0.00018229732989899866
7.0,39.0,0.0,4961.0,0.0,1.1284604522788113e-05,0.000219475,3.0,13669.0,0.0001694556555645929,0.0,0.0,6028.0,0.00010181695213543243,0.002883031,7.0,2428.0,0.001262590797939399
7.0,40.0,0.0,4961.0,0.0,6.770762713672868e-06,0.000219475,3.0,13669.0,0.00018946339333875573,0.0,0.0,6028.0,6.109017128125945e-05,0.0,0.0,2428.0,0.0007575544787636394
7.0,41.0,0.0,4961.0,0.0,4.06245762820372e-06,0.0,0.0,13669.0,0.00011367803600325343,0.0,0.0,6028.0,3.665410276875567e-05,0.000411862,1.0,2428.0,0.0006192774872581837
7.0,42.0,0.0,4961.0,0.0,2.437474576922232e-06,0.0,0.0,13669.0,6.820682160195206e-05,0.0,0.0,6028.0,2.19924616612534e-05,0.0,0.0,2428.0,0.0003715664923549102
7.0,43.0,0.0,4961.0,0.0,1.4624847461533393e-06,0.0,0.0,13669.0,4.0924092961171235e-05,0.0,0.0,6028.0,1.319547699675204e-05,0.0,0.0,2428.0,0.00022293989541294612
7.0,44.0,0.0,4961.0,0.0,8.774908476920036e-07,0.0,0.0,13669.0,2.455445577670274e-05,0.0,0.0,6028.0,7.917286198051224e-06,0.0,0.0,2428.0,0.00013376393724776766
7.0,45.0,0.0,4961.0,0.0,5.264945086152021e-07,0.0,0.0,13669.0,1.4732673466021644e-05,0.0,0.0,6028.0,4.750371718830734e-06,0.0,0.0,2428.0,8.02583623486606e-05
7.0,46.0,0.0,4961.0,0.0,3.158967051691212e-07,0.0,0.0,13669.0,8.839604079612986e-06,0.0,0.0,6028.0,2.8502230312984403e-06,0.0,0.0,2428.0,4.815501740919636e-05
7.0,47.0,0.0,4961.0,0.0,1.8953802310147274e-07,0.0,0.0,13669.0,5.303762447767791e-06,0.0,0.0,6028.0,1.710133818779064e-06,0.0,0.0,2428.0,2.8893010445517816e-05
7.0,48.0,0.0,4961.0,0.0,1.1372281386088363e-07,0.0,0.0,13669.0,3.1822574686606746e-06,0.0,0.0,6028.0,1.0260802912674384e-06,0.0,0.0,2428.0,1.733580626731069e-05
7.0,49.0,0.0,4961.0,0.0,6.823368831653017e-08,0.0,0.0,13669.0,1.9093544811964047e-06,0.0,0.0,6028.0,6.15648174760463e-07,0.0,0.0,2428.0,1.0401483760386414e-05
7.0,50.0,0.0,4961.0,0.0,4.0940212989918104e-08,0.0,0.0,13669.0,1.1456126887178428e-06,0.0,0.0,6028.0,3.6938890485627783e-07,0.0,0.0,2428.0,6.240890256231848e-06
7.0,51.0,0.0,4961.0,0.0,2.4564127793950863e-08,0.0,0.0,13669.0,6.873676132307056e-07,0.0,0.0,6028.0,2.2163334291376668e-07,0.0,0.0,2428.0,3.7445341537391087e-06
7.0,52.0,0.0,4961.0,0.0,1.4738476676370518e-08,0.0,0.0,13669.0,4.124205679384234e-07,0.0,0.0,6028.0,1.3298000574826e-07,0.0,0.0,2428.0,2.246720492243465e-06
8.0,1.0,0.0,4886.0,0.0,8.84308600582231e-09,0.0,0.0,13669.0,2.47452340763054e-07,0.0,0.0,6028.0,7.9788003448956e-08,0.0,0.0,2428.0,1.348032295346079e-06
8.0,2.0,0.0,4886.0,0.0,5.305851603493386e-09,0.0,0.0,13640.0,1.484714044578324e-07,0.0,0.0,5960.0,4.78728020693736e-08,0.0,0.0,2427.0,8.088193772076474e-07
8.0,3.0,0.0,4886.0,0.0,3.1835109620960315e-09,0.0,0.0,13640.0,8.908284267469944e-08,0.0,0.0,5960.0,2.8723681241624156e-08,0.0,0.0,2427.0,4.852916263245884e-07
8.0,4.0,0.0,4886.0,0.0,1.910106577257619e-09,0.0,0.0,13640.0,5.344970560481966e-08,0.0,0.0,5960.0,1.7234208744974494e-08,0.0,0.0,2427.0,2.91174975794753e-07
8.0,5.0,0.0,4886.0,0.0,1.1460639463545713e-09,0.0,0.0,13640.0,3.206982336289179e-08,0.0,0.0,5960.0,1.0340525246984697e-08,0.0,0.0,2427.0,1.7470498547685178e-07
8.0,6.0,0.0,4886.0,0.0,6.876383678127428e-10,0.0,0.0,13640.0,1.9241894017735074e-08,0.0,0.0,5960.0,6.204315148190818e-09,0.0,0.0,2427.0,1.0482299128611107e-07
8.0,7.0,0.0,4886.0,0.0,4.1258302068764563e-10,0.0,0.0,13640.0,1.1545136410641044e-08,0.0,0.0,5960.0,3.7225890889144904e-09,0.0,0.0,2427.0,6.289379477166664e-08
8.0,8.0,0.0,4886.0,0.0,2.4754981241258736e-10,0.0,0.0,13640.0,6.927081846384626e-09,0.0,0.0,5960.0,2.233553453348694e-09,0.0,0.0,2427.0,3.7736276862999985e-08
8.0,9.0,0.0,4886.0,0.0,1.485298874475524e-10,0.0,0.0,13640.0,4.156249107830776e-09,0.0,0.0,5960.0,1.3401320720092165e-09,0.0,0.0,2427.0,2.264176611779999e-08
8.0,10.0,0.0,4886.0,0.0,8.911793246853144e-11,0.0,0.0,13640.0,2.4937494646984654e-09,0.0,0.0,5960.0,8.040792432055298e-10,0.0,0.0,2427.0,1.3585059670679992e-08
8.0,11.0,0.0,4886.0,0.0,5.3470759481118865e-11,0.0,0.0,13640.0,1.4962496788190792e-09,0.0,0.0,5960.0,4.824475459233179e-10,0.0,0.0,2427.0,8.151035802407995e-09
8.0,12.0,0.0,4886.0,0.0,3.2082455688671315e-11,0.0,0.0,13640.0,8.977498072914474e-10,0.0,0.0,5960.0,2.894685275539907e-10,0.0,0.0,2427.0,4.890621481444797e-09
8.0,13.0,0.0,4886.0,0.0,1.924947341320279e-11,0.0,0.0,13640.0,5.386498843748685e-10,0.0,0.0,5960.0,1.7368111653239442e-10,0.0,0.0,2427.0,2.934372888866878e-09
8.0,14.0,0.0,4886.0,0.0,1.1549684047921673e-11,0.0,0.0,13640.0,3.231899306249211e-10,0.0,0.0,5960.0,1.0420866991943664e-10,0.0,0.0,2427.0,1.7606237333201267e-09
8.0,15.0,0.0,4886.0,0.0,6.9298104287530034e-12,0.0,0.0,13640.0,1.9391395837495265e-10,0.0,0.0,5960.0,6.252520195166198e-11,0.000412031,1.0,2427.0,0.00016481345637423998
8.0,16.0,0.0,4886.0,0.0,4.1578862572518016e-12,0.0,0.0,13640.0,1.1634837502497159e-10,0.0,0.0,5960.0,3.7515121170997185e-11,0.0,0.0,2427.0,9.888807382454398e-05
8.0,17.0,0.0,4886.0,0.0,2.4947317543510807e-12,7.3314e-05,1.0,13640.0,2.9325669809025015e-05,0.0,0.0,5960.0,2.250907270259831e-11,0.0,0.0,2427.0,5.9332844294726384e-05
8.0,18.0,0.0,4886.0,0.0,1.4968390526106484e-12,0.0,0.0,13640.0,1.759540188541501e-05,0.00033557,2.0,5960.0,0.0001342280135054436,0.000412031,1.0,2427.0,0.0002004121065768358
8.0,19.0,0.000204666,4886.0,1.0,8.186640089810344e-05,0.000366569,5.0,13640.0,0.00015718484113124903,0.0013422820000000002,8.0,5960.0,0.0006174496081032663,0.0012360939999999999,3.0,2427.0,0.0006146848639461015
8.0,20.0,0.000409333,4886.0,2.0,0.00021285304053886208,7.3314e-05,1.0,13640.0,0.00012363650467874941,0.0,0.0,5960.0,0.00037046976486195974,0.000412031,1.0,2427.0,0.0005336233183676609
8.0,21.0,0.000204666,4886.0,1.0,0.00020957822432331722,0.000366569,5.0,13640.0,0.00022080950280724965,0.0,0.0,5960.0,0.00022228185891717584,0.001648125,4.0,2427.0,0.0009794239910205966
8.0,22.0,0.0,4886.0,0.0,0.00012574693459399032,0.000879765,12.0,13640.0,0.0004843917016843498,0.00033557,2.0,5960.0,0.0002675971153503055,0.000824063,2.0,2427.0,0.000917279594612358
8.0,23.0,0.0,4886.0,0.0,7.544816075639419e-05,0.0006598239999999999,9.0,13640.0,0.0005545646210106099,0.0,0.0,5960.0,0.0001605582692101833,0.0,0.0,2427.0,0.0005503677567674147
8.0,24.0,0.0,4886.0,0.0,4.526889645383651e-05,0.0005131959999999999,7.0,13640.0,0.000538017172606366,0.0,0.0,5960.0,9.633496152610997e-05,0.0,0.0,2427.0,0.00033022065406044886
8.0,25.0,0.0,4886.0,0.0,2.7161337872301907e-05,7.3314e-05,1.0,13640.0,0.0003521359035638196,0.0,0.0,5960.0,5.780097691566598e-05,0.0,0.0,2427.0,0.0001981323924362693
8.0,26.0,0.000204666,4886.0,1.0,9.816320272338115e-05,0.000733138,10.0,13640.0,0.0005045367421382918,0.0005033559999999999,3.0,5960.0,0.0002360229861493996,0.0,0.0,2427.0,0.00011887943546176158
8.0,27.0,0.000204666,4886.0,1.0,0.0001407643216340287,0.000366569,5.0,13640.0,0.0004493496452829751,0.000167785,1.0,5960.0,0.00020872779168963976,0.0,0.0,2427.0,7.132766127705695e-05
8.0,28.0,0.0,4886.0,0.0,8.445859298041721e-05,0.00058651,8.0,13640.0,0.0005042137871697851,0.000167785,1.0,5960.0,0.00019235067501378384,0.0,0.0,2427.0,4.279659676623417e-05
8.0,29.0,0.0,4886.0,0.0,5.067515578825032e-05,7.3314e-05,1.0,13640.0,0.00033185387230187104,0.0,0.0,5960.0,0.0001154104050082703,0.000412031,1.0,2427.0,0.0001904903580597405
8.0,30.0,0.0,4886.0,0.0,3.040509347295019e-05,0.00058651,8.0,13640.0,0.00043371632338112267,0.000167785,1.0,5960.0,0.00013636024300496216,0.0,0.0,2427.0,0.00011429421483584429
8.0,31.0,0.0,4886.0,0.0,1.8243056083770113e-05,0.00021994099999999997,3.0,13640.0,0.0003482061940286736,0.0,0.0,5960.0,8.18161458029773e-05,0.0,0.0,2427.0,6.857652890150658e-05
8.0,32.0,0.0,4886.0,0.0,1.0945833650262067e-05,0.0,0.0,13640.0,0.00020892371641720414,0.000167785,1.0,5960.0,0.00011620368748178637,0.0,0.0,2427.0,4.114591734090394e-05
8.0,33.0,0.0,4886.0,0.0,6.56750019015724e-06,7.3314e-05,1.0,13640.0,0.00015467982985032248,0.001174497,7.0,5960.0,0.0005395210124890719,0.0,0.0,2427.0,2.4687550404542364e-05
8.0,34.0,0.0,4886.0,0.0,3.940500114094344e-06,0.0,0.0,13640.0,9.280789791019349e-05,0.000167785,1.0,5960.0,0.0003908266074934431,0.0,0.0,2427.0,1.4812530242725417e-05
8.0,35.0,0.0,4886.0,0.0,2.3643000684566064e-06,0.0,0.0,13640.0,5.568473874611609e-05,0.000167785,1.0,5960.0,0.00030160996449606585,0.000412031,1.0,2427.0,0.00017369991814563524
8.0,36.0,0.0,4886.0,0.0,1.4185800410739637e-06,0.0,0.0,13640.0,3.3410843247669655e-05,0.0,0.0,5960.0,0.0001809659786976395,0.000412031,1.0,2427.0,0.0002690323508873811
8.0,37.0,0.0,4886.0,0.0,8.511480246443782e-07,0.0,0.0,13640.0,2.0046505948601792e-05,0.0,0.0,5960.0,0.0001085795872185837,0.0,0.0,2427.0,0.00016141941053242866
8.0,38.0,0.0,4886.0,0.0,5.106888147866269e-07,0.0,0.0,13640.0,1.2027903569161075e-05,0.0,0.0,5960.0,6.514775233115022e-05,0.000412031,1.0,2427.0,0.00026166404631945716
8.0,39.0,0.0,4886.0,0.0,3.0641328887197613e-07,0.0,0.0,13640.0,7.216742141496645e-06,0.0,0.0,5960.0,3.908865139869013e-05,0.0,0.0,2427.0,0.00015699842779167428
8.0,40.0,0.0,4886.0,0.0,1.8384797332318566e-07,0.0,0.0,13640.0,4.330045284897987e-06,0.0,0.0,5960.0,2.3453190839214078e-05,0.0,0.0,2427.0,9.419905667500457e-05
8.0,41.0,0.0,4886.0,0.0,1.1030878399391139e-07,0.0,0.0,13640.0,2.598027170938792e-06,0.0,0.0,5960.0,1.4071914503528446e-05,0.0,0.0,2427.0,5.651943400500274e-05
8.0,42.0,0.0,4886.0,0.0,6.618527039634683e-08,0.0,0.0,13640.0,1.5588163025632753e-06,0.0,0.0,5960.0,8.443148702117067e-06,0.0,0.0,2427.0,3.391166040300164e-05
8.0,43.0,0.0,4886.0,0.0,3.9711162237808096e-08,0.0,0.0,13640.0,9.352897815379651e-07,0.0,0.0,5960.0,5.06588922127024e-06,0.0,0.0,2427.0,2.0346996241800984e-05
8.0,44.0,0.0,4886.0,0.0,2.3826697342684856e-08,0.0,0.0,13640.0,5.611738689227791e-07,0.0,0.0,5960.0,3.0395335327621437e-06,0.0,0.0,2427.0,1.220819774508059e-05
8.0,45.0,0.0,4886.0,0.0,1.4296018405610912e-08,0.0,0.0,13640.0,3.3670432135366743e-07,0.0,0.0,5960.0,1.8237201196572862e-06,0.0,0.0,2427.0,7.324918647048354e-06
8.0,46.0,0.0,4886.0,0.0,8.577611043366548e-09,0.0,0.0,13640.0,2.0202259281220045e-07,0.0,0.0,5960.0,1.0942320717943717e-06,0.0,0.0,2427.0,4.394951188229012e-06
8.0,47.0,0.0,4886.0,0.0,5.146566626019929e-09,0.0,0.0,13640.0,1.2121355568732027e-07,0.0,0.0,5960.0,6.56539243076623e-07,0.0,0.0,2427.0,2.636970712937407e-06
8.0,48.0,0.0,4886.0,0.0,3.0879399756119573e-09,0.0,0.0,13640.0,7.272813341239216e-08,0.0,0.0,5960.0,3.9392354584597375e-07,0.0,0.0,2427.0,1.5821824277624442e-06
8.0,49.0,0.0,4886.0,0.0,1.8527639853671743e-09,0.0,0.0,13640.0,4.363688004743529e-08,0.0,0.0,5960.0,2.3635412750758424e-07,0.0,0.0,2427.0,9.493094566574665e-07
8.0,50.0,0.0,4886.0,0.0,1.1116583912203045e-09,0.0,0.0,13640.0,2.6182128028461174e-08,0.0,0.0,5960.0,1.4181247650455053e-07,0.0,0.0,2427.0,5.695856739944799e-07
8.0,51.0,0.0,4886.0,0.0,6.669950347321827e-10,0.0,0.0,13640.0,1.5709276817076704e-08,0.0,0.0,5960.0,8.508748590273031e-08,0.0,0.0,2427.0,3.4175140439668793e-07
8.0,52.0,0.0,4886.0,0.0,4.001970208393096e-10,0.0,0.0,13640.0,9.425566090246022e-09,0.0,0.0,5960.0,5.105249154163818e-08,0.0,0.0,2427.0,2.0505084263801275e-07
9.0,1.0,0.0,4812.0,0.0,2.4011821250358577e-10,0.0,0.0,13640.0,5.655339654147613e-09,0.0,0.0,5960.0,3.063149492498291e-08,0.0,0.0,2427.0,1.2303050558280765e-07
9.0,2.0,0.0,4812.0,0.0,1.4407092750215147e-10,0.0,0.0,13611.0,3.393203792488568e-09,0.0,0.0,5893.0,1.8378896954989747e-08,0.0,0.0,2426.0,7.381830334968459e-08
9.0,3.0,0.0,4812.0,0.0,8.644255650129088e-11,0.0,0.0,13611.0,2.0359222754931407e-09,0.0,0.0,5893.0,1.1027338172993847e-08,0.0,0.0,2426.0,4.429098200981075e-08
9.0,4.0,0.0,4812.0,0.0,5.1865533900774527e-11,0.0,0.0,13611.0,1.2215533652958843e-09,0.0,0.0,5893.0,6.616402903796308e-09,0.0,0.0,2426.0,2.6574589205886448e-08
9.0,5.0,0.0,4812.0,0.0,3.1119320340464716e-11,0.0,0.0,13611.0,7.329320191775306e-10,0.0,0.0,5893.0,3.969841742277784e-09,0.0,0.0,2426.0,1.594475352353187e-08
9.0,6.0,0.0,4812.0,0.0,1.8671592204278828e-11,0.0,0.0,13611.0,4.3975921150651834e-10,0.0,0.0,5893.0,2.3819050453666704e-09,0.0,0.0,2426.0,9.56685211411912e-09
9.0,7.0,0.0,4812.0,0.0,1.1202955322567296e-11,0.0,0.0,13611.0,2.63855526903911e-10,0.0,0.0,5893.0,1.4291430272200022e-09,0.0,0.0,2426.0,5.740111268471472e-09
9.0,8.0,0.0,4812.0,0.0,6.721773193540377e-12,0.0,0.0,13611.0,1.5831331614234659e-10,0.0,0.0,5893.0,8.574858163320013e-10,0.0,0.0,2426.0,3.444066761082883e-09
9.0,9.0,0.0,4812.0,0.0,4.033063916124226e-12,0.0,0.0,13611.0,9.498798968540795e-11,0.0,0.0,5893.0,5.144914897992007e-10,0.000412201,1.0,2426.0,0.00016488246644005665
9.0,10.0,0.0,4812.0,0.0,2.4198383496745357e-12,0.0,0.0,13611.0,5.699279381124477e-11,0.0,0.0,5893.0,3.086948938795204e-10,0.0,0.0,2426.0,9.892947986403398e-05
9.0,11.0,0.0,4812.0,0.0,1.4519030098047215e-12,0.0,0.0,13611.0,3.419567628674686e-11,0.0,0.0,5893.0,1.8521693632771223e-10,0.0,0.0,2426.0,5.935768791842038e-05
9.0,12.0,0.0,4812.0,0.0,8.711418058828329e-13,0.0,0.0,13611.0,2.0517405772048115e-11,0.0,0.0,5893.0,1.1113016179662733e-10,0.000412201,1.0,2426.0,0.00020049501275105225
9.0,13.0,0.0,4812.0,0.0,5.226850835296997e-13,0.0,0.0,13611.0,1.2310443463228868e-11,0.0,0.0,5893.0,6.667809707797639e-11,0.000412201,1.0,2426.0,0.00028517740765063136
9.0,14.0,0.0,4812.0,0.0,3.1361105011781984e-13,0.0,0.0,13611.0,7.38626607793732e-12,0.0,0.0,5893.0,4.0006858246785835e-11,0.0,0.0,2426.0,0.0001711064445903788
9.0,15.0,0.0,4812.0,0.0,1.881666300706919e-13,0.0,0.0,13611.0,4.431759646762392e-12,0.00016969999999999998,1.0,5893.0,6.788002400411495e-05,0.0,0.0,2426.0,0.00010266386675422729
9.0,16.0,0.0,4812.0,0.0,1.1289997804241513e-13,7.347e-05,1.0,13611.0,2.938800265905579e-05,0.0,0.0,5893.0,4.0728014402468964e-05,0.0,0.0,2426.0,6.159832005253637e-05
9.0,17.0,0.0,4812.0,0.0,6.773998682544907e-14,0.00014693899999999998,2.0,13611.0,7.640840159543347e-05,0.0,0.0,5893.0,2.4436808641481376e-05,0.0,0.0,2426.0,3.695899203152182e-05
9.0,18.0,0.0,4812.0,0.0,4.064399209526944e-14,0.0008816360000000001,12.0,13611.0,0.00039849944095726015,0.000339399,2.0,5893.0,0.00015042168518488884,0.000824402,2.0,2426.0,0.0003519361952189131
9.0,19.0,0.000831232,4812.0,4.0,0.00033249280002438646,0.00029387900000000004,4.0,13611.0,0.00035665126457435606,0.001187897,7.0,5893.0,0.0005654118111109333,0.001236603,3.0,2426.0,0.0007058029171313479
9.0,20.0,0.00103904,4812.0,5.0,0.0006151116800146318,7.347e-05,1.0,13611.0,0.00024337875874461365,0.001187897,7.0,5893.0,0.0008144058866665601,0.000412201,1.0,2426.0,0.0005883621502788088
9.0,21.0,0.000415616,4812.0,2.0,0.000535313408008779,0.00044081800000000005,6.0,13611.0,0.0003223544552467682,0.001187897,7.0,5893.0,0.0009638023319999362,0.0,0.0,2426.0,0.00035301729016728523
9.0,22.0,0.0,4812.0,0.0,0.00032118804480526744,0.00029387900000000004,4.0,13611.0,0.0003109642731480609,0.000678798,4.0,5893.0,0.0008498005991999617,0.002061005,5.0,2426.0,0.0010362123741003712
9.0,23.0,0.0,4812.0,0.0,0.00019271282688316046,0.000514288,7.0,13611.0,0.00039229376388883656,0.001018197,6.0,5893.0,0.000917159159519977,0.000412201,1.0,2426.0,0.0007866078244602227
9.0,24.0,0.0,4812.0,0.0,0.00011562769612989628,0.00029387900000000004,4.0,13611.0,0.00035292785833330195,0.001357597,8.0,5893.0,0.0010933342957119862,0.001236603,3.0,2426.0,0.0009666058946761337
