year,flu week,TR rate,TR pop,TR count,TR weighted rate,RS rate,RS count,RS pop,RS weighted rate,BH rate,BH count,BH pop,BH weighted rate,YE rate,YE count,YE pop,YE weighted rate
,,,,,0.0,,,,,,,,,,,,
1.0,1.0,0.0,718.0,0.0,0.0,,,,0.0,,,,0.0,,,,0.0
1.0,2.0,0.0,718.0,0.0,0.0,0.000324289,3.0,9251.0,0.000324289,0.0,0.0,12912.0,0.0,2.0222e-05,3.0,148356.0,2.0222e-05
1.0,3.0,0.0,718.0,0.0,0.0,0.0008647710000000001,8.0,9251.0,0.0005404818,0.0,0.0,12912.0,0.0,0.0,0.0,148356.0,1.21332e-05
1.0,4.0,0.0,718.0,0.0,0.0,0.000108096,1.0,9251.0,0.00036752748,0.0,0.0,12912.0,0.0,6.741e-06,1.0,148356.0,9.97632e-06
1.0,5.0,0.0,718.0,0.0,0.0,0.000324289,3.0,9251.0,0.000350232088,0.0,0.0,12912.0,0.0,0.0,0.0,148356.0,5.985791999999999e-06
1.0,6.0,0.0,718.0,0.0,0.0,0.000216193,2.0,9251.0,0.0002966164528,0.0,0.0,12912.0,0.0,0.0,0.0,148356.0,3.5914751999999992e-06
1.0,7.0,0.0,718.0,0.0,0.0,0.000432386,4.0,9251.0,0.00035092427168,0.0,0.0,12912.0,0.0,2.6961999999999997e-05,4.0,148356.0,1.2939685119999998e-05
1.0,8.0,0.0,718.0,0.0,0.0,0.0031347959999999996,29.0,9251.0,0.0014644729630079998,0.0,0.0,12912.0,0.0,0.000175254,26.0,148356.0,7.786541107200001e-05
1.0,9.0,0.0,718.0,0.0,0.0,0.0041076640000000005,38.0,9251.0,0.0025217493778048,0.015489467,200.0,12912.0,0.0061957868,0.00026288099999999997,39.0,148356.0,0.0001518716466432
1.0,10.0,0.0,718.0,0.0,0.0,0.0034590859999999997,32.0,9251.0,0.00289668402668288,0.0,0.0,12912.0,0.00371747208,9.436799999999999e-05,14.0,148356.0,0.00012887018798592
1.0,11.0,0.0,718.0,0.0,0.0,0.002378121,22.0,9251.0,0.002689258816009728,0.0,0.0,12912.0,0.002230483248,2.6961999999999997e-05,4.0,148356.0,8.810691279155199e-05
1.0,12.0,0.0,718.0,0.0,0.0,0.000324289,3.0,9251.0,0.0017432708896058368,0.0,0.0,12912.0,0.0013382899488,1.3480999999999998e-05,2.0,148356.0,5.8256547674931196e-05
1.0,13.0,0.0,718.0,0.0,0.0,0.000324289,3.0,9251.0,0.001175678133763502,0.0,0.0,12912.0,0.00080297396928,0.00026288099999999997,39.0,148356.0,0.0001401063286049587
1.0,14.0,0.0,718.0,0.0,0.0,0.000756675,7.0,9251.0,0.0010080768802581013,0.0,0.0,12912.0,0.000481784381568,9.436799999999999e-05,14.0,148356.0,0.00012181099716297521
1.0,15.0,0.0,718.0,0.0,0.0,0.000540482,5.0,9251.0,0.0008210389281548608,0.0,0.0,12912.0,0.0002890706289408,2.6961999999999997e-05,4.0,148356.0,8.387139829778512e-05
1.0,16.0,0.0,718.0,0.0,0.0,0.000108096,1.0,9251.0,0.0005358617568929165,0.0,0.0,12912.0,0.00017344237736448,6.7405e-05,10.0,148356.0,7.728483897867107e-05
1.0,17.0,0.0,718.0,0.0,0.0,0.0,0.0,9251.0,0.00032151705413574987,0.0,0.0,12912.0,0.000104065426418688,2.6961999999999997e-05,4.0,148356.0,5.715570338720264e-05
1.0,18.0,0.0,718.0,0.0,0.0,0.000324289,3.0,9251.0,0.0003226258324814499,0.0,0.0,12912.0,6.243925585121279e-05,2.6961999999999997e-05,4.0,148356.0,4.507822203232158e-05
1.0,19.0,0.0,718.0,0.0,0.0,0.000648579,6.0,9251.0,0.00045300709948886995,0.0,0.0,12912.0,3.746355351072767e-05,6.741e-06,1.0,148356.0,2.974333321939295e-05
1.0,20.0,0.0,718.0,0.0,0.0,0.000108096,1.0,9251.0,0.00031504265969332197,0.0,0.0,12912.0,2.2478132106436603e-05,0.0,0.0,148356.0,1.784599993163577e-05
1.0,21.0,0.0,718.0,0.0,0.0,0.000324289,3.0,9251.0,0.0003187411958159932,0.0,0.0,12912.0,1.3486879263861961e-05,0.0,0.0,148356.0,1.0707599958981461e-05
1.0,22.0,0.0,718.0,0.0,0.0,0.000108096,1.0,9251.0,0.0002344831174895959,0.0,0.0,12912.0,8.092127558317177e-06,0.0,0.0,148356.0,6.424559975388877e-06
1.0,23.0,0.0,718.0,0.0,0.0,0.000216193,2.0,9251.0,0.00022716707049375755,0.0,0.0,12912.0,4.855276534990306e-06,6.741e-06,1.0,148356.0,6.551135985233326e-06
1.0,24.0,0.0,718.0,0.0,0.0,0.000108096,1.0,9251.0,0.00017953864229625451,0.0,0.0,12912.0,2.9131659209941833e-06,0.0,0.0,148356.0,3.930681591139995e-06
1.0,25.0,0.0,718.0,0.0,0.0,0.0,0.0,9251.0,0.00010772318537775271,0.0,0.0,12912.0,1.74789955259651e-06,1.3480999999999998e-05,2.0,148356.0,7.750808954683997e-06
1.0,26.0,0.0,718.0,0.0,0.0,0.000108096,1.0,9251.0,0.00010787231122665161,0.0,0.0,12912.0,1.048739731557906e-06,0.0,0.0,148356.0,4.6504853728103976e-06
1.0,27.0,0.0,718.0,0.0,0.0,0.000108096,1.0,9251.0,0.00010796178673599098,0.0,0.0,12912.0,6.292438389347436e-07,0.0,0.0,148356.0,2.7902912236862384e-06
1.0,28.0,0.0,718.0,0.0,0.0,0.000108096,1.0,9251.0,0.00010801547204159458,0.0,0.0,12912.0,3.775463033608461e-07,0.0,0.0,148356.0,1.674174734211743e-06
1.0,29.0,0.0,718.0,0.0,0.0,0.0,0.0,9251.0,6.480928322495675e-05,0.0,0.0,12912.0,2.2652778201650767e-07,6.741e-06,1.0,148356.0,3.700904840527046e-06
1.0,30.0,0.0,718.0,0.0,0.0,0.010917739,101.0,9251.0,0.004405981169934974,0.0,0.0,12912.0,1.359166692099046e-07,6.741e-06,1.0,148356.0,4.916942904316227e-06
1.0,31.0,0.0,718.0,0.0,0.0,0.0,0.0,9251.0,0.0026435887019609842,0.0,0.0,12912.0,8.155000152594274e-08,0.0,0.0,148356.0,2.9501657425897363e-06
1.0,32.0,0.0,718.0,0.0,0.0,0.000216193,2.0,9251.0,0.0016726304211765906,0.0,0.0,12912.0,4.8930000915565644e-08,0.0,0.0,148356.0,1.7700994455538416e-06
1.0,33.0,0.0,718.0,0.0,0.0,0.000540482,5.0,9251.0,0.0012197710527059543,0.0,0.0,12912.0,2.9358000549339384e-08,0.0,0.0,148356.0,1.0620596673323049e-06
1.0,34.0,0.0,718.0,0.0,0.0,0.0,0.0,9251.0,0.0007318626316235726,0.0,0.0,12912.0,1.761480032960363e-08,0.0,0.0,148356.0,6.372358003993829e-07
1.0,35.0,0.0,718.0,0.0,0.0,0.0,0.0,9251.0,0.0004391175789741435,0.0,0.0,12912.0,1.0568880197762177e-08,0.0,0.0,148356.0,3.8234148023962974e-07
1.0,36.0,0.0,718.0,0.0,0.0,0.0,0.0,9251.0,0.0002634705473844861,0.0,0.0,12912.0,6.341328118657306e-09,0.0,0.0,148356.0,2.2940488814377783e-07
1.0,37.0,0.0,718.0,0.0,0.0,0.0,0.0,9251.0,0.00015808232843069167,0.0,0.0,12912.0,3.804796871194384e-09,0.0,0.0,148356.0,1.376429328862667e-07
1.0,38.0,0.0,718.0,0.0,0.0,0.0,0.0,9251.0,9.4849397058415e-05,0.0,0.0,12912.0,2.28287812271663e-09,0.0,0.0,148356.0,8.258575973176002e-08
1.0,39.0,0.0,718.0,0.0,0.0,0.0,0.0,9251.0,5.690963823504899e-05,0.0,0.0,12912.0,1.369726873629978e-09,0.0,0.0,148356.0,4.955145583905601e-08
1.0,40.0,0.0,718.0,0.0,0.0,0.0,0.0,9251.0,3.414578294102939e-05,0.0,0.0,12912.0,8.218361241779868e-10,0.0,0.0,148356.0,2.9730873503433605e-08
1.0,41.0,0.0,718.0,0.0,0.0,0.0,0.0,9251.0,2.0487469764617633e-05,0.0,0.0,12912.0,4.931016745067921e-10,0.0,0.0,148356.0,1.7838524102060163e-08
1.0,42.0,0.0,718.0,0.0,0.0,0.0,0.0,9251.0,1.2292481858770579e-05,0.0,0.0,12912.0,2.9586100470407524e-10,0.0,0.0,148356.0,1.0703114461236098e-08
1.0,43.0,0.0,718.0,0.0,0.0,0.0,0.0,9251.0,7.375489115262347e-06,0.0,0.0,12912.0,1.7751660282244515e-10,0.0,0.0,148356.0,6.421868676741659e-09
1.0,44.0,0.0,718.0,0.0,0.0,0.0,0.0,9251.0,4.425293469157408e-06,0.0,0.0,12912.0,1.0650996169346709e-10,0.0,0.0,148356.0,3.853121206044995e-09
1.0,45.0,0.0,718.0,0.0,0.0,0.0,0.0,9251.0,2.655176081494445e-06,0.0,0.0,12912.0,6.390597701608025e-11,0.0,0.0,148356.0,2.311872723626997e-09
1.0,46.0,0.0,718.0,0.0,0.0,0.0,0.0,9251.0,1.593105648896667e-06,0.0,0.0,12912.0,3.8343586209648147e-11,0.0,0.0,148356.0,1.3871236341761982e-09
1.0,47.0,0.0,718.0,0.0,0.0,0.0,0.0,9251.0,9.558633893380001e-07,0.0,0.0,12912.0,2.300615172578889e-11,0.0,0.0,148356.0,8.32274180505719e-10
1.0,48.0,0.0,718.0,0.0,0.0,0.0,0.0,9251.0,5.735180336028001e-07,0.0,0.0,12912.0,1.3803691035473332e-11,0.0,0.0,148356.0,4.993645083034313e-10
1.0,49.0,0.0,718.0,0.0,0.0,0.0,0.0,9251.0,3.4411082016168005e-07,0.0,0.0,12912.0,8.282214621283998e-12,0.0,0.0,148356.0,2.996187049820588e-10
1.0,50.0,0.0,718.0,0.0,0.0,0.0,0.0,9251.0,2.06466492097008e-07,0.0,0.0,12912.0,4.969328772770399e-12,0.0,0.0,148356.0,1.7977122298923526e-10
1.0,51.0,0.0,718.0,0.0,0.0,0.0,0.0,9251.0,1.238798952582048e-07,0.0,0.0,12912.0,2.981597263662239e-12,0.0,0.0,148356.0,1.0786273379354115e-10
1.0,52.0,0.0,718.0,0.0,0.0,0.0,0.0,9251.0,7.432793715492288e-08,0.0,0.0,12912.0,1.7889583581973432e-12,0.0,0.0,148356.0,6.47176402761247e-11
1.0,53.0,0.0,718.0,0.0,0.0,0.0,0.0,9251.0,4.4596762292953726e-08,0.0,0.0,12912.0,1.0733750149184059e-12,0.0,0.0,148356.0,3.8830584165674814e-11
2.0,1.0,0.0,713.0,0.0,0.0,0.0,0.0,9251.0,2.6758057375772236e-08,0.0,0.0,12912.0,6.440250089510435e-13,0.0,0.0,148356.0,2.3298350499404886e-11
2.0,2.0,0.0,713.0,0.0,0.0,0.0,0.0,9331.0,1.605483442546334e-08,0.0,0.0,13054.0,3.8641500537062606e-13,0.0,0.0,149702.0,1.3979010299642931e-11
2.0,3.0,0.0,713.0,0.0,0.0,0.0,0.0,9331.0,9.632900655278003e-09,0.0,0.0,13054.0,2.318490032223756e-13,0.0,0.0,149702.0,8.387406179785759e-12
2.0,4.0,0.0,713.0,0.0,0.0,0.0,0.0,9331.0,5.779740393166802e-09,0.0,0.0,13054.0,1.3910940193342536e-13,0.0,0.0,149702.0,5.032443707871455e-12
2.0,5.0,0.0,713.0,0.0,0.0,0.0,0.0,9331.0,3.467844235900081e-09,0.0,0.0,13054.0,8.346564116005521e-14,0.0,0.0,149702.0,3.019466224722873e-12
2.0,6.0,0.0,713.0,0.0,0.0,0.0,0.0,9331.0,2.0807065415400484e-09,0.0,0.0,13054.0,5.007938469603313e-14,0.0,0.0,149702.0,1.811679734833724e-12
2.0,7.0,0.0,713.0,0.0,0.0,0.0,0.0,9331.0,1.248423924924029e-09,0.0,0.0,13054.0,3.0047630817619877e-14,0.0,0.0,149702.0,1.0870078409002343e-12
2.0,8.0,0.0,713.0,0.0,0.0,0.0,0.0,9331.0,7.490543549544174e-10,0.0,0.0,13054.0,1.8028578490571926e-14,0.0,0.0,149702.0,6.522047045401406e-13
2.0,9.0,0.0,713.0,0.0,0.0,0.0,0.0,9331.0,4.494326129726504e-10,0.0,0.0,13054.0,1.0817147094343155e-14,0.0,0.0,149702.0,3.9132282272408434e-13
2.0,10.0,0.0,713.0,0.0,0.0,0.0,0.0,9331.0,2.6965956778359025e-10,0.0,0.0,13054.0,6.490288256605892e-15,0.0,0.0,149702.0,2.347936936344506e-13
2.0,11.0,0.0,713.0,0.0,0.0,0.0,0.0,9331.0,1.6179574067015415e-10,0.0,0.0,13054.0,3.8941729539635356e-15,0.0,0.0,149702.0,1.4087621618067035e-13
2.0,12.0,0.0,713.0,0.0,0.0,0.0,0.0,9331.0,9.707744440209248e-11,0.0,0.0,13054.0,2.336503772378121e-15,0.0,0.0,149702.0,8.45257297084022e-14
2.0,13.0,0.0,713.0,0.0,0.0,0.0,0.0,9331.0,5.824646664125549e-11,0.0,0.0,13054.0,1.4019022634268727e-15,0.0,0.0,149702.0,5.071543782504132e-14
2.0,14.0,0.0,713.0,0.0,0.0,0.0,0.0,9331.0,3.4947879984753294e-11,0.0,0.0,13054.0,8.411413580561235e-16,6.68e-06,1.0,149702.0,2.672000030429263e-06
2.0,15.0,0.0,713.0,0.0,0.0,0.0,0.0,9331.0,2.0968727990851976e-11,0.0,0.0,13054.0,5.046848148336741e-16,6.68e-06,1.0,149702.0,4.275200018257558e-06
2.0,16.0,0.0,713.0,0.0,0.0,0.0,0.0,9331.0,1.2581236794511185e-11,0.0,0.0,13054.0,3.028108889002044e-16,1.336e-05,2.0,149702.0,7.909120010954535e-06
2.0,17.0,0.0,713.0,0.0,0.0,0.0,0.0,9331.0,7.54874207670671e-12,0.0,0.0,13054.0,1.8168653334012265e-16,2.004e-05,3.0,149702.0,1.2761472006572721e-05
2.0,18.0,0.0,713.0,0.0,0.0,0.0,0.0,9331.0,4.529245246024026e-12,0.0,0.0,13054.0,1.0901192000407359e-16,1.336e-05,2.0,149702.0,1.3000883203943632e-05
2.0,19.0,0.0,713.0,0.0,0.0,0.0,0.0,9331.0,2.7175471476144158e-12,0.0,0.0,13054.0,6.540715200244415e-17,0.0,0.0,149702.0,7.800529922366179e-06
2.0,20.0,0.0,713.0,0.0,0.0,0.0,0.0,9331.0,1.6305282885686494e-12,7.6605e-05,1.0,13054.0,3.0642000000039244e-05,6.68e-06,1.0,149702.0,7.352317953419708e-06
2.0,21.0,0.0,713.0,0.0,0.0,0.0,0.0,9331.0,9.783169731411895e-13,0.0,0.0,13054.0,1.8385200000023546e-05,2.672e-05,4.0,149702.0,1.5099390772051826e-05
2.0,22.0,0.0,713.0,0.0,0.0,0.000428679,4.0,9331.0,0.0001714716005869902,0.0,0.0,13054.0,1.1031120000014127e-05,2.004e-05,3.0,149702.0,1.7075634463231097e-05
2.0,23.0,0.0,713.0,0.0,0.0,0.000428679,4.0,9331.0,0.0002743545603521941,0.0,0.0,13054.0,6.618672000008476e-06,1.336e-05,2.0,149702.0,1.5589380677938658e-05
2.0,24.0,0.0,713.0,0.0,0.0,0.002572072,24.0,9331.0,0.0011934415362113164,0.0,0.0,13054.0,3.9712032000050855e-06,1.336e-05,2.0,149702.0,1.4697628406763195e-05
2.0,25.0,0.0,713.0,0.0,0.0,0.0034294290000000003,32.0,9331.0,0.00208783652172679,0.0,0.0,13054.0,2.3827219200030514e-06,1.336e-05,2.0,149702.0,1.4162577044057917e-05
2.0,26.0,0.0,713.0,0.0,0.0,0.002464902,23.0,9331.0,0.002238662713036074,0.000229815,3.0,13054.0,9.335563315200183e-05,3.34e-05,5.0,149702.0,2.185754622643475e-05
2.0,27.0,0.0,713.0,0.0,0.0,0.001929054,18.0,9331.0,0.0021148192278216443,0.0,0.0,13054.0,5.60133798912011e-05,6.68e-06,1.0,149702.0,1.578652773586085e-05
2.0,28.0,0.0,713.0,0.0,0.0,0.0022505629999999997,21.0,9331.0,0.0021691167366929866,0.0,0.0,13054.0,3.360802793472066e-05,0.0,0.0,149702.0,9.47191664151651e-06
2.0,29.0,0.0,713.0,0.0,0.0,0.0032150890000000004,30.0,9331.0,0.0025875056420157925,0.0,0.0,13054.0,2.0164816760832394e-05,1.336e-05,2.0,149702.0,1.1027149984909906e-05
2.0,30.0,0.0,713.0,0.0,0.0,0.0022505629999999997,21.0,9331.0,0.0024527285852094754,0.0,0.0,13054.0,1.2098890056499437e-05,1.336e-05,2.0,149702.0,1.1960289990945943e-05
2.0,31.0,0.0,713.0,0.0,0.0,0.0022505629999999997,21.0,9331.0,0.002371862351125685,0.0,0.0,13054.0,7.259334033899662e-06,6.68e-06,1.0,149702.0,9.848173994567567e-06
2.0,32.0,0.0,713.0,0.0,0.0,0.00021433900000000002,2.0,9331.0,0.001508853010675411,0.0,0.0,13054.0,4.355600420339797e-06,1.336e-05,2.0,149702.0,1.125290439674054e-05
2.0,33.0,0.0,713.0,0.0,0.0,0.000535848,5.0,9331.0,0.0011196510064052465,0.0,0.0,13054.0,2.6133602522038784e-06,0.0,0.0,149702.0,6.751742638044324e-06
2.0,34.0,0.0,713.0,0.0,0.0,0.00021433900000000002,2.0,9331.0,0.000757526203843148,0.0,0.0,13054.0,1.568016151322327e-06,0.0,0.0,149702.0,4.051045582826594e-06
2.0,35.0,0.0,713.0,0.0,0.0,0.0,0.0,9331.0,0.0004545157223058888,0.000306419,4.0,13054.0,0.0001235084096907934,0.0,0.0,149702.0,2.4306273496959566e-06
2.0,36.0,0.0,713.0,0.0,0.0,0.00010717,1.0,9331.0,0.00031557743338353326,0.0,0.0,13054.0,7.410504581447604e-05,0.0,0.0,149702.0,1.458376409817574e-06
2.0,37.0,0.0,713.0,0.0,0.0,0.0,0.0,9331.0,0.00018934646003011994,0.00015321,2.0,13054.0,0.00010574702748868562,0.0,0.0,149702.0,8.750258458905443e-07
2.0,38.0,0.0,713.0,0.0,0.0,0.0,0.0,9331.0,0.00011360787601807196,0.0,0.0,13054.0,6.344821649321137e-05,0.0,0.0,149702.0,5.250155075343266e-07
2.0,39.0,0.0,713.0,0.0,0.0,0.0,0.0,9331.0,6.816472561084317e-05,0.0,0.0,13054.0,3.806892989592682e-05,0.0,0.0,149702.0,3.1500930452059595e-07
2.0,40.0,0.0,713.0,0.0,0.0,0.0,0.0,9331.0,4.08988353665059e-05,0.0,0.0,13054.0,2.2841357937556094e-05,0.0,0.0,149702.0,1.8900558271235758e-07
2.0,41.0,0.0,713.0,0.0,0.0,0.0,0.0,9331.0,2.453930121990354e-05,0.0,0.0,13054.0,1.3704814762533657e-05,0.0,0.0,149702.0,1.1340334962741454e-07
2.0,42.0,0.0,713.0,0.0,0.0,0.0,0.0,9331.0,1.4723580731942123e-05,0.0,0.0,13054.0,8.222888857520194e-06,0.0,0.0,149702.0,6.804200977644873e-08
2.0,43.0,0.0,713.0,0.0,0.0,0.0,0.0,9331.0,8.834148439165274e-06,0.0,0.0,13054.0,4.933733314512116e-06,0.0,0.0,149702.0,4.082520586586923e-08
2.0,44.0,0.0,713.0,0.0,0.0,0.0,0.0,9331.0,5.300489063499164e-06,0.0,0.0,13054.0,2.96023998870727e-06,0.0,0.0,149702.0,2.449512351952154e-08
2.0,45.0,0.0,713.0,0.0,0.0,0.0,0.0,9331.0,3.1802934380994984e-06,0.0,0.0,13054.0,1.7761439932243617e-06,0.0,0.0,149702.0,1.4697074111712922e-08
2.0,46.0,0.0,713.0,0.0,0.0,0.0,0.0,9331.0,1.908176062859699e-06,0.0,0.0,13054.0,1.065686395934617e-06,0.0,0.0,149702.0,8.818244467027752e-09
2.0,47.0,0.0,713.0,0.0,0.0,0.0,0.0,9331.0,1.1449056377158193e-06,0.0,0.0,13054.0,6.394118375607701e-07,0.0,0.0,149702.0,5.290946680216651e-09
2.0,48.0,0.0,713.0,0.0,0.0,0.0,0.0,9331.0,6.869433826294916e-07,0.0,0.0,13054.0,3.8364710253646206e-07,0.0,0.0,149702.0,3.1745680081299905e-09
2.0,49.0,0.0,713.0,0.0,0.0,0.0,0.0,9331.0,4.121660295776949e-07,0.0,0.0,13054.0,2.3018826152187724e-07,0.0,0.0,149702.0,1.904740804877994e-09
2.0,50.0,0.0,713.0,0.0,0.0,0.0,0.0,9331.0,2.472996177466169e-07,0.0,0.0,13054.0,1.3811295691312633e-07,0.0,0.0,149702.0,1.1428444829267965e-09
2.0,51.0,0.0,713.0,0.0,0.0,0.0,0.0,9331.0,1.4837977064797014e-07,0.0,0.0,13054.0,8.286777414787579e-08,0.0,0.0,149702.0,6.857066897560778e-10
2.0,52.0,0.0,713.0,0.0,0.0,0.0,0.0,9331.0,8.902786238878208e-08,0.0,0.0,13054.0,4.9720664488725475e-08,0.0,0.0,149702.0,4.114240138536467e-10
3.0,1.0,0.0,722.0,0.0,0.0,0.0,0.0,9331.0,5.341671743326925e-08,0.0,0.0,13054.0,2.983239869323528e-08,0.0,0.0,149702.0,2.46854408312188e-10
3.0,2.0,0.0,722.0,0.0,0.0,0.0,0.0,9355.0,3.205003045996155e-08,0.0,0.0,12996.0,1.7899439215941168e-08,0.0,0.0,151606.0,1.481126449873128e-10
3.0,3.0,0.0,722.0,0.0,0.0,0.0,0.0,9355.0,1.923001827597693e-08,0.0,0.0,12996.0,1.07396635295647e-08,0.0,0.0,151606.0,8.886758699238767e-11
3.0,4.0,0.0,722.0,0.0,0.0,0.0,0.0,9355.0,1.1538010965586157e-08,0.0,0.0,12996.0,6.443798117738819e-09,0.0,0.0,151606.0,5.33205521954326e-11
3.0,5.0,0.0,722.0,0.0,0.0,0.0,0.0,9355.0,6.922806579351694e-09,0.0,0.0,12996.0,3.8662788706432915e-09,0.0,0.0,151606.0,3.199233131725956e-11
3.0,6.0,0.0,722.0,0.0,0.0,0.0,0.0,9355.0,4.153683947611016e-09,0.0,0.0,12996.0,2.319767322385975e-09,0.0,0.0,151606.0,1.9195398790355735e-11
3.0,7.0,0.0,722.0,0.0,0.0,0.0,0.0,9355.0,2.4922103685666095e-09,0.0,0.0,12996.0,1.391860393431585e-09,0.0,0.0,151606.0,1.1517239274213441e-11
3.0,8.0,0.0,722.0,0.0,0.0,0.0,0.0,9355.0,1.4953262211399657e-09,0.0,0.0,12996.0,8.351162360589509e-10,0.0,0.0,151606.0,6.9103435645280646e-12
3.0,9.0,0.0,722.0,0.0,0.0,0.0,0.0,9355.0,8.971957326839794e-10,0.0,0.0,12996.0,5.010697416353705e-10,0.0,0.0,151606.0,4.1462061387168386e-12
3.0,10.0,0.0,722.0,0.0,0.0,0.0,0.0,9355.0,5.383174396103876e-10,0.0,0.0,12996.0,3.006418449812223e-10,0.0,0.0,151606.0,2.487723683230103e-12
3.0,11.0,0.0,722.0,0.0,0.0,0.0,0.0,9355.0,3.2299046376623255e-10,0.0,0.0,12996.0,1.8038510698873337e-10,0.0,0.0,151606.0,1.4926342099380618e-12
3.0,12.0,0.0,722.0,0.0,0.0,0.0,0.0,9355.0,1.9379427825973953e-10,0.0,0.0,12996.0,1.0823106419324002e-10,0.0,0.0,151606.0,8.95580525962837e-13
3.0,13.0,0.0,722.0,0.0,0.0,0.0,0.0,9355.0,1.1627656695584372e-10,0.0,0.0,12996.0,6.493863851594401e-11,0.0,0.0,151606.0,5.373483155777022e-13
3.0,14.0,0.0,722.0,0.0,0.0,0.0,0.0,9355.0,6.976594017350623e-11,0.0,0.0,12996.0,3.89631831095664e-11,0.0,0.0,151606.0,3.2240898934662135e-13
3.0,15.0,0.0,722.0,0.0,0.0,0.0,0.0,9355.0,4.1859564104103735e-11,0.0,0.0,12996.0,2.337790986573984e-11,0.0,0.0,151606.0,1.9344539360797282e-13
3.0,16.0,0.0,722.0,0.0,0.0,0.0,0.0,9355.0,2.5115738462462242e-11,0.0,0.0,12996.0,1.4026745919443902e-11,0.0,0.0,151606.0,1.1606723616478367e-13
3.0,17.0,0.0,722.0,0.0,0.0,0.0,0.0,9355.0,1.5069443077477343e-11,0.0,0.0,12996.0,8.41604755166634e-12,0.0,0.0,151606.0,6.96403416988702e-14
3.0,18.0,0.0,722.0,0.0,0.0,0.0,0.0,9355.0,9.041665846486406e-12,0.0,0.0,12996.0,5.0496285309998044e-12,0.0,0.0,151606.0,4.178420501932212e-14
3.0,19.0,0.0,722.0,0.0,0.0,0.0,0.0,9355.0,5.424999507891843e-12,0.0,0.0,12996.0,3.0297771185998827e-12,0.0,0.0,151606.0,2.507052301159327e-14
3.0,20.0,0.0,722.0,0.0,0.0,0.0,0.0,9355.0,3.2549997047351057e-12,0.0,0.0,12996.0,1.8178662711599296e-12,0.0,0.0,151606.0,1.5042313806955962e-14
3.0,21.0,0.0,722.0,0.0,0.0,0.0,0.0,9355.0,1.9529998228410632e-12,0.0,0.0,12996.0,1.0907197626959577e-12,0.0,0.0,151606.0,9.025388284173577e-15
3.0,22.0,0.0,722.0,0.0,0.0,0.0,0.0,9355.0,1.1717998937046378e-12,0.0,0.0,12996.0,6.544318576175745e-13,0.0,0.0,151606.0,5.415232970504146e-15
3.0,23.0,0.0,722.0,0.0,0.0,0.0,0.0,9355.0,7.030799362227827e-13,7.6947e-05,1.0,12996.0,3.0778800392659115e-05,0.0,0.0,151606.0,3.249139782302487e-15
3.0,24.0,0.0,722.0,0.0,0.0,0.00042757900000000003,4.0,9355.0,0.000171031600421848,0.0,0.0,12996.0,1.846728023559547e-05,6.596e-06,1.0,151606.0,2.638400001949484e-06
3.0,25.0,0.0,722.0,0.0,0.0,0.00042757900000000003,4.0,9355.0,0.00027365056025310884,0.0,0.0,12996.0,1.108036814135728e-05,1.3192e-05,2.0,151606.0,6.859840001169691e-06
3.0,26.0,0.0,722.0,0.0,0.0,0.0013896310000000001,13.0,9355.0,0.0007200427361518653,0.0,0.0,12996.0,6.648220884814368e-06,0.0,0.0,151606.0,4.115904000701814e-06
3.0,27.0,0.0,722.0,0.0,0.0,0.000748263,7.0,9355.0,0.0007313308416911192,0.0,0.0,12996.0,3.988932530888621e-06,0.0,0.0,151606.0,2.4695424004210883e-06
3.0,28.0,0.0,722.0,0.0,0.0,0.0,0.0,9355.0,0.00043879850501467153,0.0,0.0,12996.0,2.3933595185331722e-06,1.3192e-05,2.0,151606.0,6.758525440252653e-06
3.0,29.0,0.0,722.0,0.0,0.0,0.0,0.0,9355.0,0.00026327910300880293,0.000153894,2.0,12996.0,6.29936157111199e-05,1.3192e-05,2.0,151606.0,9.33191526415159e-06
3.0,30.0,0.0,722.0,0.0,0.0,0.0,0.0,9355.0,0.00015796746180528175,7.6947e-05,1.0,12996.0,6.857496942667194e-05,6.596e-06,1.0,151606.0,8.237549158490955e-06
3.0,31.0,0.0,722.0,0.0,0.0,0.0,0.0,9355.0,9.478047708316904e-05,7.6947e-05,1.0,12996.0,7.192378165600316e-05,0.0,0.0,151606.0,4.9425294950945726e-06
3.0,32.0,0.0,722.0,0.0,0.0,0.0,0.0,9355.0,5.6868286249901425e-05,0.0,0.0,12996.0,4.3154268993601896e-05,0.0,0.0,151606.0,2.9655176970567435e-06
3.0,33.0,0.0,722.0,0.0,0.0,0.0,0.0,9355.0,3.4120971749940855e-05,0.0,0.0,12996.0,2.5892561396161138e-05,1.9788e-05,3.0,151606.0,9.694510618234047e-06
3.0,34.0,0.0,722.0,0.0,0.0,0.0,0.0,9355.0,2.0472583049964513e-05,0.0,0.0,12996.0,1.553553683769668e-05,1.9788e-05,3.0,151606.0,1.3731906370940427e-05
3.0,35.0,0.0,722.0,0.0,0.0,0.0,0.0,9355.0,1.2283549829978707e-05,0.0,0.0,12996.0,9.321322102618008e-06,6.596e-06,1.0,151606.0,1.0877543822564256e-05
3.0,36.0,0.0,722.0,0.0,0.0,0.0,0.0,9355.0,7.370129897987224e-06,0.0,0.0,12996.0,5.5927932615708046e-06,0.0,0.0,151606.0,6.526526293538553e-06
3.0,37.0,0.0,722.0,0.0,0.0,0.0,0.0,9355.0,4.422077938792334e-06,0.0,0.0,12996.0,3.3556759569424825e-06,6.596e-06,1.0,151606.0,6.554315776123132e-06
3.0,38.0,0.0,722.0,0.0,0.0,0.0,0.0,9355.0,2.6532467632754002e-06,0.0,0.0,12996.0,2.0134055741654892e-06,6.596e-06,1.0,151606.0,6.570989465673879e-06
3.0,39.0,0.0,722.0,0.0,0.0,0.0,0.0,9355.0,1.59194805796524e-06,0.0,0.0,12996.0,1.2080433444992935e-06,0.0,0.0,151606.0,3.942593679404327e-06
3.0,40.0,0.0,722.0,0.0,0.0,0.0,0.0,9355.0,9.55168834779144e-07,0.0,0.0,12996.0,7.248260066995761e-07,0.0,0.0,151606.0,2.365556207642596e-06
3.0,41.0,0.0,722.0,0.0,0.0,0.0,0.0,9355.0,5.731013008674865e-07,0.0,0.0,12996.0,4.348956040197456e-07,0.0,0.0,151606.0,1.4193337245855575e-06
3.0,42.0,0.0,722.0,0.0,0.0,0.0,0.0,9355.0,3.438607805204919e-07,0.0,0.0,12996.0,2.6093736241184734e-07,0.0,0.0,151606.0,8.516002347513345e-07
3.0,43.0,0.0,722.0,0.0,0.0,0.0,0.0,9355.0,2.0631646831229513e-07,0.0,0.0,12996.0,1.565624174471084e-07,0.0,0.0,151606.0,5.109601408508007e-07
3.0,44.0,0.0,722.0,0.0,0.0,0.0,0.0,9355.0,1.2378988098737708e-07,0.0,0.0,12996.0,9.393745046826505e-08,0.0,0.0,151606.0,3.0657608451048036e-07
3.0,45.0,0.0,722.0,0.0,0.0,0.0,0.0,9355.0,7.427392859242625e-08,0.0,0.0,12996.0,5.6362470280959025e-08,0.0,0.0,151606.0,1.839456507062882e-07
3.0,46.0,0.0,722.0,0.0,0.0,0.0,0.0,9355.0,4.456435715545575e-08,0.0,0.0,12996.0,3.381748216857541e-08,0.0,0.0,151606.0,1.1036739042377292e-07
3.0,47.0,0.0,722.0,0.0,0.0,0.0,0.0,9355.0,2.673861429327345e-08,0.0,0.0,12996.0,2.0290489301145245e-08,0.0,0.0,151606.0,6.622043425426375e-08
3.0,48.0,0.0,722.0,0.0,0.0,0.0,0.0,9355.0,1.6043168575964068e-08,0.0,0.0,12996.0,1.2174293580687147e-08,0.0,0.0,151606.0,3.973226055255825e-08
3.0,49.0,0.0,722.0,0.0,0.0,0.0,0.0,9355.0,9.62590114557844e-09,0.0,0.0,12996.0,7.304576148412288e-09,0.0,0.0,151606.0,2.383935633153495e-08
3.0,50.0,0.0,722.0,0.0,0.0,0.0,0.0,9355.0,5.775540687347064e-09,0.0,0.0,12996.0,4.382745689047372e-09,0.0,0.0,151606.0,1.4303613798920969e-08
3.0,51.0,0.0,722.0,0.0,0.0,0.0,0.0,9355.0,3.465324412408238e-09,0.0,0.0,12996.0,2.629647413428423e-09,0.0,0.0,151606.0,8.58216827935258e-09
3.0,52.0,0.0,722.0,0.0,0.0,0.0,0.0,9355.0,2.079194647444943e-09,0.0,0.0,12996.0,1.5777884480570538e-09,0.0,0.0,151606.0,5.149300967611548e-09
4.0,1.0,0.0,693.0,0.0,0.0,0.0,0.0,9355.0,1.2475167884669657e-09,0.0,0.0,12996.0,9.466730688342323e-10,0.0,0.0,151606.0,3.089580580566929e-09
4.0,2.0,0.0,693.0,0.0,0.0,0.0,0.0,9294.0,7.485100730801794e-10,0.0,0.0,13116.0,5.680038413005393e-10,0.0,0.0,153613.0,1.8537483483401573e-09
4.0,3.0,0.0,693.0,0.0,0.0,0.0,0.0,9294.0,4.4910604384810765e-10,0.0,0.0,13116.0,3.4080230478032356e-10,0.0,0.0,153613.0,1.1122490090040943e-09
4.0,4.0,0.0,693.0,0.0,0.0,0.0,0.0,9294.0,2.6946362630886457e-10,0.0,0.0,13116.0,2.0448138286819412e-10,0.0,0.0,153613.0,6.673494054024566e-10
4.0,5.0,0.0,693.0,0.0,0.0,0.0,0.0,9294.0,1.6167817578531872e-10,0.0,0.0,13116.0,1.2268882972091647e-10,0.0,0.0,153613.0,4.004096432414739e-10
4.0,6.0,0.0,693.0,0.0,0.0,0.0,0.0,9294.0,9.700690547119123e-11,0.0,0.0,13116.0,7.361329783254988e-11,0.0,0.0,153613.0,2.4024578594488434e-10
4.0,7.0,0.0,693.0,0.0,0.0,0.0,0.0,9294.0,5.820414328271474e-11,0.0,0.0,13116.0,4.416797869952993e-11,0.0,0.0,153613.0,1.441474715669306e-10
4.0,8.0,0.0,693.0,0.0,0.0,0.0,0.0,9294.0,3.4922485969628844e-11,0.0,0.0,13116.0,2.6500787219717958e-11,0.0,0.0,153613.0,8.648848294015836e-11
4.0,9.0,0.0,693.0,0.0,0.0,0.0,0.0,9294.0,2.0953491581777307e-11,0.0,0.0,13116.0,1.5900472331830775e-11,0.0,0.0,153613.0,5.189308976409501e-11
4.0,10.0,0.0,693.0,0.0,0.0,0.0,0.0,9294.0,1.2572094949066384e-11,7.624300000000001e-05,1.0,13116.0,3.0497209540283402e-05,0.0,0.0,153613.0,3.113585385845701e-11
4.0,11.0,0.0,693.0,0.0,0.0,0.0,0.0,9294.0,7.54325696943983e-12,0.0,0.0,13116.0,1.829832572417004e-05,0.0,0.0,153613.0,1.8681512315074204e-11
4.0,12.0,0.0,693.0,0.0,0.0,0.0,0.0,9294.0,4.525954181663898e-12,7.624300000000001e-05,1.0,13116.0,4.147619543450203e-05,0.0,0.0,153613.0,1.1208907389044523e-11
4.0,13.0,0.0,693.0,0.0,0.0,0.0,0.0,9294.0,2.7155725089983386e-12,0.0,0.0,13116.0,2.4885717260701218e-05,0.0,0.0,153613.0,6.725344433426713e-12
4.0,14.0,0.0,693.0,0.0,0.0,0.0,0.0,9294.0,1.6293435053990032e-12,0.000381214,5.0,13116.0,0.00016741703035642075,0.0,0.0,153613.0,4.035206660056028e-12
4.0,15.0,0.0,693.0,0.0,0.0,0.0,0.0,9294.0,9.77606103239402e-13,7.624300000000001e-05,1.0,13116.0,0.00013094741821385246,0.0,0.0,153613.0,2.4211239960336164e-12
4.0,16.0,0.0,693.0,0.0,0.0,0.000107596,1.0,9294.0,4.3038400586563666e-05,0.000381214,5.0,13116.0,0.0002310540509283115,0.0,0.0,153613.0,1.4526743976201699e-12
4.0,17.0,0.0,693.0,0.0,0.0,0.000107596,1.0,9294.0,6.88614403519382e-05,0.00022872799999999998,3.0,13116.0,0.00023012363055698688,0.0,0.0,153613.0,8.716046385721019e-13
4.0,18.0,0.0,693.0,0.0,0.0,0.000430385,4.0,9294.0,0.00021347086421116292,0.00015248600000000002,2.0,13116.0,0.00019906857833419214,0.0,0.0,153613.0,5.229627831432611e-13
4.0,19.0,0.0,693.0,0.0,0.0,0.0,0.0,9294.0,0.00012808251852669775,0.0,0.0,13116.0,0.00011944114700051527,0.0031898340000000003,490.0,153613.0,0.0012759336003137778
4.0,20.0,0.0,693.0,0.0,0.0,0.000537981,5.0,9294.0,0.00029204191111601867,0.00022872799999999998,3.0,13116.0,0.00016315588820030915,0.00050126,77.0,153613.0,0.0009660641601882666
4.0,21.0,0.0,693.0,0.0,0.0,0.001183559,11.0,9294.0,0.0006486487466696113,0.000533699,7.0,13116.0,0.0003113731329201855,0.000449181,69.0,153613.0,0.0007593108961129599
4.0,22.0,0.0,693.0,0.0,0.0,0.000537981,5.0,9294.0,0.0006043816480017668,0.00015248600000000002,2.0,13116.0,0.00024781827975211125,0.000195296,30.0,153613.0,0.000533704937667776
4.0,23.0,0.0,693.0,0.0,0.0,0.000537981,5.0,9294.0,0.0005778213888010601,0.0,0.0,13116.0,0.00014869096785126676,8.462799999999999e-05,13.0,153613.0,0.0003540741626006656
4.0,24.0,0.0,693.0,0.0,0.0,0.001398752,13.0,9294.0,0.0009061936332806361,0.0,0.0,13116.0,8.921458071076005e-05,0.000286434,44.0,153613.0,0.00032701809756039937
4.0,25.0,0.002886003,693.0,2.0,0.0011544012,0.000537981,5.0,9294.0,0.0007589085799683817,0.0,0.0,13116.0,5.352874842645603e-05,0.00010415799999999999,16.0,153613.0,0.0002378740585362396
4.0,26.0,0.0,693.0,0.0,0.0006926407200000001,0.00032278900000000003,3.0,9294.0,0.000584460747981029,0.0,0.0,13116.0,3.211724905587362e-05,0.00011066799999999999,17.0,153613.0,0.00018699163512174376
4.0,27.0,0.0,693.0,0.0,0.00041558443200000005,0.000107596,1.0,9294.0,0.0003937148487886174,7.624300000000001e-05,1.0,13116.0,4.9767549433524176e-05,7.8118e-05,12.0,153613.0,0.00014344218107304626
4.0,28.0,0.0,693.0,0.0,0.0002493506592,0.000430385,4.0,9294.0,0.0004083829092731704,0.0,0.0,13116.0,2.9860529660114503e-05,5.2078999999999994e-05,8.0,153613.0,0.00010689690864382776
4.0,29.0,0.0,693.0,0.0,0.00014961039552,0.00032278900000000003,3.0,9294.0,0.00037414534556390224,0.0,0.0,13116.0,1.7916317796068702e-05,2.6039000000000003e-05,4.0,153613.0,7.455374518629665e-05
4.0,30.0,0.0,693.0,0.0,8.9766237312e-05,0.000430385,4.0,9294.0,0.00039664120733834136,0.0,0.0,13116.0,1.074979067764122e-05,1.302e-05,2.0,153613.0,4.994024711177799e-05
4.0,31.0,0.0,693.0,0.0,5.38597423872e-05,0.000107596,1.0,9294.0,0.0002810231244030048,7.624300000000001e-05,1.0,13116.0,3.694707440658474e-05,3.2549e-05,5.0,153613.0,4.2983748267066796e-05
4.0,32.0,0.0,693.0,0.0,3.231584543232e-05,0.000107596,1.0,9294.0,0.0002116522746418029,0.00015248600000000002,2.0,13116.0,8.316264464395085e-05,3.9059e-05,6.0,153613.0,4.141384896024008e-05
4.0,33.0,0.0,693.0,0.0,1.9389507259392e-05,0.0,0.0,9294.0,0.00012699136478508174,0.0,0.0,13116.0,4.989758678637051e-05,1.302e-05,2.0,153613.0,3.005630937614405e-05
4.0,34.0,0.0,693.0,0.0,1.1633704355635198e-05,0.0,0.0,9294.0,7.619481887104905e-05,0.0,0.0,13116.0,2.9938552071822306e-05,1.953e-05,3.0,153613.0,2.5845785625686428e-05
4.0,35.0,0.0,693.0,0.0,6.9802226133811185e-06,0.0,0.0,9294.0,4.5716891322629427e-05,0.0,0.0,13116.0,1.7963131243093383e-05,1.953e-05,3.0,153613.0,2.331947137541186e-05
4.0,36.0,0.0,693.0,0.0,4.188133568028671e-06,0.0,0.0,9294.0,2.7430134793577657e-05,0.0,0.0,13116.0,1.077787874585603e-05,1.302e-05,2.0,153613.0,1.9199682825247117e-05
4.0,37.0,0.0,693.0,0.0,2.512880140817202e-06,0.0,0.0,9294.0,1.6458080876146594e-05,0.0,0.0,13116.0,6.466727247513618e-06,1.302e-05,2.0,153613.0,1.6727809695148272e-05
4.0,38.0,0.0,693.0,0.0,1.5077280844903213e-06,0.0,0.0,9294.0,9.874848525687956e-06,0.0,0.0,13116.0,3.88003634850817e-06,1.302e-05,2.0,153613.0,1.5244685817088963e-05
4.0,39.0,0.0,693.0,0.0,9.046368506941928e-07,0.0,0.0,9294.0,5.9249091154127735e-06,0.0,0.0,13116.0,2.328021809104902e-06,6.51e-06,1.0,153613.0,1.1750811490253377e-05
4.0,40.0,0.0,693.0,0.0,5.427821104165157e-07,0.0,0.0,9294.0,3.554945469247664e-06,0.0,0.0,13116.0,1.396813085462941e-06,0.0,0.0,153613.0,7.050486894152026e-06
4.0,41.0,0.0,693.0,0.0,3.256692662499094e-07,0.0,0.0,9294.0,2.132967281548598e-06,0.0,0.0,13116.0,8.380878512777646e-07,0.0,0.0,153613.0,4.230292136491216e-06
4.0,42.0,0.0,693.0,0.0,1.9540155974994564e-07,0.0,0.0,9294.0,1.2797803689291589e-06,0.0,0.0,13116.0,5.028527107666587e-07,0.0,0.0,153613.0,2.5381752818947295e-06
4.0,43.0,0.0,693.0,0.0,1.1724093584996737e-07,0.0,0.0,9294.0,7.678682213574953e-07,0.0,0.0,13116.0,3.017116264599952e-07,0.0,0.0,153613.0,1.5229051691368376e-06
4.0,44.0,0.0,693.0,0.0,7.034456150998043e-08,0.0,0.0,9294.0,4.607209328144972e-07,0.0,0.0,13116.0,1.8102697587599712e-07,0.0,0.0,153613.0,9.137431014821026e-07
4.0,45.0,0.0,693.0,0.0,4.220673690598826e-08,0.0,0.0,9294.0,2.764325596886983e-07,0.0,0.0,13116.0,1.0861618552559827e-07,0.0,0.0,153613.0,5.482458608892615e-07
4.0,46.0,0.0,693.0,0.0,2.5324042143592955e-08,0.0,0.0,9294.0,1.6585953581321898e-07,0.0,0.0,13116.0,6.516971131535896e-08,0.0,0.0,153613.0,3.289475165335569e-07
4.0,47.0,0.0,693.0,0.0,1.519442528615577e-08,0.0,0.0,9294.0,9.951572148793138e-08,0.0,0.0,13116.0,3.910182678921538e-08,0.0,0.0,153613.0,1.9736850992013413e-07
4.0,48.0,0.0,693.0,0.0,9.116655171693462e-09,0.0,0.0,9294.0,5.970943289275883e-08,0.0,0.0,13116.0,2.3461096073529224e-08,0.0,0.0,153613.0,1.1842110595208047e-07
4.0,49.0,0.0,693.0,0.0,5.4699931030160765e-09,0.0,0.0,9294.0,3.5825659735655294e-08,0.0,0.0,13116.0,1.4076657644117533e-08,0.0,0.0,153613.0,7.105266357124829e-08
4.0,50.0,0.0,693.0,0.0,3.281995861809646e-09,0.0,0.0,9294.0,2.1495395841393175e-08,0.0,0.0,13116.0,8.44599458647052e-09,0.0,0.0,153613.0,4.263159814274897e-08
4.0,51.0,0.0,693.0,0.0,1.9691975170857876e-09,0.0,0.0,9294.0,1.2897237504835906e-08,0.0,0.0,13116.0,5.0675967518823115e-09,0.0,0.0,153613.0,2.557895888564938e-08
4.0,52.0,0.0,693.0,0.0,1.1815185102514725e-09,0.0,0.0,9294.0,7.738342502901542e-09,0.0,0.0,13116.0,3.040558051129387e-09,0.0,0.0,153613.0,1.534737533138963e-08
5.0,1.0,0.0,689.0,0.0,7.089111061508834e-10,0.0,0.0,9294.0,4.6430055017409256e-09,0.0,0.0,13116.0,1.824334830677632e-09,0.0,0.0,153613.0,9.208425198833777e-09
5.0,2.0,0.0,689.0,0.0,4.2534666369053004e-10,0.0,0.0,9315.0,2.7858033010445553e-09,0.0,0.0,13327.0,1.0946008984065792e-09,0.0,0.0,155096.0,5.525055119300266e-09
5.0,3.0,0.0,689.0,0.0,2.5520799821431804e-10,0.0,0.0,9315.0,1.671481980626733e-09,0.0,0.0,13327.0,6.567605390439475e-10,0.0,0.0,155096.0,3.3150330715801595e-09
5.0,4.0,0.0,689.0,0.0,1.531247989285908e-10,0.0,0.0,9315.0,1.0028891883760399e-09,0.0,0.0,13327.0,3.940563234263685e-10,0.0,0.0,155096.0,1.9890198429480956e-09
5.0,5.0,0.0,689.0,0.0,9.187487935715448e-11,0.0,0.0,9315.0,6.017335130256239e-10,0.0,0.0,13327.0,2.364337940558211e-10,0.0,0.0,155096.0,1.1934119057688574e-09
5.0,6.0,0.0,689.0,0.0,5.5124927614292686e-11,0.0,0.0,9315.0,3.6104010781537433e-10,0.0,0.0,13327.0,1.4186027643349265e-10,0.0,0.0,155096.0,7.160471434613144e-10
5.0,7.0,0.0,689.0,0.0,3.307495656857561e-11,0.0,0.0,9315.0,2.1662406468922458e-10,0.0,0.0,13327.0,8.511616586009559e-11,0.0,0.0,155096.0,4.296282860767886e-10
5.0,8.0,0.0,689.0,0.0,1.9844973941145364e-11,0.0,0.0,9315.0,1.2997443881353475e-10,0.0,0.0,13327.0,5.1069699516057355e-11,0.0,0.0,155096.0,2.5777697164607314e-10
5.0,9.0,0.0,689.0,0.0,1.1906984364687219e-11,0.0,0.0,9315.0,7.798466328812085e-11,0.0,0.0,13327.0,3.064181970963441e-11,0.0,0.0,155096.0,1.5466618298764388e-10
5.0,10.0,0.0,689.0,0.0,7.144190618812331e-12,0.0,0.0,9315.0,4.6790797972872505e-11,0.0,0.0,13327.0,1.8385091825780645e-11,6.448e-06,1.0,155096.0,2.5792927997097927e-06
5.0,11.0,0.0,689.0,0.0,4.286514371287398e-12,0.0,0.0,9315.0,2.8074478783723503e-11,0.0,0.0,13327.0,1.1031055095468388e-11,0.0,0.0,155096.0,1.5475756798258755e-06
5.0,12.0,0.0,689.0,0.0,2.571908622772439e-12,0.0,0.0,9315.0,1.68446872702341e-11,0.0,0.0,13327.0,6.6186330572810326e-12,0.0,0.0,155096.0,9.285454078955253e-07
5.0,13.0,0.0,689.0,0.0,1.5431451736634633e-12,0.0,0.0,9315.0,1.010681236214046e-11,0.0,0.0,13327.0,3.97117983436862e-12,0.0,0.0,155096.0,5.571272447373151e-07
5.0,14.0,0.0,689.0,0.0,9.258871041980779e-13,0.0,0.0,9315.0,6.064087417284276e-12,0.0,0.0,13327.0,2.382707900621172e-12,0.0,0.0,155096.0,3.3427634684238907e-07
5.0,15.0,0.0,689.0,0.0,5.555322625188467e-13,0.0,0.0,9315.0,3.6384524503705655e-12,0.0,0.0,13327.0,1.4296247403727032e-12,1.2895e-05,2.0,155096.0,5.358565808105434e-06
5.0,16.0,0.0,689.0,0.0,3.33319357511308e-13,0.000322061,3.0,9315.0,0.00012882440218307147,0.0,0.0,13327.0,8.577748442236218e-13,0.00010316200000000001,16.0,155096.0,4.447993948486326e-05
5.0,17.0,0.0,689.0,0.0,1.9999161450678478e-13,0.001180891,11.0,9315.0,0.000549651041309843,0.0,0.0,13327.0,5.14664906534173e-13,0.000393305,61.0,155096.0,0.00018400996369091795
5.0,18.0,0.002902758,689.0,2.0,0.001161103200119995,0.0009661839999999999,9.0,9315.0,0.0007162642247859058,0.0,0.0,13327.0,3.087989439205038e-13,0.000805952,125.0,155096.0,0.00043278677821455074
5.0,19.0,0.0,689.0,0.0,0.0006966619200719969,0.0024691360000000002,23.0,9315.0,0.0014174129348715435,0.000450214,6.0,13327.0,0.00018008560018527937,0.000593181,92.0,155096.0,0.0004969444669287304
5.0,20.0,0.001451379,689.0,1.0,0.000998548752043198,0.0024691360000000002,23.0,9315.0,0.0018381021609229261,0.000450214,6.0,13327.0,0.00028813696011116763,0.000528705,82.0,155096.0,0.0005096486801572383
5.0,21.0,0.0,689.0,0.0,0.0005991292512259188,0.00171766,16.0,9315.0,0.0017899252965537557,0.00120057,16.0,13327.0,0.0006531101760667006,0.000309486,48.0,155096.0,0.000429583608094343
5.0,22.0,0.0,689.0,0.0,0.00035947755073555127,0.0019323670000000002,18.0,9315.0,0.0018469019779322534,0.001275606,17.0,13327.0,0.0009021085056400205,0.000232114,36.0,155096.0,0.0003505957648566058
5.0,23.0,0.0,689.0,0.0,0.00021568653044133076,0.000429415,4.0,9315.0,0.001279907186759352,0.000450214,6.0,13327.0,0.0007213507033840122,0.000116057,18.0,155096.0,0.0002567802589139635
5.0,24.0,0.0,689.0,0.0,0.00012941191826479844,0.000322061,3.0,9315.0,0.0008967687120556111,0.000150071,2.0,13327.0,0.0004928388220304073,4.5133e-05,7.0,155096.0,0.0001721213553483781
5.0,25.0,0.0,689.0,0.0,7.764715095887906e-05,0.0,0.0,9315.0,0.0005380612272333666,0.0,0.0,13327.0,0.00029570329321824436,1.9343e-05,3.0,155096.0,0.00011101001320902686
5.0,26.0,0.0,689.0,0.0,4.658829057532743e-05,0.000107354,1.0,9315.0,0.00036577833634001994,0.0,0.0,13327.0,0.0001774219759309466,0.0,0.0,155096.0,6.660600792541611e-05
5.0,27.0,0.0,689.0,0.0,2.7952974345196457e-05,0.0,0.0,9315.0,0.00021946700180401195,0.0,0.0,13327.0,0.00010645318555856796,1.2895e-05,2.0,155096.0,4.5121604755249666e-05
5.0,28.0,0.0,689.0,0.0,1.6771784607117872e-05,0.0,0.0,9315.0,0.00013168020108240717,0.0,0.0,13327.0,6.387191133514077e-05,0.0,0.0,155096.0,2.7072962853149798e-05
5.0,29.0,0.0,689.0,0.0,1.0063070764270723e-05,0.0,0.0,9315.0,7.900812064944429e-05,0.0,0.0,13327.0,3.8323146801084464e-05,1.2895e-05,2.0,155096.0,2.140177771188988e-05
5.0,30.0,0.0,689.0,0.0,6.037842458562434e-06,0.0,0.0,9315.0,4.740487238966657e-05,0.0,0.0,13327.0,2.2993888080650676e-05,1.9343e-05,3.0,155096.0,2.057826662713393e-05
5.0,31.0,0.0,689.0,0.0,3.62270547513746e-06,0.000107354,1.0,9315.0,7.138452343379995e-05,0.0,0.0,13327.0,1.3796332848390405e-05,6.448e-06,1.0,155096.0,1.4926159976280359e-05
5.0,32.0,0.0,689.0,0.0,2.173623285082476e-06,0.000322061,3.0,9315.0,0.00017165511406028,0.0,0.0,13327.0,8.277799709034242e-06,6.448e-06,1.0,155096.0,1.1534895985768216e-05
5.0,33.0,0.0,689.0,0.0,1.3041739710494854e-06,0.0,0.0,9315.0,0.000102993068436168,0.000225107,3.0,13327.0,9.500947982542055e-05,0.0,0.0,155096.0,6.92093759146093e-06
5.0,34.0,0.0,689.0,0.0,7.825043826296912e-07,0.0,0.0,9315.0,6.17958410617008e-05,0.0,0.0,13327.0,5.700568789525233e-05,1.9343e-05,3.0,155096.0,1.1889762554876558e-05
5.0,35.0,0.0,689.0,0.0,4.695026295778147e-07,0.0,0.0,9315.0,3.7077504637020475e-05,0.0,0.0,13327.0,3.42034127371514e-05,6.448e-06,1.0,155096.0,9.713057532925935e-06
5.0,36.0,0.0,689.0,0.0,2.817015777466888e-07,0.0,0.0,9315.0,2.2246502782212284e-05,0.0,0.0,13327.0,2.052204764229084e-05,6.448e-06,1.0,155096.0,8.407034519755562e-06
5.0,37.0,0.0,689.0,0.0,1.6902094664801327e-07,0.0,0.0,9315.0,1.334790166932737e-05,0.0,0.0,13327.0,1.2313228585374503e-05,6.448e-06,1.0,155096.0,7.6234207118533366e-06
5.0,38.0,0.0,689.0,0.0,1.0141256798880796e-07,0.0,0.0,9315.0,8.008741001596422e-06,7.5036e-05,1.0,13327.0,3.74023371512247e-05,1.2895e-05,2.0,155096.0,9.732052427112003e-06
5.0,39.0,0.0,689.0,0.0,6.084754079328478e-08,0.000107354,1.0,9315.0,4.774684460095786e-05,0.0,0.0,13327.0,2.244140229073482e-05,6.448e-06,1.0,155096.0,8.418431456267201e-06
5.0,40.0,0.0,689.0,0.0,3.650852447597087e-08,0.000107354,1.0,9315.0,7.158970676057472e-05,0.0,0.0,13327.0,1.3464841374440891e-05,0.0,0.0,155096.0,5.0510588737603205e-06
5.0,41.0,0.0,689.0,0.0,2.190511468558252e-08,0.0,0.0,9315.0,4.295382405634483e-05,0.0,0.0,13327.0,8.078904824664534e-06,0.0,0.0,155096.0,3.0306353242561924e-06
5.0,42.0,0.0,689.0,0.0,1.3143068811349513e-08,0.0,0.0,9315.0,2.5772294433806898e-05,0.0,0.0,13327.0,4.84734289479872e-06,0.0,0.0,155096.0,1.8183811945537154e-06
5.0,43.0,0.0,689.0,0.0,7.885841286809708e-09,0.0,0.0,9315.0,1.5463376660284137e-05,0.0,0.0,13327.0,2.908405736879232e-06,0.0,0.0,155096.0,1.0910287167322293e-06
5.0,44.0,0.0,689.0,0.0,4.731504772085825e-09,0.0,0.0,9315.0,9.278025996170482e-06,0.0,0.0,13327.0,1.745043442127539e-06,0.0,0.0,155096.0,6.546172300393376e-07
5.0,45.0,0.0,689.0,0.0,2.838902863251495e-09,0.0,0.0,9315.0,5.566815597702289e-06,0.0,0.0,13327.0,1.0470260652765233e-06,0.0,0.0,155096.0,3.927703380236025e-07
5.0,46.0,0.0,689.0,0.0,1.7033417179508969e-09,0.0,0.0,9315.0,3.3400893586213734e-06,0.0,0.0,13327.0,6.28215639165914e-07,0.0,0.0,155096.0,2.356622028141615e-07
5.0,47.0,0.0,689.0,0.0,1.022005030770538e-09,0.0,0.0,9315.0,2.004053615172824e-06,0.0,0.0,13327.0,3.769293834995484e-07,0.0,0.0,155096.0,1.413973216884969e-07
5.0,48.0,0.0,689.0,0.0,6.132030184623228e-10,0.0,0.0,9315.0,1.2024321691036942e-06,0.0,0.0,13327.0,2.26157630099729e-07,0.0,0.0,155096.0,8.483839301309814e-08
5.0,49.0,0.0,689.0,0.0,3.6792181107739365e-10,0.0,0.0,9315.0,7.214593014622165e-07,0.0,0.0,13327.0,1.356945780598374e-07,0.0,0.0,155096.0,5.090303580785888e-08
5.0,50.0,0.0,689.0,0.0,2.207530866464362e-10,0.0,0.0,9315.0,4.328755808773299e-07,0.0,0.0,13327.0,8.141674683590244e-08,0.0,0.0,155096.0,3.054182148471533e-08
5.0,51.0,0.0,689.0,0.0,1.3245185198786172e-10,0.0,0.0,9315.0,2.597253485263979e-07,0.0,0.0,13327.0,4.885004810154146e-08,0.0,0.0,155096.0,1.8325092890829196e-08
5.0,52.0,0.0,689.0,0.0,7.947111119271703e-11,0.0,0.0,9315.0,1.5583520911583875e-07,0.0,0.0,13327.0,2.9310028860924875e-08,0.0,0.0,155096.0,1.0995055734497518e-08
6.0,1.0,0.0,685.0,0.0,4.768266671563022e-11,0.0,0.0,9315.0,9.350112546950324e-08,0.0,0.0,13327.0,1.7586017316554925e-08,0.0,0.0,155096.0,6.5970334406985105e-09
6.0,2.0,0.0,685.0,0.0,2.860960002937813e-11,0.0,0.0,9339.0,5.610067528170194e-08,0.0,0.0,13277.0,1.0551610389932955e-08,0.0,0.0,156324.0,3.958220064419106e-09
6.0,3.0,0.0,685.0,0.0,1.716576001762688e-11,0.0,0.0,9339.0,3.366040516902116e-08,0.0,0.0,13277.0,6.330966233959772e-09,0.0,0.0,156324.0,2.3749320386514633e-09
6.0,4.0,0.0,685.0,0.0,1.0299456010576126e-11,0.0,0.0,9339.0,2.0196243101412696e-08,0.0,0.0,13277.0,3.7985797403758634e-09,0.0,0.0,156324.0,1.424959223190878e-09
6.0,5.0,0.0,685.0,0.0,6.179673606345675e-12,0.0,0.0,9339.0,1.2117745860847617e-08,0.0,0.0,13277.0,2.279147844225518e-09,0.0,0.0,156324.0,8.549755339145268e-10
6.0,6.0,0.0,685.0,0.0,3.707804163807405e-12,0.0,0.0,9339.0,7.27064751650857e-09,0.0,0.0,13277.0,1.3674887065353108e-09,0.0,0.0,156324.0,5.12985320348716e-10
6.0,7.0,0.0,685.0,0.0,2.224682498284443e-12,0.0,0.0,9339.0,4.3623885099051415e-09,0.0,0.0,13277.0,8.204932239211865e-10,0.0,0.0,156324.0,3.077911922092296e-10
6.0,8.0,0.0,685.0,0.0,1.3348094989706658e-12,0.0,0.0,9339.0,2.617433105943085e-09,0.0,0.0,13277.0,4.922959343527119e-10,0.0,0.0,156324.0,1.8467471532553774e-10
6.0,9.0,0.0,685.0,0.0,8.008856993823995e-13,0.0,0.0,9339.0,1.5704598635658509e-09,0.0,0.0,13277.0,2.953775606116271e-10,0.0,0.0,156324.0,1.1080482919532263e-10
6.0,10.0,0.0,685.0,0.0,4.805314196294397e-13,0.0,0.0,9339.0,9.422759181395105e-10,0.0,0.0,13277.0,1.7722653636697626e-10,6.397000000000001e-06,1.0,156324.0,2.5588664828975177e-06
6.0,11.0,0.0,685.0,0.0,2.883188517776638e-13,0.0,0.0,9339.0,5.653655508837063e-10,0.0,0.0,13277.0,1.0633592182018575e-10,6.397000000000001e-06,1.0,156324.0,4.094119889738511e-06
6.0,12.0,0.0,685.0,0.0,1.729913110665983e-13,0.0,0.0,9339.0,3.3921933053022376e-10,0.0,0.0,13277.0,6.380155309211145e-11,0.0,0.0,156324.0,2.4564719338431064e-06
6.0,13.0,0.0,685.0,0.0,1.0379478663995897e-13,0.000107078,1.0,9339.0,4.283140353159832e-05,0.0,0.0,13277.0,3.828093185526687e-11,6.397000000000001e-06,1.0,156324.0,4.032683160305864e-06
6.0,14.0,0.0,685.0,0.0,6.227687198397538e-14,0.000107078,1.0,9339.0,6.853004211895899e-05,7.5318e-05,1.0,13277.0,3.0127222968559114e-05,1.2794000000000002e-05,2.0,156324.0,7.537209896183519e-06
6.0,15.0,0.0,685.0,0.0,3.7366123190385224e-14,0.000535389,5.0,9339.0,0.00025527362527137545,0.00037659099999999996,5.0,13277.0,0.00016871273378113547,4.4779e-05,7.0,156324.0,2.2433925937710112e-05
6.0,16.0,0.0,685.0,0.0,2.2419673914231135e-14,0.001284934,12.0,9339.0,0.0006671377751628253,0.000150636,2.0,13277.0,0.00016148204026868128,9.5955e-05,15.0,156324.0,5.1842355562626064e-05
6.0,17.0,0.0,685.0,0.0,1.345180434853868e-14,0.0009637010000000001,9.0,9339.0,0.0007857630650976951,0.000225955,3.0,13277.0,0.00018727122416120878,0.000191909,30.0,156324.0,0.00010786901333757564
6.0,18.0,0.0,685.0,0.0,8.071082609123208e-15,0.002034479,19.0,9339.0,0.0012852494390586172,0.001958274,26.0,13277.0,0.0008956723344967253,0.000415803,65.0,156324.0,0.0002310426080025454
6.0,19.0,0.0,685.0,0.0,4.842649565473925e-15,0.001070778,10.0,9339.0,0.0011994608634351704,0.002334865,31.0,13277.0,0.0014713494006980353,0.000454185,71.0,156324.0,0.0003202995648015273
6.0,20.0,0.0,685.0,0.0,2.905589739284355e-15,0.001070778,10.0,9339.0,0.0011479877180611024,0.001581683,21.0,13277.0,0.0015154828404188212,0.000383818,60.0,156324.0,0.00034570693888091636
6.0,21.0,0.0,685.0,0.0,1.7433538435706128e-15,0.00149909,14.0,9339.0,0.0012884286308366614,0.0013557279999999998,18.0,13277.0,0.0014515809042512926,0.000434994,68.0,156324.0,0.00038142176332854984
6.0,22.0,0.0,685.0,0.0,1.0460123061423676e-15,0.0011778560000000001,11.0,9339.0,0.0012441995785019968,0.0008285,11.0,13277.0,0.0012023485425507756,0.00037742099999999996,59.0,156324.0,0.0003798214579971299
6.0,23.0,0.0,685.0,0.0,6.276073836854205e-16,0.000856623,8.0,9339.0,0.001089168947101198,0.000602546,8.0,13277.0,0.0009624275255304654,0.000307055,48.0,156324.0,0.0003507148747982779
6.0,24.0,0.0,685.0,0.0,3.765644302112523e-16,0.000321234,3.0,9339.0,0.0007819949682607188,0.000301273,4.0,13277.0,0.0006979657153182793,0.00010235200000000001,16.0,156324.0,0.00025136972487896673
6.0,25.0,0.0,685.0,0.0,2.259386581267514e-16,0.002141557,20.0,9339.0,0.0013258197809564312,0.000225955,3.0,13277.0,0.0005091614291909675,0.000185512,29.0,156324.0,0.00022502663492738006
6.0,26.0,0.0,685.0,0.0,1.3556319487605084e-16,0.001070778,10.0,9339.0,0.0012238030685738587,0.0006778639999999999,9.0,13277.0,0.0005766424575145805,0.000115145,18.0,156324.0,0.00018107398095642803
6.0,27.0,0.0,685.0,0.0,8.13379169256305e-17,0.001070778,10.0,9339.0,0.0011625930411443153,7.5318e-05,1.0,13277.0,0.0003761126745087483,8.3161e-05,13.0,156324.0,0.00014190878857385682
6.0,28.0,0.0,685.0,0.0,4.88027501553783e-17,0.000535389,5.0,9339.0,0.0009117114246865892,0.0,0.0,13277.0,0.00022566760470524896,0.000115145,18.0,156324.0,0.0001312032731443141
6.0,29.0,0.0,685.0,0.0,2.928165009322698e-17,0.0,0.0,9339.0,0.0005470268548119535,0.000225955,3.0,13277.0,0.00022578256282314936,0.000223894,35.0,156324.0,0.00016827956388658846
6.0,30.0,0.0,685.0,0.0,1.7568990055936187e-17,0.000214156,2.0,9339.0,0.0004138785128871721,0.000301273,4.0,13277.0,0.0002559787376938896,0.000185512,29.0,156324.0,0.0001751725383319531
6.0,31.0,0.0,685.0,0.0,1.0541394033561711e-17,0.000214156,2.0,9339.0,0.0003339895077323032,0.000225955,3.0,13277.0,0.00024396924261633378,0.00017271799999999998,27.0,156324.0,0.00017419072299917185
6.0,32.0,0.0,685.0,0.0,6.3248364201370265e-18,0.0,0.0,9339.0,0.00020039370463938194,7.5318e-05,1.0,13277.0,0.00017650874556980026,8.9558e-05,14.0,156324.0,0.0001403376337995031
6.0,33.0,0.0,685.0,0.0,3.794901852082216e-18,0.0,0.0,9339.0,0.00012023622278362916,0.000225955,3.0,13277.0,0.00019628724734188017,5.1176000000000006e-05,8.0,156324.0,0.00010467298027970186
6.0,34.0,0.0,685.0,0.0,2.2769411112493293e-18,0.0,0.0,9339.0,7.21417336701775e-05,0.0,0.0,13277.0,0.0001177723484051281,6.397000000000001e-06,1.0,156324.0,6.536258816782112e-05
6.0,35.0,0.0,685.0,0.0,1.3661646667495975e-18,0.0,0.0,9339.0,4.328504020210649e-05,0.0,0.0,13277.0,7.066340904307686e-05,1.9191e-05,3.0,156324.0,4.689395290069267e-05
6.0,36.0,0.0,685.0,0.0,8.196988000497585e-19,0.0,0.0,9339.0,2.5971024121263895e-05,7.5318e-05,1.0,13277.0,7.252524542584611e-05,6.397000000000001e-06,1.0,156324.0,3.06951717404156e-05
6.0,37.0,0.0,685.0,0.0,4.918192800298551e-19,0.0,0.0,9339.0,1.5582614472758335e-05,0.0,0.0,13277.0,4.3515147255507666e-05,0.0,0.0,156324.0,1.841710304424936e-05
6.0,38.0,0.0,685.0,0.0,2.950915680179131e-19,0.0,0.0,9339.0,9.349568683655e-06,0.0,0.0,13277.0,2.61090883533046e-05,6.397000000000001e-06,1.0,156324.0,1.3609061826549615e-05
6.0,39.0,0.0,685.0,0.0,1.7705494081074784e-19,0.0,0.0,9339.0,5.609741210193e-06,0.0,0.0,13277.0,1.5665453011982757e-05,6.397000000000001e-06,1.0,156324.0,1.0724237095929769e-05
6.0,40.0,0.0,685.0,0.0,1.062329644864487e-19,0.0,0.0,9339.0,3.3658447261158e-06,0.0,0.0,13277.0,9.399271807189655e-06,0.0,0.0,156324.0,6.434542257557861e-06
6.0,41.0,0.0,685.0,0.0,6.373977869186922e-20,0.0,0.0,9339.0,2.01950683566948e-06,0.0,0.0,13277.0,5.639563084313792e-06,0.0,0.0,156324.0,3.860725354534716e-06
6.0,42.0,0.0,685.0,0.0,3.824386721512153e-20,0.0,0.0,9339.0,1.211704101401688e-06,0.0,0.0,13277.0,3.383737850588275e-06,0.0,0.0,156324.0,2.3164352127208295e-06
6.0,43.0,0.0,685.0,0.0,2.2946320329072916e-20,0.0,0.0,9339.0,7.270224608410127e-07,0.0,0.0,13277.0,2.030242710352965e-06,0.0,0.0,156324.0,1.3898611276324977e-06
6.0,44.0,0.0,685.0,0.0,1.3767792197443748e-20,0.0,0.0,9339.0,4.362134765046076e-07,0.0,0.0,13277.0,1.2181456262117791e-06,0.0,0.0,156324.0,8.339166765794985e-07
6.0,45.0,0.0,685.0,0.0,8.260675318466249e-21,0.0,0.0,9339.0,2.617280859027646e-07,0.0,0.0,13277.0,7.308873757270675e-07,0.0,0.0,156324.0,5.003500059476991e-07
6.0,46.0,0.0,685.0,0.0,4.956405191079749e-21,0.0,0.0,9339.0,1.5703685154165874e-07,0.0,0.0,13277.0,4.3853242543624045e-07,0.0,0.0,156324.0,3.002100035686195e-07
6.0,47.0,0.0,685.0,0.0,2.9738431146478493e-21,0.0,0.0,9339.0,9.422211092499525e-08,0.0,0.0,13277.0,2.6311945526174427e-07,0.0,0.0,156324.0,1.801260021411717e-07
6.0,48.0,0.0,685.0,0.0,1.7843058687887096e-21,0.0,0.0,9339.0,5.653326655499714e-08,0.0,0.0,13277.0,1.5787167315704656e-07,0.0,0.0,156324.0,1.0807560128470301e-07
6.0,49.0,0.0,685.0,0.0,1.0705835212732258e-21,0.0,0.0,9339.0,3.391995993299829e-08,0.0,0.0,13277.0,9.472300389422793e-08,0.0,0.0,156324.0,6.48453607708218e-08
6.0,50.0,0.0,685.0,0.0,6.4235011276393545e-22,0.0,0.0,9339.0,2.035197595979897e-08,0.0,0.0,13277.0,5.683380233653676e-08,0.0,0.0,156324.0,3.890721646249308e-08
6.0,51.0,0.0,685.0,0.0,3.8541006765836127e-22,0.0,0.0,9339.0,1.2211185575879382e-08,0.0,0.0,13277.0,3.410028140192205e-08,0.0,0.0,156324.0,2.3344329877495848e-08
6.0,52.0,0.0,685.0,0.0,2.3124604059501677e-22,0.0,0.0,9339.0,7.3267113455276295e-09,0.0,0.0,13277.0,2.046016884115323e-08,0.0,0.0,156324.0,1.4006597926497509e-08
7.0,1.0,0.0,685.0,0.0,1.3874762435701005e-22,0.0,0.0,9339.0,4.3960268073165775e-09,0.0,0.0,13277.0,1.2276101304691938e-08,0.0,0.0,156324.0,8.403958755898505e-09
7.0,2.0,0.0,685.0,0.0,8.324857461420603e-23,0.0,0.0,9265.0,2.6376160843899465e-09,0.0,0.0,13371.0,7.365660782815163e-09,0.0,0.0,157648.0,5.042375253539103e-09
7.0,3.0,0.0,685.0,0.0,4.994914476852362e-23,0.0,0.0,9265.0,1.582569650633968e-09,0.0,0.0,13371.0,4.419396469689098e-09,0.0,0.0,157648.0,3.025425152123462e-09
7.0,4.0,0.0,685.0,0.0,2.996948686111417e-23,0.0,0.0,9265.0,9.495417903803808e-10,0.0,0.0,13371.0,2.6516378818134585e-09,0.0,0.0,157648.0,1.8152550912740772e-09
7.0,5.0,0.0,685.0,0.0,1.79816921166685e-23,0.0,0.0,9265.0,5.697250742282284e-10,0.0,0.0,13371.0,1.5909827290880751e-09,6.342999999999999e-06,1.0,157648.0,2.5382891530547643e-06
7.0,6.0,0.0,685.0,0.0,1.0789015270001099e-23,0.0,0.0,9265.0,3.4183504453693704e-10,0.0,0.0,13371.0,9.545896374528451e-10,0.0,0.0,157648.0,1.5229734918328586e-06
7.0,7.0,0.0,685.0,0.0,6.473409162000659e-24,0.0,0.0,9265.0,2.051010267221622e-10,7.478899999999999e-05,1.0,13371.0,2.991617275378247e-05,0.0,0.0,157648.0,9.137840950997151e-07
7.0,8.0,0.0,685.0,0.0,3.884045497200395e-24,0.0,0.0,9265.0,1.230606160332973e-10,0.0,0.0,13371.0,1.794970365226948e-05,0.0,0.0,157648.0,5.48270457059829e-07
7.0,9.0,0.0,685.0,0.0,2.330427298320237e-24,0.0,0.0,9265.0,7.383636961997839e-11,0.0,0.0,13371.0,1.0769822191361688e-05,0.0,0.0,157648.0,3.289622742358974e-07
7.0,10.0,0.0,685.0,0.0,1.3982563789921422e-24,0.0,0.0,9265.0,4.4301821771987034e-11,0.0,0.0,13371.0,6.461893314817013e-06,0.0,0.0,157648.0,1.9737736454153842e-07
7.0,11.0,0.0,685.0,0.0,8.389538273952852e-25,0.0,0.0,9265.0,2.658109306319222e-11,0.0,0.0,13371.0,3.877135988890208e-06,0.0,0.0,157648.0,1.1842641872492305e-07
7.0,12.0,0.0,685.0,0.0,5.033722964371711e-25,0.0,0.0,9265.0,1.594865583791533e-11,0.0,0.0,13371.0,2.326281593334125e-06,0.0,0.0,157648.0,7.105585123495382e-08
7.0,13.0,0.0,685.0,0.0,3.020233778623027e-25,0.0,0.0,9265.0,9.569193502749197e-12,0.0,0.0,13371.0,1.3957689560004749e-06,0.0,0.0,157648.0,4.263351074097229e-08
7.0,14.0,0.0,685.0,0.0,1.8121402671738162e-25,0.0,0.0,9265.0,5.7415161016495174e-12,0.0,0.0,13371.0,8.374613736002849e-07,0.0,0.0,157648.0,2.5580106444583373e-08
7.0,15.0,0.0,685.0,0.0,1.0872841603042896e-25,0.0,0.0,9265.0,3.4449096609897103e-12,0.0,0.0,13371.0,5.024768241601709e-07,6.342999999999999e-06,1.0,157648.0,2.5525480638667503e-06
7.0,16.0,0.0,685.0,0.0,6.523704961825737e-26,0.0,0.0,9265.0,2.066945796593826e-12,0.0,0.0,13371.0,3.0148609449610254e-07,0.0,0.0,157648.0,1.5315288383200502e-06
7.0,17.0,0.0,685.0,0.0,3.914222977095442e-26,0.0,0.0,9265.0,1.2401674779562956e-12,0.0,0.0,13371.0,1.8089165669766152e-07,6.342999999999999e-06,1.0,157648.0,3.45611730299203e-06
7.0,18.0,0.0,685.0,0.0,2.3485337862572653e-26,0.0,0.0,9265.0,7.441004867737773e-13,0.0,0.0,13371.0,1.085349940185969e-07,6.342999999999999e-06,1.0,157648.0,4.6108703817952185e-06
7.0,19.0,0.0,685.0,0.0,1.409120271754359e-26,0.0,0.0,9265.0,4.4646029206426636e-13,0.0,0.0,13371.0,6.512099641115813e-08,0.0,0.0,157648.0,2.766522229077131e-06
7.0,20.0,0.0,685.0,0.0,8.454721630526154e-27,0.0,0.0,9265.0,2.678761752385598e-13,0.0,0.0,13371.0,3.907259784669488e-08,0.0,0.0,157648.0,1.6599133374462786e-06
7.0,21.0,0.0,685.0,0.0,5.072832978315692e-27,0.0,0.0,9265.0,1.6072570514313587e-13,0.0,0.0,13371.0,2.3443558708016927e-08,1.2685999999999998e-05,2.0,157648.0,6.070348002467768e-06
7.0,22.0,0.0,685.0,0.0,3.043699786989415e-27,0.0,0.0,9265.0,9.643542308588152e-14,0.0,0.0,13371.0,1.4066135224810156e-08,0.0,0.0,157648.0,3.6422088014806604e-06
7.0,23.0,0.0,685.0,0.0,1.826219872193649e-27,0.0,0.0,9265.0,5.786125385152891e-14,0.0,0.0,13371.0,8.439681134886093e-09,6.342999999999999e-06,1.0,157648.0,4.7225252808883964e-06
7.0,24.0,0.0,685.0,0.0,1.0957319233161894e-27,0.0,0.0,9265.0,3.4716752310917346e-14,0.0,0.0,13371.0,5.063808680931656e-09,1.2685999999999998e-05,2.0,157648.0,7.907915168533038e-06
7.0,25.0,0.0,685.0,0.0,6.574391539897137e-28,0.000323799,3.0,9265.0,0.00012951960002083004,7.478899999999999e-05,1.0,13371.0,2.991863828520856e-05,0.000107835,17.0,157648.0,4.787874910111983e-05
7.0,26.0,0.0,685.0,0.0,3.944634923938282e-28,0.0,0.0,9265.0,7.771176001249802e-05,0.000373944,5.0,13371.0,0.00016752878297112515,0.000145895,23.0,157648.0,8.70852494606719e-05
7.0,27.0,0.0,685.0,0.0,2.366780954362969e-28,0.000215866,2.0,9265.0,0.0001329734560074988,0.000373944,5.0,13371.0,0.0002500948697826751,0.00019664099999999998,31.0,157648.0,0.00013090754967640315
7.0,28.0,0.0,685.0,0.0,1.4200685726177814e-28,0.000755532,7.0,9265.0,0.0003819968736044993,0.000373944,5.0,13371.0,0.00029963452186960505,0.00027276,43.0,157648.0,0.0001876485298058419
7.0,29.0,0.0,685.0,0.0,8.520411435706689e-29,0.000755532,7.0,9265.0,0.0005314109241626996,0.001047042,14.0,13371.0,0.000598597513121763,0.000241043,38.0,157648.0,0.00020900631788350513
7.0,30.0,0.001459854,685.0,1.0,0.0005839416,0.000323799,3.0,9265.0,0.00044836615449761973,0.001121831,15.0,13371.0,0.0008078909078730579,0.000228357,36.0,157648.0,0.00021674659073010307
7.0,31.0,0.0,685.0,0.0,0.00035036496,0.000755532,7.0,9265.0,0.0005712324926985719,0.0014957739999999998,20.0,13371.0,0.0010830441447238347,0.000329849,52.0,157648.0,0.00026198755443806185
7.0,32.0,0.0,685.0,0.0,0.000210218976,0.001187264,11.0,9265.0,0.0008176450956191431,0.001645352,22.0,13371.0,0.0013079672868343008,0.00028544599999999996,45.0,157648.0,0.0002713709326628371
7.0,33.0,0.0,685.0,0.0,0.00012613138559999998,0.000971398,9.0,9265.0,0.0008791462573714858,0.001944507,26.0,13371.0,0.0015625831721005805,0.000342535,54.0,157648.0,0.00029983655959770226
7.0,34.0,0.0,685.0,0.0,7.567883135999998e-05,0.000539665,5.0,9265.0,0.0007433537544228914,0.000822676,11.0,13371.0,0.0012666203032603482,0.00025373,40.0,157648.0,0.00028139393575862137
7.0,35.0,0.0,685.0,0.0,4.540729881599999e-05,0.000431732,4.0,9265.0,0.0006187050526537349,0.0014957739999999998,20.0,13371.0,0.0013582817819562088,0.000152238,24.0,157648.0,0.00022973156145517283
7.0,36.0,0.0,685.0,0.0,2.724437928959999e-05,0.000539665,5.0,9265.0,0.0005870890315922409,0.000523521,7.0,13371.0,0.0010243774691737252,8.8805e-05,14.0,157648.0,0.00017336093687310368
7.0,37.0,0.0,685.0,0.0,1.6346627573759994e-05,0.000215866,2.0,9265.0,0.00043859981895534453,0.000373944,5.0,13371.0,0.0007642040815042351,3.1716e-05,5.0,157648.0,0.00011670296212386221
7.0,38.0,0.0,685.0,0.0,9.807976544255997e-06,0.000323799,3.0,9265.0,0.0003926794913732067,0.00059831,8.0,13371.0,0.000697846448902541,3.8059e-05,6.0,157648.0,8.524537727431732e-05
7.0,39.0,0.0,685.0,0.0,5.884785926553598e-06,0.0,0.0,9265.0,0.00023560769482392402,0.00044873199999999997,6.0,13371.0,0.0005982006693415246,2.5373000000000003e-05,4.0,157648.0,6.129642636459039e-05
7.0,40.0,0.0,685.0,0.0,3.5308715559321587e-06,0.0,0.0,9265.0,0.00014136461689435442,0.00022436599999999999,3.0,13371.0,0.00044866680160491473,1.903e-05,3.0,157648.0,4.4389855818754234e-05
7.0,41.0,0.0,685.0,0.0,2.1185229335592952e-06,0.0,0.0,9265.0,8.481877013661264e-05,0.0,0.0,13371.0,0.00026920008096294884,0.0,0.0,157648.0,2.663391349125254e-05
7.0,42.0,0.0,685.0,0.0,1.271113760135577e-06,0.0,0.0,9265.0,5.089126208196758e-05,0.0,0.0,13371.0,0.0001615200485777693,0.0,0.0,157648.0,1.5980348094751523e-05
7.0,43.0,0.0,685.0,0.0,7.626682560813463e-07,0.0,0.0,9265.0,3.0534757249180546e-05,0.0,0.0,13371.0,9.691202914666158e-05,0.0,0.0,157648.0,9.588208856850914e-06
7.0,44.0,0.0,685.0,0.0,4.5760095364880774e-07,0.0,0.0,9265.0,1.8320854349508325e-05,0.0,0.0,13371.0,5.814721748799694e-05,0.0,0.0,157648.0,5.7529253141105485e-06
7.0,45.0,0.0,685.0,0.0,2.7456057218928465e-07,0.0,0.0,9265.0,1.0992512609704995e-05,0.0,0.0,13371.0,3.488833049279816e-05,0.0,0.0,157648.0,3.451755188466329e-06
7.0,46.0,0.0,685.0,0.0,1.6473634331357078e-07,0.0,0.0,9265.0,6.595507565822997e-06,0.0,0.0,13371.0,2.0932998295678896e-05,0.0,0.0,157648.0,2.0710531130797973e-06
7.0,47.0,0.0,685.0,0.0,9.884180598814247e-08,0.0,0.0,9265.0,3.957304539493798e-06,0.0,0.0,13371.0,1.2559798977407338e-05,0.0,0.0,157648.0,1.2426318678478783e-06
7.0,48.0,0.0,685.0,0.0,5.930508359288548e-08,0.0,0.0,9265.0,2.3743827236962786e-06,0.0,0.0,13371.0,7.535879386444402e-06,0.0,0.0,157648.0,7.455791207087269e-07
7.0,49.0,0.0,685.0,0.0,3.5583050155731287e-08,0.0,0.0,9265.0,1.424629634217767e-06,0.0,0.0,13371.0,4.5215276318666415e-06,0.0,0.0,157648.0,4.4734747242523614e-07
7.0,50.0,0.0,685.0,0.0,2.134983009343877e-08,0.0,0.0,9265.0,8.547777805306602e-07,0.0,0.0,13371.0,2.7129165791199848e-06,0.0,0.0,157648.0,2.684084834551417e-07
7.0,51.0,0.0,685.0,0.0,1.2809898056063262e-08,0.0,0.0,9265.0,5.128666683183961e-07,0.0,0.0,13371.0,1.6277499474719908e-06,0.0,0.0,157648.0,1.61045090073085e-07
7.0,52.0,0.0,685.0,0.0,7.685938833637957e-09,0.0,0.0,9265.0,3.0772000099103766e-07,0.0,0.0,13371.0,9.766499684831945e-07,0.0,0.0,157648.0,9.6627054043851e-08
8.0,1.0,0.0,679.0,0.0,4.611563300182774e-09,0.0,0.0,9265.0,1.846320005946226e-07,0.0,0.0,13371.0,5.859899810899166e-07,0.0,0.0,157648.0,5.7976232426310594e-08
8.0,2.0,0.0,679.0,0.0,2.7669379801096644e-09,0.0,0.0,9248.0,1.1077920035677355e-07,0.0,0.0,13360.0,3.5159398865395e-07,0.0,0.0,158980.0,3.4785739455786355e-08
8.0,3.0,0.0,679.0,0.0,1.6601627880657986e-09,0.0,0.0,9248.0,6.646752021406413e-08,0.0,0.0,13360.0,2.1095639319237e-07,0.0,0.0,158980.0,2.087144367347181e-08
8.0,4.0,0.0,679.0,0.0,9.96097672839479e-10,0.0,0.0,9248.0,3.988051212843847e-08,0.0,0.0,13360.0,1.2657383591542198e-07,0.0,0.0,158980.0,1.2522866204083087e-08
8.0,5.0,0.0,679.0,0.0,5.976586037036874e-10,0.0,0.0,9248.0,2.3928307277063084e-08,0.0,0.0,13360.0,7.594430154925318e-08,0.0,0.0,158980.0,7.513719722449853e-09
8.0,6.0,0.0,679.0,0.0,3.585951622222124e-10,0.0,0.0,9248.0,1.435698436623785e-08,0.0,0.0,13360.0,4.556658092955191e-08,0.0,0.0,158980.0,4.508231833469911e-09
8.0,7.0,0.0,679.0,0.0,2.1515709733332745e-10,0.0,0.0,9248.0,8.61419061974271e-09,0.0,0.0,13360.0,2.7339948557731142e-08,0.0,0.0,158980.0,2.704939100081947e-09
8.0,8.0,0.0,679.0,0.0,1.2909425839999648e-10,0.0,0.0,9248.0,5.1685143718456254e-09,0.0,0.0,13360.0,1.6403969134638685e-08,0.0,0.0,158980.0,1.622963460049168e-09
8.0,9.0,0.0,679.0,0.0,7.745655503999788e-11,0.0,0.0,9248.0,3.101108623107375e-09,0.0,0.0,13360.0,9.84238148078321e-09,0.0,0.0,158980.0,9.737780760295009e-10
8.0,10.0,0.0,679.0,0.0,4.647393302399873e-11,0.0,0.0,9248.0,1.860665173864425e-09,0.0,0.0,13360.0,5.905428888469926e-09,0.0,0.0,158980.0,5.842668456177005e-10
8.0,11.0,0.0,679.0,0.0,2.7884359814399238e-11,0.0,0.0,9248.0,1.1163991043186549e-09,0.0,0.0,13360.0,3.5432573330819554e-09,6.29e-06,1.0,158980.0,2.5163505601073707e-06
8.0,12.0,0.0,679.0,0.0,1.6730615888639544e-11,0.0,0.0,9248.0,6.698394625911929e-10,0.0,0.0,13360.0,2.125954399849173e-09,0.0,0.0,158980.0,1.5098103360644223e-06
8.0,13.0,0.0,679.0,0.0,1.0038369533183726e-11,0.0,0.0,9248.0,4.0190367755471575e-10,0.0,0.0,13360.0,1.2755726399095037e-09,6.29e-06,1.0,158980.0,3.4218862016386536e-06
8.0,14.0,0.0,679.0,0.0,6.023021719910235e-12,0.0,0.0,9248.0,2.4114220653282943e-10,0.0,0.0,13360.0,7.653435839457022e-10,4.4031000000000006e-05,7.0,158980.0,1.9665531720983198e-05
8.0,15.0,0.0,679.0,0.0,3.613813031946141e-12,0.0,0.0,9248.0,1.4468532391969765e-10,0.0,0.0,13360.0,4.592061503674213e-10,0.0,0.0,158980.0,1.1799319032589919e-05
8.0,16.0,0.0,679.0,0.0,2.1682878191676846e-12,0.0,0.0,9248.0,8.681119435181859e-11,7.485e-05,1.0,13360.0,2.9940275523690222e-05,0.0,0.0,158980.0,7.079591419553951e-06
8.0,17.0,0.0,679.0,0.0,1.3009726915006108e-12,0.0,0.0,9248.0,5.208671661109115e-11,0.0,0.0,13360.0,1.7964165314214133e-05,6.29e-06,1.0,158980.0,6.763754851732371e-06
8.0,18.0,0.0,679.0,0.0,7.805836149003664e-13,0.0,0.0,9248.0,3.1252029966654686e-11,0.0,0.0,13360.0,1.077849918852848e-05,3.7740999999999997e-05,6.0,158980.0,1.9154652911039422e-05
8.0,19.0,0.0,679.0,0.0,4.683501689402199e-13,0.000108131,1.0,9248.0,4.325241875121798e-05,0.0009730539999999999,13.0,13360.0,0.0003956886995131171,0.000150962,24.0,158980.0,7.187759174662366e-05
8.0,20.0,0.0,679.0,0.0,2.810101013641319e-13,0.00021626299999999999,2.0,9248.0,0.00011245665125073079,0.0014970060000000002,20.0,13360.0,0.0008362156197078703,0.00020757299999999999,33.0,158980.0,0.00012615575504797418
8.0,21.0,0.0,679.0,0.0,1.6860606081847914e-13,0.00032439400000000004,3.0,9248.0,0.0001972315907504385,0.001197605,16.0,13360.0,0.0009807713718247221,0.000339665,54.0,158980.0,0.00021155945302878451
8.0,22.0,0.0,679.0,0.0,1.0116363649108748e-13,0.0008650519999999999,8.0,9248.0,0.0004643597544502631,0.002245509,30.0,13360.0,0.0014866664230948332,0.000434017,69.0,158980.0,0.0003005424718172707
8.0,23.0,0.0,679.0,0.0,6.069818189465248e-14,0.001189446,11.0,9248.0,0.0007543942526701578,0.00261976,35.0,13360.0,0.0019399038538568999,0.0005912690000000001,94.0,158980.0,0.0004168330830903624
8.0,24.0,0.0,679.0,0.0,3.641890913679149e-14,0.00043252599999999997,4.0,9248.0,0.0006256469516020948,0.00254491,34.0,13360.0,0.0021819063123141398,0.0006730410000000001,107.0,158980.0,0.0005193162498542175
8.0,25.0,0.0,679.0,0.0,2.1851345482074894e-14,0.000648789,6.0,9248.0,0.0006349037709612569,0.0014970060000000002,20.0,13360.0,0.0019079461873884838,0.000484338,77.0,158980.0,0.0005053249499125305
8.0,26.0,0.0,679.0,0.0,1.3110807289244936e-14,0.000648789,6.0,9248.0,0.0006404578625767541,0.000449102,6.0,13360.0,0.0013244085124330903,0.00044659699999999997,71.0,158980.0,0.0004818337699475183
8.0,27.0,0.0,679.0,0.0,7.866484373546961e-15,0.0016219720000000002,15.0,9248.0,0.0010330635175460525,0.000149701,2.0,13360.0,0.0008545255074598542,0.000289345,46.0,158980.0,0.000404838261968511
8.0,28.0,0.0,679.0,0.0,4.719890624128176e-15,0.000108131,1.0,9248.0,0.0006630905105276315,0.000149701,2.0,13360.0,0.0005725957044759125,0.000295635,47.0,158980.0,0.0003611569571811066
8.0,29.0,0.0,679.0,0.0,2.8319343744769058e-15,0.00032439400000000004,3.0,9248.0,0.000527611906316579,0.000898204,12.0,13360.0,0.0007028390226855475,0.000339665,54.0,158980.0,0.00035256017430866394
8.0,30.0,0.0,679.0,0.0,1.6991606246861435e-15,0.00043252599999999997,4.0,9248.0,0.0004895775437899474,0.0006736530000000001,9.0,13360.0,0.0006911646136113285,0.000295635,47.0,158980.0,0.00032979010458519836
8.0,31.0,0.0,679.0,0.0,1.019496374811686e-15,0.00043252599999999997,4.0,9248.0,0.0004667569262739684,0.001122754,15.0,13360.0,0.000863800368166797,0.000232734,37.0,158980.0,0.000290967662751119
8.0,32.0,0.0,679.0,0.0,6.116978248870116e-16,0.0,0.0,9248.0,0.00028005415576438106,0.001122754,15.0,13360.0,0.0009673818209000782,0.000257894,41.0,158980.0,0.0002777381976506714
8.0,33.0,0.0,679.0,0.0,3.6701869493220695e-16,0.0,0.0,9248.0,0.00016803249345862862,0.000224551,3.0,13360.0,0.0006702494925400469,0.00013838200000000002,22.0,158980.0,0.00022199571859040284
8.0,34.0,0.0,679.0,0.0,2.2021121695932416e-16,0.0,0.0,9248.0,0.00010081949607517716,7.485e-05,1.0,13360.0,0.0004320896955240281,0.000132092,21.0,158980.0,0.0001860342311542417
8.0,35.0,0.0,679.0,0.0,1.3212673017559448e-16,0.0,0.0,9248.0,6.04916976451063e-05,0.000149701,2.0,13360.0,0.0003191342173144169,3.7740999999999997e-05,6.0,158980.0,0.00012671693869254502
8.0,36.0,0.0,679.0,0.0,7.927603810535669e-17,0.0,0.0,9248.0,3.629501858706378e-05,7.485e-05,1.0,13360.0,0.00022142053038865013,3.7740999999999997e-05,6.0,158980.0,9.1126563215527e-05
8.0,37.0,0.0,679.0,0.0,4.7565622863214014e-17,0.0,0.0,9248.0,2.1777011152238267e-05,0.000224551,3.0,13360.0,0.00022267271823319008,1.887e-05,3.0,158980.0,6.22239379293162e-05
8.0,38.0,0.0,679.0,0.0,2.853937371792841e-17,0.0,0.0,9248.0,1.306620669134296e-05,0.0,0.0,13360.0,0.00013360363093991404,0.0,0.0,158980.0,3.733436275758971e-05
8.0,39.0,0.0,679.0,0.0,1.7123624230757044e-17,0.0,0.0,9248.0,7.839724014805776e-06,7.485e-05,1.0,13360.0,0.00011010217856394843,1.258e-05,2.0,158980.0,2.743261765455383e-05
8.0,40.0,0.0,679.0,0.0,1.0274174538454226e-17,0.0,0.0,9248.0,4.703834408883466e-06,0.0,0.0,13360.0,6.606130713836905e-05,0.0,0.0,158980.0,1.6459570592732296e-05
8.0,41.0,0.0,679.0,0.0,6.164504723072536e-18,0.0,0.0,9248.0,2.822300645330079e-06,0.0,0.0,13360.0,3.9636784283021425e-05,0.0,0.0,158980.0,9.875742355639377e-06
8.0,42.0,0.0,679.0,0.0,3.698702833843521e-18,0.0,0.0,9248.0,1.6933803871980474e-06,0.0,0.0,13360.0,2.3782070569812855e-05,0.0,0.0,158980.0,5.925445413383627e-06
8.0,43.0,0.0,679.0,0.0,2.2192217003061128e-18,0.0,0.0,9248.0,1.0160282323188283e-06,0.0,0.0,13360.0,1.4269242341887712e-05,0.0,0.0,158980.0,3.555267248030176e-06
8.0,44.0,0.0,679.0,0.0,1.3315330201836677e-18,0.0,0.0,9248.0,6.096169393912969e-07,0.0,0.0,13360.0,8.561545405132627e-06,0.0,0.0,158980.0,2.1331603488181054e-06
8.0,45.0,0.0,679.0,0.0,7.989198121102005e-19,0.0,0.0,9248.0,3.657701636347781e-07,0.0,0.0,13360.0,5.136927243079576e-06,0.0,0.0,158980.0,1.2798962092908632e-06
8.0,46.0,0.0,679.0,0.0,4.793518872661203e-19,0.0,0.0,9248.0,2.1946209818086686e-07,0.0,0.0,13360.0,3.0821563458477456e-06,0.0,0.0,158980.0,7.679377255745179e-07
8.0,47.0,0.0,679.0,0.0,2.876111323596722e-19,0.0,0.0,9248.0,1.316772589085201e-07,0.0,0.0,13360.0,1.8492938075086472e-06,0.0,0.0,158980.0,4.6076263534471073e-07
8.0,48.0,0.0,679.0,0.0,1.7256667941580331e-19,0.0,0.0,9248.0,7.900635534511206e-08,0.0,0.0,13360.0,1.1095762845051883e-06,0.0,0.0,158980.0,2.7645758120682643e-07
8.0,49.0,0.0,679.0,0.0,1.0354000764948198e-19,0.0,0.0,9248.0,4.740381320706724e-08,0.0,0.0,13360.0,6.65745770703113e-07,0.0,0.0,158980.0,1.6587454872409585e-07
8.0,50.0,0.0,679.0,0.0,6.212400458968919e-20,0.0,0.0,9248.0,2.844228792424034e-08,0.0,0.0,13360.0,3.994474624218678e-07,0.0,0.0,158980.0,9.952472923445751e-08
8.0,51.0,0.0,679.0,0.0,3.727440275381351e-20,0.0,0.0,9248.0,1.7065372754544203e-08,0.0,0.0,13360.0,2.3966847745312065e-07,0.0,0.0,158980.0,5.97148375406745e-08
8.0,52.0,0.0,679.0,0.0,2.2364641652288106e-20,0.0,0.0,9248.0,1.023922365272652e-08,0.0,0.0,13360.0,1.438010864718724e-07,0.0,0.0,158980.0,3.58289025244047e-08
9.0,1.0,0.0,673.0,0.0,1.3418784991372863e-20,0.0,0.0,9248.0,6.143534191635912e-09,0.0,0.0,13360.0,8.628065188312343e-08,0.0,0.0,158980.0,2.149734151464282e-08
9.0,2.0,0.0,673.0,0.0,8.051270994823718e-21,0.0,0.0,9231.0,3.686120514981547e-09,0.0,0.0,13349.0,5.176839112987405e-08,0.0,0.0,160323.0,1.2898404908785691e-08
9.0,3.0,0.0,673.0,0.0,4.83076259689423e-21,0.0,0.0,9231.0,2.211672308988928e-09,0.0,0.0,13349.0,3.106103467792443e-08,0.0,0.0,160323.0,7.739042945271414e-09
9.0,4.0,0.0,673.0,0.0,2.898457558136538e-21,0.0,0.0,9231.0,1.3270033853933566e-09,0.0,0.0,13349.0,1.8636620806754656e-08,0.0,0.0,160323.0,4.643425767162849e-09
9.0,5.0,0.0,673.0,0.0,1.7390745348819228e-21,0.0,0.0,9231.0,7.96202031236014e-10,0.0,0.0,13349.0,1.1181972484052793e-08,0.0,0.0,160323.0,2.786055460297709e-09
9.0,6.0,0.0,673.0,0.0,1.0434447209291536e-21,0.0,0.0,9231.0,4.777212187416083e-10,0.0,0.0,13349.0,6.709183490431676e-09,0.0,0.0,160323.0,1.6716332761786254e-09
9.0,7.0,0.0,673.0,0.0,6.260668325574922e-22,0.0,0.0,9231.0,2.8663273124496497e-10,0.0,0.0,13349.0,4.025510094259005e-09,0.0,0.0,160323.0,1.0029799657071752e-09
9.0,8.0,0.0,673.0,0.0,3.756400995344953e-22,0.0,0.0,9231.0,1.7197963874697898e-10,0.0,0.0,13349.0,2.415306056555403e-09,2.495e-05,4.0,160323.0,9.980601787979425e-06
9.0,9.0,0.0,673.0,0.0,2.2538405972069715e-22,0.0,0.0,9231.0,1.0318778324818739e-10,0.0,0.0,13349.0,1.4491836339332417e-09,6.237000000000001e-06,1.0,160323.0,8.483161072787656e-06
9.0,10.0,0.0,673.0,0.0,1.3523043583241829e-22,0.0,0.0,9231.0,6.191266994891243e-11,0.0,0.0,13349.0,8.69510180359945e-10,1.2475e-05,2.0,160323.0,1.0079896643672594e-05
9.0,11.0,0.0,673.0,0.0,8.113826149945097e-23,0.0,0.0,9231.0,3.714760196934746e-11,0.0,0.0,13349.0,5.217061082159669e-10,1.2475e-05,2.0,160323.0,1.1037937986203557e-05
9.0,12.0,0.0,673.0,0.0,4.8682956899670577e-23,0.00010833,1.0,9231.0,4.3332022288561185e-05,0.0,0.0,13349.0,3.1302366492958016e-10,4.3661999999999996e-05,7.0,160323.0,2.4087562791722132e-05
9.0,13.0,0.0,673.0,0.0,2.920977413980235e-23,0.0,0.0,9231.0,2.599921337313671e-05,0.000149824,2.0,13349.0,5.992978781419896e-05,2.495e-05,4.0,160323.0,2.443253767503328e-05
9.0,14.0,0.001485768,673.0,1.0,0.0005943072,0.0,0.0,9231.0,1.5599528023882025e-05,0.000299648,4.0,13349.0,0.0001558170726885194,1.8712e-05,3.0,160323.0,2.2144322605019965e-05
9.0,15.0,0.0,673.0,0.0,0.00035658432000000004,0.0,0.0,9231.0,9.359716814329215e-06,0.000149824,2.0,13349.0,0.00015341984361311162,2.495e-05,4.0,160323.0,2.3266593563011978e-05
9.0,16.0,0.0,673.0,0.0,0.00021395059200000002,0.000216661,2.0,9231.0,9.228023008859753e-05,0.000898943,12.0,13349.0,0.00045162910616786703,5.6137e-05,9.0,160323.0,3.641475613780719e-05
9.0,17.0,0.0,673.0,0.0,0.0001283703552,0.000324991,3.0,9231.0,0.00018536453805315851,0.001048767,14.0,13349.0,0.0006904842637007202,0.00014346,23.0,160323.0,7.923285368268432e-05
9.0,18.0,0.0,673.0,0.0,7.702221312e-05,0.0007583119999999999,7.0,9231.0,0.0004145435228318951,0.001797886,24.0,13349.0,0.0011334449582204322,0.00027444599999999997,44.0,160323.0,0.00015731811220961057
9.0,19.0,0.0,673.0,0.0,4.6213327871999996e-05,0.0008666419999999999,8.0,9231.0,0.000595382913699137,0.002547006,34.0,13349.0,0.0016988693749322593,0.00039295599999999997,63.0,160323.0,0.00025157326732576634
9.0,20.0,0.0,673.0,0.0,2.7727996723199995e-05,0.00043332099999999997,4.0,9231.0,0.0005305581482194821,0.000824031,11.0,13349.0,0.0013489340249593555,0.00037424400000000003,60.0,160323.0,0.00030064156039545984
9.0,21.0,0.0,673.0,0.0,1.6636798033919998e-05,0.0008666419999999999,8.0,9231.0,0.0006649916889316892,0.00037456,5.0,13349.0,0.0009591844149756133,0.00027444599999999997,44.0,160323.0,0.0002901633362372759
9.0,22.0,0.001485768,673.0,1.0,0.000604289278820352,0.001408293,13.0,9231.0,0.0009623122133590135,0.000599295,8.0,13349.0,0.0008152286489853679,0.00031187,50.0,160323.0,0.00029884600174236555
9.0,23.0,0.0,673.0,0.0,0.00036257356729221124,0.001191633,11.0,9231.0,0.001054040528015408,0.00022473599999999998,3.0,13349.0,0.0005790315893912208,0.000467805,75.0,160323.0,0.0003664296010454193
9.0,24.0,0.0,673.0,0.0,0.00021754414037532675,0.0007583119999999999,7.0,9231.0,0.0009357491168092448,0.000973855,13.0,13349.0,0.0007369609536347324,0.000305633,49.0,160323.0,0.00034211096062725153
