year,flu week,WI rate,WI pop,WI count,WI weighted rate,RI rate,RI count,RI pop,RI weighted rate,CMHD rate,CMHD count,CMHD pop,CMHD weighted rate,FA rate,FA count,FA pop,FA weighted rate
,,,,,0.0,,,,,,,,,,,,
1.0,1.0,0.0,1008.0,0.0,0.0,,,,0.0,,,,0.0,,,,0.0
1.0,2.0,0.0,1008.0,0.0,0.0,0.0,0.0,9759.0,0.0,3.6304000000000003e-05,1.0,27545.0,3.6304000000000003e-05,0.0,0.0,2889.0,0.0
1.0,3.0,0.0,1008.0,0.0,0.0,0.0,0.0,9759.0,0.0,0.0,0.0,27545.0,2.17824e-05,0.0,0.0,2889.0,0.0
1.0,4.0,0.0,1008.0,0.0,0.0,0.0,0.0,9759.0,0.0,0.0,0.0,27545.0,1.306944e-05,0.0,0.0,2889.0,0.0
1.0,5.0,0.0,1008.0,0.0,0.0,0.0,0.0,9759.0,0.0,0.0005082590000000001,14.0,27545.0,0.00021114526400000004,0.0,0.0,2889.0,0.0
1.0,6.0,0.0,1008.0,0.0,0.0,0.0,0.0,9759.0,0.0,0.000217825,6.0,27545.0,0.00021381715840000003,0.0,0.0,2889.0,0.0
1.0,7.0,0.0,1008.0,0.0,0.0,0.00010247,1.0,9759.0,4.0988e-05,0.0005082590000000001,14.0,27545.0,0.00033159389504000005,0.0,0.0,2889.0,0.0
1.0,8.0,0.000992063,1008.0,1.0,0.0003968252,0.0034839640000000004,34.0,9759.0,0.0014181784000000003,0.0012343439999999998,34.0,27545.0,0.0006926939370239999,0.0,0.0,2889.0,0.0
1.0,9.0,0.000992063,1008.0,1.0,0.00063492032,0.003586433,35.0,9759.0,0.0022854802400000002,0.00094391,26.0,27545.0,0.0007931803622144,0.013845621,40.0,2889.0,0.005538248400000001
1.0,10.0,0.0,1008.0,0.0,0.000380952192,0.00625064,61.0,9759.0,0.0038715441440000005,0.002178254,60.0,27545.0,0.00134720981732864,0.0013845620000000002,4.0,2889.0,0.003876773840000001
1.0,11.0,0.00297619,1008.0,3.0,0.0014190473152,0.003586433,35.0,9759.0,0.0037574996864000003,0.001161735,32.0,27545.0,0.001273019890397184,0.009691935,28.0,2889.0,0.006202838304000001
1.0,12.0,0.0,1008.0,0.0,0.00085142838912,0.000204939,2.0,9759.0,0.0023364754118400002,0.0005082590000000001,14.0,27545.0,0.0009671155342383104,0.003115265,9.0,2889.0,0.0049678089824000005
1.0,13.0,0.0,1008.0,0.0,0.000510857033472,0.000819756,8.0,9759.0,0.0017297876471040001,7.260800000000001e-05,2.0,27545.0,0.0006093125205429863,0.0,0.0,2889.0,0.00298068538944
1.0,14.0,0.0,1008.0,0.0,0.0003065142200832,0.0,0.0,9759.0,0.0010378725882624,0.0,0.0,27545.0,0.00036558751232579177,0.0,0.0,2889.0,0.001788411233664
1.0,15.0,0.000992063,1008.0,1.0,0.00058073373204992,0.0,0.0,9759.0,0.00062272355295744,0.0,0.0,27545.0,0.00021935250739547505,0.0,0.0,2889.0,0.0010730467401984
1.0,16.0,0.0,1008.0,0.0,0.000348440239229952,0.0,0.0,9759.0,0.000373634131774464,3.6304000000000003e-05,1.0,27545.0,0.00014613310443728502,0.0,0.0,2889.0,0.00064382804411904
1.0,17.0,0.0,1008.0,0.0,0.00020906414353797118,0.0,0.0,9759.0,0.00022418047906467837,0.0,0.0,27545.0,8.7679862662371e-05,0.0,0.0,2889.0,0.00038629682647142396
1.0,18.0,0.0,1008.0,0.0,0.0001254384861227827,0.0,0.0,9759.0,0.00013450828743880703,7.260800000000001e-05,2.0,27545.0,8.165111759742261e-05,0.0,0.0,2889.0,0.00023177809588285437
1.0,19.0,0.0,1008.0,0.0,7.526309167366962e-05,0.0,0.0,9759.0,8.070497246328422e-05,0.000145217,4.0,27545.0,0.00010707747055845358,0.0,0.0,2889.0,0.0001390668575297126
1.0,20.0,0.0,1008.0,0.0,4.515785500420177e-05,0.0,0.0,9759.0,4.842298347797053e-05,7.260800000000001e-05,2.0,27545.0,9.328968233507215e-05,0.0,0.0,2889.0,8.344011451782755e-05
1.0,21.0,0.0,1008.0,0.0,2.7094713002521064e-05,0.0,0.0,9759.0,2.9053790086782316e-05,0.0,0.0,27545.0,5.597380940104329e-05,0.0,0.0,2889.0,5.006406871069653e-05
1.0,22.0,0.0,1008.0,0.0,1.6256827801512638e-05,0.0,0.0,9759.0,1.743227405206939e-05,3.6304000000000003e-05,1.0,27545.0,4.810588564062597e-05,0.0,0.0,2889.0,3.0038441226417916e-05
1.0,23.0,0.0,1008.0,0.0,9.754096680907583e-06,0.0,0.0,9759.0,1.0459364431241634e-05,0.0,0.0,27545.0,2.886353138437558e-05,0.0,0.0,2889.0,1.802306473585075e-05
1.0,24.0,0.0,1008.0,0.0,5.8524580085445494e-06,0.0,0.0,9759.0,6.27561865874498e-06,7.260800000000001e-05,2.0,27545.0,4.636131883062535e-05,0.0,0.0,2889.0,1.081383884151045e-05
1.0,25.0,0.0,1008.0,0.0,3.5114748051267294e-06,0.0,0.0,9759.0,3.765371195246988e-06,0.00010891299999999999,3.0,27545.0,7.138199129837521e-05,0.000346141,1.0,2889.0,0.0001449447033049063
1.0,26.0,0.0,1008.0,0.0,2.1068848830760377e-06,0.0,0.0,9759.0,2.2592227171481927e-06,0.00010891299999999999,3.0,27545.0,8.639439477902513e-05,0.0,0.0,2889.0,8.696682198294378e-05
1.0,27.0,0.0,1008.0,0.0,1.2641309298456226e-06,0.0,0.0,9759.0,1.3555336302889155e-06,0.0,0.0,27545.0,5.183663686741508e-05,0.0,0.0,2889.0,5.2180093189766266e-05
1.0,28.0,0.0,1008.0,0.0,7.584785579073735e-07,0.0,0.0,9759.0,8.133201781733493e-07,0.0,0.0,27545.0,3.1101982120449046e-05,0.0,0.0,2889.0,3.130805591385976e-05
1.0,29.0,0.0,1008.0,0.0,4.550871347444241e-07,0.0,0.0,9759.0,4.879921069040096e-07,0.0,0.0,27545.0,1.8661189272269427e-05,0.0,0.0,2889.0,1.8784833548315852e-05
1.0,30.0,0.0,1008.0,0.0,2.730522808466544e-07,0.0,0.0,9759.0,2.927952641424057e-07,3.6304000000000003e-05,1.0,27545.0,2.5718313563361657e-05,0.0,0.0,2889.0,1.127090012898951e-05
1.0,31.0,0.0,1008.0,0.0,1.6383136850799265e-07,0.0,0.0,9759.0,1.7567715848544343e-07,0.000471955,13.0,27545.0,0.000204212988138017,0.0,0.0,2889.0,6.762540077393706e-06
1.0,32.0,0.0,1008.0,0.0,9.829882110479559e-08,0.0,0.0,9759.0,1.0540629509126606e-07,3.6304000000000003e-05,1.0,27545.0,0.0001370493928828102,0.0,0.0,2889.0,4.0575240464362235e-06
1.0,33.0,0.0,1008.0,0.0,5.897929266287735e-08,0.0,0.0,9759.0,6.324377705475964e-08,0.0,0.0,27545.0,8.222963572968611e-05,0.0,0.0,2889.0,2.434514427861734e-06
1.0,34.0,0.0,1008.0,0.0,3.538757559772641e-08,0.0,0.0,9759.0,3.794626623285578e-08,0.0,0.0,27545.0,4.933778143781167e-05,0.0,0.0,2889.0,1.4607086567170404e-06
1.0,35.0,0.0,1008.0,0.0,2.1232545358635844e-08,0.0,0.0,9759.0,2.2767759739713468e-08,7.260800000000001e-05,2.0,27545.0,5.8645868862687e-05,0.0,0.0,2889.0,8.764251940302242e-07
1.0,36.0,0.0,1008.0,0.0,1.2739527215181506e-08,0.0,0.0,9759.0,1.366065584382808e-08,0.0,0.0,27545.0,3.51875213176122e-05,0.0,0.0,2889.0,5.258551164181345e-07
1.0,37.0,0.0,1008.0,0.0,7.643716329108904e-09,0.0,0.0,9759.0,8.196393506296849e-09,0.0,0.0,27545.0,2.111251279056732e-05,0.0,0.0,2889.0,3.1551306985088066e-07
1.0,38.0,0.0,1008.0,0.0,4.586229797465342e-09,0.0,0.0,9759.0,4.917836103778109e-09,0.0,0.0,27545.0,1.2667507674340391e-05,0.0,0.0,2889.0,1.8930784191052839e-07
1.0,39.0,0.0,1008.0,0.0,2.7517378784792048e-09,0.0,0.0,9759.0,2.9507016622668654e-09,0.0,0.0,27545.0,7.600504604604234e-06,0.0,0.0,2889.0,1.1358470514631702e-07
1.0,40.0,0.0,1008.0,0.0,1.6510427270875228e-09,0.0,0.0,9759.0,1.7704209973601191e-09,0.0,0.0,27545.0,4.56030276276254e-06,0.0,0.0,2889.0,6.81508230877902e-08
1.0,41.0,0.0,1008.0,0.0,9.906256362525136e-10,0.0,0.0,9759.0,1.0622525984160715e-09,0.0,0.0,27545.0,2.736181657657524e-06,0.0,0.0,2889.0,4.089049385267412e-08
1.0,42.0,0.0,1008.0,0.0,5.943753817515082e-10,0.0,0.0,9759.0,6.373515590496429e-10,0.0,0.0,27545.0,1.6417089945945145e-06,0.0,0.0,2889.0,2.453429631160447e-08
1.0,43.0,0.0,1008.0,0.0,3.566252290509049e-10,0.0,0.0,9759.0,3.8241093542978573e-10,0.0,0.0,27545.0,9.850253967567086e-07,0.0,0.0,2889.0,1.4720577786962682e-08
1.0,44.0,0.0,1008.0,0.0,2.1397513743054293e-10,0.0,0.0,9759.0,2.2944656125787143e-10,0.0,0.0,27545.0,5.910152380540252e-07,0.0,0.0,2889.0,8.832346672177609e-09
1.0,45.0,0.0,1008.0,0.0,1.2838508245832576e-10,0.0,0.0,9759.0,1.3766793675472285e-10,0.0,0.0,27545.0,3.546091428324151e-07,0.0,0.0,2889.0,5.299408003306565e-09
1.0,46.0,0.0,1008.0,0.0,7.703104947499545e-11,0.0,0.0,9759.0,8.260076205283371e-11,0.0,0.0,27545.0,2.1276548569944905e-07,0.0,0.0,2889.0,3.1796448019839392e-09
1.0,47.0,0.0,1008.0,0.0,4.621862968499727e-11,0.0,0.0,9759.0,4.9560457231700224e-11,0.0,0.0,27545.0,1.2765929141966942e-07,0.0,0.0,2889.0,1.9077868811903636e-09
1.0,48.0,0.0,1008.0,0.0,2.773117781099836e-11,0.0,0.0,9759.0,2.9736274339020136e-11,0.0,0.0,27545.0,7.659557485180165e-08,0.0,0.0,2889.0,1.1446721287142182e-09
1.0,49.0,0.0,1008.0,0.0,1.6638706686599015e-11,0.0,0.0,9759.0,1.7841764603412082e-11,0.0,0.0,27545.0,4.595734491108099e-08,0.0,0.0,2889.0,6.868032772285309e-10
1.0,50.0,0.0,1008.0,0.0,9.983224011959409e-12,0.0,0.0,9759.0,1.070505876204725e-11,0.0,0.0,27545.0,2.757440694664859e-08,0.0,0.0,2889.0,4.1208196633711854e-10
1.0,51.0,0.0,1008.0,0.0,5.989934407175645e-12,0.0,0.0,9759.0,6.423035257228349e-12,0.0,0.0,27545.0,1.6544644167989155e-08,0.0,0.0,2889.0,2.472491798022711e-10
1.0,52.0,0.0,1008.0,0.0,3.5939606443053867e-12,0.0,0.0,9759.0,3.8538211543370094e-12,0.0,0.0,27545.0,9.926786500793493e-09,0.0,0.0,2889.0,1.4834950788136266e-10
1.0,53.0,0.0,1008.0,0.0,2.156376386583232e-12,0.0,0.0,9759.0,2.3122926926022055e-12,0.0,0.0,27545.0,5.956071900476096e-09,0.0,0.0,2889.0,8.90097047288176e-11
2.0,1.0,0.0,981.0,0.0,1.2938258319499392e-12,0.0,0.0,9759.0,1.3873756155613233e-12,0.0,0.0,27545.0,3.5736431402856573e-09,0.0,0.0,2889.0,5.340582283729056e-11
2.0,2.0,0.0,981.0,0.0,7.762954991699635e-13,0.0,0.0,10142.0,8.324253693367939e-13,0.0,0.0,27475.0,2.144185884171394e-09,0.0,0.0,2930.0,3.2043493702374335e-11
2.0,3.0,0.0,981.0,0.0,4.657772995019781e-13,0.0,0.0,10142.0,4.994552216020764e-13,0.0,0.0,27475.0,1.2865115305028364e-09,0.0,0.0,2930.0,1.92260962214246e-11
2.0,4.0,0.0,981.0,0.0,2.7946637970118685e-13,0.0,0.0,10142.0,2.996731329612458e-13,0.0,0.0,27475.0,7.719069183017018e-10,0.0,0.0,2930.0,1.153565773285476e-11
2.0,5.0,0.0,981.0,0.0,1.6767982782071212e-13,0.0,0.0,10142.0,1.7980387977674748e-13,0.0,0.0,27475.0,4.631441509810211e-10,0.0,0.0,2930.0,6.921394639712856e-12
2.0,6.0,0.0,981.0,0.0,1.0060789669242727e-13,0.0,0.0,10142.0,1.0788232786604848e-13,0.0,0.0,27475.0,2.7788649058861266e-10,0.0,0.0,2930.0,4.1528367838277136e-12
2.0,7.0,0.0,981.0,0.0,6.036473801545636e-14,0.0,0.0,10142.0,6.472939671962908e-14,0.0,0.0,27475.0,1.667318943531676e-10,0.0,0.0,2930.0,2.491702070296628e-12
2.0,8.0,0.0,981.0,0.0,3.6218842809273813e-14,0.0,0.0,10142.0,3.883763803177745e-14,0.0,0.0,27475.0,1.0003913661190055e-10,0.0,0.0,2930.0,1.4950212421779767e-12
2.0,9.0,0.0,981.0,0.0,2.1731305685564288e-14,0.0,0.0,10142.0,2.330258281906647e-14,0.0,0.0,27475.0,6.002348196714032e-11,0.0,0.0,2930.0,8.97012745306786e-13
2.0,10.0,0.0,981.0,0.0,1.3038783411338573e-14,0.0,0.0,10142.0,1.398154969143988e-14,0.0,0.0,27475.0,3.601408918028419e-11,0.0,0.0,2930.0,5.382076471840716e-13
2.0,11.0,0.0,981.0,0.0,7.823270046803143e-15,0.0,0.0,10142.0,8.388929814863928e-15,0.0,0.0,27475.0,2.1608453508170515e-11,0.0,0.0,2930.0,3.229245883104429e-13
2.0,12.0,0.0,981.0,0.0,4.693962028081885e-15,0.0,0.0,10142.0,5.033357888918357e-15,0.0,0.0,27475.0,1.2965072104902309e-11,0.0,0.0,2930.0,1.9375475298626575e-13
2.0,13.0,0.0,981.0,0.0,2.8163772168491313e-15,0.0,0.0,10142.0,3.0200147333510143e-15,3.6397e-05,1.0,27475.0,1.4558807779043264e-05,0.0,0.0,2930.0,1.1625285179175945e-13
2.0,14.0,0.0,981.0,0.0,1.6898263301094787e-15,0.0,0.0,10142.0,1.8120088400106084e-15,0.000145587,4.0,27475.0,6.697008466742596e-05,0.0,0.0,2930.0,6.975171107505567e-14
2.0,15.0,0.0,981.0,0.0,1.0138957980656872e-15,0.0,0.0,10142.0,1.087205304006365e-15,0.00018198400000000002,5.0,27475.0,0.00011297565080045558,0.0,0.0,2930.0,4.18510266450334e-14
2.0,16.0,0.0,981.0,0.0,6.083374788394123e-16,0.0,0.0,10142.0,6.52323182403819e-16,0.00010919,3.0,27475.0,0.00011146139048027336,0.0,0.0,2930.0,2.5110615987020038e-14
2.0,17.0,0.0,981.0,0.0,3.6500248730364735e-16,0.0,0.0,10142.0,3.913939094422914e-16,3.6397e-05,1.0,27475.0,8.143563428816402e-05,0.0,0.0,2930.0,1.506636959221202e-14
2.0,18.0,0.0,981.0,0.0,2.190014923821884e-16,0.0,0.0,10142.0,2.3483634566537484e-16,0.00010919,3.0,27475.0,9.253738057289842e-05,0.0,0.0,2930.0,9.039821755327212e-15
2.0,19.0,0.0,981.0,0.0,1.3140089542931303e-16,0.0,0.0,10142.0,1.409018073992249e-16,0.00010919,3.0,27475.0,9.919842834373905e-05,0.0,0.0,2930.0,5.4238930531963264e-15
2.0,20.0,0.0,981.0,0.0,7.884053725758782e-17,0.0,0.0,10142.0,8.454108443953494e-17,0.00025477700000000003,7.0,27475.0,0.00016142985700624347,0.00034129699999999995,1.0,2930.0,0.00013651880000325434
2.0,21.0,0.0,981.0,0.0,4.730432235455269e-17,0.0,0.0,10142.0,5.072465066372096e-17,0.00010919,3.0,27475.0,0.0001405339142037461,0.00034129699999999995,1.0,2930.0,0.00021843008000195258
2.0,22.0,0.0,981.0,0.0,2.838259341273161e-17,0.0,0.0,10142.0,3.0434790398232574e-17,0.000400364,11.0,27475.0,0.00024446594852224764,0.0,0.0,2930.0,0.00013105804800117154
2.0,23.0,0.0,981.0,0.0,1.7029556047638966e-17,0.0,0.0,10142.0,1.8260874238939545e-17,0.000400364,11.0,27475.0,0.0003068251691133486,0.0,0.0,2930.0,7.863482880070292e-05
2.0,24.0,0.0030581040000000003,981.0,3.0,0.0012232416000000103,0.0,0.0,10142.0,1.0956524543363727e-17,0.000655141,18.0,27475.0,0.00044615150146800914,0.0,0.0,2930.0,4.718089728042175e-05
2.0,25.0,0.0,981.0,0.0,0.0007339449600000062,0.0,0.0,10142.0,6.573914726018236e-18,0.000545951,15.0,27475.0,0.0004860713008808055,0.00034129699999999995,1.0,2930.0,0.00016482733836825305
2.0,26.0,0.0,981.0,0.0,0.00044036697600000367,0.0,0.0,10142.0,3.944348835610941e-18,0.000545951,15.0,27475.0,0.0005100231805284833,0.0,0.0,2930.0,9.889640302095183e-05
2.0,27.0,0.0,981.0,0.0,0.0002642201856000022,0.0001972,2.0,10142.0,7.888000000000238e-05,7.2793e-05,2.0,27475.0,0.00033513110831708996,0.00034129699999999995,1.0,2930.0,0.00019585664181257108
2.0,28.0,0.0,981.0,0.0,0.0001585321113600013,0.0001972,2.0,10142.0,0.00012620800000000143,0.0016378529999999999,45.0,27475.0,0.000856219864990254,0.00034129699999999995,1.0,2930.0,0.0002540327850875427
2.0,29.0,0.0,981.0,0.0,9.511926681600077e-05,0.0,0.0,10142.0,7.572480000000085e-05,0.0006187440000000001,17.0,27475.0,0.0007612295189941524,0.00034129699999999995,1.0,2930.0,0.00028893847105252563
2.0,30.0,0.0,981.0,0.0,5.7071560089600454e-05,0.0,0.0,10142.0,4.543488000000051e-05,0.000400364,11.0,27475.0,0.0006168833113964914,0.0,0.0,2930.0,0.00017336308263151537
2.0,31.0,0.0,981.0,0.0,3.424293605376027e-05,0.0,0.0,10142.0,2.7260928000000303e-05,0.0,0.0,27475.0,0.00037012998683789484,0.0,0.0,2930.0,0.00010401784957890922
2.0,32.0,0.0,981.0,0.0,2.0545761632256162e-05,0.0,0.0,10142.0,1.635655680000018e-05,0.00025477700000000003,7.0,27475.0,0.0003239887921027369,0.0,0.0,2930.0,6.241070974734552e-05
2.0,33.0,0.0,981.0,0.0,1.2327456979353696e-05,0.0,0.0,10142.0,9.813934080000108e-06,0.00010919,3.0,27475.0,0.00023806927526164213,0.0,0.0,2930.0,3.744642584840731e-05
2.0,34.0,0.0,981.0,0.0,7.3964741876122175e-06,0.0,0.0,10142.0,5.888360448000064e-06,3.6397e-05,1.0,27475.0,0.00015740036515698527,0.0,0.0,2930.0,2.2467855509044388e-05
2.0,35.0,0.0,981.0,0.0,4.43788451256733e-06,0.0,0.0,10142.0,3.5330162688000383e-06,0.0,0.0,27475.0,9.444021909419116e-05,0.0,0.0,2930.0,1.3480713305426632e-05
2.0,36.0,0.0,981.0,0.0,2.6627307075403977e-06,0.0,0.0,10142.0,2.119809761280023e-06,7.2793e-05,2.0,27475.0,8.57813314565147e-05,0.00034129699999999995,1.0,2930.0,0.00014460722798325596
2.0,37.0,0.0,981.0,0.0,1.5976384245242386e-06,0.0,0.0,10142.0,1.2718858567680137e-06,7.2793e-05,2.0,27475.0,8.058599887390883e-05,0.0,0.0,2930.0,8.676433678995358e-05
2.0,38.0,0.0,981.0,0.0,9.585830547145432e-07,0.0,0.0,10142.0,7.631315140608082e-07,0.0,0.0,27475.0,4.83515993243453e-05,0.0,0.0,2930.0,5.205860207397214e-05
2.0,39.0,0.0,981.0,0.0,5.751498328287258e-07,0.0,0.0,10142.0,4.578789084364849e-07,0.0,0.0,27475.0,2.9010959594607176e-05,0.0,0.0,2930.0,3.1235161244383285e-05
2.0,40.0,0.0,981.0,0.0,3.450898996972355e-07,0.0,0.0,10142.0,2.7472734506189093e-07,7.2793e-05,2.0,27475.0,4.652377575676431e-05,0.0,0.0,2930.0,1.874109674662997e-05
2.0,41.0,0.0,981.0,0.0,2.070539398183413e-07,0.0,0.0,10142.0,1.6483640703713456e-07,0.0,0.0,27475.0,2.7914265454058583e-05,0.0,0.0,2930.0,1.1244658047977982e-05
2.0,42.0,0.0,981.0,0.0,1.2423236389100477e-07,0.0,0.0,10142.0,9.890184422228074e-08,0.0,0.0,27475.0,1.674855927243515e-05,0.0,0.0,2930.0,6.746794828786789e-06
2.0,43.0,0.0,981.0,0.0,7.453941833460287e-08,0.0,0.0,10142.0,5.9341106533368444e-08,0.0,0.0,27475.0,1.004913556346109e-05,0.0,0.0,2930.0,4.0480768972720735e-06
2.0,44.0,0.0,981.0,0.0,4.4723651000761716e-08,0.0,0.0,10142.0,3.5604663920021064e-08,0.0,0.0,27475.0,6.029481338076653e-06,0.0,0.0,2930.0,2.428846138363244e-06
2.0,45.0,0.0,981.0,0.0,2.683419060045703e-08,0.0,0.0,10142.0,2.1362798352012638e-08,0.0,0.0,27475.0,3.617688802845992e-06,0.0,0.0,2930.0,1.4573076830179463e-06
2.0,46.0,0.0,981.0,0.0,1.6100514360274218e-08,0.0,0.0,10142.0,1.2817679011207582e-08,0.0,0.0,27475.0,2.170613281707595e-06,0.0,0.0,2930.0,8.743846098107678e-07
2.0,47.0,0.0,981.0,0.0,9.660308616164531e-09,0.0,0.0,10142.0,7.69060740672455e-09,0.0,0.0,27475.0,1.302367969024557e-06,0.0,0.0,2930.0,5.246307658864607e-07
2.0,48.0,0.0,981.0,0.0,5.796185169698719e-09,0.0,0.0,10142.0,4.6143644440347295e-09,0.0,0.0,27475.0,7.814207814147342e-07,0.0,0.0,2930.0,3.147784595318764e-07
2.0,49.0,0.0,981.0,0.0,3.477711101819231e-09,0.0,0.0,10142.0,2.7686186664208374e-09,0.0,0.0,27475.0,4.688524688488405e-07,0.0,0.0,2930.0,1.888670757191258e-07
2.0,50.0,0.0,981.0,0.0,2.0866266610915387e-09,0.0,0.0,10142.0,1.6611711998525025e-09,0.0,0.0,27475.0,2.813114813093043e-07,0.0,0.0,2930.0,1.1332024543147549e-07
2.0,51.0,0.0,981.0,0.0,1.2519759966549232e-09,0.0,0.0,10142.0,9.967027199115014e-10,0.0,0.0,27475.0,1.6878688878558257e-07,0.0,0.0,2930.0,6.799214725888529e-08
2.0,52.0,0.0,981.0,0.0,7.511855979929539e-10,0.0,0.0,10142.0,5.980216319469008e-10,0.0,0.0,27475.0,1.0127213327134953e-07,0.0,0.0,2930.0,4.0795288355331177e-08
3.0,1.0,0.0,1034.0,0.0,4.507113587957723e-10,0.0,0.0,10142.0,3.5881297916814045e-10,0.0,0.0,27475.0,6.076327996280972e-08,0.0,0.0,2930.0,2.4477173013198706e-08
3.0,2.0,0.0,1034.0,0.0,2.7042681527746336e-10,0.0,0.0,10779.0,2.1528778750088426e-10,0.0,0.0,27439.0,3.645796797768583e-08,0.0,0.0,3026.0,1.4686303807919223e-08
3.0,3.0,0.0,1034.0,0.0,1.62256089166478e-10,0.0,0.0,10779.0,1.2917267250053055e-10,0.0,0.0,27439.0,2.1874780786611495e-08,0.0,0.0,3026.0,8.811782284751534e-09
3.0,4.0,0.0,1034.0,0.0,9.73536534998868e-11,0.0,0.0,10779.0,7.750360350031833e-11,0.0,0.0,27439.0,1.3124868471966897e-08,0.0,0.0,3026.0,5.287069370850921e-09
3.0,5.0,0.0,1034.0,0.0,5.841219209993208e-11,0.0,0.0,10779.0,4.6502162100190993e-11,0.0,0.0,27439.0,7.874921083180138e-09,0.0,0.0,3026.0,3.1722416225105523e-09
3.0,6.0,0.0,1034.0,0.0,3.504731525995925e-11,0.0,0.0,10779.0,2.7901297260114596e-11,0.0,0.0,27439.0,4.724952649908083e-09,0.0,0.0,3026.0,1.903344973506331e-09
3.0,7.0,0.0,1034.0,0.0,2.102838915597555e-11,0.0,0.0,10779.0,1.6740778356068756e-11,0.0,0.0,27439.0,2.8349715899448494e-09,0.0,0.0,3026.0,1.1420069841037986e-09
3.0,8.0,0.0,1034.0,0.0,1.261703349358533e-11,0.0,0.0,10779.0,1.0044467013641254e-11,0.0,0.0,27439.0,1.7009829539669096e-09,0.0,0.0,3026.0,6.852041904622791e-10
3.0,9.0,0.0,1034.0,0.0,7.570220096151197e-12,0.0,0.0,10779.0,6.026680208184752e-12,0.0,0.0,27439.0,1.0205897723801457e-09,0.0,0.0,3026.0,4.111225142773675e-10
3.0,10.0,0.0,1034.0,0.0,4.542132057690718e-12,0.0,0.0,10779.0,3.6160081249108513e-12,0.0,0.0,27439.0,6.123538634280874e-10,0.0,0.0,3026.0,2.466735085664205e-10
3.0,11.0,0.0,1034.0,0.0,2.7252792346144308e-12,0.0,0.0,10779.0,2.1696048749465107e-12,0.0,0.0,27439.0,3.674123180568524e-10,0.0,0.0,3026.0,1.4800410513985227e-10
3.0,12.0,0.0,1034.0,0.0,1.6351675407686585e-12,0.0,0.0,10779.0,1.3017629249679063e-12,0.0,0.0,27439.0,2.2044739083411143e-10,0.0,0.0,3026.0,8.880246308391136e-11
3.0,13.0,0.0,1034.0,0.0,9.81100524461195e-13,0.0,0.0,10779.0,7.810577549807438e-13,0.0,0.0,27439.0,1.3226843450046685e-10,0.0,0.0,3026.0,5.3281477850346816e-11
3.0,14.0,0.0,1034.0,0.0,5.88660314676717e-13,0.0,0.0,10779.0,4.686346529884463e-13,0.0,0.0,27439.0,7.936106070028011e-11,0.0,0.0,3026.0,3.196888671020809e-11
3.0,15.0,0.0,1034.0,0.0,3.531961888060302e-13,0.0,0.0,10779.0,2.8118079179306775e-13,0.0,0.0,27439.0,4.761663642016806e-11,0.0,0.0,3026.0,1.9181332026124854e-11
3.0,16.0,0.0,1034.0,0.0,2.119177132836181e-13,0.0,0.0,10779.0,1.6870847507584066e-13,0.0,0.0,27439.0,2.8569981852100837e-11,0.0,0.0,3026.0,1.1508799215674912e-11
3.0,17.0,0.0,1034.0,0.0,1.2715062797017087e-13,0.0,0.0,10779.0,1.012250850455044e-13,0.0,0.0,27439.0,1.7141989111260503e-11,0.0,0.0,3026.0,6.905279529404947e-12
3.0,18.0,0.0,1034.0,0.0,7.629037678210252e-14,0.0,0.0,10779.0,6.073505102730263e-14,0.0,0.0,27439.0,1.0285193466756301e-11,0.0,0.0,3026.0,4.143167717642968e-12
3.0,19.0,0.0,1034.0,0.0,4.577422606926151e-14,0.0,0.0,10779.0,3.644103061638158e-14,0.0,0.0,27439.0,6.1711160800537805e-12,0.0,0.0,3026.0,2.4859006305857807e-12
3.0,20.0,0.0,1034.0,0.0,2.7464535641556903e-14,0.0,0.0,10779.0,2.1864618369828948e-14,7.2889e-05,2.0,27439.0,2.915560370266965e-05,0.0,0.0,3026.0,1.4915403783514684e-12
3.0,21.0,0.0,1034.0,0.0,1.647872138493414e-14,0.0,0.0,10779.0,1.3118771021897367e-14,7.2889e-05,2.0,27439.0,4.664896222160179e-05,0.0,0.0,3026.0,8.94924227010881e-13
3.0,22.0,0.0,1034.0,0.0,9.887232830960485e-15,0.0,0.0,10779.0,7.87126261313842e-15,7.2889e-05,2.0,27439.0,5.7144977332961075e-05,0.0,0.0,3026.0,5.369545362065286e-13
3.0,23.0,0.0,1034.0,0.0,5.93233969857629e-15,0.0,0.0,10779.0,4.722757567883052e-15,0.0,0.0,27439.0,3.428698639977664e-05,0.0,0.0,3026.0,3.2217272172391714e-13
3.0,24.0,0.0,1034.0,0.0,3.559403819145774e-15,0.0,0.0,10779.0,2.8336545407298314e-15,0.00010933299999999999,3.0,27439.0,6.430539183986598e-05,0.0,0.0,3026.0,1.9330363303435028e-13
3.0,25.0,0.0,1034.0,0.0,2.1356422914874644e-15,0.0,0.0,10779.0,1.7001927244378988e-15,0.0,0.0,27439.0,3.858323510391958e-05,0.0,0.0,3026.0,1.1598217982061017e-13
3.0,26.0,0.0,1034.0,0.0,1.2813853748924786e-15,0.0,0.0,10779.0,1.0201156346627392e-15,3.6444e-05,1.0,27439.0,3.772754106235175e-05,0.0,0.0,3026.0,6.95893078923661e-14
3.0,27.0,0.0,1034.0,0.0,7.688312249354871e-16,9.277299999999999e-05,1.0,10779.0,3.7109200000612066e-05,0.000328,9.0,27439.0,0.00015383652463741107,0.0,0.0,3026.0,4.175358473541966e-14
3.0,28.0,0.0,1034.0,0.0,4.612987349612922e-16,0.00018554599999999997,2.0,10779.0,9.648392000036725e-05,0.000145778,4.0,27439.0,0.00015061311478244664,0.0,0.0,3026.0,2.5052150841251795e-14
3.0,29.0,0.0,1034.0,0.0,2.7677924097677534e-16,0.0,0.0,10779.0,5.789035200022034e-05,0.00010933299999999999,3.0,27439.0,0.00013410106886946799,0.000991408,3.0,3026.0,0.0003965632000150313
3.0,30.0,0.0,1034.0,0.0,1.6606754458606519e-16,0.0,0.0,10779.0,3.47342112001322e-05,0.0,0.0,27439.0,8.046064132168079e-05,0.0,0.0,3026.0,0.00023793792000901875
3.0,31.0,0.0,1034.0,0.0,9.964052675163911e-17,0.0,0.0,10779.0,2.084052672007932e-05,0.000145778,4.0,27439.0,0.00010658758479300848,0.0,0.0,3026.0,0.00014276275200541126
3.0,32.0,0.0,1034.0,0.0,5.978431605098347e-17,9.277299999999999e-05,1.0,10779.0,4.961351603204759e-05,0.000145778,4.0,27439.0,0.0001222637508758051,0.0,0.0,3026.0,8.565765120324675e-05
3.0,33.0,0.0,1034.0,0.0,3.587058963059008e-17,9.277299999999999e-05,1.0,10779.0,6.687730961922855e-05,0.000145778,4.0,27439.0,0.00013166945052548305,0.0,0.0,3026.0,5.1394590721948045e-05
3.0,34.0,0.0,1034.0,0.0,2.1522353778354047e-17,0.0012060489999999998,13.0,10779.0,0.0005225459857715371,7.2889e-05,2.0,27439.0,0.00010815727031528983,0.0,0.0,3026.0,3.0836754433168824e-05
3.0,35.0,0.0,1034.0,0.0,1.2913412267012428e-17,9.277299999999999e-05,1.0,10779.0,0.0003506367914629223,0.0,0.0,27439.0,6.48943621891739e-05,0.0,0.0,3026.0,1.8502052659901294e-05
3.0,36.0,0.0,1034.0,0.0,7.748047360207456e-18,0.0,0.0,10779.0,0.0002103820748777534,0.0,0.0,27439.0,3.893661731350434e-05,0.0,0.0,3026.0,1.1101231595940777e-05
3.0,37.0,0.0,1034.0,0.0,4.648828416124474e-18,0.0,0.0,10779.0,0.00012622924492665204,0.0,0.0,27439.0,2.33619703881026e-05,0.0,0.0,3026.0,6.6607389575644655e-06
3.0,38.0,0.0,1034.0,0.0,2.7892970496746842e-18,0.0,0.0,10779.0,7.573754695599122e-05,0.0,0.0,27439.0,1.401718223286156e-05,0.0,0.0,3026.0,3.9964433745386795e-06
3.0,39.0,0.0,1034.0,0.0,1.6735782298048104e-18,0.0,0.0,10779.0,4.5442528173594734e-05,0.000145778,4.0,27439.0,6.672150933971694e-05,0.0,0.0,3026.0,2.3978660247232077e-06
3.0,40.0,0.0,1034.0,0.0,1.0041469378828863e-18,0.0,0.0,10779.0,2.726551690415684e-05,0.000145778,4.0,27439.0,9.834410560383017e-05,0.0,0.0,3026.0,1.4387196148339246e-06
3.0,41.0,0.0,1034.0,0.0,6.024881627297317e-19,0.0,0.0,10779.0,1.6359310142494105e-05,0.0,0.0,27439.0,5.90064633622981e-05,0.0,0.0,3026.0,8.632317689003547e-07
3.0,42.0,0.0,1034.0,0.0,3.61492897637839e-19,0.0,0.0,10779.0,9.815586085496463e-06,0.0,0.0,27439.0,3.540387801737886e-05,0.0,0.0,3026.0,5.179390613402128e-07
3.0,43.0,0.0,1034.0,0.0,2.168957385827034e-19,0.0,0.0,10779.0,5.889351651297878e-06,0.0,0.0,27439.0,2.1242326810427317e-05,0.0,0.0,3026.0,3.1076343680412764e-07
3.0,44.0,0.0,1034.0,0.0,1.3013744314962202e-19,0.0,0.0,10779.0,3.5336109907787263e-06,0.0,0.0,27439.0,1.274539608625639e-05,0.0,0.0,3026.0,1.8645806208247658e-07
3.0,45.0,0.0,1034.0,0.0,7.80824658897732e-20,0.0,0.0,10779.0,2.120166594467236e-06,0.0,0.0,27439.0,7.647237651753833e-06,0.0,0.0,3026.0,1.1187483724948594e-07
3.0,46.0,0.0,1034.0,0.0,4.684947953386392e-20,0.0,0.0,10779.0,1.2720999566803414e-06,0.0,0.0,27439.0,4.5883425910523e-06,0.0,0.0,3026.0,6.712490234969156e-08
3.0,47.0,0.0,1034.0,0.0,2.810968772031835e-20,0.0,0.0,10779.0,7.632599740082048e-07,0.0,0.0,27439.0,2.75300555463138e-06,0.0,0.0,3026.0,4.0274941409814934e-08
3.0,48.0,0.0,1034.0,0.0,1.686581263219101e-20,0.0,0.0,10779.0,4.579559844049229e-07,0.0,0.0,27439.0,1.6518033327788278e-06,0.0,0.0,3026.0,2.416496484588896e-08
3.0,49.0,0.0,1034.0,0.0,1.0119487579314605e-20,0.0,0.0,10779.0,2.747735906429537e-07,0.0,0.0,27439.0,9.910819996672965e-07,0.0,0.0,3026.0,1.4498978907533375e-08
3.0,50.0,0.0,1034.0,0.0,6.071692547588763e-21,0.0,0.0,10779.0,1.6486415438577222e-07,0.0,0.0,27439.0,5.946491998003779e-07,0.0,0.0,3026.0,8.699387344520025e-09
3.0,51.0,0.0,1034.0,0.0,3.643015528553257e-21,0.0,0.0,10779.0,9.891849263146334e-08,0.0,0.0,27439.0,3.5678951988022675e-07,0.0,0.0,3026.0,5.219632406712015e-09
3.0,52.0,0.0,1034.0,0.0,2.185809317131954e-21,0.0,0.0,10779.0,5.9351095578878e-08,0.0,0.0,27439.0,2.1407371192813603e-07,0.0,0.0,3026.0,3.1317794440272087e-09
4.0,1.0,0.0,1101.0,0.0,1.3114855902791725e-21,0.0,0.0,10779.0,3.56106573473268e-08,0.0,0.0,27439.0,1.284442271568816e-07,0.0,0.0,3026.0,1.879067666416325e-09
4.0,2.0,0.0,1101.0,0.0,7.868913541675034e-22,0.0,0.0,11153.0,2.136639440839608e-08,0.0,0.0,27437.0,7.706653629412896e-08,0.0,0.0,3046.0,1.1274405998497951e-09
4.0,3.0,0.0,1101.0,0.0,4.72134812500502e-22,0.0,0.0,11153.0,1.2819836645037648e-08,0.0,0.0,27437.0,4.623992177647737e-08,0.0,0.0,3046.0,6.764643599098771e-10
4.0,4.0,0.0,1101.0,0.0,2.8328088750030123e-22,0.0,0.0,11153.0,7.691901987022589e-09,0.0,0.0,27437.0,2.7743953065886423e-08,0.0,0.0,3046.0,4.0587861594592625e-10
4.0,5.0,0.0,1101.0,0.0,1.6996853250018073e-22,0.0,0.0,11153.0,4.6151411922135535e-09,0.0,0.0,27437.0,1.6646371839531853e-08,0.0,0.0,3046.0,2.4352716956755576e-10
4.0,6.0,0.0,1101.0,0.0,1.0198111950010843e-22,0.0,0.0,11153.0,2.769084715328132e-09,3.6447e-05,1.0,27437.0,1.4588787823103719e-05,0.0,0.0,3046.0,1.4611630174053346e-10
4.0,7.0,0.0,1101.0,0.0,6.118867170006505e-23,0.0,0.0,11153.0,1.661450829196879e-09,0.0,0.0,27437.0,8.753272693862231e-06,0.0,0.0,3046.0,8.766978104432007e-11
4.0,8.0,0.0,1101.0,0.0,3.671320302003903e-23,0.0,0.0,11153.0,9.968704975181273e-10,3.6447e-05,1.0,27437.0,1.983076361631734e-05,0.0,0.0,3046.0,5.260186862659204e-11
4.0,9.0,0.0,1101.0,0.0,2.202792181202342e-23,0.0,0.0,11153.0,5.981222985108764e-10,0.00021868299999999998,6.0,27437.0,9.93716581697904e-05,0.0,0.0,3046.0,3.156112117595522e-11
4.0,10.0,0.0,1101.0,0.0,1.3216753087214051e-23,0.0,0.0,11153.0,3.588733791065258e-10,7.2894e-05,2.0,27437.0,8.878059490187424e-05,0.0,0.0,3046.0,1.8936672705573132e-11
4.0,11.0,0.0,1101.0,0.0,7.93005185232843e-24,0.0,0.0,11153.0,2.1532402746391547e-10,3.6447e-05,1.0,27437.0,6.784715694112454e-05,0.0,0.0,3046.0,1.1362003623343879e-11
4.0,12.0,0.0,1101.0,0.0,4.758031111397058e-24,0.0,0.0,11153.0,1.2919441647834928e-10,3.6447e-05,1.0,27437.0,5.528709416467473e-05,0.0,0.0,3046.0,6.817202174006327e-12
4.0,13.0,0.0,1101.0,0.0,2.8548186668382345e-24,0.0,0.0,11153.0,7.751664988700957e-11,0.0,0.0,27437.0,3.3172256498804835e-05,0.0,0.0,3046.0,4.090321304403796e-12
4.0,14.0,0.0,1101.0,0.0,1.7128912001029407e-24,0.0,0.0,11153.0,4.650998993220574e-11,0.00010934100000000001,3.0,27437.0,6.36397538992829e-05,0.000328299,1.0,3046.0,0.00013131960245419278
4.0,15.0,0.000908265,1101.0,1.0,0.00036330600000000003,0.00017932400000000002,2.0,11153.0,7.172962790599397e-05,7.2894e-05,2.0,27437.0,6.734145233956975e-05,0.0013131979999999998,4.0,3046.0,0.0006040709614725157
4.0,16.0,0.0,1101.0,0.0,0.0002179836,0.000806958,9.0,11153.0,0.00036582097674359637,0.0,0.0,27437.0,4.040487140374185e-05,0.0,0.0,3046.0,0.0003624425768835094
4.0,17.0,0.0,1101.0,0.0,0.00013079016,0.000986282,11.0,11153.0,0.0006140053860461579,7.2894e-05,2.0,27437.0,5.340052284224511e-05,0.006237689,19.0,3046.0,0.002712541146130106
4.0,18.0,0.0,1101.0,0.0,7.847409599999999e-05,0.00017932400000000002,2.0,11153.0,0.00044013283162769475,0.000291577,8.0,27437.0,0.00014867111370534707,0.010177282,31.0,3046.0,0.0056984374876780635
4.0,19.0,0.0,1101.0,0.0,4.708445759999999e-05,0.0,0.0,11153.0,0.00026407969897661684,0.000692496,19.0,27437.0,0.00036620106822320825,0.0,0.0,3046.0,0.003419062492606838
4.0,20.0,0.0,1101.0,0.0,2.8250674559999993e-05,0.0,0.0,11153.0,0.0001584478193859701,0.00153078,42.0,27437.0,0.000832032640933925,0.008207485,25.0,3046.0,0.005334431495564103
4.0,21.0,0.0,1101.0,0.0,1.6950404735999996e-05,0.00017932400000000002,2.0,11153.0,0.00016679829163158207,0.0018952510000000001,52.0,27437.0,0.001257319984560355,0.000328299,1.0,3046.0,0.0033319784973384623
4.0,22.0,0.003633061,1101.0,4.0,0.0014633946428416,0.00035864800000000004,4.0,11153.0,0.00024353817497894926,0.002113934,58.0,27437.0,0.001599965590736213,0.0,0.0,3046.0,0.0019991870984030773
4.0,23.0,0.000908265,1101.0,1.0,0.00124134278570496,0.0,0.0,11153.0,0.00014612290498736954,0.001749462,48.0,27437.0,0.0016597641544417278,0.0,0.0,3046.0,0.0011995122590418464
4.0,24.0,0.00181653,1101.0,2.0,0.001471417671422976,0.0,0.0,11153.0,8.767374299242172e-05,0.00102052,28.0,27437.0,0.0014040664926650366,0.0,0.0,3046.0,0.0007197073554251078
4.0,25.0,0.0,1101.0,0.0,0.0008828506028537856,0.0,0.0,11153.0,5.2604245795453035e-05,0.001093414,30.0,27437.0,0.001279805495599022,0.0,0.0,3046.0,0.0004318244132550647
4.0,26.0,0.000908265,1101.0,1.0,0.0008930163617122714,8.966200000000001e-05,1.0,11153.0,6.742734747727181e-05,0.0018952510000000001,52.0,27437.0,0.0015259836973594133,0.0,0.0,3046.0,0.0002590946479530388
4.0,27.0,0.0,1101.0,0.0,0.0005358098170273628,0.000268986,3.0,11153.0,0.00014805080848636308,0.0008382839999999999,23.0,27437.0,0.001250903818415648,0.0,0.0,3046.0,0.00015545678877182327
4.0,28.0,0.0,1101.0,0.0,0.00032148589021641766,0.0,0.0,11153.0,8.883048509181784e-05,0.00040091800000000005,11.0,27437.0,0.0009109094910493888,0.0,0.0,3046.0,9.327407326309396e-05
4.0,29.0,0.000908265,1101.0,1.0,0.0005561975341298506,0.0,0.0,11153.0,5.3298291055090704e-05,0.0,0.0,27437.0,0.0005465456946296333,0.0,0.0,3046.0,5.596444395785637e-05
4.0,30.0,0.000908265,1101.0,1.0,0.0006970245204779104,0.0,0.0,11153.0,3.197897463305442e-05,0.0,0.0,27437.0,0.00032792741677778,0.0,0.0,3046.0,3.357866637471382e-05
4.0,31.0,0.0,1101.0,0.0,0.0004182147122867462,0.0,0.0,11153.0,1.918738477983265e-05,0.00010934100000000001,3.0,27437.0,0.000240492850066668,0.0,0.0,3046.0,2.0147199824828293e-05
4.0,32.0,0.0,1101.0,0.0,0.0002509288273720477,8.966200000000001e-05,1.0,11153.0,4.737723086789959e-05,0.0,0.0,27437.0,0.0001442957100400008,0.0,0.0,3046.0,1.2088319894896976e-05
4.0,33.0,0.0,1101.0,0.0,0.0001505572964232286,0.0,0.0,11153.0,2.8426338520739752e-05,0.0,0.0,27437.0,8.657742602400047e-05,0.000328299,1.0,3046.0,0.0001385725919369382
4.0,34.0,0.0,1101.0,0.0,9.033437785393716e-05,0.0,0.0,11153.0,1.705580311244385e-05,0.0,0.0,27437.0,5.194645561440028e-05,0.0,0.0,3046.0,8.31435551621629e-05
4.0,35.0,0.0,1101.0,0.0,5.42006267123623e-05,0.0,0.0,11153.0,1.0233481867466308e-05,0.00010934100000000001,3.0,27437.0,7.490427336864017e-05,0.0,0.0,3046.0,4.988613309729774e-05
4.0,36.0,0.0,1101.0,0.0,3.252037602741738e-05,0.0,0.0,11153.0,6.140089120479785e-06,0.0,0.0,27437.0,4.49425640211841e-05,0.0,0.0,3046.0,2.993167985837864e-05
4.0,37.0,0.0,1101.0,0.0,1.9512225616450427e-05,0.0,0.0,11153.0,3.6840534722878707e-06,7.2894e-05,2.0,27437.0,5.6123138412710456e-05,0.0,0.0,3046.0,1.7959007915027183e-05
4.0,38.0,0.0,1101.0,0.0,1.1707335369870256e-05,0.0,0.0,11153.0,2.2104320833727225e-06,0.0,0.0,27437.0,3.3673883047626274e-05,0.0,0.0,3046.0,1.077540474901631e-05
4.0,39.0,0.0,1101.0,0.0,7.024401221922154e-06,0.0,0.0,11153.0,1.3262592500236334e-06,0.0,0.0,27437.0,2.0204329828575762e-05,0.0,0.0,3046.0,6.4652428494097855e-06
4.0,40.0,0.0,1101.0,0.0,4.214640733153292e-06,0.0,0.0,11153.0,7.9575555001418e-07,0.0,0.0,27437.0,1.2122597897145458e-05,0.0,0.0,3046.0,3.8791457096458715e-06
4.0,41.0,0.0,1101.0,0.0,2.5287844398919755e-06,0.0,0.0,11153.0,4.77453330008508e-07,0.0,0.0,27437.0,7.273558738287274e-06,0.0,0.0,3046.0,2.3274874257875227e-06
4.0,42.0,0.0,1101.0,0.0,1.5172706639351852e-06,0.0,0.0,11153.0,2.864719980051048e-07,0.0,0.0,27437.0,4.364135242972364e-06,0.0,0.0,3046.0,1.3964924554725137e-06
4.0,43.0,0.0,1101.0,0.0,9.103623983611111e-07,0.0,0.0,11153.0,1.7188319880306287e-07,0.0,0.0,27437.0,2.6184811457834183e-06,0.0,0.0,3046.0,8.378954732835082e-07
4.0,44.0,0.0,1101.0,0.0,5.462174390166666e-07,0.0,0.0,11153.0,1.0312991928183771e-07,0.0,0.0,27437.0,1.571088687470051e-06,0.0,0.0,3046.0,5.027372839701049e-07
4.0,45.0,0.0,1101.0,0.0,3.2773046340999997e-07,0.0,0.0,11153.0,6.187795156910263e-08,0.0,0.0,27437.0,9.426532124820306e-07,0.0,0.0,3046.0,3.0164237038206296e-07
4.0,46.0,0.0,1101.0,0.0,1.9663827804599997e-07,0.0,0.0,11153.0,3.7126770941461575e-08,0.0,0.0,27437.0,5.655919274892184e-07,0.0,0.0,3046.0,1.8098542222923777e-07
4.0,47.0,0.0,1101.0,0.0,1.1798296682759997e-07,0.0,0.0,11153.0,2.2276062564876946e-08,0.0,0.0,27437.0,3.39355156493531e-07,0.0,0.0,3046.0,1.0859125333754266e-07
4.0,48.0,0.0,1101.0,0.0,7.078978009655998e-08,0.0,0.0,11153.0,1.3365637538926167e-08,0.0,0.0,27437.0,2.036130938961186e-07,0.0,0.0,3046.0,6.515475200252559e-08
4.0,49.0,0.0,1101.0,0.0,4.2473868057935986e-08,0.0,0.0,11153.0,8.0193825233557e-09,0.0,0.0,27437.0,1.2216785633767116e-07,0.0,0.0,3046.0,3.909285120151535e-08
4.0,50.0,0.0,1101.0,0.0,2.5484320834761592e-08,0.0,0.0,11153.0,4.8116295140134195e-09,0.0,0.0,27437.0,7.330071380260269e-08,0.0,0.0,3046.0,2.345571072090921e-08
4.0,51.0,0.0,1101.0,0.0,1.5290592500856954e-08,0.0,0.0,11153.0,2.8869777084080514e-09,0.0,0.0,27437.0,4.398042828156161e-08,0.0,0.0,3046.0,1.4073426432545525e-08
4.0,52.0,0.0,1101.0,0.0,9.174355500514173e-09,0.0,0.0,11153.0,1.7321866250448309e-09,0.0,0.0,27437.0,2.6388256968936966e-08,0.0,0.0,3046.0,8.444055859527316e-09
5.0,1.0,0.0,1085.0,0.0,5.504613300308504e-09,0.0,0.0,11153.0,1.0393119750268985e-09,0.0,0.0,27437.0,1.583295418136218e-08,0.0,0.0,3046.0,5.066433515716389e-09
5.0,2.0,0.0,1085.0,0.0,3.302767980185102e-09,0.0,0.0,11532.0,6.235871850161391e-10,0.0,0.0,27230.0,9.499772508817308e-09,0.0,0.0,3110.0,3.0398601094298333e-09
5.0,3.0,0.0,1085.0,0.0,1.981660788111061e-09,0.0,0.0,11532.0,3.7415231100968343e-10,0.0,0.0,27230.0,5.699863505290384e-09,0.0,0.0,3110.0,1.8239160656579e-09
5.0,4.0,0.0,1085.0,0.0,1.1889964728666365e-09,0.0,0.0,11532.0,2.2449138660581005e-10,0.0,0.0,27230.0,3.4199181031742305e-09,0.0,0.0,3110.0,1.0943496393947398e-09
5.0,5.0,0.0,1085.0,0.0,7.133978837199819e-10,0.0,0.0,11532.0,1.3469483196348602e-10,0.0,0.0,27230.0,2.051950861904538e-09,0.0,0.0,3110.0,6.566097836368439e-10
5.0,6.0,0.0,1085.0,0.0,4.280387302319891e-10,0.0,0.0,11532.0,8.081689917809161e-11,0.0,0.0,27230.0,1.2311705171427228e-09,0.0,0.0,3110.0,3.9396587018210634e-10
5.0,7.0,0.0,1085.0,0.0,2.568232381391934e-10,0.0,0.0,11532.0,4.849013950685497e-11,0.0,0.0,27230.0,7.387023102856336e-10,0.0,0.0,3110.0,2.3637952210926377e-10
5.0,8.0,0.0,1085.0,0.0,1.5409394288351605e-10,0.0,0.0,11532.0,2.909408370411298e-11,0.0,0.0,27230.0,4.4322138617138015e-10,0.0,0.0,3110.0,1.4182771326555825e-10
5.0,9.0,0.0,1085.0,0.0,9.245636573010963e-11,0.0,0.0,11532.0,1.7456450222467786e-11,0.0,0.0,27230.0,2.659328317028281e-10,0.0,0.0,3110.0,8.509662795933495e-11
5.0,10.0,0.0,1085.0,0.0,5.547381943806578e-11,0.0,0.0,11532.0,1.0473870133480672e-11,0.0,0.0,27230.0,1.5955969902169685e-10,0.0,0.0,3110.0,5.105797677560097e-11
5.0,11.0,0.0,1085.0,0.0,3.3284291662839466e-11,0.0,0.0,11532.0,6.284322080088403e-12,0.0,0.0,27230.0,9.573581941301811e-11,0.0,0.0,3110.0,3.063478606536058e-11
5.0,12.0,0.0,1085.0,0.0,1.9970574997703678e-11,0.0,0.0,11532.0,3.770593248053042e-12,0.0,0.0,27230.0,5.7441491647810864e-11,0.0,0.0,3110.0,1.8380871639216346e-11
5.0,13.0,0.0,1085.0,0.0,1.1982344998622206e-11,0.0,0.0,11532.0,2.262355948831825e-12,0.0,0.0,27230.0,3.446489498868652e-11,0.0,0.0,3110.0,1.1028522983529808e-11
5.0,14.0,0.0,1085.0,0.0,7.1894069991733235e-12,0.0,0.0,11532.0,1.3574135692990949e-12,0.0,0.0,27230.0,2.067893699321191e-11,0.0,0.0,3110.0,6.617113790117885e-12
5.0,15.0,0.0,1085.0,0.0,4.313644199503994e-12,0.0,0.0,11532.0,8.144481415794569e-13,0.0,0.0,27230.0,1.2407362195927147e-11,0.0,0.0,3110.0,3.9702682740707305e-12
5.0,16.0,0.0,1085.0,0.0,2.588186519702396e-12,0.0,0.0,11532.0,4.886688849476742e-13,0.0,0.0,27230.0,7.444417317556288e-12,0.0,0.0,3110.0,2.3821609644424384e-12
5.0,17.0,0.0,1085.0,0.0,1.5529119118214376e-12,0.0,0.0,11532.0,2.932013309686045e-13,0.00011017299999999999,3.0,27230.0,4.406920446665039e-05,0.00096463,3.0,3110.0,0.0003858520014292966
5.0,18.0,0.0,1085.0,0.0,9.317471470928625e-13,0.0,0.0,11532.0,1.759207985811627e-13,0.000146897,4.0,27230.0,8.520032267999024e-05,0.00192926,6.0,3110.0,0.001003215200857578
5.0,19.0,0.0,1085.0,0.0,5.590482882557175e-13,0.00017343,2.0,11532.0,6.937200010555247e-05,0.000514139,14.0,27230.0,0.00025677579360799415,0.000321543,1.0,3110.0,0.0007305463205145468
5.0,20.0,0.0,1085.0,0.0,3.354289729534305e-13,0.00017343,2.0,11532.0,0.00011099520006333148,0.000587587,16.0,27230.0,0.0003891002761647965,0.0,0.0,3110.0,0.00043832779230872803
5.0,21.0,0.0,1085.0,0.0,2.0125738377205828e-13,8.6715e-05,1.0,11532.0,0.00010128312003799888,0.000624311,17.0,27230.0,0.00048318456569887793,0.000643087,2.0,3110.0,0.0005202314753852368
5.0,22.0,0.0009216589999999999,1085.0,1.0,0.0003686636001207544,8.6715e-05,1.0,11532.0,9.545587202279933e-05,0.000367242,10.0,27230.0,0.0004368075394193268,0.000321543,1.0,3110.0,0.00044075608523114207
5.0,23.0,0.0,1085.0,0.0,0.0002211981600724526,0.0,0.0,11532.0,5.7273523213679595e-05,7.3448e-05,2.0,27230.0,0.0002914637236515961,0.000321543,1.0,3110.0,0.0003930708511386852
5.0,24.0,0.0,1085.0,0.0,0.00013271889604347156,0.0,0.0,11532.0,3.4364113928207754e-05,0.0,0.0,27230.0,0.00017487823419095767,0.0,0.0,3110.0,0.00023584251068321113
5.0,25.0,0.0,1085.0,0.0,7.963133762608293e-05,0.0,0.0,11532.0,2.0618468356924653e-05,3.6724e-05,1.0,27230.0,0.0001196165405145746,0.000321543,1.0,3110.0,0.0002701227064099267
5.0,26.0,0.0,1085.0,0.0,4.777880257564976e-05,0.0,0.0,11532.0,1.2371081014154792e-05,0.0,0.0,27230.0,7.176992430874476e-05,0.0,0.0,3110.0,0.000162073623845956
5.0,27.0,0.0,1085.0,0.0,2.8667281545389855e-05,0.0,0.0,11532.0,7.422648608492875e-06,7.3448e-05,2.0,27230.0,7.244115458524686e-05,0.0,0.0,3110.0,9.72441743075736e-05
5.0,28.0,0.0,1085.0,0.0,1.720036892723391e-05,0.0,0.0,11532.0,4.4535891650957245e-06,0.0,0.0,27230.0,4.3464692751148115e-05,0.0,0.0,3110.0,5.834650458454416e-05
5.0,29.0,0.0,1085.0,0.0,1.0320221356340346e-05,0.0,0.0,11532.0,2.6721534990574348e-06,7.3448e-05,2.0,27230.0,5.545801565068887e-05,0.0,0.0,3110.0,3.500790275072649e-05
5.0,30.0,0.0,1085.0,0.0,6.192132813804208e-06,0.0,0.0,11532.0,1.6032920994344608e-06,3.6724e-05,1.0,27230.0,4.7964409390413324e-05,0.0,0.0,3110.0,2.1004741650435897e-05
5.0,31.0,0.0009216589999999999,1085.0,1.0,0.0003723788796882825,0.0,0.0,11532.0,9.619752596606764e-07,0.0,0.0,27230.0,2.8778645634247994e-05,0.0,0.0,3110.0,1.2602844990261537e-05
5.0,32.0,0.0,1085.0,0.0,0.00022342732781296948,0.0,0.0,11532.0,5.771851557964058e-07,0.0,0.0,27230.0,1.7267187380548797e-05,0.0,0.0,3110.0,7.561706994156922e-06
5.0,33.0,0.0,1085.0,0.0,0.00013405639668778168,0.0,0.0,11532.0,3.4631109347784345e-07,0.0,0.0,27230.0,1.0360312428329278e-05,0.0,0.0,3110.0,4.537024196494153e-06
5.0,34.0,0.0,1085.0,0.0,8.0433838012669e-05,0.0,0.0,11532.0,2.0778665608670605e-07,0.0,0.0,27230.0,6.216187456997567e-06,0.0,0.0,3110.0,2.7222145178964916e-06
5.0,35.0,0.0,1085.0,0.0,4.8260302807601403e-05,0.0,0.0,11532.0,1.2467199365202362e-07,0.0,0.0,27230.0,3.72971247419854e-06,0.0,0.0,3110.0,1.633328710737895e-06
5.0,36.0,0.0,1085.0,0.0,2.895618168456084e-05,0.0,0.0,11532.0,7.480319619121416e-08,0.0,0.0,27230.0,2.2378274845191238e-06,0.0,0.0,3110.0,9.79997226442737e-07
5.0,37.0,0.0,1085.0,0.0,1.7373709010736502e-05,0.0,0.0,11532.0,4.488191771472849e-08,0.0,0.0,27230.0,1.3426964907114743e-06,0.0,0.0,3110.0,5.879983358656422e-07
5.0,38.0,0.0,1085.0,0.0,1.0424225406441901e-05,0.0,0.0,11532.0,2.6929150628837095e-08,0.0,0.0,27230.0,8.056178944268846e-07,0.0,0.0,3110.0,3.527990015193853e-07
5.0,39.0,0.0,1085.0,0.0,6.254535243865141e-06,0.0,0.0,11532.0,1.6157490377302258e-08,0.0,0.0,27230.0,4.833707366561307e-07,0.0,0.0,3110.0,2.116794009116312e-07
5.0,40.0,0.0,1085.0,0.0,3.7527211463190844e-06,0.0,0.0,11532.0,9.694494226381355e-09,0.0,0.0,27230.0,2.900224419936784e-07,0.0,0.0,3110.0,1.270076405469787e-07
5.0,41.0,0.0,1085.0,0.0,2.2516326877914505e-06,0.0,0.0,11532.0,5.816696535828813e-09,0.0,0.0,27230.0,1.7401346519620703e-07,0.0,0.0,3110.0,7.620458432818723e-08
5.0,42.0,0.0,1085.0,0.0,1.3509796126748703e-06,0.0,0.0,11532.0,3.4900179214972876e-09,0.0,0.0,27230.0,1.0440807911772421e-07,0.0,0.0,3110.0,4.5722750596912335e-08
5.0,43.0,0.0,1085.0,0.0,8.105877676049221e-07,0.0,0.0,11532.0,2.0940107528983723e-09,0.0,0.0,27230.0,6.264484747063452e-08,0.0,0.0,3110.0,2.74336503581474e-08
5.0,44.0,0.0,1085.0,0.0,4.863526605629533e-07,0.0,0.0,11532.0,1.2564064517390233e-09,0.0,0.0,27230.0,3.758690848238071e-08,0.0,0.0,3110.0,1.646019021488844e-08
5.0,45.0,0.0,1085.0,0.0,2.9181159633777195e-07,0.0,0.0,11532.0,7.538438710434139e-10,0.0,0.0,27230.0,2.2552145089428427e-08,0.0,0.0,3110.0,9.876114128933064e-09
5.0,46.0,0.0,1085.0,0.0,1.7508695780266315e-07,0.0,0.0,11532.0,4.5230632262604833e-10,0.0,0.0,27230.0,1.3531287053657055e-08,0.0,0.0,3110.0,5.925668477359838e-09
5.0,47.0,0.0,1085.0,0.0,1.0505217468159789e-07,0.0,0.0,11532.0,2.71383793575629e-10,0.0,0.0,27230.0,8.118772232194233e-09,0.0,0.0,3110.0,3.5554010864159025e-09
5.0,48.0,0.0,1085.0,0.0,6.303130480895873e-08,0.0,0.0,11532.0,1.628302761453774e-10,0.0,0.0,27230.0,4.8712633393165395e-09,0.0,0.0,3110.0,2.1332406518495413e-09
5.0,49.0,0.0,1085.0,0.0,3.7818782885375236e-08,0.0,0.0,11532.0,9.769816568722644e-11,0.0,0.0,27230.0,2.9227580035899235e-09,0.0,0.0,3110.0,1.2799443911097248e-09
5.0,50.0,0.0,1085.0,0.0,2.269126973122514e-08,0.0,0.0,11532.0,5.861889941233587e-11,0.0,0.0,27230.0,1.753654802153954e-09,0.0,0.0,3110.0,7.679666346658348e-10
5.0,51.0,0.0,1085.0,0.0,1.3614761838735085e-08,0.0,0.0,11532.0,3.517133964740152e-11,0.0,0.0,27230.0,1.0521928812923724e-09,0.0,0.0,3110.0,4.6077998079950087e-10
5.0,52.0,0.0,1085.0,0.0,8.16885710324105e-09,0.0,0.0,11532.0,2.110280378844091e-11,0.0,0.0,27230.0,6.313157287754234e-10,0.0,0.0,3110.0,2.764679884797005e-10
6.0,1.0,0.0,1072.0,0.0,4.90131426194463e-09,0.0,0.0,11532.0,1.2661682273064545e-11,0.0,0.0,27230.0,3.78789437265254e-10,0.0,0.0,3110.0,1.658807930878203e-10
6.0,2.0,0.0,1072.0,0.0,2.9407885571667777e-09,0.0,0.0,11894.0,7.597009363838727e-12,0.0,0.0,26982.0,2.272736623591524e-10,0.0,0.0,3170.0,9.952847585269218e-11
6.0,3.0,0.0,1072.0,0.0,1.7644731343000665e-09,0.0,0.0,11894.0,4.558205618303236e-12,0.0,0.0,26982.0,1.3636419741549145e-10,0.0,0.0,3170.0,5.97170855116153e-11
6.0,4.0,0.0,1072.0,0.0,1.0586838805800398e-09,0.0,0.0,11894.0,2.7349233709819417e-12,0.0,0.0,26982.0,8.181851844929487e-11,0.0,0.0,3170.0,3.583025130696918e-11
6.0,5.0,0.0,1072.0,0.0,6.352103283480238e-10,0.0,0.0,11894.0,1.6409540225891648e-12,0.0,0.0,26982.0,4.909111106957692e-11,0.0,0.0,3170.0,2.1498150784181507e-11
6.0,6.0,0.0,1072.0,0.0,3.811261970088143e-10,0.0,0.0,11894.0,9.845724135534988e-13,0.0,0.0,26982.0,2.945466664174615e-11,0.0,0.0,3170.0,1.2898890470508904e-11
6.0,7.0,0.0,1072.0,0.0,2.2867571820528855e-10,0.0,0.0,11894.0,5.907434481320993e-13,0.0,0.0,26982.0,1.767279998504769e-11,0.0,0.0,3170.0,7.739334282305342e-12
6.0,8.0,0.0,1072.0,0.0,1.3720543092317313e-10,0.0,0.0,11894.0,3.5444606887925956e-13,0.0,0.0,26982.0,1.0603679991028613e-11,0.0,0.0,3170.0,4.643600569383205e-12
6.0,9.0,0.0,1072.0,0.0,8.232325855390388e-11,0.0,0.0,11894.0,2.1266764132755573e-13,0.0,0.0,26982.0,6.362207994617168e-12,0.0,0.0,3170.0,2.786160341629923e-12
6.0,10.0,0.0,1072.0,0.0,4.9393955132342325e-11,0.0,0.0,11894.0,1.2760058479653343e-13,0.0,0.0,26982.0,3.8173247967703004e-12,0.0,0.0,3170.0,1.6716962049779538e-12
6.0,11.0,0.0,1072.0,0.0,2.963637307940539e-11,0.0,0.0,11894.0,7.656035087792006e-14,3.7062e-05,1.0,26982.0,1.482480229039488e-05,0.0,0.0,3170.0,1.0030177229867722e-12
6.0,12.0,0.0,1072.0,0.0,1.7781823847643233e-11,0.0,0.0,11894.0,4.5936210526752036e-14,0.0,0.0,26982.0,8.894881374236927e-06,0.0,0.0,3170.0,6.018106337920633e-13
6.0,13.0,0.0,1072.0,0.0,1.066909430858594e-11,0.0,0.0,11894.0,2.756172631605122e-14,0.0,0.0,26982.0,5.336928824542156e-06,0.0,0.0,3170.0,3.61086380275238e-13
6.0,14.0,0.0,1072.0,0.0,6.401456585151564e-12,8.4076e-05,1.0,11894.0,3.363040001653704e-05,3.7062e-05,1.0,26982.0,1.8026957294725295e-05,0.0,0.0,3170.0,2.1665182816514278e-13
6.0,15.0,0.0,1072.0,0.0,3.840873951090938e-12,8.4076e-05,1.0,11894.0,5.3808640009922226e-05,3.7062e-05,1.0,26982.0,2.5640974376835176e-05,0.000315457,1.0,3170.0,0.0001261828001299911
6.0,16.0,0.0,1072.0,0.0,2.304524370654563e-12,8.4076e-05,1.0,11894.0,6.591558400595335e-05,7.412300000000001e-05,2.0,26982.0,4.503378462610111e-05,0.0,0.0,3170.0,7.570968007799465e-05
6.0,17.0,0.0,1072.0,0.0,1.3827146223927377e-12,0.0,0.0,11894.0,3.9549350403572007e-05,3.7062e-05,1.0,26982.0,4.184507077566067e-05,0.0,0.0,3170.0,4.542580804679679e-05
6.0,18.0,0.000932836,1072.0,1.0,0.00037313440082962883,0.00042038,5.0,11894.0,0.0001918816102421432,7.412300000000001e-05,2.0,26982.0,5.475624246539641e-05,0.000315457,1.0,3170.0,0.00015343828482807808
6.0,19.0,0.002798507,1072.0,3.0,0.0013432834404977774,0.000168152,2.0,11894.0,0.00018238976614528592,0.000185309,5.0,26982.0,0.00010697734547923784,0.000946372,3.0,3170.0,0.0004706117708968469
6.0,20.0,0.0,1072.0,0.0,0.0008059700642986664,0.000756684,9.0,11894.0,0.00041210745968717156,3.7062e-05,1.0,26982.0,7.901120728754271e-05,0.000630915,2.0,3170.0,0.0005347330625381082
6.0,21.0,0.000932836,1072.0,1.0,0.0008567164385791999,0.000588532,7.0,11894.0,0.00048267727581230294,0.00025943200000000003,7.0,26982.0,0.00015117952437252564,0.0015772870000000001,5.0,3170.0,0.000951754637522865
6.0,22.0,0.0,1072.0,0.0,0.0005140298631475199,8.4076e-05,1.0,11894.0,0.0003232367654873818,0.00044474099999999996,12.0,26982.0,0.0002686041146235154,0.004100945999999999,13.0,3170.0,0.002211431182513719
6.0,23.0,0.0,1072.0,0.0,0.0003084179178885119,0.000504456,6.0,11894.0,0.0003957244592924291,0.000111185,3.0,26982.0,0.00020563646877410925,0.000630915,2.0,3170.0,0.0015792247095082312
6.0,24.0,0.0,1072.0,0.0,0.00018505075073310713,0.000252228,3.0,11894.0,0.00033832587557545746,0.000148247,4.0,26982.0,0.00018268068126446556,0.0,0.0,3170.0,0.0009475348257049387
6.0,25.0,0.0,1072.0,0.0,0.00011103045043986428,8.4076e-05,1.0,11894.0,0.0002366259253452745,0.000704173,19.0,26982.0,0.00039127760875867936,0.0,0.0,3170.0,0.0005685208954229632
6.0,26.0,0.0,1072.0,0.0,6.661827026391856e-05,8.4076e-05,1.0,11894.0,0.00017560595520716468,0.00025943200000000003,7.0,26982.0,0.0003385393652552076,0.0,0.0,3170.0,0.0003411125372537779
6.0,27.0,0.001865672,1072.0,2.0,0.0007862397621583512,0.0,0.0,11894.0,0.00010536357312429881,7.412300000000001e-05,2.0,26982.0,0.00023277281915312458,0.000315457,1.0,3170.0,0.0003308503223522667
6.0,28.0,0.000932836,1072.0,1.0,0.0008448782572950107,8.4076e-05,1.0,11894.0,9.684854387457929e-05,0.000185309,5.0,26982.0,0.00021378729149187475,0.000315457,1.0,3170.0,0.00032469299341136
6.0,29.0,0.0,1072.0,0.0,0.0005069269543770063,8.4076e-05,1.0,11894.0,9.173952632474758e-05,0.00025943200000000003,7.0,26982.0,0.00023204517489512486,0.000315457,1.0,3170.0,0.00032099859604681604
6.0,30.0,0.0,1072.0,0.0,0.0003041561726262038,0.0,0.0,11894.0,5.5043715794848546e-05,0.000148247,4.0,26982.0,0.00019852590493707491,0.000630915,2.0,3170.0,0.00044496515762808964
6.0,31.0,0.0,1072.0,0.0,0.00018249370357572228,0.0,0.0,11894.0,3.3026229476909126e-05,3.7062e-05,1.0,26982.0,0.00013394034296224496,0.0,0.0,3170.0,0.00026697909457685376
6.0,32.0,0.0,1072.0,0.0,0.00010949622214543337,8.4076e-05,1.0,11894.0,5.3446137686145474e-05,0.0,0.0,26982.0,8.036420577734698e-05,0.000315457,1.0,3170.0,0.00028637025674611226
6.0,33.0,0.0,1072.0,0.0,6.569773328726002e-05,8.4076e-05,1.0,11894.0,6.569808261168729e-05,0.0,0.0,26982.0,4.8218523466408185e-05,0.000630915,2.0,3170.0,0.00042418815404766735
6.0,34.0,0.0,1072.0,0.0,3.941863997235601e-05,0.0,0.0,11894.0,3.941884956701237e-05,0.0,0.0,26982.0,2.893111407984491e-05,0.0,0.0,3170.0,0.0002545128924286004
6.0,35.0,0.0,1072.0,0.0,2.3651183983413605e-05,0.0,0.0,11894.0,2.365130974020742e-05,0.000185309,5.0,26982.0,9.148226844790696e-05,0.0,0.0,3170.0,0.00015270773545716023
6.0,36.0,0.0,1072.0,0.0,1.4190710390048162e-05,8.4076e-05,1.0,11894.0,4.7821185844124454e-05,0.0,0.0,26982.0,5.4889361068744174e-05,0.0,0.0,3170.0,9.162464127429613e-05
6.0,37.0,0.0,1072.0,0.0,8.514426234028897e-06,0.0,0.0,11894.0,2.869271150647467e-05,3.7062e-05,1.0,26982.0,4.775841664124651e-05,0.0,0.0,3170.0,5.4974784764577675e-05
6.0,38.0,0.0,1072.0,0.0,5.108655740417338e-06,0.0,0.0,11894.0,1.7215626903884802e-05,3.7062e-05,1.0,26982.0,4.3479849984747905e-05,0.0,0.0,3170.0,3.29848708587466e-05
6.0,39.0,0.0,1072.0,0.0,3.0651934442504027e-06,0.0,0.0,11894.0,1.032937614233088e-05,0.0,0.0,26982.0,2.6087909990848743e-05,0.0,0.0,3170.0,1.979092251524796e-05
6.0,40.0,0.0,1072.0,0.0,1.8391160665502414e-06,0.0,0.0,11894.0,6.197625685398528e-06,3.7062e-05,1.0,26982.0,3.0477545994509244e-05,0.0,0.0,3170.0,1.1874553509148777e-05
6.0,41.0,0.0,1072.0,0.0,1.1034696399301449e-06,0.0,0.0,11894.0,3.7185754112391167e-06,0.0,0.0,26982.0,1.8286527596705545e-05,0.0,0.0,3170.0,7.124732105489265e-06
6.0,42.0,0.0,1072.0,0.0,6.620817839580869e-07,0.0,0.0,11894.0,2.2311452467434698e-06,0.0,0.0,26982.0,1.0971916558023327e-05,0.0,0.0,3170.0,4.274839263293559e-06
6.0,43.0,0.0,1072.0,0.0,3.972490703748521e-07,0.0,0.0,11894.0,1.3386871480460817e-06,0.0,0.0,26982.0,6.583149934813996e-06,0.0,0.0,3170.0,2.564903557976135e-06
6.0,44.0,0.0,1072.0,0.0,2.3834944222491126e-07,0.0,0.0,11894.0,8.03212288827649e-07,0.0,0.0,26982.0,3.949889960888397e-06,0.0,0.0,3170.0,1.538942134785681e-06
6.0,45.0,0.0,1072.0,0.0,1.4300966533494675e-07,0.0,0.0,11894.0,4.819273732965894e-07,0.0,0.0,26982.0,2.3699339765330382e-06,0.0,0.0,3170.0,9.233652808714086e-07
6.0,46.0,0.0,1072.0,0.0,8.580579920096805e-08,0.0,0.0,11894.0,2.891564239779536e-07,0.0,0.0,26982.0,1.4219603859198228e-06,0.0,0.0,3170.0,5.540191685228451e-07
6.0,47.0,0.0,1072.0,0.0,5.148347952058083e-08,0.0,0.0,11894.0,1.7349385438677216e-07,0.0,0.0,26982.0,8.531762315518936e-07,0.0,0.0,3170.0,3.3241150111370707e-07
6.0,48.0,0.0,1072.0,0.0,3.0890087712348493e-08,0.0,0.0,11894.0,1.0409631263206329e-07,0.0,0.0,26982.0,5.119057389311362e-07,0.0,0.0,3170.0,1.9944690066822425e-07
6.0,49.0,0.0,1072.0,0.0,1.8534052627409095e-08,0.0,0.0,11894.0,6.245778757923797e-08,0.0,0.0,26982.0,3.071434433586817e-07,0.0,0.0,3170.0,1.1966814040093454e-07
6.0,50.0,0.0,1072.0,0.0,1.1120431576445456e-08,0.0,0.0,11894.0,3.747467254754278e-08,0.0,0.0,26982.0,1.8428606601520902e-07,0.0,0.0,3170.0,7.180088424056072e-08
6.0,51.0,0.0,1072.0,0.0,6.672258945867273e-09,0.0,0.0,11894.0,2.248480352852567e-08,0.0,0.0,26982.0,1.1057163960912541e-07,0.0,0.0,3170.0,4.308053054433643e-08
6.0,52.0,0.0,1072.0,0.0,4.003355367520364e-09,0.0,0.0,11894.0,1.3490882117115401e-08,0.0,0.0,26982.0,6.634298376547525e-08,0.0,0.0,3170.0,2.5848318326601855e-08
7.0,1.0,0.0,1047.0,0.0,2.4020132205122183e-09,0.0,0.0,11894.0,8.09452927026924e-09,0.0,0.0,26982.0,3.980579025928515e-08,0.0,0.0,3170.0,1.5508990995961113e-08
7.0,2.0,0.0,1047.0,0.0,1.4412079323073309e-09,0.0,0.0,11408.0,4.8567175621615446e-09,0.0,0.0,27103.0,2.388347415557109e-08,0.0,0.0,3091.0,9.305394597576667e-09
7.0,3.0,0.0,1047.0,0.0,8.647247593843985e-10,0.0,0.0,11408.0,2.914030537296927e-09,0.0,0.0,27103.0,1.4330084493342652e-08,0.0,0.0,3091.0,5.5832367585459996e-09
7.0,4.0,0.0,1047.0,0.0,5.188348556306391e-10,0.0,0.0,11408.0,1.748418322378156e-09,0.0,0.0,27103.0,8.598050696005591e-09,0.0,0.0,3091.0,3.3499420551275995e-09
7.0,5.0,0.0,1047.0,0.0,3.1130091337838344e-10,0.0,0.0,11408.0,1.0490509934268936e-09,0.0,0.0,27103.0,5.1588304176033545e-09,0.0,0.0,3091.0,2.0099652330765596e-09
7.0,6.0,0.0,1047.0,0.0,1.8678054802703005e-10,0.0,0.0,11408.0,6.294305960561361e-10,0.0,0.0,27103.0,3.0952982505620127e-09,0.0,0.0,3091.0,1.2059791398459356e-09
7.0,7.0,0.0,1047.0,0.0,1.1206832881621802e-10,0.0,0.0,11408.0,3.7765835763368163e-10,0.0,0.0,27103.0,1.8571789503372075e-09,0.0,0.0,3091.0,7.235874839075613e-10
7.0,8.0,0.0,1047.0,0.0,6.724099728973081e-11,0.0,0.0,11408.0,2.2659501458020896e-10,0.0,0.0,27103.0,1.1143073702023244e-09,0.0,0.0,3091.0,4.341524903445368e-10
7.0,9.0,0.0,1047.0,0.0,4.0344598373838486e-11,0.0,0.0,11408.0,1.3595700874812538e-10,0.0,0.0,27103.0,6.685844221213946e-10,0.0,0.0,3091.0,2.6049149420672204e-10
7.0,10.0,0.0,1047.0,0.0,2.420675902430309e-11,0.0,0.0,11408.0,8.157420524887523e-11,0.0,0.0,27103.0,4.011506532728367e-10,0.0,0.0,3091.0,1.5629489652403323e-10
7.0,11.0,0.0,1047.0,0.0,1.4524055414581854e-11,0.0,0.0,11408.0,4.8944523149325133e-11,0.0,0.0,27103.0,2.40690391963702e-10,0.0,0.0,3091.0,9.377693791441993e-11
7.0,12.0,0.0,1047.0,0.0,8.714433248749112e-12,0.0,0.0,11408.0,2.936671388959508e-11,0.0,0.0,27103.0,1.444142351782212e-10,0.0,0.0,3091.0,5.626616274865196e-11
7.0,13.0,0.0,1047.0,0.0,5.228659949249467e-12,0.0,0.0,11408.0,1.7620028333757047e-11,0.0,0.0,27103.0,8.664854110693271e-11,0.0,0.0,3091.0,3.375969764919117e-11
7.0,14.0,0.0,1047.0,0.0,3.1371959695496804e-12,0.0,0.0,11408.0,1.0572017000254227e-11,0.0,0.0,27103.0,5.198912466415962e-11,0.0,0.0,3091.0,2.0255818589514703e-11
7.0,15.0,0.0,1047.0,0.0,1.882317581729808e-12,0.0,0.0,11408.0,6.343210200152536e-12,0.0,0.0,27103.0,3.119347479849577e-11,0.0,0.0,3091.0,1.2153491153708821e-11
7.0,16.0,0.0,1047.0,0.0,1.1293905490378848e-12,0.0,0.0,11408.0,3.8059261200915215e-12,0.0,0.0,27103.0,1.8716084879097462e-11,0.0,0.0,3091.0,7.292094692225293e-12
7.0,17.0,0.0,1047.0,0.0,6.776343294227309e-13,0.0,0.0,11408.0,2.2835556720549126e-12,0.0,0.0,27103.0,1.1229650927458477e-11,0.0,0.0,3091.0,4.3752568153351755e-12
7.0,18.0,0.0,1047.0,0.0,4.065805976536385e-13,0.0,0.0,11408.0,1.3701334032329475e-12,0.0,0.0,27103.0,6.737790556475086e-12,0.0,0.0,3091.0,2.6251540892011053e-12
7.0,19.0,0.0,1047.0,0.0,2.439483585921831e-13,0.0,0.0,11408.0,8.220800419397684e-13,0.0,0.0,27103.0,4.042674333885051e-12,0.0,0.0,3091.0,1.5750924535206632e-12
7.0,20.0,0.0,1047.0,0.0,1.4636901515530987e-13,0.0,0.0,11408.0,4.93248025163861e-13,0.0,0.0,27103.0,2.425604600331031e-12,0.0,0.0,3091.0,9.45055472112398e-13
7.0,21.0,0.0,1047.0,0.0,8.782140909318592e-14,0.0,0.0,11408.0,2.959488150983166e-13,0.0,0.0,27103.0,1.4553627601986185e-12,0.0,0.0,3091.0,5.670332832674387e-13
7.0,22.0,0.0,1047.0,0.0,5.269284545591155e-14,0.0,0.0,11408.0,1.7756928905898997e-13,0.0,0.0,27103.0,8.73217656119171e-13,0.0,0.0,3091.0,3.4021996996046323e-13
7.0,23.0,0.0,1047.0,0.0,3.161570727354693e-14,0.0,0.0,11408.0,1.0654157343539397e-13,0.0,0.0,27103.0,5.239305936715026e-13,0.0,0.0,3091.0,2.0413198197627792e-13
7.0,24.0,0.0,1047.0,0.0,1.8969424364128156e-14,0.0,0.0,11408.0,6.392494406123638e-14,0.0,0.0,27103.0,3.1435835620290154e-13,0.0,0.0,3091.0,1.2247918918576676e-13
7.0,25.0,0.0,1047.0,0.0,1.1381654618476894e-14,0.0,0.0,11408.0,3.8354966436741825e-14,0.0,0.0,27103.0,1.8861501372174092e-13,0.0,0.0,3091.0,7.348751351146005e-14
7.0,26.0,0.0,1047.0,0.0,6.828992771086136e-15,8.765799999999999e-05,1.0,11408.0,3.506320002301298e-05,3.6896e-05,1.0,27103.0,1.4758400113169008e-05,0.0,0.0,3091.0,4.4092508106876025e-14
7.0,27.0,0.0,1047.0,0.0,4.097395662651682e-15,0.0,0.0,11408.0,2.1037920013807784e-05,0.000147585,4.0,27103.0,6.78890400679014e-05,0.0,0.0,3091.0,2.6455504864125613e-14
7.0,28.0,0.0,1047.0,0.0,2.4584373975910088e-15,0.0,0.0,11408.0,1.2622752008284671e-05,7.3793e-05,2.0,27103.0,7.025062404074085e-05,0.0,0.0,3091.0,1.5873302918475367e-14
7.0,29.0,0.0,1047.0,0.0,1.4750624385546052e-15,8.765799999999999e-05,1.0,11408.0,4.2636851204970804e-05,0.00033206699999999996,9.0,27103.0,0.0001749771744244445,0.00064704,2.0,3091.0,0.00025881600000952394
7.0,30.0,0.0,1047.0,0.0,8.85037463132763e-16,8.765799999999999e-05,1.0,11408.0,6.0645310722982486e-05,0.00047965199999999995,13.0,27103.0,0.0002968471046546667,0.00064704,2.0,3091.0,0.00041410560000571434
7.0,31.0,0.0,1047.0,0.0,5.310224778796578e-16,0.0,0.0,11408.0,3.638718643378949e-05,0.00033206699999999996,9.0,27103.0,0.00031093506279279996,0.00032352,1.0,3091.0,0.00037787136000342854
7.0,32.0,0.0,1047.0,0.0,3.186134867277947e-16,8.765799999999999e-05,1.0,11408.0,5.689551186027369e-05,0.000258274,7.0,27103.0,0.00028987063767567996,0.00064704,2.0,3091.0,0.0004855388160020571
7.0,33.0,0.00095511,1047.0,1.0,0.00038204400000019115,8.765799999999999e-05,1.0,11408.0,6.920050711616422e-05,7.3793e-05,2.0,27103.0,0.00020343958260540796,0.0,0.0,3091.0,0.00029132328960123423
7.0,34.0,0.0,1047.0,0.0,0.00022922640000011467,0.00017531599999999999,2.0,11408.0,0.00011164670426969853,0.0,0.0,27103.0,0.00012206374956324477,0.0,0.0,3091.0,0.00017479397376074054
7.0,35.0,0.0,1047.0,0.0,0.0001375358400000688,8.765799999999999e-05,1.0,11408.0,0.00010205122256181912,0.000147585,4.0,27103.0,0.00013227224973794686,0.0,0.0,3091.0,0.00010487638425644432
7.0,36.0,0.0,1047.0,0.0,8.252150400004126e-05,0.0,0.0,11408.0,6.123073353709147e-05,7.3793e-05,2.0,27103.0,0.0001088805498427681,0.0,0.0,3091.0,6.292583055386659e-05
7.0,37.0,0.0,1047.0,0.0,4.951290240002476e-05,0.0,0.0,11408.0,3.673844012225488e-05,7.3793e-05,2.0,27103.0,9.484552990566086e-05,0.0,0.0,3091.0,3.7755498332319956e-05
7.0,38.0,0.0,1047.0,0.0,2.970774144001485e-05,0.0,0.0,11408.0,2.2043064073352925e-05,0.0,0.0,27103.0,5.6907317943396514e-05,0.0,0.0,3091.0,2.2653298999391972e-05
7.0,39.0,0.0,1047.0,0.0,1.782464486400891e-05,0.0,0.0,11408.0,1.3225838444011754e-05,0.0,0.0,27103.0,3.4144390766037906e-05,0.0,0.0,3091.0,1.3591979399635183e-05
7.0,40.0,0.0,1047.0,0.0,1.0694786918405346e-05,0.0,0.0,11408.0,7.935503066407051e-06,0.0,0.0,27103.0,2.048663445962274e-05,0.0,0.0,3091.0,8.15518763978111e-06
7.0,41.0,0.0,1047.0,0.0,6.416872151043207e-06,0.0,0.0,11408.0,4.761301839844231e-06,0.0,0.0,27103.0,1.2291980675773645e-05,0.0,0.0,3091.0,4.8931125838686655e-06
7.0,42.0,0.0,1047.0,0.0,3.850123290625924e-06,0.0,0.0,11408.0,2.8567811039065384e-06,0.0,0.0,27103.0,7.375188405464186e-06,0.0,0.0,3091.0,2.935867550321199e-06
7.0,43.0,0.0,1047.0,0.0,2.310073974375554e-06,0.0,0.0,11408.0,1.714068662343923e-06,0.0,0.0,27103.0,4.425113043278511e-06,0.0,0.0,3091.0,1.7615205301927194e-06
7.0,44.0,0.0,1047.0,0.0,1.3860443846253325e-06,0.0,0.0,11408.0,1.0284411974063537e-06,0.0,0.0,27103.0,2.655067825967107e-06,0.0,0.0,3091.0,1.0569123181156316e-06
7.0,45.0,0.0,1047.0,0.0,8.316266307751994e-07,0.0,0.0,11408.0,6.170647184438122e-07,0.0,0.0,27103.0,1.5930406955802641e-06,0.0,0.0,3091.0,6.34147390869379e-07
7.0,46.0,0.0,1047.0,0.0,4.989759784651197e-07,0.0,0.0,11408.0,3.702388310662873e-07,0.0,0.0,27103.0,9.558244173481585e-07,0.0,0.0,3091.0,3.8048843452162737e-07
7.0,47.0,0.0,1047.0,0.0,2.993855870790718e-07,0.0,0.0,11408.0,2.2214329863977238e-07,0.0,0.0,27103.0,5.734946504088951e-07,0.0,0.0,3091.0,2.282930607129764e-07
7.0,48.0,0.0,1047.0,0.0,1.7963135224744308e-07,0.0,0.0,11408.0,1.3328597918386343e-07,0.0,0.0,27103.0,3.44096790245337e-07,0.0,0.0,3091.0,1.3697583642778585e-07
7.0,49.0,0.0,1047.0,0.0,1.0777881134846584e-07,0.0,0.0,11408.0,7.997158751031805e-08,0.0,0.0,27103.0,2.0645807414720221e-07,0.0,0.0,3091.0,8.21855018566715e-08
7.0,50.0,0.0,1047.0,0.0,6.46672868090795e-08,0.0,0.0,11408.0,4.7982952506190825e-08,0.0,0.0,27103.0,1.2387484448832133e-07,0.0,0.0,3091.0,4.93113011140029e-08
7.0,51.0,0.0,1047.0,0.0,3.88003720854477e-08,0.0,0.0,11408.0,2.8789771503714494e-08,0.0,0.0,27103.0,7.43249066929928e-08,0.0,0.0,3091.0,2.958678066840174e-08
7.0,52.0,0.0,1047.0,0.0,2.328022325126862e-08,0.0,0.0,11408.0,1.7273862902228697e-08,0.0,0.0,27103.0,4.4594944015795674e-08,0.0,0.0,3091.0,1.7752068401041044e-08
8.0,1.0,0.0,1020.0,0.0,1.3968133950761172e-08,0.0,0.0,11408.0,1.0364317741337218e-08,0.0,0.0,27103.0,2.6756966409477404e-08,0.0,0.0,3091.0,1.0651241040624626e-08
8.0,2.0,0.0,1020.0,0.0,8.380880370456702e-09,0.0,0.0,11039.0,6.218590644802331e-09,0.0,0.0,27141.0,1.6054179845686443e-08,0.0,0.0,3009.0,6.3907446243747756e-09
8.0,3.0,0.0,1020.0,0.0,5.028528222274021e-09,0.0,0.0,11039.0,3.731154386881399e-09,0.0,0.0,27141.0,9.632507907411865e-09,0.0,0.0,3009.0,3.834446774624865e-09
8.0,4.0,0.0,1020.0,0.0,3.0171169333644126e-09,0.0,0.0,11039.0,2.2386926321288392e-09,0.0,0.0,27141.0,5.779504744447119e-09,0.0,0.0,3009.0,2.300668064774919e-09
8.0,5.0,0.0,1020.0,0.0,1.8102701600186474e-09,0.0,0.0,11039.0,1.3432155792773035e-09,0.0,0.0,27141.0,3.467702846668271e-09,0.0,0.0,3009.0,1.3804008388649512e-09
8.0,6.0,0.0,1020.0,0.0,1.0861620960111884e-09,0.0,0.0,11039.0,8.05929347566382e-10,0.0,0.0,27141.0,2.0806217080009627e-09,0.0,0.0,3009.0,8.282405033189707e-10
8.0,7.0,0.0,1020.0,0.0,6.51697257606713e-10,0.0,0.0,11039.0,4.835576085398292e-10,0.0,0.0,27141.0,1.2483730248005775e-09,0.0,0.0,3009.0,4.969443019913824e-10
8.0,8.0,0.0,1020.0,0.0,3.9101835456402776e-10,0.0,0.0,11039.0,2.901345651238975e-10,0.0,0.0,27141.0,7.490238148803465e-10,0.0,0.0,3009.0,2.9816658119482944e-10
8.0,9.0,0.0,1020.0,0.0,2.3461101273841666e-10,0.0,0.0,11039.0,1.7408073907433852e-10,0.0,0.0,27141.0,4.4941428892820785e-10,0.0,0.0,3009.0,1.7889994871689766e-10
8.0,10.0,0.0,1020.0,0.0,1.4076660764304998e-10,0.0,0.0,11039.0,1.044484434446031e-10,0.0,0.0,27141.0,2.696485733569247e-10,0.0,0.0,3009.0,1.0733996923013859e-10
8.0,11.0,0.0,1020.0,0.0,8.445996458582999e-11,0.0,0.0,11039.0,6.266906606676186e-11,0.0,0.0,27141.0,1.617891440141548e-10,0.0,0.0,3009.0,6.440398153808316e-11
8.0,12.0,0.0,1020.0,0.0,5.067597875149799e-11,0.0,0.0,11039.0,3.7601439640057115e-11,0.0,0.0,27141.0,9.707348640849289e-11,0.0,0.0,3009.0,3.864238892284989e-11
8.0,13.0,0.0,1020.0,0.0,3.0405587250898795e-11,0.0,0.0,11039.0,2.256086378403427e-11,0.0,0.0,27141.0,5.824409184509573e-11,0.0,0.0,3009.0,2.3185433353709933e-11
8.0,14.0,0.0,1020.0,0.0,1.8243352350539278e-11,0.0,0.0,11039.0,1.353651827042056e-11,0.0,0.0,27141.0,3.494645510705744e-11,0.0,0.0,3009.0,1.391126001222596e-11
8.0,15.0,0.0,1020.0,0.0,1.0946011410323566e-11,0.0,0.0,11039.0,8.121910962252336e-12,0.0,0.0,27141.0,2.096787306423446e-11,0.0,0.0,3009.0,8.346756007335575e-12
8.0,16.0,0.0,1020.0,0.0,6.567606846194139e-12,0.0,0.0,11039.0,4.873146577351402e-12,0.0,0.0,27141.0,1.2580723838540677e-11,0.0,0.0,3009.0,5.008053604401345e-12
8.0,17.0,0.0,1020.0,0.0,3.9405641077164835e-12,9.0588e-05,1.0,11039.0,3.623520292388795e-05,0.0,0.0,27141.0,7.548434303124407e-12,0.0,0.0,3009.0,3.0048321626408068e-12
8.0,18.0,0.0,1020.0,0.0,2.36433846462989e-12,0.0,0.0,11039.0,2.174112175433277e-05,7.368899999999999e-05,2.0,27141.0,2.947560452906058e-05,0.00033233599999999997,1.0,3009.0,0.0001329344018028993
8.0,19.0,0.0,1020.0,0.0,1.4186030787779338e-12,0.0,0.0,11039.0,1.304467305259966e-05,0.0008474260000000001,23.0,27141.0,0.0003566557627174364,0.0,0.0,3009.0,7.976064108173958e-05
8.0,20.0,0.0,1020.0,0.0,8.511618472667602e-13,0.0,0.0,11039.0,7.826803831559796e-06,0.0008842710000000001,24.0,27141.0,0.0005677018576304619,0.00033233599999999997,1.0,3009.0,0.00018079078464904375
8.0,21.0,0.0,1020.0,0.0,5.106971083600561e-13,0.0,0.0,11039.0,4.696082298935877e-06,0.000700048,19.0,27141.0,0.000620640314578277,0.0,0.0,3009.0,0.00010847447078942625
8.0,22.0,0.001960784,1020.0,2.0,0.0007843136003064184,0.0,0.0,11039.0,2.8176493793615264e-06,0.0008842710000000001,24.0,27141.0,0.0007260925887469662,0.0,0.0,3009.0,6.508468247365574e-05
8.0,23.0,0.0,1020.0,0.0,0.000470588160183851,0.000362352,4.0,11039.0,0.0001466313896276169,0.000147379,4.0,27141.0,0.0004946071532481798,0.0009970089999999999,3.0,3009.0,0.0004378544094841934
8.0,24.0,0.0029411759999999998,1020.0,3.0,0.0014588232961103105,0.000181176,2.0,11039.0,0.00016044923377657016,0.00033160199999999996,9.0,27141.0,0.0004294050919489078,0.00033233599999999997,1.0,3009.0,0.00039564704569051604
8.0,25.0,0.001960784,1020.0,2.0,0.0016596075776661864,0.000181176,2.0,11039.0,0.0001687399402659421,0.000257912,7.0,27141.0,0.00036080785516934467,0.0,0.0,3009.0,0.0002373882274143096
8.0,26.0,0.0,1020.0,0.0,0.0009957645465997118,0.000271764,3.0,11039.0,0.00020994956415956527,0.00033160199999999996,9.0,27141.0,0.00034912551310160676,0.0006646730000000001,2.0,3009.0,0.00040830213644858576
8.0,27.0,0.000980392,1020.0,1.0,0.000989615527959827,0.000181176,2.0,11039.0,0.00019844013849573916,0.000221068,6.0,27141.0,0.00029790250786096407,0.00033233599999999997,1.0,3009.0,0.00037791568186915146
8.0,28.0,0.0,1020.0,0.0,0.0005937693167758962,9.0588e-05,1.0,11039.0,0.00015529928309744348,0.000184223,5.0,27141.0,0.00025243070471657843,0.0,0.0,3009.0,0.00022674940912149086
8.0,29.0,0.000980392,1020.0,1.0,0.0007484183900655377,0.0,0.0,11039.0,9.317956985846609e-05,7.368899999999999e-05,2.0,27141.0,0.00018093402282994708,0.0006646730000000001,2.0,3009.0,0.0004019188454728945
8.0,30.0,0.0,1020.0,0.0,0.00044905103403932264,9.0588e-05,1.0,11039.0,9.214294191507965e-05,0.000184223,5.0,27141.0,0.00018224961369796825,0.0006646730000000001,2.0,3009.0,0.0005070205072837367
8.0,31.0,0.0,1020.0,0.0,0.00026943062042359355,9.0588e-05,1.0,11039.0,9.152096514904779e-05,0.000221068,6.0,27141.0,0.00019777696821878096,0.0,0.0,3009.0,0.000304212304370242
8.0,32.0,0.0,1020.0,0.0,0.00016165837225415612,9.0588e-05,1.0,11039.0,9.114777908942867e-05,7.368899999999999e-05,2.0,27141.0,0.00014814178093126856,0.0,0.0,3009.0,0.00018252738262214519
8.0,33.0,0.0,1020.0,0.0,9.699502335249367e-05,9.0588e-05,1.0,11039.0,9.09238674536572e-05,0.0,0.0,27141.0,8.888506855876114e-05,0.0006646730000000001,2.0,3009.0,0.00037538562957328716
8.0,34.0,0.0,1020.0,0.0,5.81970140114962e-05,0.0,0.0,11039.0,5.455432047219432e-05,0.0,0.0,27141.0,5.333104113525668e-05,0.0,0.0,3009.0,0.00022523137774397228
8.0,35.0,0.001960784,1020.0,2.0,0.0008192318084068979,0.0,0.0,11039.0,3.2732592283316594e-05,0.0,0.0,27141.0,3.199862468115401e-05,0.00033233599999999997,1.0,3009.0,0.0002680732266463834
8.0,36.0,0.0,1020.0,0.0,0.0004915390850441387,0.0,0.0,11039.0,1.9639555369989956e-05,0.0,0.0,27141.0,1.9199174808692404e-05,0.0,0.0,3009.0,0.00016084393598783003
8.0,37.0,0.0,1020.0,0.0,0.0002949234510264832,0.0,0.0,11039.0,1.1783733221993973e-05,3.6845e-05,1.0,27141.0,2.6257504885215442e-05,0.0,0.0,3009.0,9.650636159269802e-05
8.0,38.0,0.0,1020.0,0.0,0.0001769540706158899,0.0,0.0,11039.0,7.070239933196383e-06,0.0,0.0,27141.0,1.5754502931129263e-05,0.0,0.0,3009.0,5.790381695561881e-05
8.0,39.0,0.0,1020.0,0.0,0.00010617244236953393,0.0,0.0,11039.0,4.24214395991783e-06,0.0,0.0,27141.0,9.452701758677558e-06,0.0,0.0,3009.0,3.474229017337128e-05
8.0,40.0,0.0,1020.0,0.0,6.370346542172035e-05,0.0,0.0,11039.0,2.5452863759506977e-06,0.0,0.0,27141.0,5.6716210552065345e-06,0.0,0.0,3009.0,2.084537410402277e-05
8.0,41.0,0.0,1020.0,0.0,3.822207925303221e-05,0.0,0.0,11039.0,1.5271718255704186e-06,0.0,0.0,27141.0,3.4029726331239205e-06,0.0,0.0,3009.0,1.2507224462413662e-05
8.0,42.0,0.0,1020.0,0.0,2.2933247551819327e-05,0.0,0.0,11039.0,9.163030953422511e-07,0.0,0.0,27141.0,2.0417835798743522e-06,0.0,0.0,3009.0,7.504334677448196e-06
8.0,43.0,0.0,1020.0,0.0,1.3759948531091596e-05,0.0,0.0,11039.0,5.497818572053506e-07,0.0,0.0,27141.0,1.2250701479246114e-06,0.0,0.0,3009.0,4.502600806468918e-06
8.0,44.0,0.0,1020.0,0.0,8.255969118654957e-06,0.0,0.0,11039.0,3.2986911432321035e-07,0.0,0.0,27141.0,7.350420887547668e-07,0.0,0.0,3009.0,2.7015604838813505e-06
8.0,45.0,0.0,1020.0,0.0,4.953581471192974e-06,0.0,0.0,11039.0,1.979214685939262e-07,0.0,0.0,27141.0,4.4102525325286005e-07,0.0,0.0,3009.0,1.6209362903288103e-06
8.0,46.0,0.0,1020.0,0.0,2.9721488827157843e-06,0.0,0.0,11039.0,1.1875288115635571e-07,0.0,0.0,27141.0,2.6461515195171604e-07,0.0,0.0,3009.0,9.72561774197286e-07
8.0,47.0,0.0,1020.0,0.0,1.7832893296294705e-06,0.0,0.0,11039.0,7.125172869381342e-08,0.0,0.0,27141.0,1.587690911710296e-07,0.0,0.0,3009.0,5.835370645183717e-07
8.0,48.0,0.0,1020.0,0.0,1.0699735977776823e-06,0.0,0.0,11039.0,4.2751037216288055e-08,0.0,0.0,27141.0,9.526145470261776e-08,0.0,0.0,3009.0,3.50122238711023e-07
8.0,49.0,0.0,1020.0,0.0,6.419841586666094e-07,0.0,0.0,11039.0,2.5650622329772834e-08,0.0,0.0,27141.0,5.715687282157065e-08,0.0,0.0,3009.0,2.100733432266138e-07
8.0,50.0,0.0,1020.0,0.0,3.8519049519996565e-07,0.0,0.0,11039.0,1.53903733978637e-08,0.0,0.0,27141.0,3.429412369294239e-08,0.0,0.0,3009.0,1.2604400593596826e-07
8.0,51.0,0.0,1020.0,0.0,2.311142971199794e-07,0.0,0.0,11039.0,9.23422403871822e-09,0.0,0.0,27141.0,2.0576474215765435e-08,0.0,0.0,3009.0,7.562640356158095e-08
8.0,52.0,0.0,1020.0,0.0,1.3866857827198764e-07,0.0,0.0,11039.0,5.540534423230932e-09,0.0,0.0,27141.0,1.234588452945926e-08,0.0,0.0,3009.0,4.537584213694857e-08
9.0,1.0,0.0,994.0,0.0,8.320114696319258e-08,0.0,0.0,11039.0,3.324320653938559e-09,0.0,0.0,27141.0,7.407530717675555e-09,0.0,0.0,3009.0,2.722550528216914e-08
9.0,2.0,0.0,994.0,0.0,4.9920688177915546e-08,0.0,0.0,10682.0,1.9945923923631354e-09,0.0,0.0,27181.0,4.444518430605333e-09,0.0,0.0,2929.0,1.6335303169301482e-08
9.0,3.0,0.0,994.0,0.0,2.995241290674933e-08,0.0,0.0,10682.0,1.1967554354178812e-09,0.0,0.0,27181.0,2.6667110583631998e-09,0.0,0.0,2929.0,9.801181901580889e-09
9.0,4.0,0.0,994.0,0.0,1.7971447744049596e-08,0.0,0.0,10682.0,7.180532612507287e-10,0.0,0.0,27181.0,1.6000266350179197e-09,0.0,0.0,2929.0,5.880709140948533e-09
9.0,5.0,0.0,994.0,0.0,1.0782868646429758e-08,0.0,0.0,10682.0,4.308319567504372e-10,0.0,0.0,27181.0,9.600159810107519e-10,0.0,0.0,2929.0,3.5284254845691196e-09
9.0,6.0,0.0,994.0,0.0,6.4697211878578545e-09,0.0,0.0,10682.0,2.584991740502623e-10,0.0,0.0,27181.0,5.760095886064511e-10,0.0,0.0,2929.0,2.1170552907414715e-09
9.0,7.0,0.0,994.0,0.0,3.881832712714712e-09,0.0,0.0,10682.0,1.550995044301574e-10,0.0,0.0,27181.0,3.4560575316387066e-10,0.0,0.0,2929.0,1.2702331744448829e-09
9.0,8.0,0.0,994.0,0.0,2.329099627628827e-09,0.0,0.0,10682.0,9.305970265809443e-11,0.0,0.0,27181.0,2.073634518983224e-10,0.0,0.0,2929.0,7.621399046669297e-10
9.0,9.0,0.0,994.0,0.0,1.3974597765772963e-09,0.0,0.0,10682.0,5.583582159485666e-11,3.679e-05,1.0,27181.0,1.4716124418071138e-05,0.0,0.0,2929.0,4.572839428001578e-10
9.0,10.0,0.0,994.0,0.0,8.384758659463777e-10,0.0,0.0,10682.0,3.3501492956913994e-11,0.0,0.0,27181.0,8.829674650842683e-06,0.0,0.0,2929.0,2.743703656800947e-10
9.0,11.0,0.0,994.0,0.0,5.030855195678266e-10,0.0,0.0,10682.0,2.0100895774148396e-11,0.0,0.0,27181.0,5.297804790505609e-06,0.0,0.0,2929.0,1.6462221940805682e-10
9.0,12.0,0.0,994.0,0.0,3.0185131174069597e-10,0.0,0.0,10682.0,1.2060537464489038e-11,0.0,0.0,27181.0,3.1786828743033654e-06,0.0,0.0,2929.0,9.877333164483409e-11
9.0,13.0,0.0,994.0,0.0,1.8111078704441759e-10,0.0,0.0,10682.0,7.236322478693423e-12,0.0,0.0,27181.0,1.907209724582019e-06,0.0,0.0,2929.0,5.926399898690046e-11
9.0,14.0,0.0,994.0,0.0,1.0866647222665054e-10,0.000280848,3.0,10682.0,0.00011233920434179348,3.679e-05,1.0,27181.0,1.586032583474921e-05,0.0,0.0,2929.0,3.555839939214027e-11
9.0,15.0,0.0,994.0,0.0,6.519988333599032e-11,9.3616e-05,1.0,10682.0,0.00010484992260507609,0.0,0.0,27181.0,9.516195500849526e-06,0.0,0.0,2929.0,2.133503963528416e-11
9.0,16.0,0.007044406,994.0,7.0,0.00281776243911993,9.3616e-05,1.0,10682.0,0.00010035635356304566,3.679e-05,1.0,27181.0,2.0425717300509715e-05,0.0,0.0,2929.0,1.2801023781170497e-11
9.0,17.0,0.004025375,994.0,4.0,0.003300807463471958,0.001497856,16.0,10682.0,0.0006593562121378275,0.0,0.0,27181.0,1.2255430380305828e-05,0.0010241789999999998,3.0,2929.0,0.00040967160768061423
9.0,18.0,0.007044406,994.0,7.0,0.004798246878083175,0.000187232,2.0,10682.0,0.00047050652728269655,7.3581e-05,2.0,27181.0,3.6785658228183494e-05,0.001365572,4.0,2929.0,0.0007920317646083685
9.0,19.0,0.0050317190000000005,994.0,5.0,0.004891635726849905,0.000280848,3.0,10682.0,0.0003946431163696179,0.000147162,4.0,27181.0,8.093619493691009e-05,0.0010241789999999998,3.0,2929.0,0.000884890658765021
9.0,20.0,0.001006344,994.0,1.0,0.003337519036109943,0.000561696,6.0,10682.0,0.0004614642698217707,0.000257533,7.0,27181.0,0.00015157491696214607,0.001365572,4.0,2929.0,0.0010771631952590124
9.0,21.0,0.001006344,994.0,1.0,0.0024050490216659657,0.00140424,15.0,10682.0,0.0008385745618930624,0.000110371,3.0,27181.0,0.00013509335017728764,0.000682786,2.0,2929.0,0.0009194123171554074
9.0,22.0,0.002012687,994.0,2.0,0.0022481042129995797,0.002246784,24.0,10682.0,0.0014018583371358372,0.000367905,10.0,27181.0,0.0002282180101063726,0.001365572,4.0,2929.0,0.0010978761902932445
9.0,23.0,0.010063437,994.0,10.0,0.005374237327799748,0.0027148640000000004,29.0,10682.0,0.0019270606022815024,0.000662229,18.0,27181.0,0.00040182240606382355,0.001365572,4.0,2929.0,0.0012049545141759467
9.0,24.0,0.0,994.0,0.0,0.0032245423966798486,0.0017787039999999999,19.0,10682.0,0.0018677179613689012,0.000588648,16.0,27181.0,0.0004765526436382941,0.0020483579999999997,6.0,2929.0,0.001542315908505568
